Environment variable "G4FORCE_RUN_MANAGER_TYPE" enabled with value == Serial. Forcing G4RunManager type...

        ############################################
        !!! WARNING - FPE detection is activated !!!
        ############################################


          ################################
          !!! G4Backtrace is activated !!!
          ################################


**************************************************************
 Geant4 version Name: geant4-11-04-patch-03    (01-October-2026)
                       Copyright : Geant4 Collaboration
                      References : NIM A 506 (2003), 250-303
                                 : IEEE-TNS 53 (2006), 270-278
                                 : NIM A 835 (2016), 186-225
                             WWW : http://geant4.org/
**************************************************************

### G4PhysListFactory WARNING:  environment variable PHYSLIST is not defined
    Default Physics Lists FTFP_BERT is instantiated
G4PhysListFactory::GetReferencePhysList <FTFP_BERT>
<<< Geant4 Physics List simulation engine: FTFP_BERT



DetectorConstruction::ConstructSphere() : 
	 World (box) size: 
	 	 x : -/+ 1100 mm 	 y : -/+ 1100 mm 	 z : -/+ 1100 mm 



 hInelastic FTFP_BERT : threshold between BERT and FTFP is over the interval 
 for pions :   3 to 6 GeV
 for kaons :   3 to 6 GeV
 for proton :  3 to 6 GeV
 for neutron : 3 to 6 GeV

### Adding tracking cuts for neutron  TimeCut(ns)= 10000  KinEnergyCut(MeV)= 0


 ------  DetectorConstruction::PrintParameters() ------ 
 Material         = G4_POLYSTYRENE
 Radius           = 1000 mm
 ScoringThickness = 10 mm
 -------------------------------------------------------- 

Start re-initialization because 
  Geometry
has been modified since last Run.

DetectorConstruction::ConstructSphere() : 
	 World (box) size: 
	 	 x : -/+ 1100 mm 	 y : -/+ 1100 mm 	 z : -/+ 1100 mm 


=======================================================================
======                 Electromagnetic Physics Parameters      ========
=======================================================================
LPM effect enabled                                 1
Enable creation and use of sampling tables         0
Apply cuts on all EM processes                     0
Use combined TransportationWithMsc                 Disabled
Use general process                                1
Enable linear polarisation for gamma               0
Enable photoeffect sampling below K-shell          1
Enable sampling of quantum entanglement            0
X-section factor for integral approach             0.8
Min kinetic energy for tables                      100 eV 
Max kinetic energy for tables                      100 TeV
Number of bins per decade of a table               7
Verbose level                                      1
Verbose level for worker thread                    0
Bremsstrahlung energy threshold above which 
  primary e+- is added to the list of secondary    100 TeV
Bremsstrahlung energy threshold above which primary
  muon/hadron is added to the list of secondary    100 TeV
Positron annihilation at rest model                SimplePositronium
Enable 3 gamma annihilation on fly                 0
Lowest triplet kinetic energy                      1 MeV
Enable sampling of gamma linear polarisation       0
5D gamma conversion model type                     0
5D gamma conversion model on isolated ion          0
Use RiGe 5D e+e- pair production model by muons    0
Livermore data directory                           epics_2017
=======================================================================
======                 Ionisation Parameters                   ========
=======================================================================
Step function for e+-                              (0.2, 1 mm)
Step function for muons/hadrons                    (0.2, 0.1 mm)
Step function for light ions                       (0.2, 0.1 mm)
Step function for general ions                     (0.2, 0.1 mm)
Lowest e+e- kinetic energy                         1 keV
Lowest muon/hadron kinetic energy                  1 keV
Use ICRU90 data                                    0
Fluctuations of dE/dx are enabled                  1
Type of fluctuation model for leptons and hadrons  Urban
Use built-in Birks saturation                      0
Build CSDA range enabled                           0
Use cut as a final range enabled                   0
Enable angular generator interface                 0
Max kinetic energy for CSDA tables                 1 GeV
Max kinetic energy for NIEL computation            0 eV 
Linear loss limit                                  0.01
Read data from file for e+e- pair production by mu 0
=======================================================================
======                 Multiple Scattering Parameters          ========
=======================================================================
Type of msc step limit algorithm for e+-           1
Type of msc step limit algorithm for muons/hadrons 0
Msc lateral displacement for e+- enabled           1
Msc lateral displacement for muons and hadrons     0
Urban msc model lateral displacement alg96         1
Range factor for msc step limit for e+-            0.04
Range factor for msc step limit for muons/hadrons  0.2
Geometry factor for msc step limitation of e+-     2.5
Safety factor for msc step limit for e+-           0.6
Skin parameter for msc step limitation of e+-      1
Lambda limit for msc step limit for e+-            1 mm
Use Mott correction for e- scattering              0
Factor used for dynamic computation of angular 
  limit between single and multiple scattering     1
Fixed angular limit between single 
  and multiple scattering                          3.1416 rad
Upper energy limit for e+- multiple scattering     100 MeV
Type of electron single scattering model           0
Type of nuclear form-factor                        1
Screening factor                                   1
=======================================================================

phot:  for gamma SubType=12 BuildTable=0
      LambdaPrime table from 200 keV to 100 TeV in 61 bins 
      ===== EM models for the G4Region  DefaultRegionForTheWorld ======
 LivermorePhElectric : Emin=    0 eV  Emax=  100 TeV  SauterGavrila Fluo

compt:  for gamma SubType=13 BuildTable=1
      Lambda table from 100 eV  to 1 MeV, 7 bins/decade, spline: 1
      LambdaPrime table from 1 MeV to 100 TeV in 56 bins 
      ===== EM models for the G4Region  DefaultRegionForTheWorld ======
       Klein-Nishina : Emin=    0 eV  Emax=  100 TeV

conv:  for gamma SubType=14 BuildTable=1
      Lambda table from 1.022 MeV to 100 TeV, 18 bins/decade, spline: 1
      ===== EM models for the G4Region  DefaultRegionForTheWorld ======
     BetheHeitlerLPM : Emin=    0 eV  Emax=  100 TeV  ModifiedTsai

Rayl:  for gamma SubType=11 BuildTable=1
      Lambda table from 100 eV  to 150 keV, 7 bins/decade, spline: 0
      LambdaPrime table from 150 keV to 100 TeV in 62 bins 
      ===== EM models for the G4Region  DefaultRegionForTheWorld ======
   LivermoreRayleigh : Emin=    0 eV  Emax=  100 TeV  CullenGenerator

msc:  for e-  SubType= 10
      ===== EM models for the G4Region  DefaultRegionForTheWorld ======
            UrbanMsc : Emin=    0 eV  Emax=  100 MeV Nbins=42 100 eV  - 100 MeV
          StepLim=UseSafety Rfact=0.04 Gfact=2.5 Sfact=0.6 DispFlag:1 Skin=1 Llim=1 mm
        WentzelVIUni : Emin=  100 MeV Emax=  100 TeV Nbins=42 100 MeV - 100 TeV
          StepLim=UseSafety Rfact=0.04 Gfact=2.5 Sfact=0.6 DispFlag:1 Skin=1 Llim=1 mm

eIoni:  for e-  XStype:3  SubType=2
      dE/dx and range tables from 100 eV  to 100 TeV in 84 bins
      Lambda tables from threshold to 100 TeV, 7 bins/decade, spline: 1
      StepFunction=(0.2, 1 mm), integ: 3, fluct: 1, linLossLim= 0.01
      ===== EM models for the G4Region  DefaultRegionForTheWorld ======
        MollerBhabha : Emin=    0 eV  Emax=  100 TeV

eBrem:  for e-  XStype:4  SubType=3
      dE/dx and range tables from 100 eV  to 100 TeV in 84 bins
      Lambda tables from threshold to 100 TeV, 7 bins/decade, spline: 1
      LPM flag: 1 for E > 1 GeV,  VertexHighEnergyTh(GeV)= 100000
      ===== EM models for the G4Region  DefaultRegionForTheWorld ======
             eBremSB : Emin=    0 eV  Emax=    1 GeV  ModifiedTsai
            eBremLPM : Emin=    1 GeV Emax=  100 TeV  ModifiedTsai

CoulombScat:  for e- XStype:1 SubType=1 BuildTable=1
      Lambda table from 100 MeV to 100 TeV, 7 bins/decade, spline: 0
      ThetaMin(p) < Theta(degree) < 180, pLimit(GeV^1)= 0.139531
      ===== EM models for the G4Region  DefaultRegionForTheWorld ======
  eCoulombScattering : Emin=  100 MeV Emax=  100 TeV

msc:  for e+  SubType= 10
      ===== EM models for the G4Region  DefaultRegionForTheWorld ======
            UrbanMsc : Emin=    0 eV  Emax=  100 MeV Nbins=42 100 eV  - 100 MeV
          StepLim=UseSafety Rfact=0.04 Gfact=2.5 Sfact=0.6 DispFlag:1 Skin=1 Llim=1 mm
        WentzelVIUni : Emin=  100 MeV Emax=  100 TeV Nbins=42 100 MeV - 100 TeV
          StepLim=UseSafety Rfact=0.04 Gfact=2.5 Sfact=0.6 DispFlag:1 Skin=1 Llim=1 mm

eIoni:  for e+  XStype:3  SubType=2
      dE/dx and range tables from 100 eV  to 100 TeV in 84 bins
      Lambda tables from threshold to 100 TeV, 7 bins/decade, spline: 1
      StepFunction=(0.2, 1 mm), integ: 3, fluct: 1, linLossLim= 0.01
      ===== EM models for the G4Region  DefaultRegionForTheWorld ======
        MollerBhabha : Emin=    0 eV  Emax=  100 TeV

eBrem:  for e+  XStype:4  SubType=3
      dE/dx and range tables from 100 eV  to 100 TeV in 84 bins
      Lambda tables from threshold to 100 TeV, 7 bins/decade, spline: 1
      LPM flag: 1 for E > 1 GeV,  VertexHighEnergyTh(GeV)= 100000
      ===== EM models for the G4Region  DefaultRegionForTheWorld ======
             eBremSB : Emin=    0 eV  Emax=    1 GeV  ModifiedTsai
            eBremLPM : Emin=    1 GeV Emax=  100 TeV  ModifiedTsai

annihil:  for e+ XStype:2 SubType=5 AtRestModel:Simple BuildTable=0
      ===== EM models for the G4Region  DefaultRegionForTheWorld ======
            eplus2gg : Emin=    0 eV  Emax=  100 TeV

CoulombScat:  for e+ XStype:1 SubType=1 BuildTable=1
      Lambda table from 100 MeV to 100 TeV, 7 bins/decade, spline: 0
      ThetaMin(p) < Theta(degree) < 180, pLimit(GeV^1)= 0.139531
      ===== EM models for the G4Region  DefaultRegionForTheWorld ======
  eCoulombScattering : Emin=  100 MeV Emax=  100 TeV

msc:  for proton  SubType= 10
      ===== EM models for the G4Region  DefaultRegionForTheWorld ======
        WentzelVIUni : Emin=    0 eV  Emax=  100 TeV Nbins=84 100 eV  - 100 TeV
          StepLim=Minimal Rfact=0.2 Gfact=2.5 Sfact=0.6 DispFlag:0 Skin=1 Llim=1 mm

hIoni:  for proton  XStype:3  SubType=2
      dE/dx and range tables from 100 eV  to 100 TeV in 84 bins
      Lambda tables from threshold to 100 TeV, 7 bins/decade, spline: 1
      StepFunction=(0.2, 0.1 mm), integ: 3, fluct: 1, linLossLim= 0.01
      ===== EM models for the G4Region  DefaultRegionForTheWorld ======
               Bragg : Emin=    0 eV  Emax=    2 MeV
          BetheBloch : Emin=    2 MeV Emax=  100 TeV

hBrems:  for proton  XStype:1  SubType=3
      dE/dx and range tables from 100 eV  to 100 TeV in 84 bins
      Lambda tables from threshold to 100 TeV, 7 bins/decade, spline: 1
      ===== EM models for the G4Region  DefaultRegionForTheWorld ======
               hBrem : Emin=    0 eV  Emax=  100 TeV  ModifiedMephi

hPairProd:  for proton  XStype:1  SubType=4
      dE/dx and range tables from 100 eV  to 100 TeV in 84 bins
      Lambda tables from threshold to 100 TeV, 7 bins/decade, spline: 1
      Sampling table 17x1001, from 7.50618 GeV to 100 TeV 
      ===== EM models for the G4Region  DefaultRegionForTheWorld ======
           hPairProd : Emin=    0 eV  Emax=  100 TeV  ModifiedMephi

CoulombScat:  for proton XStype:1 SubType=1 BuildTable=1
      Lambda table from threshold  to 100 TeV, 7 bins/decade, spline: 0
      ThetaMin(p) < Theta(degree) < 180, pLimit(GeV^1)= 0.139531
      ===== EM models for the G4Region  DefaultRegionForTheWorld ======
  eCoulombScattering : Emin=    0 eV  Emax=  100 TeV

msc:  for GenericIon  SubType= 10
      ===== EM models for the G4Region  DefaultRegionForTheWorld ======
            UrbanMsc : Emin=    0 eV  Emax=  100 TeV
          StepLim=Minimal Rfact=0.2 Gfact=2.5 Sfact=0.6 DispFlag:0 Skin=1 Llim=1 mm

ionIoni:  for GenericIon  XStype:3  SubType=2
      dE/dx and range tables from 100 eV  to 100 TeV in 84 bins
      Lambda tables from threshold to 100 TeV, 7 bins/decade, spline: 1
      StepFunction=(0.2, 0.1 mm), integ: 3, fluct: 1, linLossLim= 0.02
      ===== EM models for the G4Region  DefaultRegionForTheWorld ======
               Bragg : Emin=    0 eV  Emax=    2 MeV
          BetheBloch : Emin=    2 MeV Emax=  100 TeV

msc:  for alpha  SubType= 10
      ===== EM models for the G4Region  DefaultRegionForTheWorld ======
            UrbanMsc : Emin=    0 eV  Emax=  100 TeV
          StepLim=Minimal Rfact=0.2 Gfact=2.5 Sfact=0.6 DispFlag:0 Skin=1 Llim=1 mm

ionIoni:  for alpha  XStype:3  SubType=2
      dE/dx and range tables from 100 eV  to 100 TeV in 84 bins
      Lambda tables from threshold to 100 TeV, 7 bins/decade, spline: 1
      StepFunction=(0.2, 0.1 mm), integ: 3, fluct: 1, linLossLim= 0.02
      ===== EM models for the G4Region  DefaultRegionForTheWorld ======
            BraggIon : Emin=    0 eV  Emax=7.9452 MeV
          BetheBloch : Emin=7.9452 MeV Emax=  100 TeV

msc:  for anti_proton  SubType= 10
      ===== EM models for the G4Region  DefaultRegionForTheWorld ======
        WentzelVIUni : Emin=    0 eV  Emax=  100 TeV Nbins=84 100 eV  - 100 TeV
          StepLim=Minimal Rfact=0.2 Gfact=2.5 Sfact=0.6 DispFlag:0 Skin=1 Llim=1 mm

hIoni:  for anti_proton  XStype:3  SubType=2
      dE/dx and range tables from 100 eV  to 100 TeV in 84 bins
      Lambda tables from threshold to 100 TeV, 7 bins/decade, spline: 1
      StepFunction=(0.2, 0.1 mm), integ: 3, fluct: 1, linLossLim= 0.01
      ===== EM models for the G4Region  DefaultRegionForTheWorld ======
            ICRU73QO : Emin=    0 eV  Emax=    2 MeV
          BetheBloch : Emin=    2 MeV Emax=  100 TeV

hBrems:  for anti_proton  XStype:1  SubType=3
      dE/dx and range tables from 100 eV  to 100 TeV in 84 bins
      Lambda tables from threshold to 100 TeV, 7 bins/decade, spline: 1
      ===== EM models for the G4Region  DefaultRegionForTheWorld ======
               hBrem : Emin=    0 eV  Emax=  100 TeV  ModifiedMephi

hPairProd:  for anti_proton  XStype:1  SubType=4
      dE/dx and range tables from 100 eV  to 100 TeV in 84 bins
      Lambda tables from threshold to 100 TeV, 7 bins/decade, spline: 1
      Sampling table 17x1001, from 7.50618 GeV to 100 TeV 
      ===== EM models for the G4Region  DefaultRegionForTheWorld ======
           hPairProd : Emin=    0 eV  Emax=  100 TeV  ModifiedMephi

CoulombScat:  for anti_proton XStype:1 SubType=1 BuildTable=1
      Lambda table from threshold  to 100 TeV, 7 bins/decade, spline: 0
      ThetaMin(p) < Theta(degree) < 180, pLimit(GeV^1)= 0.139531
      ===== EM models for the G4Region  DefaultRegionForTheWorld ======
  eCoulombScattering : Emin=    0 eV  Emax=  100 TeV

msc:  for kaon+  SubType= 10
      ===== EM models for the G4Region  DefaultRegionForTheWorld ======
        WentzelVIUni : Emin=    0 eV  Emax=  100 TeV Nbins=84 100 eV  - 100 TeV
          StepLim=Minimal Rfact=0.2 Gfact=2.5 Sfact=0.6 DispFlag:0 Skin=1 Llim=1 mm

hIoni:  for kaon+  XStype:3  SubType=2
      dE/dx and range tables from 100 eV  to 100 TeV in 84 bins
      Lambda tables from threshold to 100 TeV, 7 bins/decade, spline: 1
      StepFunction=(0.2, 0.1 mm), integ: 3, fluct: 1, linLossLim= 0.01
      ===== EM models for the G4Region  DefaultRegionForTheWorld ======
               Bragg : Emin=    0 eV  Emax=1.05231 MeV
          BetheBloch : Emin=1.05231 MeV Emax=  100 TeV

hBrems:  for kaon+  XStype:1  SubType=3
      dE/dx and range tables from 100 eV  to 100 TeV in 84 bins
      Lambda tables from threshold to 100 TeV, 7 bins/decade, spline: 1
      ===== EM models for the G4Region  DefaultRegionForTheWorld ======
               hBrem : Emin=    0 eV  Emax=  100 TeV  ModifiedMephi

hPairProd:  for kaon+  XStype:1  SubType=4
      dE/dx and range tables from 100 eV  to 100 TeV in 84 bins
      Lambda tables from threshold to 100 TeV, 7 bins/decade, spline: 1
      Sampling table 18x1001, from 3.94942 GeV to 100 TeV 
      ===== EM models for the G4Region  DefaultRegionForTheWorld ======
           hPairProd : Emin=    0 eV  Emax=  100 TeV  ModifiedMephi

CoulombScat:  for kaon+ XStype:1 SubType=1 BuildTable=1
      Lambda table from threshold  to 100 TeV, 7 bins/decade, spline: 0
      ThetaMin(p) < Theta(degree) < 180, pLimit(GeV^1)= 0.139531
      ===== EM models for the G4Region  DefaultRegionForTheWorld ======
  eCoulombScattering : Emin=    0 eV  Emax=  100 TeV

msc:  for kaon-  SubType= 10
      ===== EM models for the G4Region  DefaultRegionForTheWorld ======
        WentzelVIUni : Emin=    0 eV  Emax=  100 TeV Nbins=84 100 eV  - 100 TeV
          StepLim=Minimal Rfact=0.2 Gfact=2.5 Sfact=0.6 DispFlag:0 Skin=1 Llim=1 mm

hIoni:  for kaon-  XStype:3  SubType=2
      dE/dx and range tables from 100 eV  to 100 TeV in 84 bins
      Lambda tables from threshold to 100 TeV, 7 bins/decade, spline: 1
      StepFunction=(0.2, 0.1 mm), integ: 3, fluct: 1, linLossLim= 0.01
      ===== EM models for the G4Region  DefaultRegionForTheWorld ======
            ICRU73QO : Emin=    0 eV  Emax=1.05231 MeV
          BetheBloch : Emin=1.05231 MeV Emax=  100 TeV

hBrems:  for kaon-  XStype:1  SubType=3
      dE/dx and range tables from 100 eV  to 100 TeV in 84 bins
      Lambda tables from threshold to 100 TeV, 7 bins/decade, spline: 1
      ===== EM models for the G4Region  DefaultRegionForTheWorld ======
               hBrem : Emin=    0 eV  Emax=  100 TeV  ModifiedMephi

hPairProd:  for kaon-  XStype:1  SubType=4
      dE/dx and range tables from 100 eV  to 100 TeV in 84 bins
      Lambda tables from threshold to 100 TeV, 7 bins/decade, spline: 1
      Sampling table 18x1001, from 3.94942 GeV to 100 TeV 
      ===== EM models for the G4Region  DefaultRegionForTheWorld ======
           hPairProd : Emin=    0 eV  Emax=  100 TeV  ModifiedMephi

CoulombScat:  for kaon- XStype:1 SubType=1 BuildTable=1
      Used Lambda table of kaon+
      ThetaMin(p) < Theta(degree) < 180, pLimit(GeV^1)= 0.139531
      ===== EM models for the G4Region  DefaultRegionForTheWorld ======
  eCoulombScattering : Emin=    0 eV  Emax=  100 TeV

msc:  for mu+  SubType= 10
      ===== EM models for the G4Region  DefaultRegionForTheWorld ======
        WentzelVIUni : Emin=    0 eV  Emax=  100 TeV Nbins=84 100 eV  - 100 TeV
          StepLim=Minimal Rfact=0.2 Gfact=2.5 Sfact=0.6 DispFlag:0 Skin=1 Llim=1 mm

muIoni:  for mu+  XStype:3  SubType=2
      dE/dx and range tables from 100 eV  to 100 TeV in 84 bins
      Lambda tables from threshold to 100 TeV, 7 bins/decade, spline: 1
      StepFunction=(0.2, 0.1 mm), integ: 3, fluct: 1, linLossLim= 0.01
      ===== EM models for the G4Region  DefaultRegionForTheWorld ======
               Bragg : Emin=    0 eV  Emax=  200 keV
        MuBetheBloch : Emin=  200 keV Emax=  100 TeV

muBrems:  for mu+  XStype:1  SubType=3
      dE/dx and range tables from 100 eV  to 100 TeV in 84 bins
      Lambda tables from threshold to 100 TeV, 7 bins/decade, spline: 1
      ===== EM models for the G4Region  DefaultRegionForTheWorld ======
              MuBrem : Emin=    0 eV  Emax=  100 TeV  ModifiedMephi

muPairProd:  for mu+  XStype:1  SubType=4
      dE/dx and range tables from 100 eV  to 100 TeV in 84 bins
      Lambda tables from threshold to 100 TeV, 7 bins/decade, spline: 1
      Sampling table 21x1001, from 0.85 GeV to 100 TeV 
      ===== EM models for the G4Region  DefaultRegionForTheWorld ======
          muPairProd : Emin=    0 eV  Emax=  100 TeV  ModifiedMephi

CoulombScat:  for mu+ XStype:1 SubType=1 BuildTable=1
      Lambda table from threshold  to 100 TeV, 7 bins/decade, spline: 0
      ThetaMin(p) < Theta(degree) < 180, pLimit(GeV^1)= 0.139531
      ===== EM models for the G4Region  DefaultRegionForTheWorld ======
  eCoulombScattering : Emin=    0 eV  Emax=  100 TeV

msc:  for mu-  SubType= 10
      ===== EM models for the G4Region  DefaultRegionForTheWorld ======
        WentzelVIUni : Emin=    0 eV  Emax=  100 TeV Nbins=84 100 eV  - 100 TeV
          StepLim=Minimal Rfact=0.2 Gfact=2.5 Sfact=0.6 DispFlag:0 Skin=1 Llim=1 mm

muIoni:  for mu-  XStype:3  SubType=2
      dE/dx and range tables from 100 eV  to 100 TeV in 84 bins
      Lambda tables from threshold to 100 TeV, 7 bins/decade, spline: 1
      StepFunction=(0.2, 0.1 mm), integ: 3, fluct: 1, linLossLim= 0.01
      ===== EM models for the G4Region  DefaultRegionForTheWorld ======
            ICRU73QO : Emin=    0 eV  Emax=  200 keV
        MuBetheBloch : Emin=  200 keV Emax=  100 TeV

muBrems:  for mu-  XStype:1  SubType=3
      dE/dx and range tables from 100 eV  to 100 TeV in 84 bins
      Lambda tables from threshold to 100 TeV, 7 bins/decade, spline: 1
      ===== EM models for the G4Region  DefaultRegionForTheWorld ======
              MuBrem : Emin=    0 eV  Emax=  100 TeV  ModifiedMephi

muPairProd:  for mu-  XStype:1  SubType=4
      dE/dx and range tables from 100 eV  to 100 TeV in 84 bins
      Lambda tables from threshold to 100 TeV, 7 bins/decade, spline: 1
      Sampling table 21x1001, from 0.85 GeV to 100 TeV 
      ===== EM models for the G4Region  DefaultRegionForTheWorld ======
          muPairProd : Emin=    0 eV  Emax=  100 TeV  ModifiedMephi

CoulombScat:  for mu- XStype:1 SubType=1 BuildTable=1
      Used Lambda table of mu+
      ThetaMin(p) < Theta(degree) < 180, pLimit(GeV^1)= 0.139531
      ===== EM models for the G4Region  DefaultRegionForTheWorld ======
  eCoulombScattering : Emin=    0 eV  Emax=  100 TeV

msc:  for pi+  SubType= 10
      ===== EM models for the G4Region  DefaultRegionForTheWorld ======
        WentzelVIUni : Emin=    0 eV  Emax=  100 TeV Nbins=84 100 eV  - 100 TeV
          StepLim=Minimal Rfact=0.2 Gfact=2.5 Sfact=0.6 DispFlag:0 Skin=1 Llim=1 mm

hIoni:  for pi+  XStype:3  SubType=2
      dE/dx and range tables from 100 eV  to 100 TeV in 84 bins
      Lambda tables from threshold to 100 TeV, 7 bins/decade, spline: 1
      StepFunction=(0.2, 0.1 mm), integ: 3, fluct: 1, linLossLim= 0.01
      ===== EM models for the G4Region  DefaultRegionForTheWorld ======
               Bragg : Emin=    0 eV  Emax=297.505 keV
          BetheBloch : Emin=297.505 keV Emax=  100 TeV

hBrems:  for pi+  XStype:1  SubType=3
      dE/dx and range tables from 100 eV  to 100 TeV in 84 bins
      Lambda tables from threshold to 100 TeV, 7 bins/decade, spline: 1
      ===== EM models for the G4Region  DefaultRegionForTheWorld ======
               hBrem : Emin=    0 eV  Emax=  100 TeV  ModifiedMephi

hPairProd:  for pi+  XStype:1  SubType=4
      dE/dx and range tables from 100 eV  to 100 TeV in 84 bins
      Lambda tables from threshold to 100 TeV, 7 bins/decade, spline: 1
      Sampling table 20x1001, from 1.11656 GeV to 100 TeV 
      ===== EM models for the G4Region  DefaultRegionForTheWorld ======
           hPairProd : Emin=    0 eV  Emax=  100 TeV  ModifiedMephi

CoulombScat:  for pi+ XStype:1 SubType=1 BuildTable=1
      Lambda table from threshold  to 100 TeV, 7 bins/decade, spline: 0
      ThetaMin(p) < Theta(degree) < 180, pLimit(GeV^1)= 0.139531
      ===== EM models for the G4Region  DefaultRegionForTheWorld ======
  eCoulombScattering : Emin=    0 eV  Emax=  100 TeV

msc:  for pi-  SubType= 10
      ===== EM models for the G4Region  DefaultRegionForTheWorld ======
        WentzelVIUni : Emin=    0 eV  Emax=  100 TeV Nbins=84 100 eV  - 100 TeV
          StepLim=Minimal Rfact=0.2 Gfact=2.5 Sfact=0.6 DispFlag:0 Skin=1 Llim=1 mm

hIoni:  for pi-  XStype:3  SubType=2
      dE/dx and range tables from 100 eV  to 100 TeV in 84 bins
      Lambda tables from threshold to 100 TeV, 7 bins/decade, spline: 1
      StepFunction=(0.2, 0.1 mm), integ: 3, fluct: 1, linLossLim= 0.01
      ===== EM models for the G4Region  DefaultRegionForTheWorld ======
            ICRU73QO : Emin=    0 eV  Emax=297.505 keV
          BetheBloch : Emin=297.505 keV Emax=  100 TeV

hBrems:  for pi-  XStype:1  SubType=3
      dE/dx and range tables from 100 eV  to 100 TeV in 84 bins
      Lambda tables from threshold to 100 TeV, 7 bins/decade, spline: 1
      ===== EM models for the G4Region  DefaultRegionForTheWorld ======
               hBrem : Emin=    0 eV  Emax=  100 TeV  ModifiedMephi

hPairProd:  for pi-  XStype:1  SubType=4
      dE/dx and range tables from 100 eV  to 100 TeV in 84 bins
      Lambda tables from threshold to 100 TeV, 7 bins/decade, spline: 1
      Sampling table 20x1001, from 1.11656 GeV to 100 TeV 
      ===== EM models for the G4Region  DefaultRegionForTheWorld ======
           hPairProd : Emin=    0 eV  Emax=  100 TeV  ModifiedMephi

CoulombScat:  for pi- XStype:1 SubType=1 BuildTable=1
      Used Lambda table of pi+
      ThetaMin(p) < Theta(degree) < 180, pLimit(GeV^1)= 0.139531
      ===== EM models for the G4Region  DefaultRegionForTheWorld ======
  eCoulombScattering : Emin=    0 eV  Emax=  100 TeV

====================================================================
                  HADRONIC PROCESSES SUMMARY (verbose level 1)
-----------------------------------------------------------------------
                           Hadronic Processes for neutron
  Process: hadElastic
        Model:             hElasticCHIPS: 0 eV  ---> 100 TeV
     Cr_sctns:        G4NeutronElasticXS: 0 eV  ---> 100 TeV
  Process: neutronInelastic
        Model:                      FTFP: 3 GeV ---> 100 TeV
        Model:            BertiniCascade: 0 eV  ---> 6 GeV
     Cr_sctns:      G4NeutronInelasticXS: 0 eV  ---> 100 TeV
  Process: nCapture
        Model:               nRadCapture: 0 eV  ---> 100 TeV
     Cr_sctns:        G4NeutronCaptureXS: 0 eV  ---> 100 TeV
  Process: nKiller
-----------------------------------------------------------------------
                           Hadronic Processes for B-
  Process: hadElastic
        Model:              hElasticLHEP: 0 eV  ---> 100 TeV
     Cr_sctns:            Glauber-Gribov: 0 eV  ---> 100 TeV
  Process: B-Inelastic
        Model:                      FTFP: 0 eV  ---> 100 TeV
     Cr_sctns:            Glauber-Gribov: 0 eV  ---> 100 TeV
-----------------------------------------------------------------------
                           Hadronic Processes for D-
  Process: hadElastic
        Model:              hElasticLHEP: 0 eV  ---> 100 TeV
     Cr_sctns:            Glauber-Gribov: 0 eV  ---> 100 TeV
  Process: D-Inelastic
        Model:                      FTFP: 0 eV  ---> 100 TeV
     Cr_sctns:            Glauber-Gribov: 0 eV  ---> 100 TeV
-----------------------------------------------------------------------
                           Hadronic Processes for GenericIon
  Process: ionInelastic
        Model:  Binary Light Ion Cascade: 0 eV /n ---> 6 GeV/n
        Model:                      FTFP: 3 GeV/n ---> 100 TeV/n
     Cr_sctns:  Glauber-Gribov Nucl-nucl: 0 eV  ---> 25.6 PeV
-----------------------------------------------------------------------
                           Hadronic Processes for He3
  Process: hadElastic
        Model:              hElasticLHEP: 0 eV /n ---> 100 TeV/n
     Cr_sctns:  Glauber-Gribov Nucl-nucl: 0 eV  ---> 25.6 PeV
  Process: He3Inelastic
        Model:  Binary Light Ion Cascade: 0 eV /n ---> 6 GeV/n
        Model:                      FTFP: 3 GeV/n ---> 100 TeV/n
     Cr_sctns:  Glauber-Gribov Nucl-nucl: 0 eV  ---> 25.6 PeV
-----------------------------------------------------------------------
                           Hadronic Processes for alpha
  Process: hadElastic
        Model:              hElasticLHEP: 0 eV /n ---> 100 TeV/n
     Cr_sctns:  Glauber-Gribov Nucl-nucl: 0 eV  ---> 25.6 PeV
  Process: alphaInelastic
        Model:  Binary Light Ion Cascade: 0 eV /n ---> 6 GeV/n
        Model:                      FTFP: 3 GeV/n ---> 100 TeV/n
     Cr_sctns:  Glauber-Gribov Nucl-nucl: 0 eV  ---> 25.6 PeV
-----------------------------------------------------------------------
                           Hadronic Processes for anti_He3
  Process: hadElastic
        Model:              hElasticLHEP: 0 eV /n ---> 100.1 MeV/n
        Model:              AntiAElastic: 100 MeV/n ---> 100 TeV/n
     Cr_sctns:              AntiAGlauber: 0 eV  ---> 25.6 PeV
  Process: anti_He3Inelastic
        Model:                      FTFP: 0 eV /n ---> 100 TeV/n
     Cr_sctns:              AntiAGlauber: 0 eV  ---> 25.6 PeV
  Process: hFritiofCaptureAtRest
-----------------------------------------------------------------------
                           Hadronic Processes for anti_alpha
  Process: hadElastic
        Model:              hElasticLHEP: 0 eV /n ---> 100.1 MeV/n
        Model:              AntiAElastic: 100 MeV/n ---> 100 TeV/n
     Cr_sctns:              AntiAGlauber: 0 eV  ---> 25.6 PeV
  Process: anti_alphaInelastic
        Model:                      FTFP: 0 eV /n ---> 100 TeV/n
     Cr_sctns:              AntiAGlauber: 0 eV  ---> 25.6 PeV
  Process: hFritiofCaptureAtRest
-----------------------------------------------------------------------
                           Hadronic Processes for anti_deuteron
  Process: hadElastic
        Model:              hElasticLHEP: 0 eV /n ---> 100.1 MeV/n
        Model:              AntiAElastic: 100 MeV/n ---> 100 TeV/n
     Cr_sctns:              AntiAGlauber: 0 eV  ---> 25.6 PeV
  Process: anti_deuteronInelastic
        Model:                      FTFP: 0 eV /n ---> 100 TeV/n
     Cr_sctns:              AntiAGlauber: 0 eV  ---> 25.6 PeV
  Process: hFritiofCaptureAtRest
-------------------------------------------------------------------------
                           Hadronic Processes for anti_hypertriton
  Process: hFritiofCaptureAtRest
-----------------------------------------------------------------------
                           Hadronic Processes for anti_lambda
  Process: hadElastic
        Model:              hElasticLHEP: 0 eV  ---> 100 TeV
     Cr_sctns:            Glauber-Gribov: 0 eV  ---> 100 TeV
  Process: anti_lambdaInelastic
        Model:                      FTFP: 0 eV  ---> 100 TeV
     Cr_sctns:            Glauber-Gribov: 0 eV  ---> 100 TeV
  Process: hFritiofCaptureAtRest
-----------------------------------------------------------------------
                           Hadronic Processes for anti_neutron
  Process: hadElastic
        Model:              hElasticLHEP: 0 eV  ---> 100.1 MeV
        Model:              AntiAElastic: 100 MeV ---> 100 TeV
     Cr_sctns:              AntiAGlauber: 0 eV  ---> 25.6 PeV
  Process: anti_neutronInelastic
        Model:                      FTFP: 0 eV  ---> 100 TeV
     Cr_sctns:              AntiAGlauber: 0 eV  ---> 25.6 PeV
  Process: hFritiofCaptureAtRest
-----------------------------------------------------------------------
                           Hadronic Processes for anti_proton
  Process: hadElastic
        Model:              hElasticLHEP: 0 eV  ---> 100.1 MeV
        Model:              AntiAElastic: 100 MeV ---> 100 TeV
     Cr_sctns:              AntiAGlauber: 0 eV  ---> 25.6 PeV
  Process: anti_protonInelastic
        Model:                      FTFP: 0 eV  ---> 100 TeV
     Cr_sctns:              AntiAGlauber: 0 eV  ---> 25.6 PeV
  Process: hFritiofCaptureAtRest
-----------------------------------------------------------------------
                           Hadronic Processes for anti_triton
  Process: hadElastic
        Model:              hElasticLHEP: 0 eV /n ---> 100.1 MeV/n
        Model:              AntiAElastic: 100 MeV/n ---> 100 TeV/n
     Cr_sctns:              AntiAGlauber: 0 eV  ---> 25.6 PeV
  Process: anti_tritonInelastic
        Model:                      FTFP: 0 eV /n ---> 100 TeV/n
     Cr_sctns:              AntiAGlauber: 0 eV  ---> 25.6 PeV
  Process: hFritiofCaptureAtRest
-----------------------------------------------------------------------
                           Hadronic Processes for deuteron
  Process: hadElastic
        Model:              hElasticLHEP: 0 eV /n ---> 100 TeV/n
     Cr_sctns:  Glauber-Gribov Nucl-nucl: 0 eV  ---> 25.6 PeV
  Process: dInelastic
        Model:  Binary Light Ion Cascade: 0 eV /n ---> 6 GeV/n
        Model:                      FTFP: 3 GeV/n ---> 100 TeV/n
     Cr_sctns:  Glauber-Gribov Nucl-nucl: 0 eV  ---> 25.6 PeV
-----------------------------------------------------------------------
                           Hadronic Processes for e+
  Process: positronNuclear
        Model:   G4ElectroVDNuclearModel: 0 eV  ---> 1 PeV
     Cr_sctns:          ElectroNuclearXS: 0 eV  ---> 100 TeV
-----------------------------------------------------------------------
                           Hadronic Processes for e-
  Process: electronNuclear
        Model:   G4ElectroVDNuclearModel: 0 eV  ---> 1 PeV
     Cr_sctns:          ElectroNuclearXS: 0 eV  ---> 100 TeV
-----------------------------------------------------------------------
                           Hadronic Processes for gamma
  Process: photonNuclear
        Model:               GammaNPreco: 0 eV  ---> 200 MeV
        Model:            BertiniCascade: 199 MeV ---> 6 GeV
        Model:           TheoFSGenerator: 3 GeV ---> 100 TeV
     Cr_sctns:            GammaNuclearXS: 0 eV  ---> 100 TeV
-----------------------------------------------------------------------
                           Hadronic Processes for kaon+
  Process: hadElastic
        Model:              hElasticLHEP: 0 eV  ---> 100 TeV
     Cr_sctns:            Glauber-Gribov: 0 eV  ---> 100 TeV
  Process: kaon+Inelastic
        Model:                      FTFP: 3 GeV ---> 100 TeV
        Model:            BertiniCascade: 0 eV  ---> 6 GeV
     Cr_sctns:            Glauber-Gribov: 0 eV  ---> 100 TeV
-----------------------------------------------------------------------
                           Hadronic Processes for kaon-
  Process: hadElastic
        Model:              hElasticLHEP: 0 eV  ---> 100 TeV
     Cr_sctns:            Glauber-Gribov: 0 eV  ---> 100 TeV
  Process: kaon-Inelastic
        Model:                      FTFP: 3 GeV ---> 100 TeV
        Model:            BertiniCascade: 0 eV  ---> 6 GeV
     Cr_sctns:            Glauber-Gribov: 0 eV  ---> 100 TeV
  Process: hBertiniCaptureAtRest
-----------------------------------------------------------------------
                           Hadronic Processes for lambda
  Process: hadElastic
        Model:              hElasticLHEP: 0 eV  ---> 100 TeV
     Cr_sctns:            Glauber-Gribov: 0 eV  ---> 100 TeV
  Process: lambdaInelastic
        Model:                      FTFP: 3 GeV ---> 100 TeV
        Model:            BertiniCascade: 0 eV  ---> 6 GeV
     Cr_sctns:            Glauber-Gribov: 0 eV  ---> 100 TeV
-----------------------------------------------------------------------
                           Hadronic Processes for mu+
  Process: muonNuclear
        Model:      G4MuonVDNuclearModel: 0 eV  ---> 1 PeV
     Cr_sctns:     KokoulinMuonNuclearXS: 0 eV  ---> 100 TeV
-----------------------------------------------------------------------
                           Hadronic Processes for mu-
  Process: muonNuclear
        Model:      G4MuonVDNuclearModel: 0 eV  ---> 1 PeV
     Cr_sctns:     KokoulinMuonNuclearXS: 0 eV  ---> 100 TeV
  Process: muMinusCaptureAtRest
-----------------------------------------------------------------------
                           Hadronic Processes for pi+
  Process: hadElastic
        Model:           hElasticGlauber: 0 eV  ---> 100 TeV
     Cr_sctns:  BarashenkovGlauberGribov: 0 eV  ---> 100 TeV
  Process: pi+Inelastic
        Model:                      FTFP: 3 GeV ---> 100 TeV
        Model:            BertiniCascade: 0 eV  ---> 6 GeV
     Cr_sctns:  BarashenkovGlauberGribov: 0 eV  ---> 100 TeV
-----------------------------------------------------------------------
                           Hadronic Processes for pi-
  Process: hadElastic
        Model:           hElasticGlauber: 0 eV  ---> 100 TeV
     Cr_sctns:  BarashenkovGlauberGribov: 0 eV  ---> 100 TeV
  Process: pi-Inelastic
        Model:                      FTFP: 3 GeV ---> 100 TeV
        Model:            BertiniCascade: 0 eV  ---> 6 GeV
     Cr_sctns:  BarashenkovGlauberGribov: 0 eV  ---> 100 TeV
  Process: hBertiniCaptureAtRest
-----------------------------------------------------------------------
                           Hadronic Processes for proton
  Process: hadElastic
        Model:             hElasticCHIPS: 0 eV  ---> 100 TeV
     Cr_sctns:  BarashenkovGlauberGribov: 0 eV  ---> 100 TeV
  Process: protonInelastic
        Model:                      FTFP: 3 GeV ---> 100 TeV
        Model:            BertiniCascade: 0 eV  ---> 6 GeV
     Cr_sctns:  BarashenkovGlauberGribov: 0 eV  ---> 100 TeV
-----------------------------------------------------------------------
                           Hadronic Processes for sigma-
  Process: hadElastic
        Model:              hElasticLHEP: 0 eV  ---> 100 TeV
     Cr_sctns:            Glauber-Gribov: 0 eV  ---> 100 TeV
  Process: sigma-Inelastic
        Model:                      FTFP: 3 GeV ---> 100 TeV
        Model:            BertiniCascade: 0 eV  ---> 6 GeV
     Cr_sctns:            Glauber-Gribov: 0 eV  ---> 100 TeV
  Process: hBertiniCaptureAtRest
-----------------------------------------------------------------------
                           Hadronic Processes for triton
  Process: hadElastic
        Model:              hElasticLHEP: 0 eV /n ---> 100 TeV/n
     Cr_sctns:  Glauber-Gribov Nucl-nucl: 0 eV  ---> 25.6 PeV
  Process: tInelastic
        Model:  Binary Light Ion Cascade: 0 eV /n ---> 6 GeV/n
        Model:                      FTFP: 3 GeV/n ---> 100 TeV/n
     Cr_sctns:  Glauber-Gribov Nucl-nucl: 0 eV  ---> 25.6 PeV
=======================================================================
======       Geant4 Native Pre-compound Model Parameters       ========
=======================================================================
Type of pre-compound model                          0
Type of pre-compound inverse x-section              1
Pre-compound model active                           1
Pre-compound excitation low energy                  0.1 MeV 
Pre-compound excitation high energy                 15 MeV 
Angular generator for pre-compound model            1
Use NeverGoBack option for pre-compound model       0
Use SoftCutOff option for pre-compound model        0
Use CEM transitions for pre-compound model          1
Use GNASH transitions for pre-compound model        0
Use HETC submodel for pre-compound model            0
=======================================================================
======       Nuclear De-excitation Module Parameters           ========
=======================================================================
Type of de-excitation inverse x-section             3
Type of de-excitation factory                       Evaporation+GEM
Number of de-excitation channels                    68
Type of Fermi BreakUp model                         ModelVI
Min excitation energy                               0.01 keV 
Min energy per nucleon for multifragmentation       2e+05 MeV
Level density (1/MeV)                               0.075
Use simple level density model                      1
Use discrete excitation energy of the residual      0
Time limit for long lived isomeres                  1 ns 
Isomer production flag                              1
Internal e- conversion flag                         1
Store e- internal conversion data                   1
Correlated gamma emission flag                      0
Max 2J for sampling of angular correlations         10
=======================================================================

========= Table of registered couples ============================

Index : 0     used in the geometry : Yes
 Material : G4_Galactic
 Range cuts        :  gamma  700 um     e-  700 um     e+  700 um  proton 700 um 
 Energy thresholds :  gamma  990 eV     e-  990 eV     e+  990 eV  proton 70 keV
 Region(s) which use this couple : 
    DefaultRegionForTheWorld

Index : 1     used in the geometry : Yes
 Material : G4_POLYSTYRENE
 Range cuts        :  gamma  700 um     e-  700 um     e+  700 um  proton 700 um 
 Energy thresholds :  gamma  2.12507 keV    e-  285.029 keV    e+  278.025 keV proton 70 keV
 Region(s) which use this couple : 
    DefaultRegionForTheWorld

==================================================================

### Run 0 starts.
### Run 0 starts.
 Event#=0
 Event#=10
 Event#=20
 Event#=30
 Event#=40
 Event#=50
 Event#=60
 Event#=70
 Event#=80
 Event#=90
 Run terminated.
Run Summary
  Number of events processed : 100
  User=0.680000s Real=0.689214s Sys=0.010000s


 ===============  Run::PrintInfo()  =============== 	 RunID = 0
 Primary particle PDG code = -211
 Primary particle kinetic energy = 50 GeV
 Primary particle direction = (0,0,1)
 Target material = G4_POLYSTYRENE
 Cubic-volume scoring shell = 1.26925e+08 mm^3
 Number of events = 100
 Conversion factor: fluence from mm^-2 to cm^-2 = 100
 Particle fluence in unit of cm^-2 :
   case=  0                       forward            all   0.00221644
   case=  1                       forward       electron   0.000248548
   case=  2                       forward          gamma   0.00171616
   case=  3                       forward           muon   1.42644e-06
   case=  4                       forward       neutrino   3.64178e-05
   case=  5                       forward           pion   8.92113e-05
   case=  6                       forward        neutron   9.39377e-05
   case=  7                       forward         proton   2.54367e-05
   case=  8                       forward            ion          0
   case=  9                       forward     otherMeson   4.98604e-06
   case= 10                       forward    otherBaryon   3.1666e-07
   case= 11                      backward            all   5.08526e-05
   case= 12                      backward       electron   2.92562e-06
   case= 13                      backward          gamma   3.59627e-05
   case= 14                      backward           muon          0
   case= 15                      backward       neutrino   8.95648e-06
   case= 16                      backward           pion          0
   case= 17                      backward        neutron   2.83479e-06
   case= 18                      backward         proton   1.73025e-07
   case= 19                      backward            ion          0
   case= 20                      backward     otherMeson          0
   case= 21                      backward    otherBaryon          0
   case= 22   below 20 MeV        forward            all   0.0015624
   case= 23   below 20 MeV        forward       electron   0.000107336
   case= 24   below 20 MeV        forward          gamma   0.00142412
   case= 25   below 20 MeV        forward           muon   1.66825e-07
   case= 26   below 20 MeV        forward       neutrino   3.29652e-06
   case= 27   below 20 MeV        forward           pion   8.65644e-07
   case= 28   below 20 MeV        forward        neutron   2.5705e-05
   case= 29   below 20 MeV        forward         proton   9.1196e-07
   case= 30   below 20 MeV        forward            ion          0
   case= 31   below 20 MeV        forward     otherMeson          0
   case= 32   below 20 MeV        forward    otherBaryon          0
   case= 33   below 20 MeV       backward            all   3.6756e-05
   case= 34   below 20 MeV       backward       electron   2.74917e-06
   case= 35   below 20 MeV       backward          gamma   3.26171e-05
   case= 36   below 20 MeV       backward           muon          0
   case= 37   below 20 MeV       backward       neutrino   9.90751e-07
   case= 38   below 20 MeV       backward           pion          0
   case= 39   below 20 MeV       backward        neutron   3.98971e-07
   case= 40   below 20 MeV       backward         proton          0
   case= 41   below 20 MeV       backward            ion          0
   case= 42   below 20 MeV       backward     otherMeson          0
   case= 43   below 20 MeV       backward    otherBaryon          0
   case= 44   above 20 MeV        forward            all   0.000654039
   case= 45   above 20 MeV        forward       electron   0.000141212
   case= 46   above 20 MeV        forward          gamma   0.00029204
   case= 47   above 20 MeV        forward           muon   1.25961e-06
   case= 48   above 20 MeV        forward       neutrino   3.31213e-05
   case= 49   above 20 MeV        forward           pion   8.83456e-05
   case= 50   above 20 MeV        forward        neutron   6.82327e-05
   case= 51   above 20 MeV        forward         proton   2.45248e-05
   case= 52   above 20 MeV        forward            ion          0
   case= 53   above 20 MeV        forward     otherMeson   4.98604e-06
   case= 54   above 20 MeV        forward    otherBaryon   3.1666e-07
   case= 55   above 20 MeV       backward            all   1.40966e-05
   case= 56   above 20 MeV       backward       electron   1.76447e-07
   case= 57   above 20 MeV       backward          gamma   3.34556e-06
   case= 58   above 20 MeV       backward           muon          0
   case= 59   above 20 MeV       backward       neutrino   7.96573e-06
   case= 60   above 20 MeV       backward           pion          0
   case= 61   above 20 MeV       backward        neutron   2.43582e-06
   case= 62   above 20 MeV       backward         proton   1.73025e-07
   case= 63   above 20 MeV       backward            ion          0
   case= 64   above 20 MeV       backward     otherMeson          0
   case= 65   above 20 MeV       backward    otherBaryon          0
 ------------------------------------------------------------- 
 Extra information: particle production 	 	      <N>      <E_kin> <Sum_Ekin> [MeV]
   case=  0         sphere                           all    1938.81    61.8136     119845
   case=  1         sphere                      electron    1610.35    5.91765    9529.49
   case=  2         sphere                         gamma        227    77.7218    17642.8
   case=  3         sphere                          muon       0.78     18.223     14.214
   case=  4         sphere                      neutrino       2.21    34.5468    76.3484
   case=  5         sphere                          pion      16.64    4850.27    80708.5
   case=  6         sphere                       neutron      14.87    153.722    2285.84
   case=  7         sphere                        proton      31.94    83.9692    2681.98
   case=  8         sphere                           ion      33.53    5.83603    195.682
   case=  9         sphere                    otherMeson       1.23    4512.19    5549.99
   case= 10         sphere                   otherBaryon       0.26    4461.64    1160.03
   case= 11         sphere   below 20 MeV            all    1851.21   0.532374    985.537
   case= 12         sphere   below 20 MeV       electron    1588.88   0.309332    491.491
   case= 13         sphere   below 20 MeV          gamma     196.61    1.47982    290.948
   case= 14         sphere   below 20 MeV           muon        0.7    4.11981    2.88387
   case= 15         sphere   below 20 MeV       neutrino       0.21    14.4585    3.03628
   case= 16         sphere   below 20 MeV           pion       0.35    6.58345    2.30421
   case= 17         sphere   below 20 MeV        neutron       7.23    5.98761    43.2904
   case= 18         sphere   below 20 MeV         proton      25.36    2.55921    64.9017
   case= 19         sphere   below 20 MeV            ion      31.87    2.71983     86.681
   case= 20         sphere   below 20 MeV     otherMeson          0          0          0
   case= 21         sphere   below 20 MeV    otherBaryon          0          0          0
   case= 22         sphere   above 20 MeV            all       87.6    1356.84     118859
   case= 23         sphere   above 20 MeV       electron      21.47    420.959    9037.99
   case= 24         sphere   above 20 MeV          gamma      30.39    570.974    17351.9
   case= 25         sphere   above 20 MeV           muon       0.08    141.626    11.3301
   case= 26         sphere   above 20 MeV       neutrino          2    36.6561    73.3121
   case= 27         sphere   above 20 MeV           pion      16.29    4954.34    80706.2
   case= 28         sphere   above 20 MeV        neutron       7.64    293.527    2242.55
   case= 29         sphere   above 20 MeV         proton       6.58    397.732    2617.08
   case= 30         sphere   above 20 MeV            ion       1.66    65.6634    109.001
   case= 31         sphere   above 20 MeV     otherMeson       1.23    4512.19    5549.99
   case= 32         sphere   above 20 MeV    otherBaryon       0.26    4461.64    1160.03
 ============================================================= 



 ------  DetectorConstruction::PrintParameters() ------ 
 Material         = G4_GRAPHITE
 Radius           = 1000 mm
 ScoringThickness = 10 mm
 -------------------------------------------------------- 

Start re-initialization because 
  Geometry
has been modified since last Run.

DetectorConstruction::ConstructSphere() : 
	 World (box) size: 
	 	 x : -/+ 1100 mm 	 y : -/+ 1100 mm 	 z : -/+ 1100 mm 



========= Table of registered couples ============================

Index : 0     used in the geometry : Yes
 Material : G4_Galactic
 Range cuts        :  gamma  700 um     e-  700 um     e+  700 um  proton 700 um 
 Energy thresholds :  gamma  990 eV     e-  990 eV     e+  990 eV  proton 70 keV
 Region(s) which use this couple : 
    DefaultRegionForTheWorld

Index : 1     used in the geometry : No 
 Material : G4_POLYSTYRENE
 Range cuts        :  gamma  700 um     e-  700 um     e+  700 um  proton 700 um 
 Energy thresholds :  gamma  2.12507 keV    e-  285.029 keV    e+  278.025 keV proton 70 keV

Index : 2     used in the geometry : Yes
 Material : G4_GRAPHITE
 Range cuts        :  gamma  700 um     e-  700 um     e+  700 um  proton 700 um 
 Energy thresholds :  gamma  2.8882 keV    e-  436.578 keV    e+  422.985 keV proton 70 keV
 Region(s) which use this couple : 
    DefaultRegionForTheWorld

==================================================================

### Run 1 starts.
### Run 1 starts.
 Event#=0
 Event#=10
 Event#=20
 Event#=30
 Event#=40
 Event#=50
 Event#=60
 Event#=70
 Event#=80
 Event#=90
 Run terminated.
Run Summary
  Number of events processed : 100
  User=3.650000s Real=3.728921s Sys=0.010000s


 ===============  Run::PrintInfo()  =============== 	 RunID = 1
 Primary particle PDG code = -211
 Primary particle kinetic energy = 50 GeV
 Primary particle direction = (0,0,1)
 Target material = G4_GRAPHITE
 Cubic-volume scoring shell = 1.26925e+08 mm^3
 Number of events = 100
 Conversion factor: fluence from mm^-2 to cm^-2 = 100
 Particle fluence in unit of cm^-2 :
   case=  0                       forward            all   0.00635828
   case=  1                       forward       electron   0.00053201
   case=  2                       forward          gamma   0.0051188
   case=  3                       forward           muon   1.21354e-06
   case=  4                       forward       neutrino   0.000142327
   case=  5                       forward           pion   0.000101492
   case=  6                       forward        neutron   0.000409411
   case=  7                       forward         proton   4.37481e-05
   case=  8                       forward            ion   5.21651e-07
   case=  9                       forward     otherMeson   8.28172e-06
   case= 10                       forward    otherBaryon   4.79268e-07
   case= 11                      backward            all   8.08727e-05
   case= 12                      backward       electron   1.84936e-06
   case= 13                      backward          gamma   2.91616e-05
   case= 14                      backward           muon          0
   case= 15                      backward       neutrino   3.98709e-05
   case= 16                      backward           pion          0
   case= 17                      backward        neutron   9.99086e-06
   case= 18                      backward         proton          0
   case= 19                      backward            ion          0
   case= 20                      backward     otherMeson          0
   case= 21                      backward    otherBaryon          0
   case= 22   below 20 MeV        forward            all   0.00498598
   case= 23   below 20 MeV        forward       electron   0.000263273
   case= 24   below 20 MeV        forward          gamma   0.00448234
   case= 25   below 20 MeV        forward           muon   1.59678e-07
   case= 26   below 20 MeV        forward       neutrino   1.27248e-05
   case= 27   below 20 MeV        forward           pion   9.31282e-07
   case= 28   below 20 MeV        forward        neutron   0.000226206
   case= 29   below 20 MeV        forward         proton   3.51312e-07
   case= 30   below 20 MeV        forward            ion          0
   case= 31   below 20 MeV        forward     otherMeson          0
   case= 32   below 20 MeV        forward    otherBaryon          0
   case= 33   below 20 MeV       backward            all   3.76384e-05
   case= 34   below 20 MeV       backward       electron   1.35283e-06
   case= 35   below 20 MeV       backward          gamma   2.71761e-05
   case= 36   below 20 MeV       backward           muon          0
   case= 37   below 20 MeV       backward       neutrino   2.99342e-06
   case= 38   below 20 MeV       backward           pion          0
   case= 39   below 20 MeV       backward        neutron   6.11611e-06
   case= 40   below 20 MeV       backward         proton          0
   case= 41   below 20 MeV       backward            ion          0
   case= 42   below 20 MeV       backward     otherMeson          0
   case= 43   below 20 MeV       backward    otherBaryon          0
   case= 44   above 20 MeV        forward            all   0.0013723
   case= 45   above 20 MeV        forward       electron   0.000268737
   case= 46   above 20 MeV        forward          gamma   0.000636463
   case= 47   above 20 MeV        forward           muon   1.05386e-06
   case= 48   above 20 MeV        forward       neutrino   0.000129602
   case= 49   above 20 MeV        forward           pion   0.000100561
   case= 50   above 20 MeV        forward        neutron   0.000183204
   case= 51   above 20 MeV        forward         proton   4.33968e-05
   case= 52   above 20 MeV        forward            ion   5.21651e-07
   case= 53   above 20 MeV        forward     otherMeson   8.28172e-06
   case= 54   above 20 MeV        forward    otherBaryon   4.79268e-07
   case= 55   above 20 MeV       backward            all   4.32343e-05
   case= 56   above 20 MeV       backward       electron   4.96535e-07
   case= 57   above 20 MeV       backward          gamma   1.98553e-06
   case= 58   above 20 MeV       backward           muon          0
   case= 59   above 20 MeV       backward       neutrino   3.68774e-05
   case= 60   above 20 MeV       backward           pion          0
   case= 61   above 20 MeV       backward        neutron   3.87475e-06
   case= 62   above 20 MeV       backward         proton          0
   case= 63   above 20 MeV       backward            ion          0
   case= 64   above 20 MeV       backward     otherMeson          0
   case= 65   above 20 MeV       backward    otherBaryon          0
 ------------------------------------------------------------- 
 Extra information: particle production 	 	      <N>      <E_kin> <Sum_Ekin> [MeV]
   case=  0         sphere                           all    13140.6    14.3063     187993
   case=  1         sphere                      electron    11221.7    2.31895    26022.6
   case=  2         sphere                         gamma    1279.54    25.9425    33194.4
   case=  3         sphere                          muon       3.08    35.7467      110.1
   case=  4         sphere                      neutrino        9.1    35.9917    327.525
   case=  5         sphere                          pion      38.38    2567.06    98523.9
   case=  6         sphere                       neutron      84.74    91.6213    7763.99
   case=  7         sphere                        proton       45.7    133.139    6084.47
   case=  8         sphere                           ion     454.83     2.1079    958.736
   case=  9         sphere                    otherMeson       2.93    4732.24    13865.5
   case= 10         sphere                   otherBaryon       0.58    1968.49    1141.72
   case= 11         sphere   below 20 MeV            all    12825.8   0.413328    5301.28
   case= 12         sphere   below 20 MeV       electron    11126.8   0.235715    2622.75
   case= 13         sphere   below 20 MeV          gamma    1175.42     1.3667    1606.44
   case= 14         sphere   below 20 MeV           muon       2.81    4.11981    11.5767
   case= 15         sphere   below 20 MeV       neutrino       0.81    15.0141    12.1614
   case= 16         sphere   below 20 MeV           pion       0.55     10.438    5.74093
   case= 17         sphere   below 20 MeV        neutron      47.79    6.10568     291.79
   case= 18         sphere   below 20 MeV         proton      22.22    7.01044    155.772
   case= 19         sphere   below 20 MeV            ion     449.39    1.32236    594.254
   case= 20         sphere   below 20 MeV     otherMeson       0.02    17.6223   0.352446
   case= 21         sphere   below 20 MeV    otherBaryon       0.04    10.8516   0.434066
   case= 22         sphere   above 20 MeV            all     314.78    580.379     182692
   case= 23         sphere   above 20 MeV       electron      94.95    246.444    23399.8
   case= 24         sphere   above 20 MeV          gamma     104.12    303.381      31588
   case= 25         sphere   above 20 MeV           muon       0.27      364.9     98.523
   case= 26         sphere   above 20 MeV       neutrino       8.29    38.0414    315.363
   case= 27         sphere   above 20 MeV           pion      37.83    2604.23    98518.2
   case= 28         sphere   above 20 MeV        neutron      36.95    202.225     7472.2
   case= 29         sphere   above 20 MeV         proton      23.48      252.5     5928.7
   case= 30         sphere   above 20 MeV            ion       5.44    67.0004    364.482
   case= 31         sphere   above 20 MeV     otherMeson       2.91    4764.65    13865.1
   case= 32         sphere   above 20 MeV    otherBaryon       0.54     2113.5    1141.29
 ============================================================= 



 ------  DetectorConstruction::PrintParameters() ------ 
 Material         = G4_Si
 Radius           = 1000 mm
 ScoringThickness = 10 mm
 -------------------------------------------------------- 

Start re-initialization because 
  Geometry
has been modified since last Run.

DetectorConstruction::ConstructSphere() : 
	 World (box) size: 
	 	 x : -/+ 1100 mm 	 y : -/+ 1100 mm 	 z : -/+ 1100 mm 



========= Table of registered couples ============================

Index : 0     used in the geometry : Yes
 Material : G4_Galactic
 Range cuts        :  gamma  700 um     e-  700 um     e+  700 um  proton 700 um 
 Energy thresholds :  gamma  990 eV     e-  990 eV     e+  990 eV  proton 70 keV
 Region(s) which use this couple : 
    DefaultRegionForTheWorld

Index : 1     used in the geometry : No 
 Material : G4_POLYSTYRENE
 Range cuts        :  gamma  700 um     e-  700 um     e+  700 um  proton 700 um 
 Energy thresholds :  gamma  2.12507 keV    e-  285.029 keV    e+  278.025 keV proton 70 keV

Index : 2     used in the geometry : No 
 Material : G4_GRAPHITE
 Range cuts        :  gamma  700 um     e-  700 um     e+  700 um  proton 700 um 
 Energy thresholds :  gamma  2.8882 keV    e-  436.578 keV    e+  422.985 keV proton 70 keV

Index : 3     used in the geometry : Yes
 Material : G4_Si
 Range cuts        :  gamma  700 um     e-  700 um     e+  700 um  proton 700 um 
 Energy thresholds :  gamma  5.85415 keV    e-  423.338 keV    e+  409.013 keV proton 70 keV
 Region(s) which use this couple : 
    DefaultRegionForTheWorld

==================================================================

### Run 2 starts.
### Run 2 starts.
 Event#=0
 Event#=10
 Event#=20
 Event#=30
 Event#=40
 Event#=50
 Event#=60
 Event#=70
 Event#=80
 Event#=90
 Run terminated.
Run Summary
  Number of events processed : 100
  User=5.210000s Real=5.234320s Sys=0.020000s


 ===============  Run::PrintInfo()  =============== 	 RunID = 2
 Primary particle PDG code = -211
 Primary particle kinetic energy = 50 GeV
 Primary particle direction = (0,0,1)
 Target material = G4_Si
 Cubic-volume scoring shell = 1.26925e+08 mm^3
 Number of events = 100
 Conversion factor: fluence from mm^-2 to cm^-2 = 100
 Particle fluence in unit of cm^-2 :
   case=  0                       forward            all   0.00995393
   case=  1                       forward       electron   0.000640883
   case=  2                       forward          gamma   0.00809049
   case=  3                       forward           muon   2.59909e-06
   case=  4                       forward       neutrino   0.000110349
   case=  5                       forward           pion   8.7898e-05
   case=  6                       forward        neutron   0.000981414
   case=  7                       forward         proton   3.17671e-05
   case=  8                       forward            ion   1.6189e-07
   case=  9                       forward     otherMeson   8.1048e-06
   case= 10                       forward    otherBaryon   2.59575e-07
   case= 11                      backward            all   0.000204966
   case= 12                      backward       electron          0
   case= 13                      backward          gamma   6.78295e-06
   case= 14                      backward           muon          0
   case= 15                      backward       neutrino   2.95915e-05
   case= 16                      backward           pion          0
   case= 17                      backward        neutron   0.000168591
   case= 18                      backward         proton          0
   case= 19                      backward            ion          0
   case= 20                      backward     otherMeson          0
   case= 21                      backward    otherBaryon          0
   case= 22   below 20 MeV        forward            all   0.00867011
   case= 23   below 20 MeV        forward       electron   0.000382474
   case= 24   below 20 MeV        forward          gamma   0.00747657
   case= 25   below 20 MeV        forward           muon          0
   case= 26   below 20 MeV        forward       neutrino   9.86065e-06
   case= 27   below 20 MeV        forward           pion   3.49505e-07
   case= 28   below 20 MeV        forward        neutron   0.000799962
   case= 29   below 20 MeV        forward         proton   7.24249e-07
   case= 30   below 20 MeV        forward            ion          0
   case= 31   below 20 MeV        forward     otherMeson   1.64999e-07
   case= 32   below 20 MeV        forward    otherBaryon          0
   case= 33   below 20 MeV       backward            all   0.000173107
   case= 34   below 20 MeV       backward       electron          0
   case= 35   below 20 MeV       backward          gamma   6.78295e-06
   case= 36   below 20 MeV       backward           muon          0
   case= 37   below 20 MeV       backward       neutrino   2.18637e-06
   case= 38   below 20 MeV       backward           pion          0
   case= 39   below 20 MeV       backward        neutron   0.000164138
   case= 40   below 20 MeV       backward         proton          0
   case= 41   below 20 MeV       backward            ion          0
   case= 42   below 20 MeV       backward     otherMeson          0
   case= 43   below 20 MeV       backward    otherBaryon          0
   case= 44   above 20 MeV        forward            all   0.00128382
   case= 45   above 20 MeV        forward       electron   0.000258409
   case= 46   above 20 MeV        forward          gamma   0.000613917
   case= 47   above 20 MeV        forward           muon   2.59909e-06
   case= 48   above 20 MeV        forward       neutrino   0.000100488
   case= 49   above 20 MeV        forward           pion   8.75485e-05
   case= 50   above 20 MeV        forward        neutron   0.000181452
   case= 51   above 20 MeV        forward         proton   3.10429e-05
   case= 52   above 20 MeV        forward            ion   1.6189e-07
   case= 53   above 20 MeV        forward     otherMeson   7.9398e-06
   case= 54   above 20 MeV        forward    otherBaryon   2.59575e-07
   case= 55   above 20 MeV       backward            all   3.18583e-05
   case= 56   above 20 MeV       backward       electron          0
   case= 57   above 20 MeV       backward          gamma          0
   case= 58   above 20 MeV       backward           muon          0
   case= 59   above 20 MeV       backward       neutrino   2.74051e-05
   case= 60   above 20 MeV       backward           pion          0
   case= 61   above 20 MeV       backward        neutron   4.45317e-06
   case= 62   above 20 MeV       backward         proton          0
   case= 63   above 20 MeV       backward            ion          0
   case= 64   above 20 MeV       backward     otherMeson          0
   case= 65   above 20 MeV       backward    otherBaryon          0
 ------------------------------------------------------------- 
 Extra information: particle production 	 	      <N>      <E_kin> <Sum_Ekin> [MeV]
   case=  0         sphere                           all    19306.3    10.7652     207836
   case=  1         sphere                      electron    15460.2    2.52548    39044.4
   case=  2         sphere                         gamma    3317.49    13.1901    43758.1
   case=  3         sphere                          muon       2.49    37.3708    93.0533
   case=  4         sphere                      neutrino       7.14    38.6496    275.958
   case=  5         sphere                          pion      32.18    3179.32     102310
   case=  6         sphere                       neutron     106.91    52.7925    5644.04
   case=  7         sphere                        proton      75.38    80.3976    6060.37
   case=  8         sphere                           ion     301.34    1.57516     474.66
   case=  9         sphere                    otherMeson       2.65    3348.69    8874.03
   case= 10         sphere                   otherBaryon       0.51    2550.52    1300.77
   case= 11         sphere   below 20 MeV            all    18846.2   0.552526      10413
   case= 12         sphere   below 20 MeV       electron    15279.4   0.360108    5502.25
   case= 13         sphere   below 20 MeV          gamma     3138.1    1.25953    3952.53
   case= 14         sphere   below 20 MeV           muon       2.21    4.38007    9.67995
   case= 15         sphere   below 20 MeV       neutrino       0.63       15.3    9.63903
   case= 16         sphere   below 20 MeV           pion       0.34    11.7143    3.98286
   case= 17         sphere   below 20 MeV        neutron      75.79    4.28341     324.64
   case= 18         sphere   below 20 MeV         proton       52.2     6.2734    327.471
   case= 19         sphere   below 20 MeV            ion     297.42   0.949573    282.422
   case= 20         sphere   below 20 MeV     otherMeson       0.05    2.87446   0.143723
   case= 21         sphere   below 20 MeV    otherBaryon       0.04    6.69598   0.267839
   case= 22         sphere   above 20 MeV            all     460.08    429.105     197423
   case= 23         sphere   above 20 MeV       electron     180.77    185.552    33542.2
   case= 24         sphere   above 20 MeV          gamma     179.39    221.894    39805.5
   case= 25         sphere   above 20 MeV           muon       0.28    297.762    83.3734
   case= 26         sphere   above 20 MeV       neutrino       6.51    40.9093    266.319
   case= 27         sphere   above 20 MeV           pion      31.84    3213.14     102306
   case= 28         sphere   above 20 MeV        neutron      31.12    170.932     5319.4
   case= 29         sphere   above 20 MeV         proton      23.18    247.321     5732.9
   case= 30         sphere   above 20 MeV            ion       3.92    49.0403    192.238
   case= 31         sphere   above 20 MeV     otherMeson        2.6    3413.03    8873.89
   case= 32         sphere   above 20 MeV    otherBaryon       0.47    2767.02     1300.5
 ============================================================= 



 ------  DetectorConstruction::PrintParameters() ------ 
 Material         = G4_lAr
 Radius           = 1000 mm
 ScoringThickness = 10 mm
 -------------------------------------------------------- 

Start re-initialization because 
  Geometry
has been modified since last Run.

DetectorConstruction::ConstructSphere() : 
	 World (box) size: 
	 	 x : -/+ 1100 mm 	 y : -/+ 1100 mm 	 z : -/+ 1100 mm 



========= Table of registered couples ============================

Index : 0     used in the geometry : Yes
 Material : G4_Galactic
 Range cuts        :  gamma  700 um     e-  700 um     e+  700 um  proton 700 um 
 Energy thresholds :  gamma  990 eV     e-  990 eV     e+  990 eV  proton 70 keV
 Region(s) which use this couple : 
    DefaultRegionForTheWorld

Index : 1     used in the geometry : No 
 Material : G4_POLYSTYRENE
 Range cuts        :  gamma  700 um     e-  700 um     e+  700 um  proton 700 um 
 Energy thresholds :  gamma  2.12507 keV    e-  285.029 keV    e+  278.025 keV proton 70 keV

Index : 2     used in the geometry : No 
 Material : G4_GRAPHITE
 Range cuts        :  gamma  700 um     e-  700 um     e+  700 um  proton 700 um 
 Energy thresholds :  gamma  2.8882 keV    e-  436.578 keV    e+  422.985 keV proton 70 keV

Index : 3     used in the geometry : No 
 Material : G4_Si
 Range cuts        :  gamma  700 um     e-  700 um     e+  700 um  proton 700 um 
 Energy thresholds :  gamma  5.85415 keV    e-  423.338 keV    e+  409.013 keV proton 70 keV

Index : 4     used in the geometry : Yes
 Material : G4_lAr
 Range cuts        :  gamma  700 um     e-  700 um     e+  700 um  proton 700 um 
 Energy thresholds :  gamma  5.20503 keV    e-  273.977 keV    e+  266.18 keV proton 70 keV
 Region(s) which use this couple : 
    DefaultRegionForTheWorld

==================================================================

### Run 3 starts.
### Run 3 starts.
 Event#=0
 Event#=10
 Event#=20
 Event#=30
 Event#=40
 Event#=50
 Event#=60
 Event#=70
 Event#=80
 Event#=90
 Run terminated.
Run Summary
  Number of events processed : 100
  User=2.680000s Real=2.711470s Sys=0.000000s


 ===============  Run::PrintInfo()  =============== 	 RunID = 3
 Primary particle PDG code = -211
 Primary particle kinetic energy = 50 GeV
 Primary particle direction = (0,0,1)
 Target material = G4_lAr
 Cubic-volume scoring shell = 1.26925e+08 mm^3
 Number of events = 100
 Conversion factor: fluence from mm^-2 to cm^-2 = 100
 Particle fluence in unit of cm^-2 :
   case=  0                       forward            all   0.00893319
   case=  1                       forward       electron   0.000636834
   case=  2                       forward          gamma   0.00713283
   case=  3                       forward           muon   9.96398e-07
   case=  4                       forward       neutrino   3.95403e-05
   case=  5                       forward           pion   9.96798e-05
   case=  6                       forward        neutron   0.000980614
   case=  7                       forward         proton   3.46835e-05
   case=  8                       forward            ion   5.90514e-07
   case=  9                       forward     otherMeson   7.42842e-06
   case= 10                       forward    otherBaryon          0
   case= 11                      backward            all   0.000276163
   case= 12                      backward       electron   9.41453e-07
   case= 13                      backward          gamma   6.09515e-05
   case= 14                      backward           muon          0
   case= 15                      backward       neutrino   1.32907e-05
   case= 16                      backward           pion   2.11065e-07
   case= 17                      backward        neutron   0.000200768
   case= 18                      backward         proton          0
   case= 19                      backward            ion          0
   case= 20                      backward     otherMeson          0
   case= 21                      backward    otherBaryon          0
   case= 22   below 20 MeV        forward            all   0.00781997
   case= 23   below 20 MeV        forward       electron   0.000395205
   case= 24   below 20 MeV        forward          gamma   0.00657745
   case= 25   below 20 MeV        forward           muon          0
   case= 26   below 20 MeV        forward       neutrino   1.49192e-06
   case= 27   below 20 MeV        forward           pion   4.62593e-07
   case= 28   below 20 MeV        forward        neutron   0.000844416
   case= 29   below 20 MeV        forward         proton   9.49851e-07
   case= 30   below 20 MeV        forward            ion          0
   case= 31   below 20 MeV        forward     otherMeson          0
   case= 32   below 20 MeV        forward    otherBaryon          0
   case= 33   below 20 MeV       backward            all   0.000254156
   case= 34   below 20 MeV       backward       electron   7.73116e-07
   case= 35   below 20 MeV       backward          gamma   5.97474e-05
   case= 36   below 20 MeV       backward           muon          0
   case= 37   below 20 MeV       backward       neutrino   8.43932e-07
   case= 38   below 20 MeV       backward           pion          0
   case= 39   below 20 MeV       backward        neutron   0.000192792
   case= 40   below 20 MeV       backward         proton          0
   case= 41   below 20 MeV       backward            ion          0
   case= 42   below 20 MeV       backward     otherMeson          0
   case= 43   below 20 MeV       backward    otherBaryon          0
   case= 44   above 20 MeV        forward            all   0.00111322
   case= 45   above 20 MeV        forward       electron   0.000241629
   case= 46   above 20 MeV        forward          gamma   0.00055538
   case= 47   above 20 MeV        forward           muon   9.96398e-07
   case= 48   above 20 MeV        forward       neutrino   3.80484e-05
   case= 49   above 20 MeV        forward           pion   9.92172e-05
   case= 50   above 20 MeV        forward        neutron   0.000136198
   case= 51   above 20 MeV        forward         proton   3.37337e-05
   case= 52   above 20 MeV        forward            ion   5.90514e-07
   case= 53   above 20 MeV        forward     otherMeson   7.42842e-06
   case= 54   above 20 MeV        forward    otherBaryon          0
   case= 55   above 20 MeV       backward            all   2.20069e-05
   case= 56   above 20 MeV       backward       electron   1.68337e-07
   case= 57   above 20 MeV       backward          gamma   1.20406e-06
   case= 58   above 20 MeV       backward           muon          0
   case= 59   above 20 MeV       backward       neutrino   1.24468e-05
   case= 60   above 20 MeV       backward           pion   2.11065e-07
   case= 61   above 20 MeV       backward        neutron   7.9767e-06
   case= 62   above 20 MeV       backward         proton          0
   case= 63   above 20 MeV       backward            ion          0
   case= 64   above 20 MeV       backward     otherMeson          0
   case= 65   above 20 MeV       backward    otherBaryon          0
 ------------------------------------------------------------- 
 Extra information: particle production 	 	      <N>      <E_kin> <Sum_Ekin> [MeV]
   case=  0         sphere                           all    7691.76    19.4443     149561
   case=  1         sphere                      electron    5703.86    3.76057    21449.7
   case=  2         sphere                         gamma    1690.62     16.022    27087.1
   case=  3         sphere                          muon       0.91     34.318    31.2293
   case=  4         sphere                      neutrino       2.59    38.8437    100.605
   case=  5         sphere                          pion      19.64    4372.09    85867.9
   case=  6         sphere                       neutron      87.99    37.4381    3294.18
   case=  7         sphere                        proton       19.3     179.54    3465.13
   case=  8         sphere                           ion     164.79    1.36957    225.691
   case=  9         sphere                    otherMeson        1.8    4263.98    7675.16
   case= 10         sphere                   otherBaryon       0.26    1401.81     364.47
   case= 11         sphere   below 20 MeV            all    7455.63   0.640701    4776.83
   case= 12         sphere   below 20 MeV       electron    5618.54    0.41629    2338.94
   case= 13         sphere   below 20 MeV          gamma    1591.66    1.25135    1991.72
   case= 14         sphere   below 20 MeV           muon       0.78    4.17194    3.25411
   case= 15         sphere   below 20 MeV       neutrino       0.13    14.7585     1.9186
   case= 16         sphere   below 20 MeV           pion       0.31    12.0707     3.7419
   case= 17         sphere   below 20 MeV        neutron      71.83    3.53344    253.807
   case= 18         sphere   below 20 MeV         proton       9.65    8.30023    80.0973
   case= 19         sphere   below 20 MeV            ion     162.71   0.633791    103.124
   case= 20         sphere   below 20 MeV     otherMeson       0.02    11.4275    0.22855
   case= 21         sphere   below 20 MeV    otherBaryon          0          0          0
   case= 22         sphere   above 20 MeV            all     236.13    613.156     144784
   case= 23         sphere   above 20 MeV       electron      85.32     223.99    19110.8
   case= 24         sphere   above 20 MeV          gamma      98.96    253.592    25095.4
   case= 25         sphere   above 20 MeV           muon       0.13    215.194    27.9752
   case= 26         sphere   above 20 MeV       neutrino       2.46    40.1165    98.6865
   case= 27         sphere   above 20 MeV           pion      19.33    4442.02    85864.2
   case= 28         sphere   above 20 MeV        neutron      16.16    188.142    3040.37
   case= 29         sphere   above 20 MeV         proton       9.65    350.781    3385.03
   case= 30         sphere   above 20 MeV            ion       2.08    58.9262    122.567
   case= 31         sphere   above 20 MeV     otherMeson       1.78    4311.76    7674.93
   case= 32         sphere   above 20 MeV    otherBaryon       0.26    1401.81     364.47
 ============================================================= 



 ------  DetectorConstruction::PrintParameters() ------ 
 Material         = G4_Fe
 Radius           = 1000 mm
 ScoringThickness = 10 mm
 -------------------------------------------------------- 

Start re-initialization because 
  Geometry
has been modified since last Run.

DetectorConstruction::ConstructSphere() : 
	 World (box) size: 
	 	 x : -/+ 1100 mm 	 y : -/+ 1100 mm 	 z : -/+ 1100 mm 



========= Table of registered couples ============================

Index : 0     used in the geometry : Yes
 Material : G4_Galactic
 Range cuts        :  gamma  700 um     e-  700 um     e+  700 um  proton 700 um 
 Energy thresholds :  gamma  990 eV     e-  990 eV     e+  990 eV  proton 70 keV
 Region(s) which use this couple : 
    DefaultRegionForTheWorld

Index : 1     used in the geometry : No 
 Material : G4_POLYSTYRENE
 Range cuts        :  gamma  700 um     e-  700 um     e+  700 um  proton 700 um 
 Energy thresholds :  gamma  2.12507 keV    e-  285.029 keV    e+  278.025 keV proton 70 keV

Index : 2     used in the geometry : No 
 Material : G4_GRAPHITE
 Range cuts        :  gamma  700 um     e-  700 um     e+  700 um  proton 700 um 
 Energy thresholds :  gamma  2.8882 keV    e-  436.578 keV    e+  422.985 keV proton 70 keV

Index : 3     used in the geometry : No 
 Material : G4_Si
 Range cuts        :  gamma  700 um     e-  700 um     e+  700 um  proton 700 um 
 Energy thresholds :  gamma  5.85415 keV    e-  423.338 keV    e+  409.013 keV proton 70 keV

Index : 4     used in the geometry : No 
 Material : G4_lAr
 Range cuts        :  gamma  700 um     e-  700 um     e+  700 um  proton 700 um 
 Energy thresholds :  gamma  5.20503 keV    e-  273.977 keV    e+  266.18 keV proton 70 keV

Index : 5     used in the geometry : Yes
 Material : G4_Fe
 Range cuts        :  gamma  700 um     e-  700 um     e+  700 um  proton 700 um 
 Energy thresholds :  gamma  17.2487 keV    e-  954.642 keV    e+  906.513 keV proton 70 keV
 Region(s) which use this couple : 
    DefaultRegionForTheWorld

==================================================================

### Run 4 starts.
### Run 4 starts.
 Event#=0
 Event#=10
 Event#=20
 Event#=30
 Event#=40
 Event#=50
 Event#=60
 Event#=70
 Event#=80
 Event#=90
 Run terminated.
Run Summary
  Number of events processed : 100
  User=19.810000s Real=19.907085s Sys=0.020000s


 ===============  Run::PrintInfo()  =============== 	 RunID = 4
 Primary particle PDG code = -211
 Primary particle kinetic energy = 50 GeV
 Primary particle direction = (0,0,1)
 Target material = G4_Fe
 Cubic-volume scoring shell = 1.26925e+08 mm^3
 Number of events = 100
 Conversion factor: fluence from mm^-2 to cm^-2 = 100
 Particle fluence in unit of cm^-2 :
   case=  0                       forward            all   0.0033841
   case=  1                       forward       electron   6.32859e-05
   case=  2                       forward          gamma   0.00129576
   case=  3                       forward           muon   1.64962e-07
   case=  4                       forward       neutrino   0.000202808
   case=  5                       forward           pion   2.26964e-05
   case=  6                       forward        neutron   0.00178501
   case=  7                       forward         proton   1.11017e-05
   case=  8                       forward            ion   8.09277e-07
   case=  9                       forward     otherMeson   2.28214e-06
   case= 10                       forward    otherBaryon   1.89597e-07
   case= 11                      backward            all   0.000157388
   case= 12                      backward       electron          0
   case= 13                      backward          gamma   4.35992e-06
   case= 14                      backward           muon          0
   case= 15                      backward       neutrino   8.92043e-05
   case= 16                      backward           pion          0
   case= 17                      backward        neutron   6.38234e-05
   case= 18                      backward         proton          0
   case= 19                      backward            ion          0
   case= 20                      backward     otherMeson          0
   case= 21                      backward    otherBaryon          0
   case= 22   below 20 MeV        forward            all   0.00298932
   case= 23   below 20 MeV        forward       electron   4.25936e-05
   case= 24   below 20 MeV        forward          gamma   0.00124725
   case= 25   below 20 MeV        forward           muon          0
   case= 26   below 20 MeV        forward       neutrino   1.61969e-05
   case= 27   below 20 MeV        forward           pion   3.61453e-07
   case= 28   below 20 MeV        forward        neutron   0.00168275
   case= 29   below 20 MeV        forward         proton   1.69494e-07
   case= 30   below 20 MeV        forward            ion          0
   case= 31   below 20 MeV        forward     otherMeson          0
   case= 32   below 20 MeV        forward    otherBaryon          0
   case= 33   below 20 MeV       backward            all   7.44851e-05
   case= 34   below 20 MeV       backward       electron          0
   case= 35   below 20 MeV       backward          gamma   4.35992e-06
   case= 36   below 20 MeV       backward           muon          0
   case= 37   below 20 MeV       backward       neutrino   6.46437e-06
   case= 38   below 20 MeV       backward           pion          0
   case= 39   below 20 MeV       backward        neutron   6.36608e-05
   case= 40   below 20 MeV       backward         proton          0
   case= 41   below 20 MeV       backward            ion          0
   case= 42   below 20 MeV       backward     otherMeson          0
   case= 43   below 20 MeV       backward    otherBaryon          0
   case= 44   above 20 MeV        forward            all   0.000394784
   case= 45   above 20 MeV        forward       electron   2.06922e-05
   case= 46   above 20 MeV        forward          gamma   4.85024e-05
   case= 47   above 20 MeV        forward           muon   1.64962e-07
   case= 48   above 20 MeV        forward       neutrino   0.000186611
   case= 49   above 20 MeV        forward           pion   2.2335e-05
   case= 50   above 20 MeV        forward        neutron   0.000102265
   case= 51   above 20 MeV        forward         proton   1.09322e-05
   case= 52   above 20 MeV        forward            ion   8.09277e-07
   case= 53   above 20 MeV        forward     otherMeson   2.28214e-06
   case= 54   above 20 MeV        forward    otherBaryon   1.89597e-07
   case= 55   above 20 MeV       backward            all   8.29025e-05
   case= 56   above 20 MeV       backward       electron          0
   case= 57   above 20 MeV       backward          gamma          0
   case= 58   above 20 MeV       backward           muon          0
   case= 59   above 20 MeV       backward       neutrino   8.274e-05
   case= 60   above 20 MeV       backward           pion          0
   case= 61   above 20 MeV       backward        neutron   1.6258e-07
   case= 62   above 20 MeV       backward         proton          0
   case= 63   above 20 MeV       backward            ion          0
   case= 64   above 20 MeV       backward     otherMeson          0
   case= 65   above 20 MeV       backward    otherBaryon          0
 ------------------------------------------------------------- 
 Extra information: particle production 	 	      <N>      <E_kin> <Sum_Ekin> [MeV]
   case=  0         sphere                           all    57242.9     5.3205     304561
   case=  1         sphere                      electron    42952.7    1.76493    75808.5
   case=  2         sphere                         gamma    12139.8    6.13306    74453.8
   case=  3         sphere                          muon       5.45    13.6605    74.4495
   case=  4         sphere                      neutrino      16.31     36.808    600.339
   case=  5         sphere                          pion      53.57    2159.97     115710
   case=  6         sphere                       neutron     799.26    17.8963    14303.8
   case=  7         sphere                        proton     170.48    65.3548    11141.7
   case=  8         sphere                           ion    1100.72    1.00128    1102.13
   case=  9         sphere                    otherMeson       3.83    2855.27    10935.7
   case= 10         sphere                   otherBaryon       0.83    519.258    430.984
   case= 11         sphere   below 20 MeV            all    56198.9   0.653031    36699.6
   case= 12         sphere   below 20 MeV       electron    42533.6   0.449604    19123.3
   case= 13         sphere   below 20 MeV          gamma    11761.4    1.22122    14363.2
   case= 14         sphere   below 20 MeV           muon       5.13    4.12108    21.1411
   case= 15         sphere   below 20 MeV       neutrino       1.25    14.6549    18.3186
   case= 16         sphere   below 20 MeV           pion       0.95    11.7084     11.123
   case= 17         sphere   below 20 MeV        neutron      695.9    2.52125    1754.54
   case= 18         sphere   below 20 MeV         proton     111.09    7.93532    881.535
   case= 19         sphere   below 20 MeV            ion    1089.37   0.481714    524.765
   case= 20         sphere   below 20 MeV     otherMeson       0.16    5.50634   0.881015
   case= 21         sphere   below 20 MeV    otherBaryon       0.05    16.2441   0.812207
   case= 22         sphere   above 20 MeV            all    1044.01     256.57     267861
   case= 23         sphere   above 20 MeV       electron      419.1    135.255    56685.2
   case= 24         sphere   above 20 MeV          gamma     378.36    158.819    60090.6
   case= 25         sphere   above 20 MeV           muon       0.32    166.589    53.3083
   case= 26         sphere   above 20 MeV       neutrino      15.06    38.6468     582.02
   case= 27         sphere   above 20 MeV           pion      52.62    2198.76     115699
   case= 28         sphere   above 20 MeV        neutron     103.36    121.413    12549.2
   case= 29         sphere   above 20 MeV         proton      59.39    172.759    10260.2
   case= 30         sphere   above 20 MeV            ion      11.35    50.8694    577.368
   case= 31         sphere   above 20 MeV     otherMeson       3.67    2979.51    10934.8
   case= 32         sphere   above 20 MeV    otherBaryon       0.78    551.502    430.172
 ============================================================= 



 ------  DetectorConstruction::PrintParameters() ------ 
 Material         = G4_Cu
 Radius           = 1000 mm
 ScoringThickness = 10 mm
 -------------------------------------------------------- 

Start re-initialization because 
  Geometry
has been modified since last Run.

DetectorConstruction::ConstructSphere() : 
	 World (box) size: 
	 	 x : -/+ 1100 mm 	 y : -/+ 1100 mm 	 z : -/+ 1100 mm 



========= Table of registered couples ============================

Index : 0     used in the geometry : Yes
 Material : G4_Galactic
 Range cuts        :  gamma  700 um     e-  700 um     e+  700 um  proton 700 um 
 Energy thresholds :  gamma  990 eV     e-  990 eV     e+  990 eV  proton 70 keV
 Region(s) which use this couple : 
    DefaultRegionForTheWorld

Index : 1     used in the geometry : No 
 Material : G4_POLYSTYRENE
 Range cuts        :  gamma  700 um     e-  700 um     e+  700 um  proton 700 um 
 Energy thresholds :  gamma  2.12507 keV    e-  285.029 keV    e+  278.025 keV proton 70 keV

Index : 2     used in the geometry : No 
 Material : G4_GRAPHITE
 Range cuts        :  gamma  700 um     e-  700 um     e+  700 um  proton 700 um 
 Energy thresholds :  gamma  2.8882 keV    e-  436.578 keV    e+  422.985 keV proton 70 keV

Index : 3     used in the geometry : No 
 Material : G4_Si
 Range cuts        :  gamma  700 um     e-  700 um     e+  700 um  proton 700 um 
 Energy thresholds :  gamma  5.85415 keV    e-  423.338 keV    e+  409.013 keV proton 70 keV

Index : 4     used in the geometry : No 
 Material : G4_lAr
 Range cuts        :  gamma  700 um     e-  700 um     e+  700 um  proton 700 um 
 Energy thresholds :  gamma  5.20503 keV    e-  273.977 keV    e+  266.18 keV proton 70 keV

Index : 5     used in the geometry : No 
 Material : G4_Fe
 Range cuts        :  gamma  700 um     e-  700 um     e+  700 um  proton 700 um 
 Energy thresholds :  gamma  17.2487 keV    e-  954.642 keV    e+  906.513 keV proton 70 keV

Index : 6     used in the geometry : Yes
 Material : G4_Cu
 Range cuts        :  gamma  700 um     e-  700 um     e+  700 um  proton 700 um 
 Energy thresholds :  gamma  20.5458 keV    e-  1.03403 MeV    e+  979.823 keV proton 70 keV
 Region(s) which use this couple : 
    DefaultRegionForTheWorld

==================================================================

### Run 5 starts.
### Run 5 starts.
 Event#=0
 Event#=10
 Event#=20
 Event#=30
 Event#=40
 Event#=50
 Event#=60
 Event#=70
 Event#=80
 Event#=90
 Run terminated.
Run Summary
  Number of events processed : 100
  User=20.000000s Real=20.295221s Sys=0.030000s


 ===============  Run::PrintInfo()  =============== 	 RunID = 5
 Primary particle PDG code = -211
 Primary particle kinetic energy = 50 GeV
 Primary particle direction = (0,0,1)
 Target material = G4_Cu
 Cubic-volume scoring shell = 1.26925e+08 mm^3
 Number of events = 100
 Conversion factor: fluence from mm^-2 to cm^-2 = 100
 Particle fluence in unit of cm^-2 :
   case=  0                       forward            all   0.00156252
   case=  1                       forward       electron   2.40586e-05
   case=  2                       forward          gamma   0.000583466
   case=  3                       forward           muon   3.15524e-07
   case=  4                       forward       neutrino   0.000217598
   case=  5                       forward           pion   1.29627e-05
   case=  6                       forward        neutron   0.000715662
   case=  7                       forward         proton   7.05817e-06
   case=  8                       forward            ion          0
   case=  9                       forward     otherMeson   1.05728e-06
   case= 10                       forward    otherBaryon   3.45332e-07
   case= 11                      backward            all   9.73168e-05
   case= 12                      backward       electron          0
   case= 13                      backward          gamma   1.82597e-07
   case= 14                      backward           muon          0
   case= 15                      backward       neutrino   9.50066e-05
   case= 16                      backward           pion          0
   case= 17                      backward        neutron   2.12765e-06
   case= 18                      backward         proton          0
   case= 19                      backward            ion          0
   case= 20                      backward     otherMeson          0
   case= 21                      backward    otherBaryon          0
   case= 22   below 20 MeV        forward            all   0.00123782
   case= 23   below 20 MeV        forward       electron   1.88489e-05
   case= 24   below 20 MeV        forward          gamma   0.000564218
   case= 25   below 20 MeV        forward           muon          0
   case= 26   below 20 MeV        forward       neutrino   1.72764e-05
   case= 27   below 20 MeV        forward           pion   1.73068e-07
   case= 28   below 20 MeV        forward        neutron   0.000636792
   case= 29   below 20 MeV        forward         proton   5.13879e-07
   case= 30   below 20 MeV        forward            ion          0
   case= 31   below 20 MeV        forward     otherMeson          0
   case= 32   below 20 MeV        forward    otherBaryon          0
   case= 33   below 20 MeV       backward            all   9.85236e-06
   case= 34   below 20 MeV       backward       electron          0
   case= 35   below 20 MeV       backward          gamma   1.82597e-07
   case= 36   below 20 MeV       backward           muon          0
   case= 37   below 20 MeV       backward       neutrino   7.91026e-06
   case= 38   below 20 MeV       backward           pion          0
   case= 39   below 20 MeV       backward        neutron   1.75951e-06
   case= 40   below 20 MeV       backward         proton          0
   case= 41   below 20 MeV       backward            ion          0
   case= 42   below 20 MeV       backward     otherMeson          0
   case= 43   below 20 MeV       backward    otherBaryon          0
   case= 44   above 20 MeV        forward            all   0.000324702
   case= 45   above 20 MeV        forward       electron   5.20969e-06
   case= 46   above 20 MeV        forward          gamma   1.92478e-05
   case= 47   above 20 MeV        forward           muon   3.15524e-07
   case= 48   above 20 MeV        forward       neutrino   0.000200322
   case= 49   above 20 MeV        forward           pion   1.27897e-05
   case= 50   above 20 MeV        forward        neutron   7.88705e-05
   case= 51   above 20 MeV        forward         proton   6.54429e-06
   case= 52   above 20 MeV        forward            ion          0
   case= 53   above 20 MeV        forward     otherMeson   1.05728e-06
   case= 54   above 20 MeV        forward    otherBaryon   3.45332e-07
   case= 55   above 20 MeV       backward            all   8.74645e-05
   case= 56   above 20 MeV       backward       electron          0
   case= 57   above 20 MeV       backward          gamma          0
   case= 58   above 20 MeV       backward           muon          0
   case= 59   above 20 MeV       backward       neutrino   8.70963e-05
   case= 60   above 20 MeV       backward           pion          0
   case= 61   above 20 MeV       backward        neutron   3.68143e-07
   case= 62   above 20 MeV       backward         proton          0
   case= 63   above 20 MeV       backward            ion          0
   case= 64   above 20 MeV       backward     otherMeson          0
   case= 65   above 20 MeV       backward    otherBaryon          0
 ------------------------------------------------------------- 
 Extra information: particle production 	 	      <N>      <E_kin> <Sum_Ekin> [MeV]
   case=  0         sphere                           all    62986.4    4.99829     314824
   case=  1         sphere                      electron    46686.5    1.68595      78711
   case=  2         sphere                         gamma    13983.1    5.54107    77481.6
   case=  3         sphere                          muon       5.91    17.3164     102.34
   case=  4         sphere                      neutrino      17.69    36.0353    637.464
   case=  5         sphere                          pion      55.13     2068.4     114031
   case=  6         sphere                       neutron     870.72     18.416    16035.2
   case=  7         sphere                        proton     203.32    57.3967    11669.9
   case=  8         sphere                           ion    1158.69    0.97749    1132.61
   case=  9         sphere                    otherMeson       4.36    3284.06    14318.5
   case= 10         sphere                   otherBaryon       0.95     742.16    705.052
   case= 11         sphere   below 20 MeV            all    61891.7   0.670396    41491.9
   case= 12         sphere   below 20 MeV       electron    46251.6   0.459745    21263.9
   case= 13         sphere   below 20 MeV          gamma    13593.1    1.21751    16549.7
   case= 14         sphere   below 20 MeV           muon       5.62    4.16372    23.4001
   case= 15         sphere   below 20 MeV       neutrino       1.46    15.4623    22.5749
   case= 16         sphere   below 20 MeV           pion       1.14      11.96    13.6344
   case= 17         sphere   below 20 MeV        neutron     756.86    2.65058    2006.11
   case= 18         sphere   below 20 MeV         proton     134.63    8.04886    1083.62
   case= 19         sphere   below 20 MeV            ion    1147.06   0.459351    526.903
   case= 20         sphere   below 20 MeV     otherMeson       0.11    7.81066   0.859173
   case= 21         sphere   below 20 MeV    otherBaryon        0.1    11.6779    1.16779
   case= 22         sphere   above 20 MeV            all    1094.78    249.669     273332
   case= 23         sphere   above 20 MeV       electron     434.89    132.096      57447
   case= 24         sphere   above 20 MeV          gamma      390.1    156.195    60931.8
   case= 25         sphere   above 20 MeV           muon       0.29    272.206    78.9399
   case= 26         sphere   above 20 MeV       neutrino      16.23    37.8859    614.889
   case= 27         sphere   above 20 MeV           pion      53.99    2111.82     114017
   case= 28         sphere   above 20 MeV        neutron     113.86    123.213      14029
   case= 29         sphere   above 20 MeV         proton      68.69    154.117    10586.3
   case= 30         sphere   above 20 MeV            ion      11.63    52.0813    605.705
   case= 31         sphere   above 20 MeV     otherMeson       4.25    3368.86    14317.6
   case= 32         sphere   above 20 MeV    otherBaryon       0.85    828.099    703.884
 ============================================================= 



 ------  DetectorConstruction::PrintParameters() ------ 
 Material         = G4_W
 Radius           = 1000 mm
 ScoringThickness = 10 mm
 -------------------------------------------------------- 

Start re-initialization because 
  Geometry
has been modified since last Run.

DetectorConstruction::ConstructSphere() : 
	 World (box) size: 
	 	 x : -/+ 1100 mm 	 y : -/+ 1100 mm 	 z : -/+ 1100 mm 



========= Table of registered couples ============================

Index : 0     used in the geometry : Yes
 Material : G4_Galactic
 Range cuts        :  gamma  700 um     e-  700 um     e+  700 um  proton 700 um 
 Energy thresholds :  gamma  990 eV     e-  990 eV     e+  990 eV  proton 70 keV
 Region(s) which use this couple : 
    DefaultRegionForTheWorld

Index : 1     used in the geometry : No 
 Material : G4_POLYSTYRENE
 Range cuts        :  gamma  700 um     e-  700 um     e+  700 um  proton 700 um 
 Energy thresholds :  gamma  2.12507 keV    e-  285.029 keV    e+  278.025 keV proton 70 keV

Index : 2     used in the geometry : No 
 Material : G4_GRAPHITE
 Range cuts        :  gamma  700 um     e-  700 um     e+  700 um  proton 700 um 
 Energy thresholds :  gamma  2.8882 keV    e-  436.578 keV    e+  422.985 keV proton 70 keV

Index : 3     used in the geometry : No 
 Material : G4_Si
 Range cuts        :  gamma  700 um     e-  700 um     e+  700 um  proton 700 um 
 Energy thresholds :  gamma  5.85415 keV    e-  423.338 keV    e+  409.013 keV proton 70 keV

Index : 4     used in the geometry : No 
 Material : G4_lAr
 Range cuts        :  gamma  700 um     e-  700 um     e+  700 um  proton 700 um 
 Energy thresholds :  gamma  5.20503 keV    e-  273.977 keV    e+  266.18 keV proton 70 keV

Index : 5     used in the geometry : No 
 Material : G4_Fe
 Range cuts        :  gamma  700 um     e-  700 um     e+  700 um  proton 700 um 
 Energy thresholds :  gamma  17.2487 keV    e-  954.642 keV    e+  906.513 keV proton 70 keV

Index : 6     used in the geometry : No 
 Material : G4_Cu
 Range cuts        :  gamma  700 um     e-  700 um     e+  700 um  proton 700 um 
 Energy thresholds :  gamma  20.5458 keV    e-  1.03403 MeV    e+  979.823 keV proton 70 keV

Index : 7     used in the geometry : Yes
 Material : G4_W
 Range cuts        :  gamma  700 um     e-  700 um     e+  700 um  proton 700 um 
 Energy thresholds :  gamma  97.7189 keV    e-  1.64904 MeV    e+  1.53897 MeV proton 70 keV
 Region(s) which use this couple : 
    DefaultRegionForTheWorld

==================================================================

### Run 6 starts.
### Run 6 starts.
 Event#=0
 Event#=10
 Event#=20
 Event#=30
 Event#=40
 Event#=50
 Event#=60
 Event#=70
 Event#=80
 Event#=90
 Run terminated.
Run Summary
  Number of events processed : 100
  User=56.460000s Real=58.203416s Sys=0.060000s


 ===============  Run::PrintInfo()  =============== 	 RunID = 6
 Primary particle PDG code = -211
 Primary particle kinetic energy = 50 GeV
 Primary particle direction = (0,0,1)
 Target material = G4_W
 Cubic-volume scoring shell = 1.26925e+08 mm^3
 Number of events = 100
 Conversion factor: fluence from mm^-2 to cm^-2 = 100
 Particle fluence in unit of cm^-2 :
   case=  0                       forward            all   0.000281904
   case=  1                       forward       electron   4.2093e-07
   case=  2                       forward          gamma   1.09e-05
   case=  3                       forward           muon          0
   case=  4                       forward       neutrino   0.000156865
   case=  5                       forward           pion   6.3973e-07
   case=  6                       forward        neutron   0.000112914
   case=  7                       forward         proton   1.6452e-07
   case=  8                       forward            ion          0
   case=  9                       forward     otherMeson          0
   case= 10                       forward    otherBaryon          0
   case= 11                      backward            all   0.000101319
   case= 12                      backward       electron          0
   case= 13                      backward          gamma          0
   case= 14                      backward           muon          0
   case= 15                      backward       neutrino   0.000101319
   case= 16                      backward           pion          0
   case= 17                      backward        neutron          0
   case= 18                      backward         proton          0
   case= 19                      backward            ion          0
   case= 20                      backward     otherMeson          0
   case= 21                      backward    otherBaryon          0
   case= 22   below 20 MeV        forward            all   0.00013021
   case= 23   below 20 MeV        forward       electron   4.2093e-07
   case= 24   below 20 MeV        forward          gamma   1.09e-05
   case= 25   below 20 MeV        forward           muon          0
   case= 26   below 20 MeV        forward       neutrino   1.19978e-05
   case= 27   below 20 MeV        forward           pion          0
   case= 28   below 20 MeV        forward        neutron   0.000106891
   case= 29   below 20 MeV        forward         proton          0
   case= 30   below 20 MeV        forward            ion          0
   case= 31   below 20 MeV        forward     otherMeson          0
   case= 32   below 20 MeV        forward    otherBaryon          0
   case= 33   below 20 MeV       backward            all   8.20346e-06
   case= 34   below 20 MeV       backward       electron          0
   case= 35   below 20 MeV       backward          gamma          0
   case= 36   below 20 MeV       backward           muon          0
   case= 37   below 20 MeV       backward       neutrino   8.20346e-06
   case= 38   below 20 MeV       backward           pion          0
   case= 39   below 20 MeV       backward        neutron          0
   case= 40   below 20 MeV       backward         proton          0
   case= 41   below 20 MeV       backward            ion          0
   case= 42   below 20 MeV       backward     otherMeson          0
   case= 43   below 20 MeV       backward    otherBaryon          0
   case= 44   above 20 MeV        forward            all   0.000151694
   case= 45   above 20 MeV        forward       electron          0
   case= 46   above 20 MeV        forward          gamma          0
   case= 47   above 20 MeV        forward           muon          0
   case= 48   above 20 MeV        forward       neutrino   0.000144867
   case= 49   above 20 MeV        forward           pion   6.3973e-07
   case= 50   above 20 MeV        forward        neutron   6.02333e-06
   case= 51   above 20 MeV        forward         proton   1.6452e-07
   case= 52   above 20 MeV        forward            ion          0
   case= 53   above 20 MeV        forward     otherMeson          0
   case= 54   above 20 MeV        forward    otherBaryon          0
   case= 55   above 20 MeV       backward            all   9.31153e-05
   case= 56   above 20 MeV       backward       electron          0
   case= 57   above 20 MeV       backward          gamma          0
   case= 58   above 20 MeV       backward           muon          0
   case= 59   above 20 MeV       backward       neutrino   9.31153e-05
   case= 60   above 20 MeV       backward           pion          0
   case= 61   above 20 MeV       backward        neutron          0
   case= 62   above 20 MeV       backward         proton          0
   case= 63   above 20 MeV       backward            ion          0
   case= 64   above 20 MeV       backward     otherMeson          0
   case= 65   above 20 MeV       backward    otherBaryon          0
 ------------------------------------------------------------- 
 Extra information: particle production 	 	      <N>      <E_kin> <Sum_Ekin> [MeV]
   case=  0         sphere                           all    77370.6    3.99698     309249
   case=  1         sphere                      electron    45353.7    1.76322    79968.7
   case=  2         sphere                         gamma    24630.3    3.31657      81688
   case=  3         sphere                          muon       5.25    14.8379    77.8991
   case=  4         sphere                      neutrino      15.75    36.4533     574.14
   case=  5         sphere                          pion      52.28    1992.46     104166
   case=  6         sphere                       neutron    3529.28    5.54892    19583.7
   case=  7         sphere                        proton     122.71    94.2401    11564.2
   case=  8         sphere                           ion    3656.04   0.458296    1675.55
   case=  9         sphere                    otherMeson       4.19    2205.27    9240.08
   case= 10         sphere                   otherBaryon       1.15    618.436    711.201
   case= 11         sphere   below 20 MeV            all    76246.6   0.822598    62720.3
   case= 12         sphere   below 20 MeV       electron    44939.1     0.6578    29560.9
   case= 13         sphere   below 20 MeV          gamma    24242.6    1.14219    27689.6
   case= 14         sphere   below 20 MeV           muon       4.92    4.11556    20.2485
   case= 15         sphere   below 20 MeV       neutrino       1.23       14.8     18.204
   case= 16         sphere   below 20 MeV           pion       1.26    12.4632    15.7036
   case= 17         sphere   below 20 MeV        neutron    3378.24     1.2911    4361.64
   case= 18         sphere   below 20 MeV         proton       46.2    12.3785    571.888
   case= 19         sphere   below 20 MeV            ion    3632.68   0.131889    479.111
   case= 20         sphere   below 20 MeV     otherMeson        0.3    5.64697    1.69409
   case= 21         sphere   below 20 MeV    otherBaryon        0.1    12.9494    1.29494
   case= 22         sphere   above 20 MeV            all       1124    219.332     246529
   case= 23         sphere   above 20 MeV       electron      414.6    121.582    50407.8
   case= 24         sphere   above 20 MeV          gamma     387.68    139.286    53998.3
   case= 25         sphere   above 20 MeV           muon       0.33    174.699    57.6505
   case= 26         sphere   above 20 MeV       neutrino      14.52    38.2876    555.936
   case= 27         sphere   above 20 MeV           pion      51.02    2041.36     104150
   case= 28         sphere   above 20 MeV        neutron     151.04    100.782      15222
   case= 29         sphere   above 20 MeV         proton      76.51    143.672    10992.3
   case= 30         sphere   above 20 MeV            ion      23.36    51.2175    1196.44
   case= 31         sphere   above 20 MeV     otherMeson       3.89    2374.91    9238.39
   case= 32         sphere   above 20 MeV    otherBaryon       1.05    676.101    709.906
 ============================================================= 



 ------  DetectorConstruction::PrintParameters() ------ 
 Material         = G4_Pb
 Radius           = 1000 mm
 ScoringThickness = 10 mm
 -------------------------------------------------------- 

Start re-initialization because 
  Geometry
has been modified since last Run.

DetectorConstruction::ConstructSphere() : 
	 World (box) size: 
	 	 x : -/+ 1100 mm 	 y : -/+ 1100 mm 	 z : -/+ 1100 mm 



========= Table of registered couples ============================

Index : 0     used in the geometry : Yes
 Material : G4_Galactic
 Range cuts        :  gamma  700 um     e-  700 um     e+  700 um  proton 700 um 
 Energy thresholds :  gamma  990 eV     e-  990 eV     e+  990 eV  proton 70 keV
 Region(s) which use this couple : 
    DefaultRegionForTheWorld

Index : 1     used in the geometry : No 
 Material : G4_POLYSTYRENE
 Range cuts        :  gamma  700 um     e-  700 um     e+  700 um  proton 700 um 
 Energy thresholds :  gamma  2.12507 keV    e-  285.029 keV    e+  278.025 keV proton 70 keV

Index : 2     used in the geometry : No 
 Material : G4_GRAPHITE
 Range cuts        :  gamma  700 um     e-  700 um     e+  700 um  proton 700 um 
 Energy thresholds :  gamma  2.8882 keV    e-  436.578 keV    e+  422.985 keV proton 70 keV

Index : 3     used in the geometry : No 
 Material : G4_Si
 Range cuts        :  gamma  700 um     e-  700 um     e+  700 um  proton 700 um 
 Energy thresholds :  gamma  5.85415 keV    e-  423.338 keV    e+  409.013 keV proton 70 keV

Index : 4     used in the geometry : No 
 Material : G4_lAr
 Range cuts        :  gamma  700 um     e-  700 um     e+  700 um  proton 700 um 
 Energy thresholds :  gamma  5.20503 keV    e-  273.977 keV    e+  266.18 keV proton 70 keV

Index : 5     used in the geometry : No 
 Material : G4_Fe
 Range cuts        :  gamma  700 um     e-  700 um     e+  700 um  proton 700 um 
 Energy thresholds :  gamma  17.2487 keV    e-  954.642 keV    e+  906.513 keV proton 70 keV

Index : 6     used in the geometry : No 
 Material : G4_Cu
 Range cuts        :  gamma  700 um     e-  700 um     e+  700 um  proton 700 um 
 Energy thresholds :  gamma  20.5458 keV    e-  1.03403 MeV    e+  979.823 keV proton 70 keV

Index : 7     used in the geometry : No 
 Material : G4_W
 Range cuts        :  gamma  700 um     e-  700 um     e+  700 um  proton 700 um 
 Energy thresholds :  gamma  97.7189 keV    e-  1.64904 MeV    e+  1.53897 MeV proton 70 keV

Index : 8     used in the geometry : Yes
 Material : G4_Pb
 Range cuts        :  gamma  700 um     e-  700 um     e+  700 um  proton 700 um 
 Energy thresholds :  gamma  94.6952 keV    e-  1.00699 MeV    e+  946.936 keV proton 70 keV
 Region(s) which use this couple : 
    DefaultRegionForTheWorld

==================================================================

### Run 7 starts.
### Run 7 starts.
 Event#=0
 Event#=10
 Event#=20
 Event#=30
 Event#=40
 Event#=50
 Event#=60
 Event#=70
 Event#=80
 Event#=90
 Run terminated.
Run Summary
  Number of events processed : 100
  User=54.950000s Real=55.779650s Sys=0.050000s


 ===============  Run::PrintInfo()  =============== 	 RunID = 7
 Primary particle PDG code = -211
 Primary particle kinetic energy = 50 GeV
 Primary particle direction = (0,0,1)
 Target material = G4_Pb
 Cubic-volume scoring shell = 1.26925e+08 mm^3
 Number of events = 100
 Conversion factor: fluence from mm^-2 to cm^-2 = 100
 Particle fluence in unit of cm^-2 :
   case=  0                       forward            all   0.0147601
   case=  1                       forward       electron   7.44761e-06
   case=  2                       forward          gamma   0.000223299
   case=  3                       forward           muon   1.60132e-07
   case=  4                       forward       neutrino   0.000183534
   case=  5                       forward           pion   1.44248e-05
   case=  6                       forward        neutron   0.0143237
   case=  7                       forward         proton   6.35797e-06
   case=  8                       forward            ion   2.51689e-07
   case=  9                       forward     otherMeson   5.82869e-07
   case= 10                       forward    otherBaryon   3.6819e-07
   case= 11                      backward            all   0.00258875
   case= 12                      backward       electron          0
   case= 13                      backward          gamma   2.76892e-06
   case= 14                      backward           muon          0
   case= 15                      backward       neutrino   8.41753e-05
   case= 16                      backward           pion          0
   case= 17                      backward        neutron   0.0025018
   case= 18                      backward         proton          0
   case= 19                      backward            ion          0
   case= 20                      backward     otherMeson          0
   case= 21                      backward    otherBaryon          0
   case= 22   below 20 MeV        forward            all   0.0144567
   case= 23   below 20 MeV        forward       electron   7.26108e-06
   case= 24   below 20 MeV        forward          gamma   0.000218133
   case= 25   below 20 MeV        forward           muon          0
   case= 26   below 20 MeV        forward       neutrino   1.41187e-05
   case= 27   below 20 MeV        forward           pion          0
   case= 28   below 20 MeV        forward        neutron   0.0142165
   case= 29   below 20 MeV        forward         proton   6.79155e-07
   case= 30   below 20 MeV        forward            ion          0
   case= 31   below 20 MeV        forward     otherMeson          0
   case= 32   below 20 MeV        forward    otherBaryon          0
   case= 33   below 20 MeV       backward            all   0.00251154
   case= 34   below 20 MeV       backward       electron          0
   case= 35   below 20 MeV       backward          gamma   2.76892e-06
   case= 36   below 20 MeV       backward           muon          0
   case= 37   below 20 MeV       backward       neutrino   7.5267e-06
   case= 38   below 20 MeV       backward           pion          0
   case= 39   below 20 MeV       backward        neutron   0.00250125
   case= 40   below 20 MeV       backward         proton          0
   case= 41   below 20 MeV       backward            ion          0
   case= 42   below 20 MeV       backward     otherMeson          0
   case= 43   below 20 MeV       backward    otherBaryon          0
   case= 44   above 20 MeV        forward            all   0.000303453
   case= 45   above 20 MeV        forward       electron   1.86534e-07
   case= 46   above 20 MeV        forward          gamma   5.16524e-06
   case= 47   above 20 MeV        forward           muon   1.60132e-07
   case= 48   above 20 MeV        forward       neutrino   0.000169415
   case= 49   above 20 MeV        forward           pion   1.44248e-05
   case= 50   above 20 MeV        forward        neutron   0.000107219
   case= 51   above 20 MeV        forward         proton   5.67881e-06
   case= 52   above 20 MeV        forward            ion   2.51689e-07
   case= 53   above 20 MeV        forward     otherMeson   5.82869e-07
   case= 54   above 20 MeV        forward    otherBaryon   3.6819e-07
   case= 55   above 20 MeV       backward            all   7.72036e-05
   case= 56   above 20 MeV       backward       electron          0
   case= 57   above 20 MeV       backward          gamma          0
   case= 58   above 20 MeV       backward           muon          0
   case= 59   above 20 MeV       backward       neutrino   7.66486e-05
   case= 60   above 20 MeV       backward           pion          0
   case= 61   above 20 MeV       backward        neutron   5.54967e-07
   case= 62   above 20 MeV       backward         proton          0
   case= 63   above 20 MeV       backward            ion          0
   case= 64   above 20 MeV       backward     otherMeson          0
   case= 65   above 20 MeV       backward    otherBaryon          0
 ------------------------------------------------------------- 
 Extra information: particle production 	 	      <N>      <E_kin> <Sum_Ekin> [MeV]
   case=  0         sphere                           all    49689.4    5.87248     291800
   case=  1         sphere                      electron    29338.7    2.46888    72433.7
   case=  2         sphere                         gamma    16822.9    4.35544    73271.3
   case=  3         sphere                          muon        5.1    17.8857    91.2169
   case=  4         sphere                      neutrino      15.26    37.6243    574.148
   case=  5         sphere                          pion      48.59    2064.01     100290
   case=  6         sphere                       neutron    2071.56    8.61156    17839.4
   case=  7         sphere                        proton     104.65    99.5773    10420.8
   case=  8         sphere                           ion    1277.07    1.35553    1731.11
   case=  9         sphere                    otherMeson       4.29    2868.47    12305.7
   case= 10         sphere                   otherBaryon        1.2    2368.66    2842.39
   case= 11         sphere   below 20 MeV            all    48611.4   0.978499    47566.2
   case= 12         sphere   below 20 MeV       electron    28937.5   0.787439    22786.5
   case= 13         sphere   below 20 MeV          gamma    16444.5    1.21808    20030.6
   case= 14         sphere   below 20 MeV           muon       4.65    4.16317    19.3587
   case= 15         sphere   below 20 MeV       neutrino       1.26    14.8779    18.7461
   case= 16         sphere   below 20 MeV           pion          1    12.6408    12.6408
   case= 17         sphere   below 20 MeV        neutron    1936.37    1.99235    3857.92
   case= 18         sphere   below 20 MeV         proton      35.76     12.573    449.609
   case= 19         sphere   below 20 MeV            ion    1249.93   0.310271    387.817
   case= 20         sphere   below 20 MeV     otherMeson       0.35    6.83326    2.39164
   case= 21         sphere   below 20 MeV    otherBaryon       0.04    13.6982   0.547926
   case= 22         sphere   above 20 MeV            all    1078.01     226.56     244234
   case= 23         sphere   above 20 MeV       electron      401.2    123.747    49647.2
   case= 24         sphere   above 20 MeV          gamma     378.45    140.681    53240.6
   case= 25         sphere   above 20 MeV           muon       0.45    159.685    71.8581
   case= 26         sphere   above 20 MeV       neutrino         14    39.6715    555.401
   case= 27         sphere   above 20 MeV           pion      47.59    2107.11     100277
   case= 28         sphere   above 20 MeV        neutron     135.19    103.421    13981.4
   case= 29         sphere   above 20 MeV         proton      68.89     144.74    9971.16
   case= 30         sphere   above 20 MeV            ion      27.14    49.4948    1343.29
   case= 31         sphere   above 20 MeV     otherMeson       3.94    3122.68    12303.4
   case= 32         sphere   above 20 MeV    otherBaryon       1.16    2449.86    2841.84
 ============================================================= 



 ------  DetectorConstruction::PrintParameters() ------ 
 Material         = G4_PbWO4
 Radius           = 1000 mm
 ScoringThickness = 10 mm
 -------------------------------------------------------- 

Start re-initialization because 
  Geometry
has been modified since last Run.

DetectorConstruction::ConstructSphere() : 
	 World (box) size: 
	 	 x : -/+ 1100 mm 	 y : -/+ 1100 mm 	 z : -/+ 1100 mm 



========= Table of registered couples ============================

Index : 0     used in the geometry : Yes
 Material : G4_Galactic
 Range cuts        :  gamma  700 um     e-  700 um     e+  700 um  proton 700 um 
 Energy thresholds :  gamma  990 eV     e-  990 eV     e+  990 eV  proton 70 keV
 Region(s) which use this couple : 
    DefaultRegionForTheWorld

Index : 1     used in the geometry : No 
 Material : G4_POLYSTYRENE
 Range cuts        :  gamma  700 um     e-  700 um     e+  700 um  proton 700 um 
 Energy thresholds :  gamma  2.12507 keV    e-  285.029 keV    e+  278.025 keV proton 70 keV

Index : 2     used in the geometry : No 
 Material : G4_GRAPHITE
 Range cuts        :  gamma  700 um     e-  700 um     e+  700 um  proton 700 um 
 Energy thresholds :  gamma  2.8882 keV    e-  436.578 keV    e+  422.985 keV proton 70 keV

Index : 3     used in the geometry : No 
 Material : G4_Si
 Range cuts        :  gamma  700 um     e-  700 um     e+  700 um  proton 700 um 
 Energy thresholds :  gamma  5.85415 keV    e-  423.338 keV    e+  409.013 keV proton 70 keV

Index : 4     used in the geometry : No 
 Material : G4_lAr
 Range cuts        :  gamma  700 um     e-  700 um     e+  700 um  proton 700 um 
 Energy thresholds :  gamma  5.20503 keV    e-  273.977 keV    e+  266.18 keV proton 70 keV

Index : 5     used in the geometry : No 
 Material : G4_Fe
 Range cuts        :  gamma  700 um     e-  700 um     e+  700 um  proton 700 um 
 Energy thresholds :  gamma  17.2487 keV    e-  954.642 keV    e+  906.513 keV proton 70 keV

Index : 6     used in the geometry : No 
 Material : G4_Cu
 Range cuts        :  gamma  700 um     e-  700 um     e+  700 um  proton 700 um 
 Energy thresholds :  gamma  20.5458 keV    e-  1.03403 MeV    e+  979.823 keV proton 70 keV

Index : 7     used in the geometry : No 
 Material : G4_W
 Range cuts        :  gamma  700 um     e-  700 um     e+  700 um  proton 700 um 
 Energy thresholds :  gamma  97.7189 keV    e-  1.64904 MeV    e+  1.53897 MeV proton 70 keV

Index : 8     used in the geometry : No 
 Material : G4_Pb
 Range cuts        :  gamma  700 um     e-  700 um     e+  700 um  proton 700 um 
 Energy thresholds :  gamma  94.6952 keV    e-  1.00699 MeV    e+  946.936 keV proton 70 keV

Index : 9     used in the geometry : Yes
 Material : G4_PbWO4
 Range cuts        :  gamma  700 um     e-  700 um     e+  700 um  proton 700 um 
 Energy thresholds :  gamma  75.7749 keV    e-  842.468 keV    e+  797.806 keV proton 70 keV
 Region(s) which use this couple : 
    DefaultRegionForTheWorld

==================================================================

### Run 8 starts.
### Run 8 starts.
 Event#=0
 Event#=10
 Event#=20
 Event#=30
 Event#=40
 Event#=50
 Event#=60
 Event#=70
 Event#=80
 Event#=90
 Run terminated.
Run Summary
  Number of events processed : 100
  User=33.440000s Real=33.742989s Sys=0.020000s


 ===============  Run::PrintInfo()  =============== 	 RunID = 8
 Primary particle PDG code = -211
 Primary particle kinetic energy = 50 GeV
 Primary particle direction = (0,0,1)
 Target material = G4_PbWO4
 Cubic-volume scoring shell = 1.26925e+08 mm^3
 Number of events = 100
 Conversion factor: fluence from mm^-2 to cm^-2 = 100
 Particle fluence in unit of cm^-2 :
   case=  0                       forward            all   0.00333623
   case=  1                       forward       electron   6.66536e-05
   case=  2                       forward          gamma   0.000958783
   case=  3                       forward           muon   3.16295e-07
   case=  4                       forward       neutrino   0.000200524
   case=  5                       forward           pion   2.26955e-05
   case=  6                       forward        neutron   0.00207156
   case=  7                       forward         proton   1.29604e-05
   case=  8                       forward            ion          0
   case=  9                       forward     otherMeson   2.58478e-06
   case= 10                       forward    otherBaryon   1.57733e-07
   case= 11                      backward            all   0.000106462
   case= 12                      backward       electron          0
   case= 13                      backward          gamma   4.82575e-06
   case= 14                      backward           muon          0
   case= 15                      backward       neutrino   7.72356e-05
   case= 16                      backward           pion          0
   case= 17                      backward        neutron   2.44002e-05
   case= 18                      backward         proton          0
   case= 19                      backward            ion          0
   case= 20                      backward     otherMeson          0
   case= 21                      backward    otherBaryon          0
   case= 22   below 20 MeV        forward            all   0.00291223
   case= 23   below 20 MeV        forward       electron   5.27617e-05
   case= 24   below 20 MeV        forward          gamma   0.000920646
   case= 25   below 20 MeV        forward           muon          0
   case= 26   below 20 MeV        forward       neutrino   1.70684e-05
   case= 27   below 20 MeV        forward           pion          0
   case= 28   below 20 MeV        forward        neutron   0.00192153
   case= 29   below 20 MeV        forward         proton   2.33115e-07
   case= 30   below 20 MeV        forward            ion          0
   case= 31   below 20 MeV        forward     otherMeson          0
   case= 32   below 20 MeV        forward    otherBaryon          0
   case= 33   below 20 MeV       backward            all   3.43994e-05
   case= 34   below 20 MeV       backward       electron          0
   case= 35   below 20 MeV       backward          gamma   4.82575e-06
   case= 36   below 20 MeV       backward           muon          0
   case= 37   below 20 MeV       backward       neutrino   6.33451e-06
   case= 38   below 20 MeV       backward           pion          0
   case= 39   below 20 MeV       backward        neutron   2.32391e-05
   case= 40   below 20 MeV       backward         proton          0
   case= 41   below 20 MeV       backward            ion          0
   case= 42   below 20 MeV       backward     otherMeson          0
   case= 43   below 20 MeV       backward    otherBaryon          0
   case= 44   above 20 MeV        forward            all   0.000423998
   case= 45   above 20 MeV        forward       electron   1.3892e-05
   case= 46   above 20 MeV        forward          gamma   3.81373e-05
   case= 47   above 20 MeV        forward           muon   3.16295e-07
   case= 48   above 20 MeV        forward       neutrino   0.000183456
   case= 49   above 20 MeV        forward           pion   2.26955e-05
   case= 50   above 20 MeV        forward        neutron   0.000150031
   case= 51   above 20 MeV        forward         proton   1.27273e-05
   case= 52   above 20 MeV        forward            ion          0
   case= 53   above 20 MeV        forward     otherMeson   2.58478e-06
   case= 54   above 20 MeV        forward    otherBaryon   1.57733e-07
   case= 55   above 20 MeV       backward            all   7.20623e-05
   case= 56   above 20 MeV       backward       electron          0
   case= 57   above 20 MeV       backward          gamma          0
   case= 58   above 20 MeV       backward           muon          0
   case= 59   above 20 MeV       backward       neutrino   7.09011e-05
   case= 60   above 20 MeV       backward           pion          0
   case= 61   above 20 MeV       backward        neutron   1.16114e-06
   case= 62   above 20 MeV       backward         proton          0
   case= 63   above 20 MeV       backward            ion          0
   case= 64   above 20 MeV       backward     otherMeson          0
   case= 65   above 20 MeV       backward    otherBaryon          0
 ------------------------------------------------------------- 
 Extra information: particle production 	 	      <N>      <E_kin> <Sum_Ekin> [MeV]
   case=  0         sphere                           all    58323.6    5.13676     299594
   case=  1         sphere                      electron    34455.4    2.16202    74493.4
   case=  2         sphere                         gamma      18639    4.04213    75341.1
   case=  3         sphere                          muon       5.22    24.4028    127.382
   case=  4         sphere                      neutrino      15.52     38.677    600.267
   case=  5         sphere                          pion       51.2     2059.7     105456
   case=  6         sphere                       neutron    1725.32    9.68177    16704.1
   case=  7         sphere                        proton     119.06     88.247    10506.7
   case=  8         sphere                           ion    3306.98   0.623059    2060.44
   case=  9         sphere                    otherMeson       4.64    2781.26    12905.1
   case= 10         sphere                   otherBaryon       1.27    1101.84    1399.33
   case= 11         sphere   below 20 MeV            all    57255.8   0.889798    50946.1
   case= 12         sphere   below 20 MeV       electron    34051.2    0.72201    24585.3
   case= 13         sphere   below 20 MeV          gamma      18258    1.19402    21800.5
   case= 14         sphere   below 20 MeV           muon       4.71    4.11981    19.4043
   case= 15         sphere   below 20 MeV       neutrino       1.31    14.2775    18.7036
   case= 16         sphere   below 20 MeV           pion       1.19    12.1049    14.4048
   case= 17         sphere   below 20 MeV        neutron    1599.68    1.89654    3033.86
   case= 18         sphere   below 20 MeV         proton       53.7    9.53191    511.864
   case= 19         sphere   below 20 MeV            ion    3285.56   0.292039    959.513
   case= 20         sphere   below 20 MeV     otherMeson       0.34    6.25729    2.12748
   case= 21         sphere   below 20 MeV    otherBaryon       0.04    10.0982   0.403927
   case= 22         sphere   above 20 MeV            all    1067.82    232.856     248648
   case= 23         sphere   above 20 MeV       electron      404.2    123.474      49908
   case= 24         sphere   above 20 MeV          gamma     380.94    140.549    53540.7
   case= 25         sphere   above 20 MeV           muon       0.51    211.722    107.978
   case= 26         sphere   above 20 MeV       neutrino      14.21    40.9264    581.564
   case= 27         sphere   above 20 MeV           pion      50.01    2108.42     105442
   case= 28         sphere   above 20 MeV        neutron     125.64    108.805    13670.3
   case= 29         sphere   above 20 MeV         proton      65.36     152.92    9994.83
   case= 30         sphere   above 20 MeV            ion      21.42    51.3973    1100.93
   case= 31         sphere   above 20 MeV     otherMeson        4.3    3000.68    12902.9
   case= 32         sphere   above 20 MeV    otherBaryon       1.23    1137.34    1398.93
 ============================================================= 

================== Deleting memory pools ===================
Number of memory pools allocated: 11 of which, static: 0
Dynamic pools deleted: 11 / Total memory freed: 0.14 MB
============================================================
