Environment variable "G4FORCE_RUN_MANAGER_TYPE" enabled with value == Serial. Forcing G4RunManager type...

        ############################################
        !!! WARNING - FPE detection is activated !!!
        ############################################


          ################################
          !!! G4Backtrace is activated !!!
          ################################


**************************************************************
 Geant4 version Name: geant4-11-04-patch-03    (01-October-2026)
                       Copyright : Geant4 Collaboration
                      References : NIM A 506 (2003), 250-303
                                 : IEEE-TNS 53 (2006), 270-278
                                 : NIM A 835 (2016), 186-225
                             WWW : http://geant4.org/
**************************************************************

<<< Geant4 Physics List simulation engine: FTFP_BERT

Visualization Manager instantiating with verbosity "warnings (3)"...
Visualization Manager initialising...
Registering graphics systems...

You have successfully registered the following graphics systems.
Registered graphics systems are:
  ASCIITree (ATree)
  DAWNFILE (DAWNFILE)
  RayTracer (RT)
  VRML2FILE (VRML2FILE)
  gMocrenFile (gMocrenFile)
  TOOLSSG_OFFSCREEN (TSG_OFFSCREEN, TSG_FILE)
  OpenGLImmediateQt (OGLIQt, OGLI)
  OpenGLStoredQt (OGLSQt, OGLS)
  OpenGLImmediateXm (OGLIXm, OGLIQt_FALLBACK)
  OpenGLStoredXm (OGLSXm, OGLSQt_FALLBACK)
  OpenGLImmediateX (OGLIX, OGLIQt_FALLBACK, OGLIXm_FALLBACK)
  OpenGLStoredX (OGLSX, OGLSQt_FALLBACK, OGLSXm_FALLBACK)
  RayTracerX (RTX)
  RayTracerQt (RTQt)
  TOOLSSG_X11_GLES (TSG_X11_GLES, TSGX11, TSG_XT_GLES_FALLBACK)
  TOOLSSG_X11_ZB (TSG_X11_ZB, TSGX11ZB)
  TOOLSSG_XT_GLES (TSG_XT_GLES, TSGXt, TSG_QT_GLES_FALLBACK)
  TOOLSSG_XT_ZB (TSG_XT_ZB, TSGXtZB)
  TOOLSSG_QT_GLES (TSG_QT_GLES, TSGQt, TSG, OGL)
  TOOLSSG_QT_ZB (TSG_QT_ZB, TSGQtZB, TSGZB)
You may choose a graphics system (driver) with a parameter of
the command "/vis/open" or "/vis/sceneHandler/create",
or you may omit the driver parameter and choose at run time:
- by argument in the construction of G4VisExecutive
- by environment variable "G4VIS_DEFAULT_DRIVER"
- by entry in "~/.g4session"
- by build flags.
- Note: This feature is not allowed in batch mode.
For further information see "examples/basic/B1/exampleB1.cc"
and "vis.mac".

Registering model factories...

You have successfully registered the following model factories.
Registered model factories:
  generic
  drawByAttribute
  drawByCharge
  drawByOriginVolume
  drawByParticleID
  drawByEncounteredVolume

Registered models:
  None

Registered filter factories:
  attributeFilter
  chargeFilter
  originVolumeFilter
  particleFilter
  encounteredVolumeFilter

Registered filters:
  None

You have successfully registered the following user vis actions.
Run Duration User Vis Actions: none
End of Event User Vis Actions: none
End of Run User Vis Actions: none

Some /vis commands (optionally) take a string to specify colour.
"/vis/list" to see available colours.
--------------------------------------------------------
 Calorimeters are placed in parallel.
 Absorber is made of Lead
 Gap is made of liquidArgon
--------------------------------------------------------
G4SDManager::AddNewCollection : the collection <Calor-A_abs/eDep> is registered at 1
G4SDManager::AddNewCollection : the collection <Calor-A_abs/nGamma> is registered at 2
G4SDManager::AddNewCollection : the collection <Calor-A_abs/nElectron> is registered at 3
G4SDManager::AddNewCollection : the collection <Calor-A_abs/nPositron> is registered at 4
G4SDManager::AddNewCollection : the collection <Calor-A_abs/minEkinGamma> is registered at 5
G4SDManager::AddNewCollection : the collection <Calor-A_abs/minEkinElectron> is registered at 6
G4SDManager::AddNewCollection : the collection <Calor-A_abs/minEkinPositron> is registered at 7
G4SDManager::AddNewCollection : the collection <Calor-A_abs/trackLength> is registered at 8
G4SDManager::AddNewCollection : the collection <Calor-A_abs/nStep> is registered at 9
G4SDManager::AddNewCollection : the collection <Calor-A_gap/eDep> is registered at 10
G4SDManager::AddNewCollection : the collection <Calor-A_gap/nGamma> is registered at 11
G4SDManager::AddNewCollection : the collection <Calor-A_gap/nElectron> is registered at 12
G4SDManager::AddNewCollection : the collection <Calor-A_gap/nPositron> is registered at 13
G4SDManager::AddNewCollection : the collection <Calor-A_gap/minEkinGamma> is registered at 14
G4SDManager::AddNewCollection : the collection <Calor-A_gap/minEkinElectron> is registered at 15
G4SDManager::AddNewCollection : the collection <Calor-A_gap/minEkinPositron> is registered at 16
G4SDManager::AddNewCollection : the collection <Calor-A_gap/trackLength> is registered at 17
G4SDManager::AddNewCollection : the collection <Calor-A_gap/nStep> is registered at 18
G4SDManager::AddNewCollection : the collection <Calor-B_abs/eDep> is registered at 19
G4SDManager::AddNewCollection : the collection <Calor-B_abs/nGamma> is registered at 20
G4SDManager::AddNewCollection : the collection <Calor-B_abs/nElectron> is registered at 21
G4SDManager::AddNewCollection : the collection <Calor-B_abs/nPositron> is registered at 22
G4SDManager::AddNewCollection : the collection <Calor-B_abs/minEkinGamma> is registered at 23
G4SDManager::AddNewCollection : the collection <Calor-B_abs/minEkinElectron> is registered at 24
G4SDManager::AddNewCollection : the collection <Calor-B_abs/minEkinPositron> is registered at 25
G4SDManager::AddNewCollection : the collection <Calor-B_abs/trackLength> is registered at 26
G4SDManager::AddNewCollection : the collection <Calor-B_abs/nStep> is registered at 27
G4SDManager::AddNewCollection : the collection <Calor-B_gap/eDep> is registered at 28
G4SDManager::AddNewCollection : the collection <Calor-B_gap/nGamma> is registered at 29
G4SDManager::AddNewCollection : the collection <Calor-B_gap/nElectron> is registered at 30
G4SDManager::AddNewCollection : the collection <Calor-B_gap/nPositron> is registered at 31
G4SDManager::AddNewCollection : the collection <Calor-B_gap/minEkinGamma> is registered at 32
G4SDManager::AddNewCollection : the collection <Calor-B_gap/minEkinElectron> is registered at 33
G4SDManager::AddNewCollection : the collection <Calor-B_gap/minEkinPositron> is registered at 34
G4SDManager::AddNewCollection : the collection <Calor-B_gap/trackLength> is registered at 35
G4SDManager::AddNewCollection : the collection <Calor-B_gap/nStep> is registered at 36
G4SDManager::AddNewCollection : the collection <Calor-C_abs/eDep> is registered at 37
G4SDManager::AddNewCollection : the collection <Calor-C_abs/nGamma> is registered at 38
G4SDManager::AddNewCollection : the collection <Calor-C_abs/nElectron> is registered at 39
G4SDManager::AddNewCollection : the collection <Calor-C_abs/nPositron> is registered at 40
G4SDManager::AddNewCollection : the collection <Calor-C_abs/minEkinGamma> is registered at 41
G4SDManager::AddNewCollection : the collection <Calor-C_abs/minEkinElectron> is registered at 42
G4SDManager::AddNewCollection : the collection <Calor-C_abs/minEkinPositron> is registered at 43
G4SDManager::AddNewCollection : the collection <Calor-C_abs/trackLength> is registered at 44
G4SDManager::AddNewCollection : the collection <Calor-C_abs/nStep> is registered at 45
G4SDManager::AddNewCollection : the collection <Calor-C_gap/eDep> is registered at 46
G4SDManager::AddNewCollection : the collection <Calor-C_gap/nGamma> is registered at 47
G4SDManager::AddNewCollection : the collection <Calor-C_gap/nElectron> is registered at 48
G4SDManager::AddNewCollection : the collection <Calor-C_gap/nPositron> is registered at 49
G4SDManager::AddNewCollection : the collection <Calor-C_gap/minEkinGamma> is registered at 50
G4SDManager::AddNewCollection : the collection <Calor-C_gap/minEkinElectron> is registered at 51
G4SDManager::AddNewCollection : the collection <Calor-C_gap/minEkinPositron> is registered at 52
G4SDManager::AddNewCollection : the collection <Calor-C_gap/trackLength> is registered at 53
G4SDManager::AddNewCollection : the collection <Calor-C_gap/nStep> is registered at 54
G4SDManager::AddNewCollection : the collection <Calor-AP_para/eDep> is registered at 55
G4SDManager::AddNewCollection : the collection <Calor-AP_para/nGamma> is registered at 56
G4SDManager::AddNewCollection : the collection <Calor-AP_para/nElectron> is registered at 57
G4SDManager::AddNewCollection : the collection <Calor-AP_para/nPositron> is registered at 58
G4SDManager::AddNewCollection : the collection <Calor-AP_para/trackLength> is registered at 59
G4SDManager::AddNewCollection : the collection <Calor-AP_para/nStep> is registered at 60
New sensitive detector <Calor-AP_para> is registered at /
New sensitive detector <Calor-AP_para> is registered at /
G4SDManager::AddNewCollection : the collection <Calor-BP_para/eDep> is registered at 61
G4SDManager::AddNewCollection : the collection <Calor-BP_para/nGamma> is registered at 62
G4SDManager::AddNewCollection : the collection <Calor-BP_para/nElectron> is registered at 63
G4SDManager::AddNewCollection : the collection <Calor-BP_para/nPositron> is registered at 64
G4SDManager::AddNewCollection : the collection <Calor-BP_para/trackLength> is registered at 65
G4SDManager::AddNewCollection : the collection <Calor-BP_para/nStep> is registered at 66
New sensitive detector <Calor-BP_para> is registered at /
New sensitive detector <Calor-BP_para> is registered at /
G4SDManager::AddNewCollection : the collection <Calor-CP_para/eDep> is registered at 67
G4SDManager::AddNewCollection : the collection <Calor-CP_para/nGamma> is registered at 68
G4SDManager::AddNewCollection : the collection <Calor-CP_para/nElectron> is registered at 69
G4SDManager::AddNewCollection : the collection <Calor-CP_para/nPositron> is registered at 70
G4SDManager::AddNewCollection : the collection <Calor-CP_para/trackLength> is registered at 71
G4SDManager::AddNewCollection : the collection <Calor-CP_para/nStep> is registered at 72
New sensitive detector <Calor-CP_para> is registered at /
New sensitive detector <Calor-CP_para> is registered at /
--- G4CoupledTransportation is used 

 hInelastic FTFP_BERT : threshold between BERT and FTFP is over the interval 
 for pions :   3 to 6 GeV
 for kaons :   3 to 6 GeV
 for proton :  3 to 6 GeV
 for neutron : 3 to 6 GeV

### Adding tracking cuts for neutron  TimeCut(ns)= 10000  KinEnergyCut(MeV)= 0
##############################################################
## /tracking/verbose must be set to 1 for RE06SteppingVerbose
##############################################################
/tracking/verbose 1
/run/verbose 1
/run/initialize
/run/setCutForRegion Calor-A 1 mm
/run/setCutForRegion Calor-B 1 mm
/run/setCutForRegion Calor-C 10 cm
/run/dumpRegion

Region <DefaultRegionForTheWorld> --  -- appears in <World> world volume
 This region is in the mass world.
 Root logical volume(s) : World 
 Pointers : G4VUserRegionInformation[0], G4UserLimits[0], G4FastSimulationManager[0], G4UserSteppingAction[0]
 Materials : Galactic 
 Production cuts :   gamma 700 um      e- 700 um      e+ 700 um  proton 700 um 

Region <DefaultRegionForParallelWorld> --  -- is not associated to any world.
 Root logical volume(s) : ParallelScoringWorld 
 Pointers : G4VUserRegionInformation[0], G4UserLimits[0], G4FastSimulationManager[0], G4UserSteppingAction[0]
 Materials : 
 Production cuts :   gamma 700 um      e- 700 um      e+ 700 um  proton 700 um 

Region <Calor-A> --  -- appears in <World> world volume
 This region is in the mass world.
 Root logical volume(s) : Calor-A 
 Pointers : G4VUserRegionInformation[0], G4UserLimits[0], G4FastSimulationManager[0], G4UserSteppingAction[0]
 Materials : Lead liquidArgon 
 Production cuts :   gamma 1 mm      e- 1 mm      e+ 1 mm  proton 1 mm 

Region <Calor-B> --  -- appears in <World> world volume
 This region is in the mass world.
 Root logical volume(s) : Calor-B 
 Pointers : G4VUserRegionInformation[0], G4UserLimits[0], G4FastSimulationManager[0], G4UserSteppingAction[0]
 Materials : Lead liquidArgon 
 Production cuts :   gamma 1 mm      e- 1 mm      e+ 1 mm  proton 1 mm 

Region <Calor-C> --  -- appears in <World> world volume
 This region is in the mass world.
 Root logical volume(s) : Calor-C 
 Pointers : G4VUserRegionInformation[0], G4UserLimits[0], G4FastSimulationManager[0], G4UserSteppingAction[0]
 Materials : Lead liquidArgon 
 Production cuts :   gamma 10 cm      e- 10 cm      e+ 10 cm  proton 10 cm 
/run/beamOn 10
=======================================================================
======                 Electromagnetic Physics Parameters      ========
=======================================================================
LPM effect enabled                                 1
Enable creation and use of sampling tables         0
Apply cuts on all EM processes                     0
Use combined TransportationWithMsc                 Disabled
Use general process                                1
Enable linear polarisation for gamma               0
Enable photoeffect sampling below K-shell          1
Enable sampling of quantum entanglement            0
X-section factor for integral approach             0.8
Min kinetic energy for tables                      100 eV 
Max kinetic energy for tables                      100 TeV
Number of bins per decade of a table               7
Verbose level                                      1
Verbose level for worker thread                    0
Bremsstrahlung energy threshold above which 
  primary e+- is added to the list of secondary    100 TeV
Bremsstrahlung energy threshold above which primary
  muon/hadron is added to the list of secondary    100 TeV
Positron annihilation at rest model                SimplePositronium
Enable 3 gamma annihilation on fly                 0
Lowest triplet kinetic energy                      1 MeV
Enable sampling of gamma linear polarisation       0
5D gamma conversion model type                     0
5D gamma conversion model on isolated ion          0
Use RiGe 5D e+e- pair production model by muons    0
Livermore data directory                           epics_2017
=======================================================================
======                 Ionisation Parameters                   ========
=======================================================================
Step function for e+-                              (0.2, 1 mm)
Step function for muons/hadrons                    (0.2, 0.1 mm)
Step function for light ions                       (0.2, 0.1 mm)
Step function for general ions                     (0.2, 0.1 mm)
Lowest e+e- kinetic energy                         1 keV
Lowest muon/hadron kinetic energy                  1 keV
Use ICRU90 data                                    0
Fluctuations of dE/dx are enabled                  1
Type of fluctuation model for leptons and hadrons  Urban
Use built-in Birks saturation                      0
Build CSDA range enabled                           0
Use cut as a final range enabled                   0
Enable angular generator interface                 0
Max kinetic energy for CSDA tables                 1 GeV
Max kinetic energy for NIEL computation            0 eV 
Linear loss limit                                  0.01
Read data from file for e+e- pair production by mu 0
=======================================================================
======                 Multiple Scattering Parameters          ========
=======================================================================
Type of msc step limit algorithm for e+-           1
Type of msc step limit algorithm for muons/hadrons 0
Msc lateral displacement for e+- enabled           1
Msc lateral displacement for muons and hadrons     0
Urban msc model lateral displacement alg96         1
Range factor for msc step limit for e+-            0.04
Range factor for msc step limit for muons/hadrons  0.2
Geometry factor for msc step limitation of e+-     2.5
Safety factor for msc step limit for e+-           0.6
Skin parameter for msc step limitation of e+-      1
Lambda limit for msc step limit for e+-            1 mm
Use Mott correction for e- scattering              0
Factor used for dynamic computation of angular 
  limit between single and multiple scattering     1
Fixed angular limit between single 
  and multiple scattering                          3.1416 rad
Upper energy limit for e+- multiple scattering     100 MeV
Type of electron single scattering model           0
Type of nuclear form-factor                        1
Screening factor                                   1
=======================================================================

phot:  for gamma SubType=12 BuildTable=0
      LambdaPrime table from 200 keV to 100 TeV in 61 bins 
      ===== EM models for the G4Region  DefaultRegionForTheWorld ======
 LivermorePhElectric : Emin=    0 eV  Emax=  100 TeV  SauterGavrila Fluo

compt:  for gamma SubType=13 BuildTable=1
      Lambda table from 100 eV  to 1 MeV, 7 bins/decade, spline: 1
      LambdaPrime table from 1 MeV to 100 TeV in 56 bins 
      ===== EM models for the G4Region  DefaultRegionForTheWorld ======
       Klein-Nishina : Emin=    0 eV  Emax=  100 TeV

conv:  for gamma SubType=14 BuildTable=1
      Lambda table from 1.022 MeV to 100 TeV, 18 bins/decade, spline: 1
      ===== EM models for the G4Region  DefaultRegionForTheWorld ======
     BetheHeitlerLPM : Emin=    0 eV  Emax=  100 TeV  ModifiedTsai

Rayl:  for gamma SubType=11 BuildTable=1
      Lambda table from 100 eV  to 150 keV, 7 bins/decade, spline: 0
      LambdaPrime table from 150 keV to 100 TeV in 62 bins 
      ===== EM models for the G4Region  DefaultRegionForTheWorld ======
   LivermoreRayleigh : Emin=    0 eV  Emax=  100 TeV  CullenGenerator

msc:  for e-  SubType= 10
      ===== EM models for the G4Region  DefaultRegionForTheWorld ======
            UrbanMsc : Emin=    0 eV  Emax=  100 MeV Nbins=42 100 eV  - 100 MeV
          StepLim=UseSafety Rfact=0.04 Gfact=2.5 Sfact=0.6 DispFlag:1 Skin=1 Llim=1 mm
        WentzelVIUni : Emin=  100 MeV Emax=  100 TeV Nbins=42 100 MeV - 100 TeV
          StepLim=UseSafety Rfact=0.04 Gfact=2.5 Sfact=0.6 DispFlag:1 Skin=1 Llim=1 mm

eIoni:  for e-  XStype:3  SubType=2
      dE/dx and range tables from 100 eV  to 100 TeV in 84 bins
      Lambda tables from threshold to 100 TeV, 7 bins/decade, spline: 1
      StepFunction=(0.2, 1 mm), integ: 3, fluct: 1, linLossLim= 0.01
      ===== EM models for the G4Region  DefaultRegionForTheWorld ======
        MollerBhabha : Emin=    0 eV  Emax=  100 TeV

eBrem:  for e-  XStype:4  SubType=3
      dE/dx and range tables from 100 eV  to 100 TeV in 84 bins
      Lambda tables from threshold to 100 TeV, 7 bins/decade, spline: 1
      LPM flag: 1 for E > 1 GeV,  VertexHighEnergyTh(GeV)= 100000
      ===== EM models for the G4Region  DefaultRegionForTheWorld ======
             eBremSB : Emin=    0 eV  Emax=    1 GeV  ModifiedTsai
            eBremLPM : Emin=    1 GeV Emax=  100 TeV  ModifiedTsai

CoulombScat:  for e- XStype:1 SubType=1 BuildTable=1
      Lambda table from 100 MeV to 100 TeV, 7 bins/decade, spline: 0
      ThetaMin(p) < Theta(degree) < 180, pLimit(GeV^1)= 0.139531
      ===== EM models for the G4Region  DefaultRegionForTheWorld ======
  eCoulombScattering : Emin=  100 MeV Emax=  100 TeV

msc:  for e+  SubType= 10
      ===== EM models for the G4Region  DefaultRegionForTheWorld ======
            UrbanMsc : Emin=    0 eV  Emax=  100 MeV Nbins=42 100 eV  - 100 MeV
          StepLim=UseSafety Rfact=0.04 Gfact=2.5 Sfact=0.6 DispFlag:1 Skin=1 Llim=1 mm
        WentzelVIUni : Emin=  100 MeV Emax=  100 TeV Nbins=42 100 MeV - 100 TeV
          StepLim=UseSafety Rfact=0.04 Gfact=2.5 Sfact=0.6 DispFlag:1 Skin=1 Llim=1 mm

eIoni:  for e+  XStype:3  SubType=2
      dE/dx and range tables from 100 eV  to 100 TeV in 84 bins
      Lambda tables from threshold to 100 TeV, 7 bins/decade, spline: 1
      StepFunction=(0.2, 1 mm), integ: 3, fluct: 1, linLossLim= 0.01
      ===== EM models for the G4Region  DefaultRegionForTheWorld ======
        MollerBhabha : Emin=    0 eV  Emax=  100 TeV

eBrem:  for e+  XStype:4  SubType=3
      dE/dx and range tables from 100 eV  to 100 TeV in 84 bins
      Lambda tables from threshold to 100 TeV, 7 bins/decade, spline: 1
      LPM flag: 1 for E > 1 GeV,  VertexHighEnergyTh(GeV)= 100000
      ===== EM models for the G4Region  DefaultRegionForTheWorld ======
             eBremSB : Emin=    0 eV  Emax=    1 GeV  ModifiedTsai
            eBremLPM : Emin=    1 GeV Emax=  100 TeV  ModifiedTsai

annihil:  for e+ XStype:2 SubType=5 AtRestModel:Simple BuildTable=0
      ===== EM models for the G4Region  DefaultRegionForTheWorld ======
            eplus2gg : Emin=    0 eV  Emax=  100 TeV

CoulombScat:  for e+ XStype:1 SubType=1 BuildTable=1
      Lambda table from 100 MeV to 100 TeV, 7 bins/decade, spline: 0
      ThetaMin(p) < Theta(degree) < 180, pLimit(GeV^1)= 0.139531
      ===== EM models for the G4Region  DefaultRegionForTheWorld ======
  eCoulombScattering : Emin=  100 MeV Emax=  100 TeV

msc:  for proton  SubType= 10
      ===== EM models for the G4Region  DefaultRegionForTheWorld ======
        WentzelVIUni : Emin=    0 eV  Emax=  100 TeV Nbins=84 100 eV  - 100 TeV
          StepLim=Minimal Rfact=0.2 Gfact=2.5 Sfact=0.6 DispFlag:0 Skin=1 Llim=1 mm

hIoni:  for proton  XStype:3  SubType=2
      dE/dx and range tables from 100 eV  to 100 TeV in 84 bins
      Lambda tables from threshold to 100 TeV, 7 bins/decade, spline: 1
      StepFunction=(0.2, 0.1 mm), integ: 3, fluct: 1, linLossLim= 0.01
      ===== EM models for the G4Region  DefaultRegionForTheWorld ======
               Bragg : Emin=    0 eV  Emax=    2 MeV
          BetheBloch : Emin=    2 MeV Emax=  100 TeV

hBrems:  for proton  XStype:1  SubType=3
      dE/dx and range tables from 100 eV  to 100 TeV in 84 bins
      Lambda tables from threshold to 100 TeV, 7 bins/decade, spline: 1
      ===== EM models for the G4Region  DefaultRegionForTheWorld ======
               hBrem : Emin=    0 eV  Emax=  100 TeV  ModifiedMephi

hPairProd:  for proton  XStype:1  SubType=4
      dE/dx and range tables from 100 eV  to 100 TeV in 84 bins
      Lambda tables from threshold to 100 TeV, 7 bins/decade, spline: 1
      Sampling table 17x1001, from 7.50618 GeV to 100 TeV 
      ===== EM models for the G4Region  DefaultRegionForTheWorld ======
           hPairProd : Emin=    0 eV  Emax=  100 TeV  ModifiedMephi

CoulombScat:  for proton XStype:1 SubType=1 BuildTable=1
      Lambda table from threshold  to 100 TeV, 7 bins/decade, spline: 0
      ThetaMin(p) < Theta(degree) < 180, pLimit(GeV^1)= 0.139531
      ===== EM models for the G4Region  DefaultRegionForTheWorld ======
  eCoulombScattering : Emin=    0 eV  Emax=  100 TeV

msc:  for GenericIon  SubType= 10
      ===== EM models for the G4Region  DefaultRegionForTheWorld ======
            UrbanMsc : Emin=    0 eV  Emax=  100 TeV
          StepLim=Minimal Rfact=0.2 Gfact=2.5 Sfact=0.6 DispFlag:0 Skin=1 Llim=1 mm

ionIoni:  for GenericIon  XStype:3  SubType=2
      dE/dx and range tables from 100 eV  to 100 TeV in 84 bins
      Lambda tables from threshold to 100 TeV, 7 bins/decade, spline: 1
      StepFunction=(0.2, 0.1 mm), integ: 3, fluct: 1, linLossLim= 0.02
      ===== EM models for the G4Region  DefaultRegionForTheWorld ======
               Bragg : Emin=    0 eV  Emax=    2 MeV
          BetheBloch : Emin=    2 MeV Emax=  100 TeV

msc:  for alpha  SubType= 10
      ===== EM models for the G4Region  DefaultRegionForTheWorld ======
            UrbanMsc : Emin=    0 eV  Emax=  100 TeV
          StepLim=Minimal Rfact=0.2 Gfact=2.5 Sfact=0.6 DispFlag:0 Skin=1 Llim=1 mm

ionIoni:  for alpha  XStype:3  SubType=2
      dE/dx and range tables from 100 eV  to 100 TeV in 84 bins
      Lambda tables from threshold to 100 TeV, 7 bins/decade, spline: 1
      StepFunction=(0.2, 0.1 mm), integ: 3, fluct: 1, linLossLim= 0.02
      ===== EM models for the G4Region  DefaultRegionForTheWorld ======
            BraggIon : Emin=    0 eV  Emax=7.9452 MeV
          BetheBloch : Emin=7.9452 MeV Emax=  100 TeV

msc:  for anti_proton  SubType= 10
      ===== EM models for the G4Region  DefaultRegionForTheWorld ======
        WentzelVIUni : Emin=    0 eV  Emax=  100 TeV Nbins=84 100 eV  - 100 TeV
          StepLim=Minimal Rfact=0.2 Gfact=2.5 Sfact=0.6 DispFlag:0 Skin=1 Llim=1 mm

hIoni:  for anti_proton  XStype:3  SubType=2
      dE/dx and range tables from 100 eV  to 100 TeV in 84 bins
      Lambda tables from threshold to 100 TeV, 7 bins/decade, spline: 1
      StepFunction=(0.2, 0.1 mm), integ: 3, fluct: 1, linLossLim= 0.01
      ===== EM models for the G4Region  DefaultRegionForTheWorld ======
            ICRU73QO : Emin=    0 eV  Emax=    2 MeV
          BetheBloch : Emin=    2 MeV Emax=  100 TeV

hBrems:  for anti_proton  XStype:1  SubType=3
      dE/dx and range tables from 100 eV  to 100 TeV in 84 bins
      Lambda tables from threshold to 100 TeV, 7 bins/decade, spline: 1
      ===== EM models for the G4Region  DefaultRegionForTheWorld ======
               hBrem : Emin=    0 eV  Emax=  100 TeV  ModifiedMephi

hPairProd:  for anti_proton  XStype:1  SubType=4
      dE/dx and range tables from 100 eV  to 100 TeV in 84 bins
      Lambda tables from threshold to 100 TeV, 7 bins/decade, spline: 1
      Sampling table 17x1001, from 7.50618 GeV to 100 TeV 
      ===== EM models for the G4Region  DefaultRegionForTheWorld ======
           hPairProd : Emin=    0 eV  Emax=  100 TeV  ModifiedMephi

CoulombScat:  for anti_proton XStype:1 SubType=1 BuildTable=1
      Lambda table from threshold  to 100 TeV, 7 bins/decade, spline: 0
      ThetaMin(p) < Theta(degree) < 180, pLimit(GeV^1)= 0.139531
      ===== EM models for the G4Region  DefaultRegionForTheWorld ======
  eCoulombScattering : Emin=    0 eV  Emax=  100 TeV

msc:  for kaon+  SubType= 10
      ===== EM models for the G4Region  DefaultRegionForTheWorld ======
        WentzelVIUni : Emin=    0 eV  Emax=  100 TeV Nbins=84 100 eV  - 100 TeV
          StepLim=Minimal Rfact=0.2 Gfact=2.5 Sfact=0.6 DispFlag:0 Skin=1 Llim=1 mm

hIoni:  for kaon+  XStype:3  SubType=2
      dE/dx and range tables from 100 eV  to 100 TeV in 84 bins
      Lambda tables from threshold to 100 TeV, 7 bins/decade, spline: 1
      StepFunction=(0.2, 0.1 mm), integ: 3, fluct: 1, linLossLim= 0.01
      ===== EM models for the G4Region  DefaultRegionForTheWorld ======
               Bragg : Emin=    0 eV  Emax=1.05231 MeV
          BetheBloch : Emin=1.05231 MeV Emax=  100 TeV

hBrems:  for kaon+  XStype:1  SubType=3
      dE/dx and range tables from 100 eV  to 100 TeV in 84 bins
      Lambda tables from threshold to 100 TeV, 7 bins/decade, spline: 1
      ===== EM models for the G4Region  DefaultRegionForTheWorld ======
               hBrem : Emin=    0 eV  Emax=  100 TeV  ModifiedMephi

hPairProd:  for kaon+  XStype:1  SubType=4
      dE/dx and range tables from 100 eV  to 100 TeV in 84 bins
      Lambda tables from threshold to 100 TeV, 7 bins/decade, spline: 1
      Sampling table 18x1001, from 3.94942 GeV to 100 TeV 
      ===== EM models for the G4Region  DefaultRegionForTheWorld ======
           hPairProd : Emin=    0 eV  Emax=  100 TeV  ModifiedMephi

CoulombScat:  for kaon+ XStype:1 SubType=1 BuildTable=1
      Lambda table from threshold  to 100 TeV, 7 bins/decade, spline: 0
      ThetaMin(p) < Theta(degree) < 180, pLimit(GeV^1)= 0.139531
      ===== EM models for the G4Region  DefaultRegionForTheWorld ======
  eCoulombScattering : Emin=    0 eV  Emax=  100 TeV

msc:  for kaon-  SubType= 10
      ===== EM models for the G4Region  DefaultRegionForTheWorld ======
        WentzelVIUni : Emin=    0 eV  Emax=  100 TeV Nbins=84 100 eV  - 100 TeV
          StepLim=Minimal Rfact=0.2 Gfact=2.5 Sfact=0.6 DispFlag:0 Skin=1 Llim=1 mm

hIoni:  for kaon-  XStype:3  SubType=2
      dE/dx and range tables from 100 eV  to 100 TeV in 84 bins
      Lambda tables from threshold to 100 TeV, 7 bins/decade, spline: 1
      StepFunction=(0.2, 0.1 mm), integ: 3, fluct: 1, linLossLim= 0.01
      ===== EM models for the G4Region  DefaultRegionForTheWorld ======
            ICRU73QO : Emin=    0 eV  Emax=1.05231 MeV
          BetheBloch : Emin=1.05231 MeV Emax=  100 TeV

hBrems:  for kaon-  XStype:1  SubType=3
      dE/dx and range tables from 100 eV  to 100 TeV in 84 bins
      Lambda tables from threshold to 100 TeV, 7 bins/decade, spline: 1
      ===== EM models for the G4Region  DefaultRegionForTheWorld ======
               hBrem : Emin=    0 eV  Emax=  100 TeV  ModifiedMephi

hPairProd:  for kaon-  XStype:1  SubType=4
      dE/dx and range tables from 100 eV  to 100 TeV in 84 bins
      Lambda tables from threshold to 100 TeV, 7 bins/decade, spline: 1
      Sampling table 18x1001, from 3.94942 GeV to 100 TeV 
      ===== EM models for the G4Region  DefaultRegionForTheWorld ======
           hPairProd : Emin=    0 eV  Emax=  100 TeV  ModifiedMephi

CoulombScat:  for kaon- XStype:1 SubType=1 BuildTable=1
      Used Lambda table of kaon+
      ThetaMin(p) < Theta(degree) < 180, pLimit(GeV^1)= 0.139531
      ===== EM models for the G4Region  DefaultRegionForTheWorld ======
  eCoulombScattering : Emin=    0 eV  Emax=  100 TeV

msc:  for mu+  SubType= 10
      ===== EM models for the G4Region  DefaultRegionForTheWorld ======
        WentzelVIUni : Emin=    0 eV  Emax=  100 TeV Nbins=84 100 eV  - 100 TeV
          StepLim=Minimal Rfact=0.2 Gfact=2.5 Sfact=0.6 DispFlag:0 Skin=1 Llim=1 mm

muIoni:  for mu+  XStype:3  SubType=2
      dE/dx and range tables from 100 eV  to 100 TeV in 84 bins
      Lambda tables from threshold to 100 TeV, 7 bins/decade, spline: 1
      StepFunction=(0.2, 0.1 mm), integ: 3, fluct: 1, linLossLim= 0.01
      ===== EM models for the G4Region  DefaultRegionForTheWorld ======
               Bragg : Emin=    0 eV  Emax=  200 keV
        MuBetheBloch : Emin=  200 keV Emax=  100 TeV

muBrems:  for mu+  XStype:1  SubType=3
      dE/dx and range tables from 100 eV  to 100 TeV in 84 bins
      Lambda tables from threshold to 100 TeV, 7 bins/decade, spline: 1
      ===== EM models for the G4Region  DefaultRegionForTheWorld ======
              MuBrem : Emin=    0 eV  Emax=  100 TeV  ModifiedMephi

muPairProd:  for mu+  XStype:1  SubType=4
      dE/dx and range tables from 100 eV  to 100 TeV in 84 bins
      Lambda tables from threshold to 100 TeV, 7 bins/decade, spline: 1
      Sampling table 21x1001, from 0.85 GeV to 100 TeV 
      ===== EM models for the G4Region  DefaultRegionForTheWorld ======
          muPairProd : Emin=    0 eV  Emax=  100 TeV  ModifiedMephi

CoulombScat:  for mu+ XStype:1 SubType=1 BuildTable=1
      Lambda table from threshold  to 100 TeV, 7 bins/decade, spline: 0
      ThetaMin(p) < Theta(degree) < 180, pLimit(GeV^1)= 0.139531
      ===== EM models for the G4Region  DefaultRegionForTheWorld ======
  eCoulombScattering : Emin=    0 eV  Emax=  100 TeV

msc:  for mu-  SubType= 10
      ===== EM models for the G4Region  DefaultRegionForTheWorld ======
        WentzelVIUni : Emin=    0 eV  Emax=  100 TeV Nbins=84 100 eV  - 100 TeV
          StepLim=Minimal Rfact=0.2 Gfact=2.5 Sfact=0.6 DispFlag:0 Skin=1 Llim=1 mm

muIoni:  for mu-  XStype:3  SubType=2
      dE/dx and range tables from 100 eV  to 100 TeV in 84 bins
      Lambda tables from threshold to 100 TeV, 7 bins/decade, spline: 1
      StepFunction=(0.2, 0.1 mm), integ: 3, fluct: 1, linLossLim= 0.01
      ===== EM models for the G4Region  DefaultRegionForTheWorld ======
            ICRU73QO : Emin=    0 eV  Emax=  200 keV
        MuBetheBloch : Emin=  200 keV Emax=  100 TeV

muBrems:  for mu-  XStype:1  SubType=3
      dE/dx and range tables from 100 eV  to 100 TeV in 84 bins
      Lambda tables from threshold to 100 TeV, 7 bins/decade, spline: 1
      ===== EM models for the G4Region  DefaultRegionForTheWorld ======
              MuBrem : Emin=    0 eV  Emax=  100 TeV  ModifiedMephi

muPairProd:  for mu-  XStype:1  SubType=4
      dE/dx and range tables from 100 eV  to 100 TeV in 84 bins
      Lambda tables from threshold to 100 TeV, 7 bins/decade, spline: 1
      Sampling table 21x1001, from 0.85 GeV to 100 TeV 
      ===== EM models for the G4Region  DefaultRegionForTheWorld ======
          muPairProd : Emin=    0 eV  Emax=  100 TeV  ModifiedMephi

CoulombScat:  for mu- XStype:1 SubType=1 BuildTable=1
      Used Lambda table of mu+
      ThetaMin(p) < Theta(degree) < 180, pLimit(GeV^1)= 0.139531
      ===== EM models for the G4Region  DefaultRegionForTheWorld ======
  eCoulombScattering : Emin=    0 eV  Emax=  100 TeV

msc:  for pi+  SubType= 10
      ===== EM models for the G4Region  DefaultRegionForTheWorld ======
        WentzelVIUni : Emin=    0 eV  Emax=  100 TeV Nbins=84 100 eV  - 100 TeV
          StepLim=Minimal Rfact=0.2 Gfact=2.5 Sfact=0.6 DispFlag:0 Skin=1 Llim=1 mm

hIoni:  for pi+  XStype:3  SubType=2
      dE/dx and range tables from 100 eV  to 100 TeV in 84 bins
      Lambda tables from threshold to 100 TeV, 7 bins/decade, spline: 1
      StepFunction=(0.2, 0.1 mm), integ: 3, fluct: 1, linLossLim= 0.01
      ===== EM models for the G4Region  DefaultRegionForTheWorld ======
               Bragg : Emin=    0 eV  Emax=297.505 keV
          BetheBloch : Emin=297.505 keV Emax=  100 TeV

hBrems:  for pi+  XStype:1  SubType=3
      dE/dx and range tables from 100 eV  to 100 TeV in 84 bins
      Lambda tables from threshold to 100 TeV, 7 bins/decade, spline: 1
      ===== EM models for the G4Region  DefaultRegionForTheWorld ======
               hBrem : Emin=    0 eV  Emax=  100 TeV  ModifiedMephi

hPairProd:  for pi+  XStype:1  SubType=4
      dE/dx and range tables from 100 eV  to 100 TeV in 84 bins
      Lambda tables from threshold to 100 TeV, 7 bins/decade, spline: 1
      Sampling table 20x1001, from 1.11656 GeV to 100 TeV 
      ===== EM models for the G4Region  DefaultRegionForTheWorld ======
           hPairProd : Emin=    0 eV  Emax=  100 TeV  ModifiedMephi

CoulombScat:  for pi+ XStype:1 SubType=1 BuildTable=1
      Lambda table from threshold  to 100 TeV, 7 bins/decade, spline: 0
      ThetaMin(p) < Theta(degree) < 180, pLimit(GeV^1)= 0.139531
      ===== EM models for the G4Region  DefaultRegionForTheWorld ======
  eCoulombScattering : Emin=    0 eV  Emax=  100 TeV

msc:  for pi-  SubType= 10
      ===== EM models for the G4Region  DefaultRegionForTheWorld ======
        WentzelVIUni : Emin=    0 eV  Emax=  100 TeV Nbins=84 100 eV  - 100 TeV
          StepLim=Minimal Rfact=0.2 Gfact=2.5 Sfact=0.6 DispFlag:0 Skin=1 Llim=1 mm

hIoni:  for pi-  XStype:3  SubType=2
      dE/dx and range tables from 100 eV  to 100 TeV in 84 bins
      Lambda tables from threshold to 100 TeV, 7 bins/decade, spline: 1
      StepFunction=(0.2, 0.1 mm), integ: 3, fluct: 1, linLossLim= 0.01
      ===== EM models for the G4Region  DefaultRegionForTheWorld ======
            ICRU73QO : Emin=    0 eV  Emax=297.505 keV
          BetheBloch : Emin=297.505 keV Emax=  100 TeV

hBrems:  for pi-  XStype:1  SubType=3
      dE/dx and range tables from 100 eV  to 100 TeV in 84 bins
      Lambda tables from threshold to 100 TeV, 7 bins/decade, spline: 1
      ===== EM models for the G4Region  DefaultRegionForTheWorld ======
               hBrem : Emin=    0 eV  Emax=  100 TeV  ModifiedMephi

hPairProd:  for pi-  XStype:1  SubType=4
      dE/dx and range tables from 100 eV  to 100 TeV in 84 bins
      Lambda tables from threshold to 100 TeV, 7 bins/decade, spline: 1
      Sampling table 20x1001, from 1.11656 GeV to 100 TeV 
      ===== EM models for the G4Region  DefaultRegionForTheWorld ======
           hPairProd : Emin=    0 eV  Emax=  100 TeV  ModifiedMephi

CoulombScat:  for pi- XStype:1 SubType=1 BuildTable=1
      Used Lambda table of pi+
      ThetaMin(p) < Theta(degree) < 180, pLimit(GeV^1)= 0.139531
      ===== EM models for the G4Region  DefaultRegionForTheWorld ======
  eCoulombScattering : Emin=    0 eV  Emax=  100 TeV

====================================================================
                  HADRONIC PROCESSES SUMMARY (verbose level 1)
-----------------------------------------------------------------------
                           Hadronic Processes for neutron
  Process: hadElastic
        Model:             hElasticCHIPS: 0 eV  ---> 100 TeV
     Cr_sctns:        G4NeutronElasticXS: 0 eV  ---> 100 TeV
  Process: neutronInelastic
        Model:                      FTFP: 3 GeV ---> 100 TeV
        Model:            BertiniCascade: 0 eV  ---> 6 GeV
     Cr_sctns:      G4NeutronInelasticXS: 0 eV  ---> 100 TeV
  Process: nCapture
        Model:               nRadCapture: 0 eV  ---> 100 TeV
     Cr_sctns:        G4NeutronCaptureXS: 0 eV  ---> 100 TeV
  Process: nKiller
-----------------------------------------------------------------------
                           Hadronic Processes for B-
  Process: hadElastic
        Model:              hElasticLHEP: 0 eV  ---> 100 TeV
     Cr_sctns:            Glauber-Gribov: 0 eV  ---> 100 TeV
  Process: B-Inelastic
        Model:                      FTFP: 0 eV  ---> 100 TeV
     Cr_sctns:            Glauber-Gribov: 0 eV  ---> 100 TeV
-----------------------------------------------------------------------
                           Hadronic Processes for D-
  Process: hadElastic
        Model:              hElasticLHEP: 0 eV  ---> 100 TeV
     Cr_sctns:            Glauber-Gribov: 0 eV  ---> 100 TeV
  Process: D-Inelastic
        Model:                      FTFP: 0 eV  ---> 100 TeV
     Cr_sctns:            Glauber-Gribov: 0 eV  ---> 100 TeV
-----------------------------------------------------------------------
                           Hadronic Processes for GenericIon
  Process: ionInelastic
        Model:  Binary Light Ion Cascade: 0 eV /n ---> 6 GeV/n
        Model:                      FTFP: 3 GeV/n ---> 100 TeV/n
     Cr_sctns:  Glauber-Gribov Nucl-nucl: 0 eV  ---> 25.6 PeV
-----------------------------------------------------------------------
                           Hadronic Processes for He3
  Process: hadElastic
        Model:              hElasticLHEP: 0 eV /n ---> 100 TeV/n
     Cr_sctns:  Glauber-Gribov Nucl-nucl: 0 eV  ---> 25.6 PeV
  Process: He3Inelastic
        Model:  Binary Light Ion Cascade: 0 eV /n ---> 6 GeV/n
        Model:                      FTFP: 3 GeV/n ---> 100 TeV/n
     Cr_sctns:  Glauber-Gribov Nucl-nucl: 0 eV  ---> 25.6 PeV
-----------------------------------------------------------------------
                           Hadronic Processes for alpha
  Process: hadElastic
        Model:              hElasticLHEP: 0 eV /n ---> 100 TeV/n
     Cr_sctns:  Glauber-Gribov Nucl-nucl: 0 eV  ---> 25.6 PeV
  Process: alphaInelastic
        Model:  Binary Light Ion Cascade: 0 eV /n ---> 6 GeV/n
        Model:                      FTFP: 3 GeV/n ---> 100 TeV/n
     Cr_sctns:  Glauber-Gribov Nucl-nucl: 0 eV  ---> 25.6 PeV
-----------------------------------------------------------------------
                           Hadronic Processes for anti_He3
  Process: hadElastic
        Model:              hElasticLHEP: 0 eV /n ---> 100.1 MeV/n
        Model:              AntiAElastic: 100 MeV/n ---> 100 TeV/n
     Cr_sctns:              AntiAGlauber: 0 eV  ---> 25.6 PeV
  Process: anti_He3Inelastic
        Model:                      FTFP: 0 eV /n ---> 100 TeV/n
     Cr_sctns:              AntiAGlauber: 0 eV  ---> 25.6 PeV
  Process: hFritiofCaptureAtRest
-----------------------------------------------------------------------
                           Hadronic Processes for anti_alpha
  Process: hadElastic
        Model:              hElasticLHEP: 0 eV /n ---> 100.1 MeV/n
        Model:              AntiAElastic: 100 MeV/n ---> 100 TeV/n
     Cr_sctns:              AntiAGlauber: 0 eV  ---> 25.6 PeV
  Process: anti_alphaInelastic
        Model:                      FTFP: 0 eV /n ---> 100 TeV/n
     Cr_sctns:              AntiAGlauber: 0 eV  ---> 25.6 PeV
  Process: hFritiofCaptureAtRest
-----------------------------------------------------------------------
                           Hadronic Processes for anti_deuteron
  Process: hadElastic
        Model:              hElasticLHEP: 0 eV /n ---> 100.1 MeV/n
        Model:              AntiAElastic: 100 MeV/n ---> 100 TeV/n
     Cr_sctns:              AntiAGlauber: 0 eV  ---> 25.6 PeV
  Process: anti_deuteronInelastic
        Model:                      FTFP: 0 eV /n ---> 100 TeV/n
     Cr_sctns:              AntiAGlauber: 0 eV  ---> 25.6 PeV
  Process: hFritiofCaptureAtRest
-------------------------------------------------------------------------
                           Hadronic Processes for anti_hypertriton
  Process: hFritiofCaptureAtRest
-----------------------------------------------------------------------
                           Hadronic Processes for anti_lambda
  Process: hadElastic
        Model:              hElasticLHEP: 0 eV  ---> 100 TeV
     Cr_sctns:            Glauber-Gribov: 0 eV  ---> 100 TeV
  Process: anti_lambdaInelastic
        Model:                      FTFP: 0 eV  ---> 100 TeV
     Cr_sctns:            Glauber-Gribov: 0 eV  ---> 100 TeV
  Process: hFritiofCaptureAtRest
-----------------------------------------------------------------------
                           Hadronic Processes for anti_neutron
  Process: hadElastic
        Model:              hElasticLHEP: 0 eV  ---> 100.1 MeV
        Model:              AntiAElastic: 100 MeV ---> 100 TeV
     Cr_sctns:              AntiAGlauber: 0 eV  ---> 25.6 PeV
  Process: anti_neutronInelastic
        Model:                      FTFP: 0 eV  ---> 100 TeV
     Cr_sctns:              AntiAGlauber: 0 eV  ---> 25.6 PeV
  Process: hFritiofCaptureAtRest
-----------------------------------------------------------------------
                           Hadronic Processes for anti_proton
  Process: hadElastic
        Model:              hElasticLHEP: 0 eV  ---> 100.1 MeV
        Model:              AntiAElastic: 100 MeV ---> 100 TeV
     Cr_sctns:              AntiAGlauber: 0 eV  ---> 25.6 PeV
  Process: anti_protonInelastic
        Model:                      FTFP: 0 eV  ---> 100 TeV
     Cr_sctns:              AntiAGlauber: 0 eV  ---> 25.6 PeV
  Process: hFritiofCaptureAtRest
-----------------------------------------------------------------------
                           Hadronic Processes for anti_triton
  Process: hadElastic
        Model:              hElasticLHEP: 0 eV /n ---> 100.1 MeV/n
        Model:              AntiAElastic: 100 MeV/n ---> 100 TeV/n
     Cr_sctns:              AntiAGlauber: 0 eV  ---> 25.6 PeV
  Process: anti_tritonInelastic
        Model:                      FTFP: 0 eV /n ---> 100 TeV/n
     Cr_sctns:              AntiAGlauber: 0 eV  ---> 25.6 PeV
  Process: hFritiofCaptureAtRest
-----------------------------------------------------------------------
                           Hadronic Processes for deuteron
  Process: hadElastic
        Model:              hElasticLHEP: 0 eV /n ---> 100 TeV/n
     Cr_sctns:  Glauber-Gribov Nucl-nucl: 0 eV  ---> 25.6 PeV
  Process: dInelastic
        Model:  Binary Light Ion Cascade: 0 eV /n ---> 6 GeV/n
        Model:                      FTFP: 3 GeV/n ---> 100 TeV/n
     Cr_sctns:  Glauber-Gribov Nucl-nucl: 0 eV  ---> 25.6 PeV
-----------------------------------------------------------------------
                           Hadronic Processes for e+
  Process: positronNuclear
        Model:   G4ElectroVDNuclearModel: 0 eV  ---> 1 PeV
     Cr_sctns:          ElectroNuclearXS: 0 eV  ---> 100 TeV
-----------------------------------------------------------------------
                           Hadronic Processes for e-
  Process: electronNuclear
        Model:   G4ElectroVDNuclearModel: 0 eV  ---> 1 PeV
     Cr_sctns:          ElectroNuclearXS: 0 eV  ---> 100 TeV
-----------------------------------------------------------------------
                           Hadronic Processes for gamma
  Process: photonNuclear
        Model:               GammaNPreco: 0 eV  ---> 200 MeV
        Model:            BertiniCascade: 199 MeV ---> 6 GeV
        Model:           TheoFSGenerator: 3 GeV ---> 100 TeV
     Cr_sctns:            GammaNuclearXS: 0 eV  ---> 100 TeV
-----------------------------------------------------------------------
                           Hadronic Processes for kaon+
  Process: hadElastic
        Model:              hElasticLHEP: 0 eV  ---> 100 TeV
     Cr_sctns:            Glauber-Gribov: 0 eV  ---> 100 TeV
  Process: kaon+Inelastic
        Model:                      FTFP: 3 GeV ---> 100 TeV
        Model:            BertiniCascade: 0 eV  ---> 6 GeV
     Cr_sctns:            Glauber-Gribov: 0 eV  ---> 100 TeV
-----------------------------------------------------------------------
                           Hadronic Processes for kaon-
  Process: hadElastic
        Model:              hElasticLHEP: 0 eV  ---> 100 TeV
     Cr_sctns:            Glauber-Gribov: 0 eV  ---> 100 TeV
  Process: kaon-Inelastic
        Model:                      FTFP: 3 GeV ---> 100 TeV
        Model:            BertiniCascade: 0 eV  ---> 6 GeV
     Cr_sctns:            Glauber-Gribov: 0 eV  ---> 100 TeV
  Process: hBertiniCaptureAtRest
-----------------------------------------------------------------------
                           Hadronic Processes for lambda
  Process: hadElastic
        Model:              hElasticLHEP: 0 eV  ---> 100 TeV
     Cr_sctns:            Glauber-Gribov: 0 eV  ---> 100 TeV
  Process: lambdaInelastic
        Model:                      FTFP: 3 GeV ---> 100 TeV
        Model:            BertiniCascade: 0 eV  ---> 6 GeV
     Cr_sctns:            Glauber-Gribov: 0 eV  ---> 100 TeV
-----------------------------------------------------------------------
                           Hadronic Processes for mu+
  Process: muonNuclear
        Model:      G4MuonVDNuclearModel: 0 eV  ---> 1 PeV
     Cr_sctns:     KokoulinMuonNuclearXS: 0 eV  ---> 100 TeV
-----------------------------------------------------------------------
                           Hadronic Processes for mu-
  Process: muonNuclear
        Model:      G4MuonVDNuclearModel: 0 eV  ---> 1 PeV
     Cr_sctns:     KokoulinMuonNuclearXS: 0 eV  ---> 100 TeV
  Process: muMinusCaptureAtRest
-----------------------------------------------------------------------
                           Hadronic Processes for pi+
  Process: hadElastic
        Model:           hElasticGlauber: 0 eV  ---> 100 TeV
     Cr_sctns:  BarashenkovGlauberGribov: 0 eV  ---> 100 TeV
  Process: pi+Inelastic
        Model:                      FTFP: 3 GeV ---> 100 TeV
        Model:            BertiniCascade: 0 eV  ---> 6 GeV
     Cr_sctns:  BarashenkovGlauberGribov: 0 eV  ---> 100 TeV
-----------------------------------------------------------------------
                           Hadronic Processes for pi-
  Process: hadElastic
        Model:           hElasticGlauber: 0 eV  ---> 100 TeV
     Cr_sctns:  BarashenkovGlauberGribov: 0 eV  ---> 100 TeV
  Process: pi-Inelastic
        Model:                      FTFP: 3 GeV ---> 100 TeV
        Model:            BertiniCascade: 0 eV  ---> 6 GeV
     Cr_sctns:  BarashenkovGlauberGribov: 0 eV  ---> 100 TeV
  Process: hBertiniCaptureAtRest
-----------------------------------------------------------------------
                           Hadronic Processes for proton
  Process: hadElastic
        Model:             hElasticCHIPS: 0 eV  ---> 100 TeV
     Cr_sctns:  BarashenkovGlauberGribov: 0 eV  ---> 100 TeV
  Process: protonInelastic
        Model:                      FTFP: 3 GeV ---> 100 TeV
        Model:            BertiniCascade: 0 eV  ---> 6 GeV
     Cr_sctns:  BarashenkovGlauberGribov: 0 eV  ---> 100 TeV
-----------------------------------------------------------------------
                           Hadronic Processes for sigma-
  Process: hadElastic
        Model:              hElasticLHEP: 0 eV  ---> 100 TeV
     Cr_sctns:            Glauber-Gribov: 0 eV  ---> 100 TeV
  Process: sigma-Inelastic
        Model:                      FTFP: 3 GeV ---> 100 TeV
        Model:            BertiniCascade: 0 eV  ---> 6 GeV
     Cr_sctns:            Glauber-Gribov: 0 eV  ---> 100 TeV
  Process: hBertiniCaptureAtRest
-----------------------------------------------------------------------
                           Hadronic Processes for triton
  Process: hadElastic
        Model:              hElasticLHEP: 0 eV /n ---> 100 TeV/n
     Cr_sctns:  Glauber-Gribov Nucl-nucl: 0 eV  ---> 25.6 PeV
  Process: tInelastic
        Model:  Binary Light Ion Cascade: 0 eV /n ---> 6 GeV/n
        Model:                      FTFP: 3 GeV/n ---> 100 TeV/n
     Cr_sctns:  Glauber-Gribov Nucl-nucl: 0 eV  ---> 25.6 PeV
=======================================================================
======       Geant4 Native Pre-compound Model Parameters       ========
=======================================================================
Type of pre-compound model                          0
Type of pre-compound inverse x-section              1
Pre-compound model active                           1
Pre-compound excitation low energy                  0.1 MeV 
Pre-compound excitation high energy                 15 MeV 
Angular generator for pre-compound model            1
Use NeverGoBack option for pre-compound model       0
Use SoftCutOff option for pre-compound model        0
Use CEM transitions for pre-compound model          1
Use GNASH transitions for pre-compound model        0
Use HETC submodel for pre-compound model            0
=======================================================================
======       Nuclear De-excitation Module Parameters           ========
=======================================================================
Type of de-excitation inverse x-section             3
Type of de-excitation factory                       Evaporation+GEM
Number of de-excitation channels                    68
Type of Fermi BreakUp model                         ModelVI
Min excitation energy                               0.01 keV 
Min energy per nucleon for multifragmentation       2e+05 MeV
Level density (1/MeV)                               0.075
Use simple level density model                      1
Use discrete excitation energy of the residual      0
Time limit for long lived isomeres                  1 ns 
Isomer production flag                              1
Internal e- conversion flag                         1
Store e- internal conversion data                   1
Correlated gamma emission flag                      0
Max 2J for sampling of angular correlations         10
=======================================================================

========= Table of registered couples ============================

Index : 0     used in the geometry : Yes
 Material : Galactic
 Range cuts        :  gamma  700 um     e-  700 um     e+  700 um  proton 700 um 
 Energy thresholds :  gamma  990 eV     e-  990 eV     e+  990 eV  proton 70 keV
 Region(s) which use this couple : 
    DefaultRegionForTheWorld

Index : 1     used in the geometry : Yes
 Material : Lead
 Range cuts        :  gamma  1 mm     e-  1 mm     e+  1 mm  proton 1 mm 
 Energy thresholds :  gamma  101.797 keV    e-  1.37158 MeV    e+  1.2826 MeV proton 100 keV
 Region(s) which use this couple : 
    Calor-A

Index : 2     used in the geometry : Yes
 Material : liquidArgon
 Range cuts        :  gamma  1 mm     e-  1 mm     e+  1 mm  proton 1 mm 
 Energy thresholds :  gamma  6.18871 keV    e-  346.448 keV    e+  335.412 keV proton 100 keV
 Region(s) which use this couple : 
    Calor-A

Index : 3     used in the geometry : Yes
 Material : Lead
 Range cuts        :  gamma  1 mm     e-  1 mm     e+  1 mm  proton 1 mm 
 Energy thresholds :  gamma  101.797 keV    e-  1.37158 MeV    e+  1.2826 MeV proton 100 keV
 Region(s) which use this couple : 
    Calor-B

Index : 4     used in the geometry : Yes
 Material : liquidArgon
 Range cuts        :  gamma  1 mm     e-  1 mm     e+  1 mm  proton 1 mm 
 Energy thresholds :  gamma  6.18871 keV    e-  346.448 keV    e+  335.412 keV proton 100 keV
 Region(s) which use this couple : 
    Calor-B

Index : 5     used in the geometry : Yes
 Material : Lead
 Range cuts        :  gamma  10 cm     e-  10 cm     e+  10 cm  proton 10 cm 
 Energy thresholds :  gamma  2.18143 MeV    e-  434.372 MeV    e+  405.824 MeV proton 10 MeV
 Region(s) which use this couple : 
    Calor-C

Index : 6     used in the geometry : Yes
 Material : liquidArgon
 Range cuts        :  gamma  10 cm     e-  10 cm     e+  10 cm  proton 10 cm 
 Energy thresholds :  gamma  56.4685 keV    e-  24.394 MeV    e+  22.815 MeV proton 10 MeV
 Region(s) which use this couple : 
    Calor-C

==================================================================

### Run 0 starts.
 Run terminated.
Run Summary
  Number of events processed : 10
  User=0.870000s Real=1.561236s Sys=0.690000s
############################################################
 Run Summary - Number of events : 10
############################################################
Region : Calor-A
 Production thresholds :
    gamma 1 mm     e- 1 mm     e+ 1 mm 
 Energy deposition in an event :
    Absorber 6.9581 GeV      Gap 786.932 MeV
 Number of secondaries in an event :
    gamma in Absorber 3129.2    in Gap 184.4
    e-    in Absorber 5106.9    in Gap 554.6
    e+    in Absorber 335.5    in Gap 11.4
 Minimum kinetic energy of generated secondaries :
    gamma in Absorber 98.7624 keV    in Gap 6.19077 keV
    e-    in Absorber 127.715 eV     in Gap 103.684 eV 
    e+    in Absorber 63.3905 eV     in Gap 145.646 keV
 Total track length of e+/e- in an event :
    Absorber 3.9916 m        Gap 2.87018 m  
 Total number of steps of e+/e- in an event :
    Absorber 13021.3      Gap 1948.9
------------------------------------------------------------
Scores in parallel geometry
layer   eDep/evt  nGamma/evt nElec/evt  nPosi/evt  stpLen/evt nStep/evt
       0    6911.56       3000     4298.1      298.2    5922.52    11824.7
       1    535.798      207.5      849.5       31.4     626.95     1975.2
       2     183.28       70.1        303       10.7    200.518      704.4
       3    65.8888       20.9      119.6        3.9    65.9286      278.1
       4    22.9011          8       42.7        1.4    19.7585       86.3
       5    10.8726          3       18.4        0.5    9.02431       39.9
       6    4.22219          1        8.1        0.2    3.01732       16.9
       7    1.63697        0.1        5.8        0.1    1.32966       11.6
       8    3.51372        1.3        5.2        0.3    2.82312       10.8
       9   0.540056        0.4        2.5          0   0.281303        4.3
      10    1.87688        0.3        2.9          0    2.15748        5.6
      11   0.430752        0.3        2.2        0.1   0.296712        3.7
      12   0.685862        0.1        1.3          0    1.25645        3.4
      13  0.0984057        0.2        0.2          0  0.0319632        0.4
      14   0.246579        0.2        0.4        0.1   0.125882        0.8
      15  0.0104261          0        0.1          0      2e-10        0.1
      16  0.0575393          0        0.3          0  0.0803451        0.6
      17   0.532103          0        0.3          0    2.40832        0.4
      18   0.871872        0.2        0.9          0    3.26628          3
      19 0.00407943          0          0          0          0          0
############################################################
Region : Calor-B
 Production thresholds :
    gamma 1 mm     e- 1 mm     e+ 1 mm 
 Energy deposition in an event :
    Absorber 2.4006 GeV      Gap 336.003 MeV
 Number of secondaries in an event :
    gamma in Absorber 542.2    in Gap 45.3
    e-    in Absorber 913.1    in Gap 126.1
    e+    in Absorber 54.8    in Gap 2.3
 Minimum kinetic energy of generated secondaries :
    gamma in Absorber 101.964 keV    in Gap 6.20835 keV
    e-    in Absorber 125.62 eV     in Gap 150.801 eV 
    e+    in Absorber 27.4794 keV    in Gap 531.673 keV
 Total track length of e+/e- in an event :
    Absorber 75.3438 cm       Gap 68.1513 cm 
 Total number of steps of e+/e- in an event :
    Absorber 2333.4      Gap 468.8
------------------------------------------------------------
Scores in parallel geometry
layer   eDep/evt  nGamma/evt nElec/evt  nPosi/evt  stpLen/evt nStep/evt
       0    2598.67      537.5      803.6       48.5    1263.56       2274
       1    91.5619       37.1      151.5        6.4    115.082      335.7
       2    28.0734        8.2       52.5        1.4     34.244      119.9
       3    10.7745        2.6       17.9        0.4    12.6959       40.3
       4    3.94312        1.4        7.4        0.3    3.68149       15.8
       5    2.37326        0.4        3.6        0.1    3.36526        8.7
       6   0.177585        0.1        0.7          0   0.272016        1.2
       7   0.798288        0.2        0.8          0    1.73713        4.9
       8   0.136512          0        0.6          0    0.27634        0.9
       9   0.018819          0        0.2          0  0.0120547        0.3
      10          0          0          0          0          0          0
      11 0.00307331          0          0          0          0          0
      12 0.00232964          0          0          0          0          0
      13 0.00245007          0          0          0          0          0
      14    0.03796          0        0.3          0  0.0189846        0.4
      15  0.0184635          0        0.1          0 0.00362734        0.1
      16 0.00375907          0          0          0          0          0
      17 0.000979808          0          0          0          0          0
      18 0.000388657          0          0          0          0          0
      19 0.000823766          0          0          0          0          0
############################################################
Region : Calor-C
 Production thresholds :
    gamma 10 cm     e- 10 cm     e+ 10 cm 
 Energy deposition in an event :
    Absorber 3.20342 GeV      Gap 327.996 MeV
 Number of secondaries in an event :
    gamma in Absorber 218.2    in Gap 19.5
    e-    in Absorber 392    in Gap 39.3
    e+    in Absorber 60.5    in Gap 2
 Minimum kinetic energy of generated secondaries :
    gamma in Absorber 240.528 keV    in Gap 58.8171 keV
    e-    in Absorber 388.825 eV     in Gap 223.439 eV 
    e+    in Absorber 47.4486 keV    in Gap 519.63 keV
 Total track length of e+/e- in an event :
    Absorber 65.1798 cm       Gap 40.3546 cm 
 Total number of steps of e+/e- in an event :
    Absorber 1110      Gap 158.5
------------------------------------------------------------
Scores in parallel geometry
layer   eDep/evt  nGamma/evt nElec/evt  nPosi/evt  stpLen/evt nStep/evt
       0    3407.41      215.4      298.9       54.2    935.538        969
       1    81.8132       15.4         79        5.7    79.0152      187.5
       2    27.0685        4.4       30.4        1.4    28.0489       62.9
       3    7.57359          1         11        0.6    6.30233       21.5
       4    4.75289        0.8        5.9        0.5     3.9798       12.7
       5    1.50566        0.3        2.6          0    1.41056        7.4
       6   0.417089          0        0.6          0   0.235822        1.7
       7    0.17407        0.2          1          0   0.157611        1.8
       8   0.435848          0        0.8        0.1   0.368456        1.8
       9  0.0295317          0        0.1          0  0.0143405        0.4
      10   0.079736        0.2        0.3          0  0.0896692        0.5
      11  0.0037013          0          0          0          0          0
      12  0.0274415          0        0.2          0  0.0137925        0.5
      13  0.0434875          0        0.2          0   0.139007        0.3
      14  0.0826924          0        0.3          0    0.03041        0.5
      15 0.00124977          0          0          0          0          0
      16 0.000426538          0          0          0          0          0
      17 0.000114315          0          0          0          0          0
      18 0.000419641          0          0          0          0          0
      19 0.000268489          0          0          0          0          0
############################################################
/run/dumpCouples

========= Table of registered couples ============================

Index : 0     used in the geometry : Yes
 Material : Galactic
 Range cuts        :  gamma  700 um     e-  700 um     e+  700 um  proton 700 um 
 Energy thresholds :  gamma  990 eV     e-  990 eV     e+  990 eV  proton 70 keV
 Region(s) which use this couple : 
    DefaultRegionForTheWorld

Index : 1     used in the geometry : Yes
 Material : Lead
 Range cuts        :  gamma  1 mm     e-  1 mm     e+  1 mm  proton 1 mm 
 Energy thresholds :  gamma  101.797 keV    e-  1.37158 MeV    e+  1.2826 MeV proton 100 keV
 Region(s) which use this couple : 
    Calor-A

Index : 2     used in the geometry : Yes
 Material : liquidArgon
 Range cuts        :  gamma  1 mm     e-  1 mm     e+  1 mm  proton 1 mm 
 Energy thresholds :  gamma  6.18871 keV    e-  346.448 keV    e+  335.412 keV proton 100 keV
 Region(s) which use this couple : 
    Calor-A

Index : 3     used in the geometry : Yes
 Material : Lead
 Range cuts        :  gamma  1 mm     e-  1 mm     e+  1 mm  proton 1 mm 
 Energy thresholds :  gamma  101.797 keV    e-  1.37158 MeV    e+  1.2826 MeV proton 100 keV
 Region(s) which use this couple : 
    Calor-B

Index : 4     used in the geometry : Yes
 Material : liquidArgon
 Range cuts        :  gamma  1 mm     e-  1 mm     e+  1 mm  proton 1 mm 
 Energy thresholds :  gamma  6.18871 keV    e-  346.448 keV    e+  335.412 keV proton 100 keV
 Region(s) which use this couple : 
    Calor-B

Index : 5     used in the geometry : Yes
 Material : Lead
 Range cuts        :  gamma  10 cm     e-  10 cm     e+  10 cm  proton 10 cm 
 Energy thresholds :  gamma  2.18143 MeV    e-  434.372 MeV    e+  405.824 MeV proton 10 MeV
 Region(s) which use this couple : 
    Calor-C

Index : 6     used in the geometry : Yes
 Material : liquidArgon
 Range cuts        :  gamma  10 cm     e-  10 cm     e+  10 cm  proton 10 cm 
 Energy thresholds :  gamma  56.4685 keV    e-  24.394 MeV    e+  22.815 MeV proton 10 MeV
 Region(s) which use this couple : 
    Calor-C

==================================================================

##
##
##
/run/setCutForRegion Calor-A 0.2 mm
/run/setCutForRegion Calor-B 2 mm
/run/setCutForRegion Calor-C 2 cm
/run/dumpRegion

Region <DefaultRegionForTheWorld> --  -- appears in <World> world volume
 This region is in the mass world.
 Root logical volume(s) : World 
 Pointers : G4VUserRegionInformation[0], G4UserLimits[0], G4FastSimulationManager[0], G4UserSteppingAction[0]
 Materials : Galactic 
 Production cuts :   gamma 700 um      e- 700 um      e+ 700 um  proton 700 um 

Region <DefaultRegionForParallelWorld> --  -- appears in <ParallelScoringWorld> world volume
 This region is in the parallel world.
 Root logical volume(s) : ParallelScoringWorld 
 Pointers : G4VUserRegionInformation[0], G4UserLimits[0], G4FastSimulationManager[0], G4UserSteppingAction[0]
 Materials : 
 Production cuts :   gamma 700 um      e- 700 um      e+ 700 um  proton 700 um 

Region <Calor-A> --  -- appears in <World> world volume
 This region is in the mass world.
 Root logical volume(s) : Calor-A 
 Pointers : G4VUserRegionInformation[0], G4UserLimits[0], G4FastSimulationManager[0], G4UserSteppingAction[0]
 Materials : Lead liquidArgon 
 Production cuts :   gamma 200 um      e- 200 um      e+ 200 um  proton 200 um 

Region <Calor-B> --  -- appears in <World> world volume
 This region is in the mass world.
 Root logical volume(s) : Calor-B 
 Pointers : G4VUserRegionInformation[0], G4UserLimits[0], G4FastSimulationManager[0], G4UserSteppingAction[0]
 Materials : Lead liquidArgon 
 Production cuts :   gamma 2 mm      e- 2 mm      e+ 2 mm  proton 2 mm 

Region <Calor-C> --  -- appears in <World> world volume
 This region is in the mass world.
 Root logical volume(s) : Calor-C 
 Pointers : G4VUserRegionInformation[0], G4UserLimits[0], G4FastSimulationManager[0], G4UserSteppingAction[0]
 Materials : Lead liquidArgon 
 Production cuts :   gamma 2 cm      e- 2 cm      e+ 2 cm  proton 2 cm 
/run/beamOn 10

========= Table of registered couples ============================

Index : 0     used in the geometry : Yes
 Material : Galactic
 Range cuts        :  gamma  700 um     e-  700 um     e+  700 um  proton 700 um 
 Energy thresholds :  gamma  990 eV     e-  990 eV     e+  990 eV  proton 70 keV
 Region(s) which use this couple : 
    DefaultRegionForTheWorld

Index : 1     used in the geometry : Yes
 Material : Lead
 Range cuts        :  gamma  200 um     e-  200 um     e+  200 um  proton 200 um 
 Energy thresholds :  gamma  47.4725 keV    e-  385.265 keV    e+  369.257 keV proton 20 keV
 Region(s) which use this couple : 
    Calor-A

Index : 2     used in the geometry : Yes
 Material : liquidArgon
 Range cuts        :  gamma  200 um     e-  200 um     e+  200 um  proton 200 um 
 Energy thresholds :  gamma  2.80452 keV    e-  124.871 keV    e+  122.461 keV proton 20 keV
 Region(s) which use this couple : 
    Calor-A

Index : 3     used in the geometry : Yes
 Material : Lead
 Range cuts        :  gamma  2 mm     e-  2 mm     e+  2 mm  proton 2 mm 
 Energy thresholds :  gamma  120.809 keV    e-  2.6349 MeV    e+  2.44155 MeV proton 200 keV
 Region(s) which use this couple : 
    Calor-B

Index : 4     used in the geometry : Yes
 Material : liquidArgon
 Range cuts        :  gamma  2 mm     e-  2 mm     e+  2 mm  proton 2 mm 
 Energy thresholds :  gamma  8.70246 keV    e-  565.305 keV    e+  542.903 keV proton 200 keV
 Region(s) which use this couple : 
    Calor-B

Index : 5     used in the geometry : Yes
 Material : Lead
 Range cuts        :  gamma  2 cm     e-  2 cm     e+  2 cm  proton 2 cm 
 Energy thresholds :  gamma  420.409 keV    e-  35.3542 MeV    e+  32.7564 MeV proton 2 MeV
 Region(s) which use this couple : 
    Calor-C

Index : 6     used in the geometry : Yes
 Material : liquidArgon
 Range cuts        :  gamma  2 cm     e-  2 cm     e+  2 cm  proton 2 cm 
 Energy thresholds :  gamma  26.9996 keV    e-  4.26713 MeV    e+  3.9897 MeV proton 2 MeV
 Region(s) which use this couple : 
    Calor-C

==================================================================

### Run 1 starts.
 Run terminated.
Run Summary
  Number of events processed : 10
  User=1.200000s Real=2.045502s Sys=0.840000s
############################################################
 Run Summary - Number of events : 10
############################################################
Region : Calor-A
 Production thresholds :
    gamma 200 um     e- 200 um     e+ 200 um 
 Energy deposition in an event :
    Absorber 2.99892 GeV      Gap 361.425 MeV
 Number of secondaries in an event :
    gamma in Absorber 1146.5    in Gap 60.4
    e-    in Absorber 1966.4    in Gap 269.4
    e+    in Absorber 91.5    in Gap 2.8
 Minimum kinetic energy of generated secondaries :
    gamma in Absorber 47.4873 keV    in Gap 2.83218 keV
    e-    in Absorber 2.23618 eV     in Gap 87.7686 meV
    e+    in Absorber 34.4878 keV    in Gap 319.786 keV
 Total track length of e+/e- in an event :
    Absorber 1.27577 m        Gap 83.0932 cm 
 Total number of steps of e+/e- in an event :
    Absorber 4813.1      Gap 766.8
------------------------------------------------------------
Scores in parallel geometry
layer   eDep/evt  nGamma/evt nElec/evt  nPosi/evt  stpLen/evt nStep/evt
       0    3125.17     1091.1     1805.9       79.7    1831.27     4598.9
       1    161.039       80.9      279.6       10.7    201.916      636.8
       2    45.2624       21.3       94.1        2.5    45.6449      205.8
       3    16.6428          9       33.1        0.9    17.7894       80.4
       4    7.25254        2.7       13.9        0.3     6.2048       33.6
       5    2.48799        0.6          5          0    2.07293       11.4
       6    1.20543        0.9        1.9        0.1   0.840891        4.8
       7   0.441688          0        0.9          0   0.259734        1.7
       8   0.296928          0        0.3          0   0.327947        4.5
       9   0.123673        0.1        0.3          0  0.0728576        0.6
      10  0.0392911          0        0.1          0  0.0156892        0.2
      11    0.32173        0.3        0.5        0.1   0.200725          1
      12 0.00671259          0          0          0          0          0
      13 0.00198061          0          0          0          0          0
      14 0.000371701          0          0          0          0          0
      15 0.000390794          0          0          0          0          0
      16 0.000758293          0          0          0          0          0
      17 0.000739141          0          0          0          0          0
      18 0.000340268          0          0          0          0          0
      19 0.00328401          0          0          0          0          0
############################################################
Region : Calor-B
 Production thresholds :
    gamma 2 mm     e- 2 mm     e+ 2 mm 
 Energy deposition in an event :
    Absorber 6.9848 GeV      Gap 763.168 MeV
 Number of secondaries in an event :
    gamma in Absorber 2910.5    in Gap 172.4
    e-    in Absorber 4790.3    in Gap 520.8
    e+    in Absorber 335.3    in Gap 10
 Minimum kinetic energy of generated secondaries :
    gamma in Absorber 120.839 keV    in Gap 8.7068 keV
    e-    in Absorber 106.619 eV     in Gap 137.679 eV 
    e+    in Absorber 2.88985 keV    in Gap 307.253 keV
 Total track length of e+/e- in an event :
    Absorber 3.92795 m        Gap 2.6925 m  
 Total number of steps of e+/e- in an event :
    Absorber 12094.4      Gap 1800.8
------------------------------------------------------------
Scores in parallel geometry
layer   eDep/evt  nGamma/evt nElec/evt  nPosi/evt  stpLen/evt nStep/evt
       0    6913.94     2793.9     3917.7        294    5690.25    10854.9
       1    539.415      196.9      861.5       33.9    625.503     1905.6
       2    175.392       56.9      295.4       10.7    186.386      649.9
       3    65.1063         20      125.6        3.9    60.3463        251
       4    27.0596        7.3       54.2        1.5    26.0481      114.2
       5    11.4078        3.4       22.5        0.7    13.2101       53.2
       6    4.35736        1.2        9.1        0.1    5.84464         17
       7    3.37744          1        7.7        0.2    2.80755       13.6
       8    1.40502        0.2          5          0    1.49451        7.5
       9    1.29836        0.4          3        0.1    2.04681        7.5
      10    1.04203        0.4        2.2        0.2   0.722791        6.7
      11    1.92494        0.6        2.7          0    2.81929        5.8
      12   0.320565        0.1        1.1          0   0.595359        1.9
      13   0.279901          0        0.6          0   0.219154        0.9
      14   0.483434        0.1        0.7          0    1.44701        1.6
      15   0.249998          0        0.5          0   0.158549        0.8
      16     0.2372        0.5        0.5          0   0.117155        1.2
      17   0.298933          0        0.6          0   0.163397        0.9
      18   0.183501          0        0.1          0   0.145595        0.2
      19   0.156528          0        0.1          0   0.115664        0.4
############################################################
Region : Calor-C
 Production thresholds :
    gamma 2 cm     e- 2 cm     e+ 2 cm 
 Energy deposition in an event :
    Absorber 4.18162 GeV      Gap 453.639 MeV
 Number of secondaries in an event :
    gamma in Absorber 898.1    in Gap 59.2
    e-    in Absorber 1657.9    in Gap 176.9
    e+    in Absorber 158.4    in Gap 5.1
 Minimum kinetic energy of generated secondaries :
    gamma in Absorber 150.88 keV    in Gap 27.1016 keV
    e-    in Absorber 344.202 eV     in Gap 122.041 eV 
    e+    in Absorber 8.75246 keV    in Gap 272.101 keV
 Total track length of e+/e- in an event :
    Absorber 1.7237 m        Gap 1.05808 m  
 Total number of steps of e+/e- in an event :
    Absorber 4136.2      Gap 627.5
------------------------------------------------------------
Scores in parallel geometry
layer   eDep/evt  nGamma/evt nElec/evt  nPosi/evt  stpLen/evt nStep/evt
       0    4253.18      872.4     1295.1      141.2    2399.09     3578.9
       1    248.744       58.8      331.5       14.9    245.311      733.5
       2    83.3579       17.6      117.8        4.6    81.3365      261.8
       3    29.6142          6       47.5        1.9    33.1029      104.3
       4    10.5584        1.7       21.8        0.7    10.1729       44.3
       5    5.05643        0.7       11.2        0.2    6.36433       19.9
       6    2.76512        0.1        4.5          0    3.72427        8.2
       7   0.734243          0        1.5          0    1.17088        5.7
       8   0.611689          0        1.5          0    1.12911        2.8
       9  0.0389939          0        0.3          0  0.0738868        0.3
      10   0.135073          0        0.8          0   0.111067        1.1
      11   0.108928          0        0.4          0  0.0522088        0.5
      12   0.189145          0        0.4          0    0.10192        0.7
      13   0.018685          0        0.1          0 0.000114222        0.1
      14 0.00640627          0          0          0          0          0
      15 0.00521251          0          0          0          0          0
      16 0.00901009          0          0          0          0          0
      17  0.0361402          0        0.1          0 0.00670694        1.2
      18 0.00579916          0          0          0          0          0
      19 0.00186962          0          0          0          0          0
############################################################
/run/dumpCouples

========= Table of registered couples ============================

Index : 0     used in the geometry : Yes
 Material : Galactic
 Range cuts        :  gamma  700 um     e-  700 um     e+  700 um  proton 700 um 
 Energy thresholds :  gamma  990 eV     e-  990 eV     e+  990 eV  proton 70 keV
 Region(s) which use this couple : 
    DefaultRegionForTheWorld

Index : 1     used in the geometry : Yes
 Material : Lead
 Range cuts        :  gamma  200 um     e-  200 um     e+  200 um  proton 200 um 
 Energy thresholds :  gamma  47.4725 keV    e-  385.265 keV    e+  369.257 keV proton 20 keV
 Region(s) which use this couple : 
    Calor-A

Index : 2     used in the geometry : Yes
 Material : liquidArgon
 Range cuts        :  gamma  200 um     e-  200 um     e+  200 um  proton 200 um 
 Energy thresholds :  gamma  2.80452 keV    e-  124.871 keV    e+  122.461 keV proton 20 keV
 Region(s) which use this couple : 
    Calor-A

Index : 3     used in the geometry : Yes
 Material : Lead
 Range cuts        :  gamma  2 mm     e-  2 mm     e+  2 mm  proton 2 mm 
 Energy thresholds :  gamma  120.809 keV    e-  2.6349 MeV    e+  2.44155 MeV proton 200 keV
 Region(s) which use this couple : 
    Calor-B

Index : 4     used in the geometry : Yes
 Material : liquidArgon
 Range cuts        :  gamma  2 mm     e-  2 mm     e+  2 mm  proton 2 mm 
 Energy thresholds :  gamma  8.70246 keV    e-  565.305 keV    e+  542.903 keV proton 200 keV
 Region(s) which use this couple : 
    Calor-B

Index : 5     used in the geometry : Yes
 Material : Lead
 Range cuts        :  gamma  2 cm     e-  2 cm     e+  2 cm  proton 2 cm 
 Energy thresholds :  gamma  420.409 keV    e-  35.3542 MeV    e+  32.7564 MeV proton 2 MeV
 Region(s) which use this couple : 
    Calor-C

Index : 6     used in the geometry : Yes
 Material : liquidArgon
 Range cuts        :  gamma  2 cm     e-  2 cm     e+  2 cm  proton 2 cm 
 Energy thresholds :  gamma  26.9996 keV    e-  4.26713 MeV    e+  3.9897 MeV proton 2 MeV
 Region(s) which use this couple : 
    Calor-C

==================================================================

##
##
##
/RE06/setAbsMat Aluminium
/run/geometryModified
/RE06/setGapMat Water
/run/geometryModified
/run/dumpRegion

Region <DefaultRegionForTheWorld> --  -- appears in <World> world volume
 This region is in the mass world.
 Root logical volume(s) : World 
 Pointers : G4VUserRegionInformation[0], G4UserLimits[0], G4FastSimulationManager[0], G4UserSteppingAction[0]
 Materials : Galactic 
 Production cuts :   gamma 700 um      e- 700 um      e+ 700 um  proton 700 um 

Region <DefaultRegionForParallelWorld> --  -- appears in <ParallelScoringWorld> world volume
 This region is in the parallel world.
 Root logical volume(s) : ParallelScoringWorld 
 Pointers : G4VUserRegionInformation[0], G4UserLimits[0], G4FastSimulationManager[0], G4UserSteppingAction[0]
 Materials : 
 Production cuts :   gamma 700 um      e- 700 um      e+ 700 um  proton 700 um 

Region <Calor-A> --  -- appears in <World> world volume
 This region is in the mass world.
 Root logical volume(s) : Calor-A 
 Pointers : G4VUserRegionInformation[0], G4UserLimits[0], G4FastSimulationManager[0], G4UserSteppingAction[0]
 Materials : Lead liquidArgon 
 Production cuts :   gamma 200 um      e- 200 um      e+ 200 um  proton 200 um 

Region <Calor-B> --  -- appears in <World> world volume
 This region is in the mass world.
 Root logical volume(s) : Calor-B 
 Pointers : G4VUserRegionInformation[0], G4UserLimits[0], G4FastSimulationManager[0], G4UserSteppingAction[0]
 Materials : Lead liquidArgon 
 Production cuts :   gamma 2 mm      e- 2 mm      e+ 2 mm  proton 2 mm 

Region <Calor-C> --  -- appears in <World> world volume
 This region is in the mass world.
 Root logical volume(s) : Calor-C 
 Pointers : G4VUserRegionInformation[0], G4UserLimits[0], G4FastSimulationManager[0], G4UserSteppingAction[0]
 Materials : Lead liquidArgon 
 Production cuts :   gamma 2 cm      e- 2 cm      e+ 2 cm  proton 2 cm 
/run/beamOn 10

========= Table of registered couples ============================

Index : 0     used in the geometry : Yes
 Material : Galactic
 Range cuts        :  gamma  700 um     e-  700 um     e+  700 um  proton 700 um 
 Energy thresholds :  gamma  990 eV     e-  990 eV     e+  990 eV  proton 70 keV
 Region(s) which use this couple : 
    DefaultRegionForTheWorld

Index : 1     used in the geometry : No 
 Material : Lead
 Range cuts        :  gamma  200 um     e-  200 um     e+  200 um  proton 200 um 
 Energy thresholds :  gamma  47.4725 keV    e-  385.265 keV    e+  369.257 keV proton 20 keV

Index : 2     used in the geometry : No 
 Material : liquidArgon
 Range cuts        :  gamma  200 um     e-  200 um     e+  200 um  proton 200 um 
 Energy thresholds :  gamma  2.80452 keV    e-  124.871 keV    e+  122.461 keV proton 20 keV

Index : 3     used in the geometry : No 
 Material : Lead
 Range cuts        :  gamma  2 mm     e-  2 mm     e+  2 mm  proton 2 mm 
 Energy thresholds :  gamma  120.809 keV    e-  2.6349 MeV    e+  2.44155 MeV proton 200 keV

Index : 4     used in the geometry : No 
 Material : liquidArgon
 Range cuts        :  gamma  2 mm     e-  2 mm     e+  2 mm  proton 2 mm 
 Energy thresholds :  gamma  8.70246 keV    e-  565.305 keV    e+  542.903 keV proton 200 keV

Index : 5     used in the geometry : No 
 Material : Lead
 Range cuts        :  gamma  2 cm     e-  2 cm     e+  2 cm  proton 2 cm 
 Energy thresholds :  gamma  420.409 keV    e-  35.3542 MeV    e+  32.7564 MeV proton 2 MeV

Index : 6     used in the geometry : No 
 Material : liquidArgon
 Range cuts        :  gamma  2 cm     e-  2 cm     e+  2 cm  proton 2 cm 
 Energy thresholds :  gamma  26.9996 keV    e-  4.26713 MeV    e+  3.9897 MeV proton 2 MeV

Index : 7     used in the geometry : Yes
 Material : Aluminium
 Range cuts        :  gamma  200 um     e-  200 um     e+  200 um  proton 200 um 
 Energy thresholds :  gamma  3.2447 keV    e-  200.849 keV    e+  196.186 keV proton 20 keV
 Region(s) which use this couple : 
    Calor-A

Index : 8     used in the geometry : Yes
 Material : Water
 Range cuts        :  gamma  200 um     e-  200 um     e+  200 um  proton 200 um 
 Energy thresholds :  gamma  1.48826 keV    e-  127.799 keV    e+  125.715 keV proton 20 keV
 Region(s) which use this couple : 
    Calor-A

Index : 9     used in the geometry : Yes
 Material : Aluminium
 Range cuts        :  gamma  2 mm     e-  2 mm     e+  2 mm  proton 2 mm 
 Energy thresholds :  gamma  9.58219 keV    e-  1.02736 MeV    e+  978.452 keV proton 200 keV
 Region(s) which use this couple : 
    Calor-B

Index : 10     used in the geometry : Yes
 Material : Water
 Range cuts        :  gamma  2 mm     e-  2 mm     e+  2 mm  proton 2 mm 
 Energy thresholds :  gamma  3.93438 keV    e-  570.752 keV    e+  551.005 keV proton 200 keV
 Region(s) which use this couple : 
    Calor-B

Index : 11     used in the geometry : Yes
 Material : Aluminium
 Range cuts        :  gamma  2 cm     e-  2 cm     e+  2 cm  proton 2 cm 
 Energy thresholds :  gamma  28.2395 keV    e-  9.46665 MeV    e+  8.85307 MeV proton 2 MeV
 Region(s) which use this couple : 
    Calor-C

Index : 12     used in the geometry : Yes
 Material : Water
 Range cuts        :  gamma  2 cm     e-  2 cm     e+  2 cm  proton 2 cm 
 Energy thresholds :  gamma  10.4333 keV    e-  4.19713 MeV    e+  3.955 MeV proton 2 MeV
 Region(s) which use this couple : 
    Calor-C

==================================================================

### Run 2 starts.
 Run terminated.
Run Summary
  Number of events processed : 10
  User=0.160000s Real=0.292568s Sys=0.130000s
############################################################
 Run Summary - Number of events : 10
############################################################
Region : Calor-A
 Production thresholds :
    gamma 200 um     e- 200 um     e+ 200 um 
 Energy deposition in an event :
    Absorber 644.326 MeV      Gap 288.385 MeV
 Number of secondaries in an event :
    gamma in Absorber 57.6    in Gap 21.6
    e-    in Absorber 396.4    in Gap 212.1
    e+    in Absorber 2.6    in Gap 0.3
 Minimum kinetic energy of generated secondaries :
    gamma in Absorber 3.25503 keV    in Gap 1.48873 keV
    e-    in Absorber 109.397 eV     in Gap 122.519 eV 
    e+    in Absorber 745.04 keV    in Gap 13.4986 keV
 Total track length of e+/e- in an event :
    Absorber 61.086 cm       Gap 61.4259 cm 
 Total number of steps of e+/e- in an event :
    Absorber 800      Gap 456.5
------------------------------------------------------------
Scores in parallel geometry
layer   eDep/evt  nGamma/evt nElec/evt  nPosi/evt  stpLen/evt nStep/evt
       0    856.408       58.8      324.7        1.6    994.679      780.8
       1     50.953       15.2       93.8        0.9    162.878      190.9
       2    13.4011        3.4       61.6        0.2    39.7888      105.6
       3    5.79687        0.9       42.2        0.1    17.0091       62.1
       4    1.74604        0.1       29.3          0    3.23441       40.5
       5    1.32691          0       21.8          0    1.95636       28.1
       6    1.33396        0.3       14.4          0    2.30559       19.4
       7   0.887312        0.2        9.7        0.1    1.68762       12.9
       8   0.618637        0.3        6.2          0    1.21964        9.7
       9  0.0586133          0        1.8          0  0.0414217        2.1
      10  0.0117928          0        0.6          0  0.0077398        0.9
      11  0.0876549          0        0.8          0   0.225462        1.3
      12 0.00426186          0        0.1          0 0.00153622        0.2
      13  0.0134542          0          1          0 0.00468997        1.1
      14 0.00836524          0        0.2          0 0.00239492        0.5
      15          0          0          0          0          0          0
      16          0          0          0          0          0          0
      17  0.0081778          0        0.1          0  0.0100315        0.1
      18  0.0468445          0        0.2          0  0.0671543        0.3
      19          0          0          0          0          0          0
############################################################
Region : Calor-B
 Production thresholds :
    gamma 2 mm     e- 2 mm     e+ 2 mm 
 Energy deposition in an event :
    Absorber 746.107 MeV      Gap 333.757 MeV
 Number of secondaries in an event :
    gamma in Absorber 79.8    in Gap 24.4
    e-    in Absorber 439.4    in Gap 199.6
    e+    in Absorber 4.4    in Gap 1.1
 Minimum kinetic energy of generated secondaries :
    gamma in Absorber 9.62487 keV    in Gap 4.03037 keV
    e-    in Absorber 103.156 eV     in Gap 106.716 eV 
    e+    in Absorber 283.518 keV    in Gap 347.606 keV
 Total track length of e+/e- in an event :
    Absorber 77.5364 cm       Gap 79.4708 cm 
 Total number of steps of e+/e- in an event :
    Absorber 889      Gap 445.5
------------------------------------------------------------
Scores in parallel geometry
layer   eDep/evt  nGamma/evt nElec/evt  nPosi/evt  stpLen/evt nStep/evt
       0    962.018       77.9      165.8        3.3    1220.35      593.3
       1    47.5116       12.2      113.1          1    153.644      201.1
       2    24.6413        4.5       96.5        0.5    75.6549      153.9
       3    19.3812        4.4       79.9        0.3    54.5776      126.1
       4    10.8009        1.9       59.1        0.3    32.5407       85.7
       5    7.50707        1.9       40.3        0.1    17.4173       62.2
       6    2.45885        0.5         28          0    4.34204       36.8
       7   0.756136          0       20.9          0   0.628852       25.7
       8   0.883264        0.1        9.6          0    1.42317       13.1
       9    1.39425        0.1        5.8          0    4.25089          9
      10   0.680069        0.5        5.7          0    1.26895        8.3
      11   0.676793        0.2        4.8          0    1.49216          6
      12   0.467289          0        3.1          0   0.884242        5.1
      13   0.123404          0        3.7          0   0.114543        4.1
      14  0.0552107          0        1.1          0  0.0855981        1.5
      15   0.315541          0        0.8          0   0.718273        1.2
      16 0.00757468          0        0.1          0 0.00343106        0.3
      17  0.0298377          0        0.3          0  0.0646279        0.3
      18 0.00790818          0        0.1          0 0.00459273        0.2
      19          0          0          0          0          0          0
############################################################
Region : Calor-C
 Production thresholds :
    gamma 2 cm     e- 2 cm     e+ 2 cm 
 Energy deposition in an event :
    Absorber 599.385 MeV      Gap 260.525 MeV
 Number of secondaries in an event :
    gamma in Absorber 27.5    in Gap 8.5
    e-    in Absorber 155.8    in Gap 71.7
    e+    in Absorber 2    in Gap 0.6
 Minimum kinetic energy of generated secondaries :
    gamma in Absorber 28.8541 keV    in Gap 10.6362 keV
    e-    in Absorber 193.839 eV     in Gap 114.689 eV 
    e+    in Absorber 1.53748 MeV    in Gap 632.226 keV
 Total track length of e+/e- in an event :
    Absorber 31.9575 cm       Gap 32.3957 cm 
 Total number of steps of e+/e- in an event :
    Absorber 303.2      Gap 150.6
------------------------------------------------------------
Scores in parallel geometry
layer   eDep/evt  nGamma/evt nElec/evt  nPosi/evt  stpLen/evt nStep/evt
       0    816.025       24.8       45.1          2    524.788      170.5
       1    22.2593        8.1       48.3        0.5    64.2441       86.6
       2    11.3991        2.2       40.3        0.1    31.0807       65.2
       3    4.14235        0.5       27.3          0    11.5934       39.3
       4    1.52666        0.2       18.3          0    2.86792       27.5
       5   0.709436          0        9.6          0    1.01892       13.6
       6   0.919405        0.2       11.5          0    1.50059       14.3
       7    1.32011          0        5.7          0    3.09484          9
       8   0.456497          0        5.5          0    1.36078        7.4
       9   0.183855          0        6.3          0  0.0950002        8.3
      10   0.265237          0          3          0   0.558846        4.4
      11   0.176571          0        1.8          0   0.365143        2.1
      12  0.0722759          0        0.9          0   0.100131          1
      13  0.0650182          0        0.9          0  0.0798171        1.2
      14  0.0374837          0        0.4          0  0.0423425        0.4
      15  0.0334949          0        0.3          0  0.0456069        0.3
      16  0.0612253          0        0.4          0   0.151328        0.4
      17 0.00734249          0        0.1          0 0.00411645        0.1
      18   0.147787          0        0.9          0   0.286914        1.1
      19  0.0171114          0        0.5          0 0.00684145        0.6
############################################################
/run/dumpCouples

========= Table of registered couples ============================

Index : 0     used in the geometry : Yes
 Material : Galactic
 Range cuts        :  gamma  700 um     e-  700 um     e+  700 um  proton 700 um 
 Energy thresholds :  gamma  990 eV     e-  990 eV     e+  990 eV  proton 70 keV
 Region(s) which use this couple : 
    DefaultRegionForTheWorld

Index : 1     used in the geometry : No 
 Material : Lead
 Range cuts        :  gamma  200 um     e-  200 um     e+  200 um  proton 200 um 
 Energy thresholds :  gamma  47.4725 keV    e-  385.265 keV    e+  369.257 keV proton 20 keV

Index : 2     used in the geometry : No 
 Material : liquidArgon
 Range cuts        :  gamma  200 um     e-  200 um     e+  200 um  proton 200 um 
 Energy thresholds :  gamma  2.80452 keV    e-  124.871 keV    e+  122.461 keV proton 20 keV

Index : 3     used in the geometry : No 
 Material : Lead
 Range cuts        :  gamma  2 mm     e-  2 mm     e+  2 mm  proton 2 mm 
 Energy thresholds :  gamma  120.809 keV    e-  2.6349 MeV    e+  2.44155 MeV proton 200 keV

Index : 4     used in the geometry : No 
 Material : liquidArgon
 Range cuts        :  gamma  2 mm     e-  2 mm     e+  2 mm  proton 2 mm 
 Energy thresholds :  gamma  8.70246 keV    e-  565.305 keV    e+  542.903 keV proton 200 keV

Index : 5     used in the geometry : No 
 Material : Lead
 Range cuts        :  gamma  2 cm     e-  2 cm     e+  2 cm  proton 2 cm 
 Energy thresholds :  gamma  420.409 keV    e-  35.3542 MeV    e+  32.7564 MeV proton 2 MeV

Index : 6     used in the geometry : No 
 Material : liquidArgon
 Range cuts        :  gamma  2 cm     e-  2 cm     e+  2 cm  proton 2 cm 
 Energy thresholds :  gamma  26.9996 keV    e-  4.26713 MeV    e+  3.9897 MeV proton 2 MeV

Index : 7     used in the geometry : Yes
 Material : Aluminium
 Range cuts        :  gamma  200 um     e-  200 um     e+  200 um  proton 200 um 
 Energy thresholds :  gamma  3.2447 keV    e-  200.849 keV    e+  196.186 keV proton 20 keV
 Region(s) which use this couple : 
    Calor-A

Index : 8     used in the geometry : Yes
 Material : Water
 Range cuts        :  gamma  200 um     e-  200 um     e+  200 um  proton 200 um 
 Energy thresholds :  gamma  1.48826 keV    e-  127.799 keV    e+  125.715 keV proton 20 keV
 Region(s) which use this couple : 
    Calor-A

Index : 9     used in the geometry : Yes
 Material : Aluminium
 Range cuts        :  gamma  2 mm     e-  2 mm     e+  2 mm  proton 2 mm 
 Energy thresholds :  gamma  9.58219 keV    e-  1.02736 MeV    e+  978.452 keV proton 200 keV
 Region(s) which use this couple : 
    Calor-B

Index : 10     used in the geometry : Yes
 Material : Water
 Range cuts        :  gamma  2 mm     e-  2 mm     e+  2 mm  proton 2 mm 
 Energy thresholds :  gamma  3.93438 keV    e-  570.752 keV    e+  551.005 keV proton 200 keV
 Region(s) which use this couple : 
    Calor-B

Index : 11     used in the geometry : Yes
 Material : Aluminium
 Range cuts        :  gamma  2 cm     e-  2 cm     e+  2 cm  proton 2 cm 
 Energy thresholds :  gamma  28.2395 keV    e-  9.46665 MeV    e+  8.85307 MeV proton 2 MeV
 Region(s) which use this couple : 
    Calor-C

Index : 12     used in the geometry : Yes
 Material : Water
 Range cuts        :  gamma  2 cm     e-  2 cm     e+  2 cm  proton 2 cm 
 Energy thresholds :  gamma  10.4333 keV    e-  4.19713 MeV    e+  3.955 MeV proton 2 MeV
 Region(s) which use this couple : 
    Calor-C

==================================================================

##
##
##
/run/setCutForRegion Calor-A 0.01 mm
/run/setCutForRegion Calor-B 0.1 mm
/run/setCutForRegion Calor-C 1 mm
/run/dumpRegion

Region <DefaultRegionForTheWorld> --  -- appears in <World> world volume
 This region is in the mass world.
 Root logical volume(s) : World 
 Pointers : G4VUserRegionInformation[0], G4UserLimits[0], G4FastSimulationManager[0], G4UserSteppingAction[0]
 Materials : Galactic 
 Production cuts :   gamma 700 um      e- 700 um      e+ 700 um  proton 700 um 

Region <DefaultRegionForParallelWorld> --  -- appears in <ParallelScoringWorld> world volume
 This region is in the parallel world.
 Root logical volume(s) : ParallelScoringWorld 
 Pointers : G4VUserRegionInformation[0], G4UserLimits[0], G4FastSimulationManager[0], G4UserSteppingAction[0]
 Materials : 
 Production cuts :   gamma 700 um      e- 700 um      e+ 700 um  proton 700 um 

Region <Calor-A> --  -- appears in <World> world volume
 This region is in the mass world.
 Root logical volume(s) : Calor-A 
 Pointers : G4VUserRegionInformation[0], G4UserLimits[0], G4FastSimulationManager[0], G4UserSteppingAction[0]
 Materials : Aluminium Water 
 Production cuts :   gamma 10 um      e- 10 um      e+ 10 um  proton 10 um 

Region <Calor-B> --  -- appears in <World> world volume
 This region is in the mass world.
 Root logical volume(s) : Calor-B 
 Pointers : G4VUserRegionInformation[0], G4UserLimits[0], G4FastSimulationManager[0], G4UserSteppingAction[0]
 Materials : Aluminium Water 
 Production cuts :   gamma 100 um      e- 100 um      e+ 100 um  proton 100 um 

Region <Calor-C> --  -- appears in <World> world volume
 This region is in the mass world.
 Root logical volume(s) : Calor-C 
 Pointers : G4VUserRegionInformation[0], G4UserLimits[0], G4FastSimulationManager[0], G4UserSteppingAction[0]
 Materials : Aluminium Water 
 Production cuts :   gamma 1 mm      e- 1 mm      e+ 1 mm  proton 1 mm 
/run/beamOn 10

========= Table of registered couples ============================

Index : 0     used in the geometry : Yes
 Material : Galactic
 Range cuts        :  gamma  700 um     e-  700 um     e+  700 um  proton 700 um 
 Energy thresholds :  gamma  990 eV     e-  990 eV     e+  990 eV  proton 70 keV
 Region(s) which use this couple : 
    DefaultRegionForTheWorld

Index : 1     used in the geometry : No 
 Material : Lead
 Range cuts        :  gamma  10 um     e-  10 um     e+  10 um  proton 10 um 
 Energy thresholds :  gamma  5.98493 keV    e-  57.9161 keV    e+  56.8459 keV proton 1 keV

Index : 2     used in the geometry : No 
 Material : liquidArgon
 Range cuts        :  gamma  10 um     e-  10 um     e+  10 um  proton 10 um 
 Energy thresholds :  gamma  990 eV     e-  14.1198 keV    e+  13.8296 keV proton 1 keV

Index : 3     used in the geometry : No 
 Material : Lead
 Range cuts        :  gamma  100 um     e-  100 um     e+  100 um  proton 100 um 
 Energy thresholds :  gamma  29.3967 keV    e-  240.662 keV    e+  232.588 keV proton 10 keV

Index : 4     used in the geometry : No 
 Material : liquidArgon
 Range cuts        :  gamma  100 um     e-  100 um     e+  100 um  proton 100 um 
 Energy thresholds :  gamma  1.99465 keV    e-  82.6985 keV    e+  81.3776 keV proton 10 keV

Index : 5     used in the geometry : No 
 Material : Lead
 Range cuts        :  gamma  1 mm     e-  1 mm     e+  1 mm  proton 1 mm 
 Energy thresholds :  gamma  101.797 keV    e-  1.37158 MeV    e+  1.2826 MeV proton 100 keV

Index : 6     used in the geometry : No 
 Material : liquidArgon
 Range cuts        :  gamma  1 mm     e-  1 mm     e+  1 mm  proton 1 mm 
 Energy thresholds :  gamma  6.18871 keV    e-  346.448 keV    e+  335.412 keV proton 100 keV

Index : 7     used in the geometry : Yes
 Material : Aluminium
 Range cuts        :  gamma  10 um     e-  10 um     e+  10 um  proton 10 um 
 Energy thresholds :  gamma  990 eV     e-  34.1132 keV    e+  33.7298 keV proton 1 keV
 Region(s) which use this couple : 
    Calor-A

Index : 8     used in the geometry : Yes
 Material : Water
 Range cuts        :  gamma  10 um     e-  10 um     e+  10 um  proton 10 um 
 Energy thresholds :  gamma  990 eV     e-  13.8329 keV    e+  13.5653 keV proton 1 keV
 Region(s) which use this couple : 
    Calor-A

Index : 9     used in the geometry : Yes
 Material : Aluminium
 Range cuts        :  gamma  100 um     e-  100 um     e+  100 um  proton 100 um 
 Energy thresholds :  gamma  2.34198 keV    e-  131.247 keV    e+  128.775 keV proton 10 keV
 Region(s) which use this couple : 
    Calor-B

Index : 10     used in the geometry : Yes
 Material : Water
 Range cuts        :  gamma  100 um     e-  100 um     e+  100 um  proton 100 um 
 Energy thresholds :  gamma  1.11063 keV    e-  85.0315 keV    e+  83.8894 keV proton 10 keV
 Region(s) which use this couple : 
    Calor-B

Index : 11     used in the geometry : Yes
 Material : Aluminium
 Range cuts        :  gamma  1 mm     e-  1 mm     e+  1 mm  proton 1 mm 
 Energy thresholds :  gamma  6.91691 keV    e-  597.603 keV    e+  574.29 keV proton 100 keV
 Region(s) which use this couple : 
    Calor-C

Index : 12     used in the geometry : Yes
 Material : Water
 Range cuts        :  gamma  1 mm     e-  1 mm     e+  1 mm  proton 1 mm 
 Energy thresholds :  gamma  2.93515 keV    e-  351.291 keV    e+  341.598 keV proton 100 keV
 Region(s) which use this couple : 
    Calor-C

==================================================================

### Run 3 starts.
 Run terminated.
Run Summary
  Number of events processed : 10
  User=0.230000s Real=0.390522s Sys=0.170000s
############################################################
 Run Summary - Number of events : 10
############################################################
Region : Calor-A
 Production thresholds :
    gamma 10 um     e- 10 um     e+ 10 um 
 Energy deposition in an event :
    Absorber 603.806 MeV      Gap 252.83 MeV
 Number of secondaries in an event :
    gamma in Absorber 66.2    in Gap 13.8
    e-    in Absorber 1109.5    in Gap 997.1
    e+    in Absorber 2.3    in Gap 0.3
 Minimum kinetic energy of generated secondaries :
    gamma in Absorber 1.01476 keV    in Gap 992.521 eV 
    e-    in Absorber 16.1009 eV     in Gap 100.771 eV 
    e+    in Absorber 317.963 keV    in Gap 4.43265 MeV
 Total track length of e+/e- in an event :
    Absorber 54.9898 cm       Gap 44.6044 cm 
 Total number of steps of e+/e- in an event :
    Absorber 1719.2      Gap 1440.3
------------------------------------------------------------
Scores in parallel geometry
layer   eDep/evt  nGamma/evt nElec/evt  nPosi/evt  stpLen/evt nStep/evt
       0    817.387       71.5     1836.2        2.1    880.758     2701.8
       1    20.3669        5.2       93.5        0.3    67.7505      174.4
       2    6.70074        1.3       58.2          0    16.3769       99.3
       3      3.048        0.2       33.5        0.1     6.3517       50.2
       4    4.10255        0.7       32.6          0    12.2513         52
       5    1.26388        0.5       13.1          0    2.72764       22.4
       6    1.66488        0.3       13.6        0.1    5.56112       21.7
       7   0.540444          0        8.2          0    1.29871       12.5
       8   0.211984        0.1        4.6          0   0.178692        7.1
       9   0.245076          0        4.3          0   0.290876        5.7
      10   0.611998          0        4.5          0    1.38916        6.3
      11   0.134351        0.1        1.6          0   0.261474        2.1
      12  0.0400454          0        0.2          0   0.134062        0.3
      13 0.00115353          0        0.1          0 0.000168775        0.1
      14  0.0455234        0.1        0.5          0  0.0506344        0.9
      15  0.0135073          0        0.4          0 0.00430451        0.7
      16 0.00516316          0        0.3          0 0.00164946        0.3
      17  0.0144904          0        0.1          0  0.0131232        0.1
      18  0.0137701          0        0.2          0 0.00826109        0.2
      19          0          0          0          0          0          0
############################################################
Region : Calor-B
 Production thresholds :
    gamma 100 um     e- 100 um     e+ 100 um 
 Energy deposition in an event :
    Absorber 531.48 MeV      Gap 239.314 MeV
 Number of secondaries in an event :
    gamma in Absorber 32.7    in Gap 11.2
    e-    in Absorber 317.1    in Gap 179.2
    e+    in Absorber 0.8    in Gap 0.3
 Minimum kinetic energy of generated secondaries :
    gamma in Absorber 2.34944 keV    in Gap 1.19496 keV
    e-    in Absorber 102.904 eV     in Gap 186.375 eV 
    e+    in Absorber 5.50748 MeV    in Gap 289.357 keV
 Total track length of e+/e- in an event :
    Absorber 34.6006 cm       Gap 36.2605 cm 
 Total number of steps of e+/e- in an event :
    Absorber 586.6      Gap 345.5
------------------------------------------------------------
Scores in parallel geometry
layer   eDep/evt  nGamma/evt nElec/evt  nPosi/evt  stpLen/evt nStep/evt
       0    747.338       36.8      370.7        0.8    636.574      734.2
       1    12.0188        4.5       42.8        0.1     40.861       74.7
       2    2.65257        1.5       23.6        0.1    7.36701       36.1
       3    5.10987        0.6       21.3        0.1     14.244       32.7
       4   0.937798        0.1       15.6          0    1.55519       21.4
       5   0.767695        0.2        7.7          0    2.57353       12.5
       6   0.409683          0        5.7          0   0.854964        7.6
       7   0.169421          0        1.8          0   0.332236        2.5
       8   0.411487        0.1        2.2          0   0.900655        3.1
       9  0.0121436          0        0.6          0 0.00388922          1
      10  0.0525989          0        0.9          0  0.0677229        1.3
      11  0.0676328          0        0.9          0    0.10737          1
      12   0.789005        0.1        1.4          0     3.1177        2.6
      13  0.0032558          0        0.2          0 0.00174154        0.2
      14  0.0125026          0        0.1          0  0.0206129        0.1
      15 0.00385213          0        0.1          0 0.00194767        0.3
      16 0.00276707          0        0.3          0 0.00062541        0.3
      17  0.0187357          0        0.3          0  0.0116599        0.4
      18  0.0159559          0        0.1          0  0.0150272        0.1
      19          0          0          0          0          0          0
############################################################
Region : Calor-C
 Production thresholds :
    gamma 1 mm     e- 1 mm     e+ 1 mm 
 Energy deposition in an event :
    Absorber 563.451 MeV      Gap 240.368 MeV
 Number of secondaries in an event :
    gamma in Absorber 26.3    in Gap 6.9
    e-    in Absorber 158.3    in Gap 76.4
    e+    in Absorber 0.4    in Gap 0.4
 Minimum kinetic energy of generated secondaries :
    gamma in Absorber 7.07962 keV    in Gap 3.16081 keV
    e-    in Absorber 100.51 eV     in Gap 141.329 eV 
    e+    in Absorber 2.34546 MeV    in Gap 475.521 keV
 Total track length of e+/e- in an event :
    Absorber 28.5014 cm       Gap 28.2429 cm 
 Total number of steps of e+/e- in an event :
    Absorber 367.4      Gap 209.6
------------------------------------------------------------
Scores in parallel geometry
layer   eDep/evt  nGamma/evt nElec/evt  nPosi/evt  stpLen/evt nStep/evt
       0    748.953       28.4      114.2        0.5     517.42      384.9
       1    12.4672        3.4       40.6        0.2    29.3584       70.1
       2    18.6549        0.5       22.8        0.1    7.38029       35.9
       3    1.67391        0.4       17.4          0    3.85521       26.7
       4    3.96684        0.3       12.7          0      3.019         19
       5    6.68706        0.1         11          0    1.80316       17.5
       6     9.7799          0        3.3          0    0.38825        4.9
       7   0.404723        0.1        3.6          0    1.18971        4.8
       8   0.994615          0        3.8          0    2.83775        5.6
       9   0.137114          0        2.2          0    0.11771        3.4
      10  0.0610563          0        1.6          0  0.0532423        2.4
      11  0.0153539          0        0.9          0 0.00547468        1.1
      12 0.00192396          0        0.1          0 0.000406682        0.1
      13          0          0          0          0          0          0
      14 0.00508141          0        0.2          0 0.00277391        0.2
      15  0.0162556          0        0.3          0  0.0106814        0.4
      16          0          0          0          0          0          0
      17          0          0          0          0          0          0
      18          0          0          0          0          0          0
      19          0          0          0          0          0          0
############################################################
/run/dumpCouples

========= Table of registered couples ============================

Index : 0     used in the geometry : Yes
 Material : Galactic
 Range cuts        :  gamma  700 um     e-  700 um     e+  700 um  proton 700 um 
 Energy thresholds :  gamma  990 eV     e-  990 eV     e+  990 eV  proton 70 keV
 Region(s) which use this couple : 
    DefaultRegionForTheWorld

Index : 1     used in the geometry : No 
 Material : Lead
 Range cuts        :  gamma  10 um     e-  10 um     e+  10 um  proton 10 um 
 Energy thresholds :  gamma  5.98493 keV    e-  57.9161 keV    e+  56.8459 keV proton 1 keV

Index : 2     used in the geometry : No 
 Material : liquidArgon
 Range cuts        :  gamma  10 um     e-  10 um     e+  10 um  proton 10 um 
 Energy thresholds :  gamma  990 eV     e-  14.1198 keV    e+  13.8296 keV proton 1 keV

Index : 3     used in the geometry : No 
 Material : Lead
 Range cuts        :  gamma  100 um     e-  100 um     e+  100 um  proton 100 um 
 Energy thresholds :  gamma  29.3967 keV    e-  240.662 keV    e+  232.588 keV proton 10 keV

Index : 4     used in the geometry : No 
 Material : liquidArgon
 Range cuts        :  gamma  100 um     e-  100 um     e+  100 um  proton 100 um 
 Energy thresholds :  gamma  1.99465 keV    e-  82.6985 keV    e+  81.3776 keV proton 10 keV

Index : 5     used in the geometry : No 
 Material : Lead
 Range cuts        :  gamma  1 mm     e-  1 mm     e+  1 mm  proton 1 mm 
 Energy thresholds :  gamma  101.797 keV    e-  1.37158 MeV    e+  1.2826 MeV proton 100 keV

Index : 6     used in the geometry : No 
 Material : liquidArgon
 Range cuts        :  gamma  1 mm     e-  1 mm     e+  1 mm  proton 1 mm 
 Energy thresholds :  gamma  6.18871 keV    e-  346.448 keV    e+  335.412 keV proton 100 keV

Index : 7     used in the geometry : Yes
 Material : Aluminium
 Range cuts        :  gamma  10 um     e-  10 um     e+  10 um  proton 10 um 
 Energy thresholds :  gamma  990 eV     e-  34.1132 keV    e+  33.7298 keV proton 1 keV
 Region(s) which use this couple : 
    Calor-A

Index : 8     used in the geometry : Yes
 Material : Water
 Range cuts        :  gamma  10 um     e-  10 um     e+  10 um  proton 10 um 
 Energy thresholds :  gamma  990 eV     e-  13.8329 keV    e+  13.5653 keV proton 1 keV
 Region(s) which use this couple : 
    Calor-A

Index : 9     used in the geometry : Yes
 Material : Aluminium
 Range cuts        :  gamma  100 um     e-  100 um     e+  100 um  proton 100 um 
 Energy thresholds :  gamma  2.34198 keV    e-  131.247 keV    e+  128.775 keV proton 10 keV
 Region(s) which use this couple : 
    Calor-B

Index : 10     used in the geometry : Yes
 Material : Water
 Range cuts        :  gamma  100 um     e-  100 um     e+  100 um  proton 100 um 
 Energy thresholds :  gamma  1.11063 keV    e-  85.0315 keV    e+  83.8894 keV proton 10 keV
 Region(s) which use this couple : 
    Calor-B

Index : 11     used in the geometry : Yes
 Material : Aluminium
 Range cuts        :  gamma  1 mm     e-  1 mm     e+  1 mm  proton 1 mm 
 Energy thresholds :  gamma  6.91691 keV    e-  597.603 keV    e+  574.29 keV proton 100 keV
 Region(s) which use this couple : 
    Calor-C

Index : 12     used in the geometry : Yes
 Material : Water
 Range cuts        :  gamma  1 mm     e-  1 mm     e+  1 mm  proton 1 mm 
 Energy thresholds :  gamma  2.93515 keV    e-  351.291 keV    e+  341.598 keV proton 100 keV
 Region(s) which use this couple : 
    Calor-C

==================================================================

Graphics systems deleted.
Visualization Manager deleting...
================== Deleting memory pools ===================
Number of memory pools allocated: 12 of which, static: 0
Dynamic pools deleted: 12 / Total memory freed: 0.79 MB
============================================================
