Environment variable "G4FORCE_RUN_MANAGER_TYPE" enabled with value == Serial. Forcing G4RunManager type...

        ############################################
        !!! WARNING - FPE detection is activated !!!
        ############################################


          ################################
          !!! G4Backtrace is activated !!!
          ################################


**************************************************************
 Geant4 version Name: geant4-11-04-patch-03    (01-October-2026)
                       Copyright : Geant4 Collaboration
                      References : NIM A 506 (2003), 250-303
                                 : IEEE-TNS 53 (2006), 270-278
                                 : NIM A 835 (2016), 186-225
                             WWW : http://geant4.org/
**************************************************************

### G4PhysListFactory WARNING:  environment variable PHYSLIST is not defined
    Default Physics Lists FTFP_BERT is instantiated
G4PhysListFactory::GetReferencePhysList <FTFP_BERT>
<<< Geant4 Physics List simulation engine: FTFP_BERT


DetectorConstruction::ConstructSphere() : 
	 World (box) size: 
	 	 x : -/+ 1870 mm 	 y : -/+ 1870 mm 	 z : -/+ 1870 mm 


 ------  DetectorConstruction::PrintParameters() ------ 
 MaterialTracker = G4_Si
 MaterialEmCalo  = G4_PbWO4
 MaterialHadCalo = G4_Fe
 InnerRadiusTracker = 100 mm
 OuterRadiusTracker = 200 mm
 InnerRadiusEmCalo  = 300 mm
 OuterRadiusEmCalo  = 600 mm
 InnerRadiusHadCalo = 700 mm
 OuterRadiusHadCalo = 1700 mm
 ScoringThickness   = 10 mm
 -------------------------------------------------------- 


 hInelastic FTFP_BERT : threshold between BERT and FTFP is over the interval 
 for pions :   3 to 6 GeV
 for kaons :   3 to 6 GeV
 for proton :  3 to 6 GeV
 for neutron : 3 to 6 GeV

### Adding tracking cuts for neutron  TimeCut(ns)= 10000  KinEnergyCut(MeV)= 0

 ------  DetectorConstruction::PrintParameters() ------ 
 MaterialTracker = G4_POLYSTYRENE
 MaterialEmCalo  = G4_PbWO4
 MaterialHadCalo = G4_Cu
 InnerRadiusTracker = 50 mm
 OuterRadiusTracker = 250 mm
 InnerRadiusEmCalo  = 300 mm
 OuterRadiusEmCalo  = 600 mm
 InnerRadiusHadCalo = 700 mm
 OuterRadiusHadCalo = 1700 mm
 ScoringThickness   = 10 mm
 -------------------------------------------------------- 

Start re-initialization because 
  Geometry
has been modified since last Run.
DetectorConstruction::ConstructSphere() : 
	 World (box) size: 
	 	 x : -/+ 1870 mm 	 y : -/+ 1870 mm 	 z : -/+ 1870 mm 


 ------  DetectorConstruction::PrintParameters() ------ 
 MaterialTracker = G4_POLYSTYRENE
 MaterialEmCalo  = G4_PbWO4
 MaterialHadCalo = G4_Cu
 InnerRadiusTracker = 50 mm
 OuterRadiusTracker = 250 mm
 InnerRadiusEmCalo  = 300 mm
 OuterRadiusEmCalo  = 600 mm
 InnerRadiusHadCalo = 700 mm
 OuterRadiusHadCalo = 1700 mm
 ScoringThickness   = 10 mm
 -------------------------------------------------------- 

=======================================================================
======                 Electromagnetic Physics Parameters      ========
=======================================================================
LPM effect enabled                                 1
Enable creation and use of sampling tables         0
Apply cuts on all EM processes                     0
Use combined TransportationWithMsc                 Disabled
Use general process                                1
Enable linear polarisation for gamma               0
Enable photoeffect sampling below K-shell          1
Enable sampling of quantum entanglement            0
X-section factor for integral approach             0.8
Min kinetic energy for tables                      100 eV 
Max kinetic energy for tables                      100 TeV
Number of bins per decade of a table               7
Verbose level                                      1
Verbose level for worker thread                    0
Bremsstrahlung energy threshold above which 
  primary e+- is added to the list of secondary    100 TeV
Bremsstrahlung energy threshold above which primary
  muon/hadron is added to the list of secondary    100 TeV
Positron annihilation at rest model                SimplePositronium
Enable 3 gamma annihilation on fly                 0
Lowest triplet kinetic energy                      1 MeV
Enable sampling of gamma linear polarisation       0
5D gamma conversion model type                     0
5D gamma conversion model on isolated ion          0
Use RiGe 5D e+e- pair production model by muons    0
Livermore data directory                           epics_2017
=======================================================================
======                 Ionisation Parameters                   ========
=======================================================================
Step function for e+-                              (0.2, 1 mm)
Step function for muons/hadrons                    (0.2, 0.1 mm)
Step function for light ions                       (0.2, 0.1 mm)
Step function for general ions                     (0.2, 0.1 mm)
Lowest e+e- kinetic energy                         1 keV
Lowest muon/hadron kinetic energy                  1 keV
Use ICRU90 data                                    0
Fluctuations of dE/dx are enabled                  1
Type of fluctuation model for leptons and hadrons  Urban
Use built-in Birks saturation                      0
Build CSDA range enabled                           0
Use cut as a final range enabled                   0
Enable angular generator interface                 0
Max kinetic energy for CSDA tables                 1 GeV
Max kinetic energy for NIEL computation            0 eV 
Linear loss limit                                  0.01
Read data from file for e+e- pair production by mu 0
=======================================================================
======                 Multiple Scattering Parameters          ========
=======================================================================
Type of msc step limit algorithm for e+-           1
Type of msc step limit algorithm for muons/hadrons 0
Msc lateral displacement for e+- enabled           1
Msc lateral displacement for muons and hadrons     0
Urban msc model lateral displacement alg96         1
Range factor for msc step limit for e+-            0.04
Range factor for msc step limit for muons/hadrons  0.2
Geometry factor for msc step limitation of e+-     2.5
Safety factor for msc step limit for e+-           0.6
Skin parameter for msc step limitation of e+-      1
Lambda limit for msc step limit for e+-            1 mm
Use Mott correction for e- scattering              0
Factor used for dynamic computation of angular 
  limit between single and multiple scattering     1
Fixed angular limit between single 
  and multiple scattering                          3.1416 rad
Upper energy limit for e+- multiple scattering     100 MeV
Type of electron single scattering model           0
Type of nuclear form-factor                        1
Screening factor                                   1
=======================================================================

phot:  for gamma SubType=12 BuildTable=0
      LambdaPrime table from 200 keV to 100 TeV in 61 bins 
      ===== EM models for the G4Region  DefaultRegionForTheWorld ======
 LivermorePhElectric : Emin=    0 eV  Emax=  100 TeV  SauterGavrila Fluo

compt:  for gamma SubType=13 BuildTable=1
      Lambda table from 100 eV  to 1 MeV, 7 bins/decade, spline: 1
      LambdaPrime table from 1 MeV to 100 TeV in 56 bins 
      ===== EM models for the G4Region  DefaultRegionForTheWorld ======
       Klein-Nishina : Emin=    0 eV  Emax=  100 TeV

conv:  for gamma SubType=14 BuildTable=1
      Lambda table from 1.022 MeV to 100 TeV, 18 bins/decade, spline: 1
      ===== EM models for the G4Region  DefaultRegionForTheWorld ======
     BetheHeitlerLPM : Emin=    0 eV  Emax=  100 TeV  ModifiedTsai

Rayl:  for gamma SubType=11 BuildTable=1
      Lambda table from 100 eV  to 150 keV, 7 bins/decade, spline: 0
      LambdaPrime table from 150 keV to 100 TeV in 62 bins 
      ===== EM models for the G4Region  DefaultRegionForTheWorld ======
   LivermoreRayleigh : Emin=    0 eV  Emax=  100 TeV  CullenGenerator

msc:  for e-  SubType= 10
      ===== EM models for the G4Region  DefaultRegionForTheWorld ======
            UrbanMsc : Emin=    0 eV  Emax=  100 MeV Nbins=42 100 eV  - 100 MeV
          StepLim=UseSafety Rfact=0.04 Gfact=2.5 Sfact=0.6 DispFlag:1 Skin=1 Llim=1 mm
        WentzelVIUni : Emin=  100 MeV Emax=  100 TeV Nbins=42 100 MeV - 100 TeV
          StepLim=UseSafety Rfact=0.04 Gfact=2.5 Sfact=0.6 DispFlag:1 Skin=1 Llim=1 mm

eIoni:  for e-  XStype:3  SubType=2
      dE/dx and range tables from 100 eV  to 100 TeV in 84 bins
      Lambda tables from threshold to 100 TeV, 7 bins/decade, spline: 1
      StepFunction=(0.2, 1 mm), integ: 3, fluct: 1, linLossLim= 0.01
      ===== EM models for the G4Region  DefaultRegionForTheWorld ======
        MollerBhabha : Emin=    0 eV  Emax=  100 TeV

eBrem:  for e-  XStype:4  SubType=3
      dE/dx and range tables from 100 eV  to 100 TeV in 84 bins
      Lambda tables from threshold to 100 TeV, 7 bins/decade, spline: 1
      LPM flag: 1 for E > 1 GeV,  VertexHighEnergyTh(GeV)= 100000
      ===== EM models for the G4Region  DefaultRegionForTheWorld ======
             eBremSB : Emin=    0 eV  Emax=    1 GeV  ModifiedTsai
            eBremLPM : Emin=    1 GeV Emax=  100 TeV  ModifiedTsai

CoulombScat:  for e- XStype:1 SubType=1 BuildTable=1
      Lambda table from 100 MeV to 100 TeV, 7 bins/decade, spline: 0
      ThetaMin(p) < Theta(degree) < 180, pLimit(GeV^1)= 0.139531
      ===== EM models for the G4Region  DefaultRegionForTheWorld ======
  eCoulombScattering : Emin=  100 MeV Emax=  100 TeV

msc:  for e+  SubType= 10
      ===== EM models for the G4Region  DefaultRegionForTheWorld ======
            UrbanMsc : Emin=    0 eV  Emax=  100 MeV Nbins=42 100 eV  - 100 MeV
          StepLim=UseSafety Rfact=0.04 Gfact=2.5 Sfact=0.6 DispFlag:1 Skin=1 Llim=1 mm
        WentzelVIUni : Emin=  100 MeV Emax=  100 TeV Nbins=42 100 MeV - 100 TeV
          StepLim=UseSafety Rfact=0.04 Gfact=2.5 Sfact=0.6 DispFlag:1 Skin=1 Llim=1 mm

eIoni:  for e+  XStype:3  SubType=2
      dE/dx and range tables from 100 eV  to 100 TeV in 84 bins
      Lambda tables from threshold to 100 TeV, 7 bins/decade, spline: 1
      StepFunction=(0.2, 1 mm), integ: 3, fluct: 1, linLossLim= 0.01
      ===== EM models for the G4Region  DefaultRegionForTheWorld ======
        MollerBhabha : Emin=    0 eV  Emax=  100 TeV

eBrem:  for e+  XStype:4  SubType=3
      dE/dx and range tables from 100 eV  to 100 TeV in 84 bins
      Lambda tables from threshold to 100 TeV, 7 bins/decade, spline: 1
      LPM flag: 1 for E > 1 GeV,  VertexHighEnergyTh(GeV)= 100000
      ===== EM models for the G4Region  DefaultRegionForTheWorld ======
             eBremSB : Emin=    0 eV  Emax=    1 GeV  ModifiedTsai
            eBremLPM : Emin=    1 GeV Emax=  100 TeV  ModifiedTsai

annihil:  for e+ XStype:2 SubType=5 AtRestModel:Simple BuildTable=0
      ===== EM models for the G4Region  DefaultRegionForTheWorld ======
            eplus2gg : Emin=    0 eV  Emax=  100 TeV

CoulombScat:  for e+ XStype:1 SubType=1 BuildTable=1
      Lambda table from 100 MeV to 100 TeV, 7 bins/decade, spline: 0
      ThetaMin(p) < Theta(degree) < 180, pLimit(GeV^1)= 0.139531
      ===== EM models for the G4Region  DefaultRegionForTheWorld ======
  eCoulombScattering : Emin=  100 MeV Emax=  100 TeV

msc:  for proton  SubType= 10
      ===== EM models for the G4Region  DefaultRegionForTheWorld ======
        WentzelVIUni : Emin=    0 eV  Emax=  100 TeV Nbins=84 100 eV  - 100 TeV
          StepLim=Minimal Rfact=0.2 Gfact=2.5 Sfact=0.6 DispFlag:0 Skin=1 Llim=1 mm

hIoni:  for proton  XStype:3  SubType=2
      dE/dx and range tables from 100 eV  to 100 TeV in 84 bins
      Lambda tables from threshold to 100 TeV, 7 bins/decade, spline: 1
      StepFunction=(0.2, 0.1 mm), integ: 3, fluct: 1, linLossLim= 0.01
      ===== EM models for the G4Region  DefaultRegionForTheWorld ======
               Bragg : Emin=    0 eV  Emax=    2 MeV
          BetheBloch : Emin=    2 MeV Emax=  100 TeV

hBrems:  for proton  XStype:1  SubType=3
      dE/dx and range tables from 100 eV  to 100 TeV in 84 bins
      Lambda tables from threshold to 100 TeV, 7 bins/decade, spline: 1
      ===== EM models for the G4Region  DefaultRegionForTheWorld ======
               hBrem : Emin=    0 eV  Emax=  100 TeV  ModifiedMephi

hPairProd:  for proton  XStype:1  SubType=4
      dE/dx and range tables from 100 eV  to 100 TeV in 84 bins
      Lambda tables from threshold to 100 TeV, 7 bins/decade, spline: 1
      Sampling table 17x1001, from 7.50618 GeV to 100 TeV 
      ===== EM models for the G4Region  DefaultRegionForTheWorld ======
           hPairProd : Emin=    0 eV  Emax=  100 TeV  ModifiedMephi

CoulombScat:  for proton XStype:1 SubType=1 BuildTable=1
      Lambda table from threshold  to 100 TeV, 7 bins/decade, spline: 0
      ThetaMin(p) < Theta(degree) < 180, pLimit(GeV^1)= 0.139531
      ===== EM models for the G4Region  DefaultRegionForTheWorld ======
  eCoulombScattering : Emin=    0 eV  Emax=  100 TeV

msc:  for GenericIon  SubType= 10
      ===== EM models for the G4Region  DefaultRegionForTheWorld ======
            UrbanMsc : Emin=    0 eV  Emax=  100 TeV
          StepLim=Minimal Rfact=0.2 Gfact=2.5 Sfact=0.6 DispFlag:0 Skin=1 Llim=1 mm

ionIoni:  for GenericIon  XStype:3  SubType=2
      dE/dx and range tables from 100 eV  to 100 TeV in 84 bins
      Lambda tables from threshold to 100 TeV, 7 bins/decade, spline: 1
      StepFunction=(0.2, 0.1 mm), integ: 3, fluct: 1, linLossLim= 0.02
      ===== EM models for the G4Region  DefaultRegionForTheWorld ======
               Bragg : Emin=    0 eV  Emax=    2 MeV
          BetheBloch : Emin=    2 MeV Emax=  100 TeV

msc:  for alpha  SubType= 10
      ===== EM models for the G4Region  DefaultRegionForTheWorld ======
            UrbanMsc : Emin=    0 eV  Emax=  100 TeV
          StepLim=Minimal Rfact=0.2 Gfact=2.5 Sfact=0.6 DispFlag:0 Skin=1 Llim=1 mm

ionIoni:  for alpha  XStype:3  SubType=2
      dE/dx and range tables from 100 eV  to 100 TeV in 84 bins
      Lambda tables from threshold to 100 TeV, 7 bins/decade, spline: 1
      StepFunction=(0.2, 0.1 mm), integ: 3, fluct: 1, linLossLim= 0.02
      ===== EM models for the G4Region  DefaultRegionForTheWorld ======
            BraggIon : Emin=    0 eV  Emax=7.9452 MeV
          BetheBloch : Emin=7.9452 MeV Emax=  100 TeV

msc:  for anti_proton  SubType= 10
      ===== EM models for the G4Region  DefaultRegionForTheWorld ======
        WentzelVIUni : Emin=    0 eV  Emax=  100 TeV Nbins=84 100 eV  - 100 TeV
          StepLim=Minimal Rfact=0.2 Gfact=2.5 Sfact=0.6 DispFlag:0 Skin=1 Llim=1 mm

hIoni:  for anti_proton  XStype:3  SubType=2
      dE/dx and range tables from 100 eV  to 100 TeV in 84 bins
      Lambda tables from threshold to 100 TeV, 7 bins/decade, spline: 1
      StepFunction=(0.2, 0.1 mm), integ: 3, fluct: 1, linLossLim= 0.01
      ===== EM models for the G4Region  DefaultRegionForTheWorld ======
            ICRU73QO : Emin=    0 eV  Emax=    2 MeV
          BetheBloch : Emin=    2 MeV Emax=  100 TeV

hBrems:  for anti_proton  XStype:1  SubType=3
      dE/dx and range tables from 100 eV  to 100 TeV in 84 bins
      Lambda tables from threshold to 100 TeV, 7 bins/decade, spline: 1
      ===== EM models for the G4Region  DefaultRegionForTheWorld ======
               hBrem : Emin=    0 eV  Emax=  100 TeV  ModifiedMephi

hPairProd:  for anti_proton  XStype:1  SubType=4
      dE/dx and range tables from 100 eV  to 100 TeV in 84 bins
      Lambda tables from threshold to 100 TeV, 7 bins/decade, spline: 1
      Sampling table 17x1001, from 7.50618 GeV to 100 TeV 
      ===== EM models for the G4Region  DefaultRegionForTheWorld ======
           hPairProd : Emin=    0 eV  Emax=  100 TeV  ModifiedMephi

CoulombScat:  for anti_proton XStype:1 SubType=1 BuildTable=1
      Lambda table from threshold  to 100 TeV, 7 bins/decade, spline: 0
      ThetaMin(p) < Theta(degree) < 180, pLimit(GeV^1)= 0.139531
      ===== EM models for the G4Region  DefaultRegionForTheWorld ======
  eCoulombScattering : Emin=    0 eV  Emax=  100 TeV

msc:  for kaon+  SubType= 10
      ===== EM models for the G4Region  DefaultRegionForTheWorld ======
        WentzelVIUni : Emin=    0 eV  Emax=  100 TeV Nbins=84 100 eV  - 100 TeV
          StepLim=Minimal Rfact=0.2 Gfact=2.5 Sfact=0.6 DispFlag:0 Skin=1 Llim=1 mm

hIoni:  for kaon+  XStype:3  SubType=2
      dE/dx and range tables from 100 eV  to 100 TeV in 84 bins
      Lambda tables from threshold to 100 TeV, 7 bins/decade, spline: 1
      StepFunction=(0.2, 0.1 mm), integ: 3, fluct: 1, linLossLim= 0.01
      ===== EM models for the G4Region  DefaultRegionForTheWorld ======
               Bragg : Emin=    0 eV  Emax=1.05231 MeV
          BetheBloch : Emin=1.05231 MeV Emax=  100 TeV

hBrems:  for kaon+  XStype:1  SubType=3
      dE/dx and range tables from 100 eV  to 100 TeV in 84 bins
      Lambda tables from threshold to 100 TeV, 7 bins/decade, spline: 1
      ===== EM models for the G4Region  DefaultRegionForTheWorld ======
               hBrem : Emin=    0 eV  Emax=  100 TeV  ModifiedMephi

hPairProd:  for kaon+  XStype:1  SubType=4
      dE/dx and range tables from 100 eV  to 100 TeV in 84 bins
      Lambda tables from threshold to 100 TeV, 7 bins/decade, spline: 1
      Sampling table 18x1001, from 3.94942 GeV to 100 TeV 
      ===== EM models for the G4Region  DefaultRegionForTheWorld ======
           hPairProd : Emin=    0 eV  Emax=  100 TeV  ModifiedMephi

CoulombScat:  for kaon+ XStype:1 SubType=1 BuildTable=1
      Lambda table from threshold  to 100 TeV, 7 bins/decade, spline: 0
      ThetaMin(p) < Theta(degree) < 180, pLimit(GeV^1)= 0.139531
      ===== EM models for the G4Region  DefaultRegionForTheWorld ======
  eCoulombScattering : Emin=    0 eV  Emax=  100 TeV

msc:  for kaon-  SubType= 10
      ===== EM models for the G4Region  DefaultRegionForTheWorld ======
        WentzelVIUni : Emin=    0 eV  Emax=  100 TeV Nbins=84 100 eV  - 100 TeV
          StepLim=Minimal Rfact=0.2 Gfact=2.5 Sfact=0.6 DispFlag:0 Skin=1 Llim=1 mm

hIoni:  for kaon-  XStype:3  SubType=2
      dE/dx and range tables from 100 eV  to 100 TeV in 84 bins
      Lambda tables from threshold to 100 TeV, 7 bins/decade, spline: 1
      StepFunction=(0.2, 0.1 mm), integ: 3, fluct: 1, linLossLim= 0.01
      ===== EM models for the G4Region  DefaultRegionForTheWorld ======
            ICRU73QO : Emin=    0 eV  Emax=1.05231 MeV
          BetheBloch : Emin=1.05231 MeV Emax=  100 TeV

hBrems:  for kaon-  XStype:1  SubType=3
      dE/dx and range tables from 100 eV  to 100 TeV in 84 bins
      Lambda tables from threshold to 100 TeV, 7 bins/decade, spline: 1
      ===== EM models for the G4Region  DefaultRegionForTheWorld ======
               hBrem : Emin=    0 eV  Emax=  100 TeV  ModifiedMephi

hPairProd:  for kaon-  XStype:1  SubType=4
      dE/dx and range tables from 100 eV  to 100 TeV in 84 bins
      Lambda tables from threshold to 100 TeV, 7 bins/decade, spline: 1
      Sampling table 18x1001, from 3.94942 GeV to 100 TeV 
      ===== EM models for the G4Region  DefaultRegionForTheWorld ======
           hPairProd : Emin=    0 eV  Emax=  100 TeV  ModifiedMephi

CoulombScat:  for kaon- XStype:1 SubType=1 BuildTable=1
      Used Lambda table of kaon+
      ThetaMin(p) < Theta(degree) < 180, pLimit(GeV^1)= 0.139531
      ===== EM models for the G4Region  DefaultRegionForTheWorld ======
  eCoulombScattering : Emin=    0 eV  Emax=  100 TeV

msc:  for mu+  SubType= 10
      ===== EM models for the G4Region  DefaultRegionForTheWorld ======
        WentzelVIUni : Emin=    0 eV  Emax=  100 TeV Nbins=84 100 eV  - 100 TeV
          StepLim=Minimal Rfact=0.2 Gfact=2.5 Sfact=0.6 DispFlag:0 Skin=1 Llim=1 mm

muIoni:  for mu+  XStype:3  SubType=2
      dE/dx and range tables from 100 eV  to 100 TeV in 84 bins
      Lambda tables from threshold to 100 TeV, 7 bins/decade, spline: 1
      StepFunction=(0.2, 0.1 mm), integ: 3, fluct: 1, linLossLim= 0.01
      ===== EM models for the G4Region  DefaultRegionForTheWorld ======
               Bragg : Emin=    0 eV  Emax=  200 keV
        MuBetheBloch : Emin=  200 keV Emax=  100 TeV

muBrems:  for mu+  XStype:1  SubType=3
      dE/dx and range tables from 100 eV  to 100 TeV in 84 bins
      Lambda tables from threshold to 100 TeV, 7 bins/decade, spline: 1
      ===== EM models for the G4Region  DefaultRegionForTheWorld ======
              MuBrem : Emin=    0 eV  Emax=  100 TeV  ModifiedMephi

muPairProd:  for mu+  XStype:1  SubType=4
      dE/dx and range tables from 100 eV  to 100 TeV in 84 bins
      Lambda tables from threshold to 100 TeV, 7 bins/decade, spline: 1
      Sampling table 21x1001, from 0.85 GeV to 100 TeV 
      ===== EM models for the G4Region  DefaultRegionForTheWorld ======
          muPairProd : Emin=    0 eV  Emax=  100 TeV  ModifiedMephi

CoulombScat:  for mu+ XStype:1 SubType=1 BuildTable=1
      Lambda table from threshold  to 100 TeV, 7 bins/decade, spline: 0
      ThetaMin(p) < Theta(degree) < 180, pLimit(GeV^1)= 0.139531
      ===== EM models for the G4Region  DefaultRegionForTheWorld ======
  eCoulombScattering : Emin=    0 eV  Emax=  100 TeV

msc:  for mu-  SubType= 10
      ===== EM models for the G4Region  DefaultRegionForTheWorld ======
        WentzelVIUni : Emin=    0 eV  Emax=  100 TeV Nbins=84 100 eV  - 100 TeV
          StepLim=Minimal Rfact=0.2 Gfact=2.5 Sfact=0.6 DispFlag:0 Skin=1 Llim=1 mm

muIoni:  for mu-  XStype:3  SubType=2
      dE/dx and range tables from 100 eV  to 100 TeV in 84 bins
      Lambda tables from threshold to 100 TeV, 7 bins/decade, spline: 1
      StepFunction=(0.2, 0.1 mm), integ: 3, fluct: 1, linLossLim= 0.01
      ===== EM models for the G4Region  DefaultRegionForTheWorld ======
            ICRU73QO : Emin=    0 eV  Emax=  200 keV
        MuBetheBloch : Emin=  200 keV Emax=  100 TeV

muBrems:  for mu-  XStype:1  SubType=3
      dE/dx and range tables from 100 eV  to 100 TeV in 84 bins
      Lambda tables from threshold to 100 TeV, 7 bins/decade, spline: 1
      ===== EM models for the G4Region  DefaultRegionForTheWorld ======
              MuBrem : Emin=    0 eV  Emax=  100 TeV  ModifiedMephi

muPairProd:  for mu-  XStype:1  SubType=4
      dE/dx and range tables from 100 eV  to 100 TeV in 84 bins
      Lambda tables from threshold to 100 TeV, 7 bins/decade, spline: 1
      Sampling table 21x1001, from 0.85 GeV to 100 TeV 
      ===== EM models for the G4Region  DefaultRegionForTheWorld ======
          muPairProd : Emin=    0 eV  Emax=  100 TeV  ModifiedMephi

CoulombScat:  for mu- XStype:1 SubType=1 BuildTable=1
      Used Lambda table of mu+
      ThetaMin(p) < Theta(degree) < 180, pLimit(GeV^1)= 0.139531
      ===== EM models for the G4Region  DefaultRegionForTheWorld ======
  eCoulombScattering : Emin=    0 eV  Emax=  100 TeV

msc:  for pi+  SubType= 10
      ===== EM models for the G4Region  DefaultRegionForTheWorld ======
        WentzelVIUni : Emin=    0 eV  Emax=  100 TeV Nbins=84 100 eV  - 100 TeV
          StepLim=Minimal Rfact=0.2 Gfact=2.5 Sfact=0.6 DispFlag:0 Skin=1 Llim=1 mm

hIoni:  for pi+  XStype:3  SubType=2
      dE/dx and range tables from 100 eV  to 100 TeV in 84 bins
      Lambda tables from threshold to 100 TeV, 7 bins/decade, spline: 1
      StepFunction=(0.2, 0.1 mm), integ: 3, fluct: 1, linLossLim= 0.01
      ===== EM models for the G4Region  DefaultRegionForTheWorld ======
               Bragg : Emin=    0 eV  Emax=297.505 keV
          BetheBloch : Emin=297.505 keV Emax=  100 TeV

hBrems:  for pi+  XStype:1  SubType=3
      dE/dx and range tables from 100 eV  to 100 TeV in 84 bins
      Lambda tables from threshold to 100 TeV, 7 bins/decade, spline: 1
      ===== EM models for the G4Region  DefaultRegionForTheWorld ======
               hBrem : Emin=    0 eV  Emax=  100 TeV  ModifiedMephi

hPairProd:  for pi+  XStype:1  SubType=4
      dE/dx and range tables from 100 eV  to 100 TeV in 84 bins
      Lambda tables from threshold to 100 TeV, 7 bins/decade, spline: 1
      Sampling table 20x1001, from 1.11656 GeV to 100 TeV 
      ===== EM models for the G4Region  DefaultRegionForTheWorld ======
           hPairProd : Emin=    0 eV  Emax=  100 TeV  ModifiedMephi

CoulombScat:  for pi+ XStype:1 SubType=1 BuildTable=1
      Lambda table from threshold  to 100 TeV, 7 bins/decade, spline: 0
      ThetaMin(p) < Theta(degree) < 180, pLimit(GeV^1)= 0.139531
      ===== EM models for the G4Region  DefaultRegionForTheWorld ======
  eCoulombScattering : Emin=    0 eV  Emax=  100 TeV

msc:  for pi-  SubType= 10
      ===== EM models for the G4Region  DefaultRegionForTheWorld ======
        WentzelVIUni : Emin=    0 eV  Emax=  100 TeV Nbins=84 100 eV  - 100 TeV
          StepLim=Minimal Rfact=0.2 Gfact=2.5 Sfact=0.6 DispFlag:0 Skin=1 Llim=1 mm

hIoni:  for pi-  XStype:3  SubType=2
      dE/dx and range tables from 100 eV  to 100 TeV in 84 bins
      Lambda tables from threshold to 100 TeV, 7 bins/decade, spline: 1
      StepFunction=(0.2, 0.1 mm), integ: 3, fluct: 1, linLossLim= 0.01
      ===== EM models for the G4Region  DefaultRegionForTheWorld ======
            ICRU73QO : Emin=    0 eV  Emax=297.505 keV
          BetheBloch : Emin=297.505 keV Emax=  100 TeV

hBrems:  for pi-  XStype:1  SubType=3
      dE/dx and range tables from 100 eV  to 100 TeV in 84 bins
      Lambda tables from threshold to 100 TeV, 7 bins/decade, spline: 1
      ===== EM models for the G4Region  DefaultRegionForTheWorld ======
               hBrem : Emin=    0 eV  Emax=  100 TeV  ModifiedMephi

hPairProd:  for pi-  XStype:1  SubType=4
      dE/dx and range tables from 100 eV  to 100 TeV in 84 bins
      Lambda tables from threshold to 100 TeV, 7 bins/decade, spline: 1
      Sampling table 20x1001, from 1.11656 GeV to 100 TeV 
      ===== EM models for the G4Region  DefaultRegionForTheWorld ======
           hPairProd : Emin=    0 eV  Emax=  100 TeV  ModifiedMephi

CoulombScat:  for pi- XStype:1 SubType=1 BuildTable=1
      Used Lambda table of pi+
      ThetaMin(p) < Theta(degree) < 180, pLimit(GeV^1)= 0.139531
      ===== EM models for the G4Region  DefaultRegionForTheWorld ======
  eCoulombScattering : Emin=    0 eV  Emax=  100 TeV

====================================================================
                  HADRONIC PROCESSES SUMMARY (verbose level 1)
-----------------------------------------------------------------------
                           Hadronic Processes for neutron
  Process: hadElastic
        Model:             hElasticCHIPS: 0 eV  ---> 100 TeV
     Cr_sctns:        G4NeutronElasticXS: 0 eV  ---> 100 TeV
  Process: neutronInelastic
        Model:                      FTFP: 3 GeV ---> 100 TeV
        Model:            BertiniCascade: 0 eV  ---> 6 GeV
     Cr_sctns:      G4NeutronInelasticXS: 0 eV  ---> 100 TeV
  Process: nCapture
        Model:               nRadCapture: 0 eV  ---> 100 TeV
     Cr_sctns:        G4NeutronCaptureXS: 0 eV  ---> 100 TeV
  Process: nKiller
-----------------------------------------------------------------------
                           Hadronic Processes for B-
  Process: hadElastic
        Model:              hElasticLHEP: 0 eV  ---> 100 TeV
     Cr_sctns:            Glauber-Gribov: 0 eV  ---> 100 TeV
  Process: B-Inelastic
        Model:                      FTFP: 0 eV  ---> 100 TeV
     Cr_sctns:            Glauber-Gribov: 0 eV  ---> 100 TeV
-----------------------------------------------------------------------
                           Hadronic Processes for D-
  Process: hadElastic
        Model:              hElasticLHEP: 0 eV  ---> 100 TeV
     Cr_sctns:            Glauber-Gribov: 0 eV  ---> 100 TeV
  Process: D-Inelastic
        Model:                      FTFP: 0 eV  ---> 100 TeV
     Cr_sctns:            Glauber-Gribov: 0 eV  ---> 100 TeV
-----------------------------------------------------------------------
                           Hadronic Processes for GenericIon
  Process: ionInelastic
        Model:  Binary Light Ion Cascade: 0 eV /n ---> 6 GeV/n
        Model:                      FTFP: 3 GeV/n ---> 100 TeV/n
     Cr_sctns:  Glauber-Gribov Nucl-nucl: 0 eV  ---> 25.6 PeV
-----------------------------------------------------------------------
                           Hadronic Processes for He3
  Process: hadElastic
        Model:              hElasticLHEP: 0 eV /n ---> 100 TeV/n
     Cr_sctns:  Glauber-Gribov Nucl-nucl: 0 eV  ---> 25.6 PeV
  Process: He3Inelastic
        Model:  Binary Light Ion Cascade: 0 eV /n ---> 6 GeV/n
        Model:                      FTFP: 3 GeV/n ---> 100 TeV/n
     Cr_sctns:  Glauber-Gribov Nucl-nucl: 0 eV  ---> 25.6 PeV
-----------------------------------------------------------------------
                           Hadronic Processes for alpha
  Process: hadElastic
        Model:              hElasticLHEP: 0 eV /n ---> 100 TeV/n
     Cr_sctns:  Glauber-Gribov Nucl-nucl: 0 eV  ---> 25.6 PeV
  Process: alphaInelastic
        Model:  Binary Light Ion Cascade: 0 eV /n ---> 6 GeV/n
        Model:                      FTFP: 3 GeV/n ---> 100 TeV/n
     Cr_sctns:  Glauber-Gribov Nucl-nucl: 0 eV  ---> 25.6 PeV
-----------------------------------------------------------------------
                           Hadronic Processes for anti_He3
  Process: hadElastic
        Model:              hElasticLHEP: 0 eV /n ---> 100.1 MeV/n
        Model:              AntiAElastic: 100 MeV/n ---> 100 TeV/n
     Cr_sctns:              AntiAGlauber: 0 eV  ---> 25.6 PeV
  Process: anti_He3Inelastic
        Model:                      FTFP: 0 eV /n ---> 100 TeV/n
     Cr_sctns:              AntiAGlauber: 0 eV  ---> 25.6 PeV
  Process: hFritiofCaptureAtRest
-----------------------------------------------------------------------
                           Hadronic Processes for anti_alpha
  Process: hadElastic
        Model:              hElasticLHEP: 0 eV /n ---> 100.1 MeV/n
        Model:              AntiAElastic: 100 MeV/n ---> 100 TeV/n
     Cr_sctns:              AntiAGlauber: 0 eV  ---> 25.6 PeV
  Process: anti_alphaInelastic
        Model:                      FTFP: 0 eV /n ---> 100 TeV/n
     Cr_sctns:              AntiAGlauber: 0 eV  ---> 25.6 PeV
  Process: hFritiofCaptureAtRest
-----------------------------------------------------------------------
                           Hadronic Processes for anti_deuteron
  Process: hadElastic
        Model:              hElasticLHEP: 0 eV /n ---> 100.1 MeV/n
        Model:              AntiAElastic: 100 MeV/n ---> 100 TeV/n
     Cr_sctns:              AntiAGlauber: 0 eV  ---> 25.6 PeV
  Process: anti_deuteronInelastic
        Model:                      FTFP: 0 eV /n ---> 100 TeV/n
     Cr_sctns:              AntiAGlauber: 0 eV  ---> 25.6 PeV
  Process: hFritiofCaptureAtRest
-------------------------------------------------------------------------
                           Hadronic Processes for anti_hypertriton
  Process: hFritiofCaptureAtRest
-----------------------------------------------------------------------
                           Hadronic Processes for anti_lambda
  Process: hadElastic
        Model:              hElasticLHEP: 0 eV  ---> 100 TeV
     Cr_sctns:            Glauber-Gribov: 0 eV  ---> 100 TeV
  Process: anti_lambdaInelastic
        Model:                      FTFP: 0 eV  ---> 100 TeV
     Cr_sctns:            Glauber-Gribov: 0 eV  ---> 100 TeV
  Process: hFritiofCaptureAtRest
-----------------------------------------------------------------------
                           Hadronic Processes for anti_neutron
  Process: hadElastic
        Model:              hElasticLHEP: 0 eV  ---> 100.1 MeV
        Model:              AntiAElastic: 100 MeV ---> 100 TeV
     Cr_sctns:              AntiAGlauber: 0 eV  ---> 25.6 PeV
  Process: anti_neutronInelastic
        Model:                      FTFP: 0 eV  ---> 100 TeV
     Cr_sctns:              AntiAGlauber: 0 eV  ---> 25.6 PeV
  Process: hFritiofCaptureAtRest
-----------------------------------------------------------------------
                           Hadronic Processes for anti_proton
  Process: hadElastic
        Model:              hElasticLHEP: 0 eV  ---> 100.1 MeV
        Model:              AntiAElastic: 100 MeV ---> 100 TeV
     Cr_sctns:              AntiAGlauber: 0 eV  ---> 25.6 PeV
  Process: anti_protonInelastic
        Model:                      FTFP: 0 eV  ---> 100 TeV
     Cr_sctns:              AntiAGlauber: 0 eV  ---> 25.6 PeV
  Process: hFritiofCaptureAtRest
-----------------------------------------------------------------------
                           Hadronic Processes for anti_triton
  Process: hadElastic
        Model:              hElasticLHEP: 0 eV /n ---> 100.1 MeV/n
        Model:              AntiAElastic: 100 MeV/n ---> 100 TeV/n
     Cr_sctns:              AntiAGlauber: 0 eV  ---> 25.6 PeV
  Process: anti_tritonInelastic
        Model:                      FTFP: 0 eV /n ---> 100 TeV/n
     Cr_sctns:              AntiAGlauber: 0 eV  ---> 25.6 PeV
  Process: hFritiofCaptureAtRest
-----------------------------------------------------------------------
                           Hadronic Processes for deuteron
  Process: hadElastic
        Model:              hElasticLHEP: 0 eV /n ---> 100 TeV/n
     Cr_sctns:  Glauber-Gribov Nucl-nucl: 0 eV  ---> 25.6 PeV
  Process: dInelastic
        Model:  Binary Light Ion Cascade: 0 eV /n ---> 6 GeV/n
        Model:                      FTFP: 3 GeV/n ---> 100 TeV/n
     Cr_sctns:  Glauber-Gribov Nucl-nucl: 0 eV  ---> 25.6 PeV
-----------------------------------------------------------------------
                           Hadronic Processes for e+
  Process: positronNuclear
        Model:   G4ElectroVDNuclearModel: 0 eV  ---> 1 PeV
     Cr_sctns:          ElectroNuclearXS: 0 eV  ---> 100 TeV
-----------------------------------------------------------------------
                           Hadronic Processes for e-
  Process: electronNuclear
        Model:   G4ElectroVDNuclearModel: 0 eV  ---> 1 PeV
     Cr_sctns:          ElectroNuclearXS: 0 eV  ---> 100 TeV
-----------------------------------------------------------------------
                           Hadronic Processes for gamma
  Process: photonNuclear
        Model:               GammaNPreco: 0 eV  ---> 200 MeV
        Model:            BertiniCascade: 199 MeV ---> 6 GeV
        Model:           TheoFSGenerator: 3 GeV ---> 100 TeV
     Cr_sctns:            GammaNuclearXS: 0 eV  ---> 100 TeV
-----------------------------------------------------------------------
                           Hadronic Processes for kaon+
  Process: hadElastic
        Model:              hElasticLHEP: 0 eV  ---> 100 TeV
     Cr_sctns:            Glauber-Gribov: 0 eV  ---> 100 TeV
  Process: kaon+Inelastic
        Model:                      FTFP: 3 GeV ---> 100 TeV
        Model:            BertiniCascade: 0 eV  ---> 6 GeV
     Cr_sctns:            Glauber-Gribov: 0 eV  ---> 100 TeV
-----------------------------------------------------------------------
                           Hadronic Processes for kaon-
  Process: hadElastic
        Model:              hElasticLHEP: 0 eV  ---> 100 TeV
     Cr_sctns:            Glauber-Gribov: 0 eV  ---> 100 TeV
  Process: kaon-Inelastic
        Model:                      FTFP: 3 GeV ---> 100 TeV
        Model:            BertiniCascade: 0 eV  ---> 6 GeV
     Cr_sctns:            Glauber-Gribov: 0 eV  ---> 100 TeV
  Process: hBertiniCaptureAtRest
-----------------------------------------------------------------------
                           Hadronic Processes for lambda
  Process: hadElastic
        Model:              hElasticLHEP: 0 eV  ---> 100 TeV
     Cr_sctns:            Glauber-Gribov: 0 eV  ---> 100 TeV
  Process: lambdaInelastic
        Model:                      FTFP: 3 GeV ---> 100 TeV
        Model:            BertiniCascade: 0 eV  ---> 6 GeV
     Cr_sctns:            Glauber-Gribov: 0 eV  ---> 100 TeV
-----------------------------------------------------------------------
                           Hadronic Processes for mu+
  Process: muonNuclear
        Model:      G4MuonVDNuclearModel: 0 eV  ---> 1 PeV
     Cr_sctns:     KokoulinMuonNuclearXS: 0 eV  ---> 100 TeV
-----------------------------------------------------------------------
                           Hadronic Processes for mu-
  Process: muonNuclear
        Model:      G4MuonVDNuclearModel: 0 eV  ---> 1 PeV
     Cr_sctns:     KokoulinMuonNuclearXS: 0 eV  ---> 100 TeV
  Process: muMinusCaptureAtRest
-----------------------------------------------------------------------
                           Hadronic Processes for pi+
  Process: hadElastic
        Model:           hElasticGlauber: 0 eV  ---> 100 TeV
     Cr_sctns:  BarashenkovGlauberGribov: 0 eV  ---> 100 TeV
  Process: pi+Inelastic
        Model:                      FTFP: 3 GeV ---> 100 TeV
        Model:            BertiniCascade: 0 eV  ---> 6 GeV
     Cr_sctns:  BarashenkovGlauberGribov: 0 eV  ---> 100 TeV
-----------------------------------------------------------------------
                           Hadronic Processes for pi-
  Process: hadElastic
        Model:           hElasticGlauber: 0 eV  ---> 100 TeV
     Cr_sctns:  BarashenkovGlauberGribov: 0 eV  ---> 100 TeV
  Process: pi-Inelastic
        Model:                      FTFP: 3 GeV ---> 100 TeV
        Model:            BertiniCascade: 0 eV  ---> 6 GeV
     Cr_sctns:  BarashenkovGlauberGribov: 0 eV  ---> 100 TeV
  Process: hBertiniCaptureAtRest
-----------------------------------------------------------------------
                           Hadronic Processes for proton
  Process: hadElastic
        Model:             hElasticCHIPS: 0 eV  ---> 100 TeV
     Cr_sctns:  BarashenkovGlauberGribov: 0 eV  ---> 100 TeV
  Process: protonInelastic
        Model:                      FTFP: 3 GeV ---> 100 TeV
        Model:            BertiniCascade: 0 eV  ---> 6 GeV
     Cr_sctns:  BarashenkovGlauberGribov: 0 eV  ---> 100 TeV
-----------------------------------------------------------------------
                           Hadronic Processes for sigma-
  Process: hadElastic
        Model:              hElasticLHEP: 0 eV  ---> 100 TeV
     Cr_sctns:            Glauber-Gribov: 0 eV  ---> 100 TeV
  Process: sigma-Inelastic
        Model:                      FTFP: 3 GeV ---> 100 TeV
        Model:            BertiniCascade: 0 eV  ---> 6 GeV
     Cr_sctns:            Glauber-Gribov: 0 eV  ---> 100 TeV
  Process: hBertiniCaptureAtRest
-----------------------------------------------------------------------
                           Hadronic Processes for triton
  Process: hadElastic
        Model:              hElasticLHEP: 0 eV /n ---> 100 TeV/n
     Cr_sctns:  Glauber-Gribov Nucl-nucl: 0 eV  ---> 25.6 PeV
  Process: tInelastic
        Model:  Binary Light Ion Cascade: 0 eV /n ---> 6 GeV/n
        Model:                      FTFP: 3 GeV/n ---> 100 TeV/n
     Cr_sctns:  Glauber-Gribov Nucl-nucl: 0 eV  ---> 25.6 PeV
=======================================================================
======       Geant4 Native Pre-compound Model Parameters       ========
=======================================================================
Type of pre-compound model                          0
Type of pre-compound inverse x-section              1
Pre-compound model active                           1
Pre-compound excitation low energy                  0.1 MeV 
Pre-compound excitation high energy                 15 MeV 
Angular generator for pre-compound model            1
Use NeverGoBack option for pre-compound model       0
Use SoftCutOff option for pre-compound model        0
Use CEM transitions for pre-compound model          1
Use GNASH transitions for pre-compound model        0
Use HETC submodel for pre-compound model            0
=======================================================================
======       Nuclear De-excitation Module Parameters           ========
=======================================================================
Type of de-excitation inverse x-section             3
Type of de-excitation factory                       Evaporation+GEM
Number of de-excitation channels                    68
Type of Fermi BreakUp model                         ModelVI
Min excitation energy                               0.01 keV 
Min energy per nucleon for multifragmentation       2e+05 MeV
Level density (1/MeV)                               0.075
Use simple level density model                      1
Use discrete excitation energy of the residual      0
Time limit for long lived isomeres                  1 ns 
Isomer production flag                              1
Internal e- conversion flag                         1
Store e- internal conversion data                   1
Correlated gamma emission flag                      0
Max 2J for sampling of angular correlations         10
=======================================================================

========= Table of registered couples ============================

Index : 0     used in the geometry : Yes
 Material : G4_Galactic
 Range cuts        :  gamma  700 um     e-  700 um     e+  700 um  proton 700 um 
 Energy thresholds :  gamma  990 eV     e-  990 eV     e+  990 eV  proton 70 keV
 Region(s) which use this couple : 
    DefaultRegionForTheWorld

Index : 1     used in the geometry : Yes
 Material : G4_POLYSTYRENE
 Range cuts        :  gamma  700 um     e-  700 um     e+  700 um  proton 700 um 
 Energy thresholds :  gamma  2.12507 keV    e-  285.029 keV    e+  278.025 keV proton 70 keV
 Region(s) which use this couple : 
    DefaultRegionForTheWorld

Index : 2     used in the geometry : Yes
 Material : G4_PbWO4
 Range cuts        :  gamma  700 um     e-  700 um     e+  700 um  proton 700 um 
 Energy thresholds :  gamma  75.7749 keV    e-  842.468 keV    e+  797.806 keV proton 70 keV
 Region(s) which use this couple : 
    DefaultRegionForTheWorld

Index : 3     used in the geometry : Yes
 Material : G4_Cu
 Range cuts        :  gamma  700 um     e-  700 um     e+  700 um  proton 700 um 
 Energy thresholds :  gamma  20.5458 keV    e-  1.03403 MeV    e+  979.823 keV proton 70 keV
 Region(s) which use this couple : 
    DefaultRegionForTheWorld

==================================================================

### Run 0 starts.
### Run 0 starts.
 Event#=0
 Event#=10
 Event#=20
 Event#=30
 Event#=40
 Event#=50
 Event#=60
 Event#=70
 Event#=80
 Event#=90
 Run terminated.
Run Summary
  Number of events processed : 100
  User=25.870000s Real=26.075793s Sys=0.030000s


 ===============  Run::PrintInfo()  =============== 	 RunID = 0
 Primary particle PDG code = -211
 Primary particle kinetic energy = 50 GeV
 Primary particle direction = (0,0,1)
 Tracker material = G4_POLYSTYRENE
 EmCalo  material = G4_PbWO4
 HadCalo material = G4_Cu
 Cubic-volume scoring tracker shell = 8.17233e+06 mm^3
 Cubic-volume scoring emCalo  shell = 4.59971e+07 mm^3
 Cubic-volume scoring hadCalo shell = 3.65309e+08 mm^3
 Number of events = 100
 Conversion factor: fluence from mm^-2 to cm^-2 = 100
 Particle fluence in unit of cm^-2 :
   case=  0        tracker                       forward            all   0.053591
   case=  1        tracker                       forward       electron   0.00048419
   case=  2        tracker                       forward          gamma   0.0146462
   case=  3        tracker                       forward           muon          0
   case=  4        tracker                       forward       neutrino   0.000427575
   case=  5        tracker                       forward           pion   0.000505424
   case=  6        tracker                       forward        neutron   0.0374115
   case=  7        tracker                       forward         proton   7.04036e-05
   case=  8        tracker                       forward            ion   2.84779e-05
   case=  9        tracker                       forward     otherMeson   1.47167e-05
   case= 10        tracker                       forward    otherBaryon   2.44749e-06
   case= 11        tracker                      backward            all   0.00727454
   case= 12        tracker                      backward       electron   3.79874e-05
   case= 13        tracker                      backward          gamma   0.00258234
   case= 14        tracker                      backward           muon          0
   case= 15        tracker                      backward       neutrino   0.00022607
   case= 16        tracker                      backward           pion   2.9042e-06
   case= 17        tracker                      backward        neutron   0.00442524
   case= 18        tracker                      backward         proton          0
   case= 19        tracker                      backward            ion          0
   case= 20        tracker                      backward     otherMeson          0
   case= 21        tracker                      backward    otherBaryon          0
   case= 22        tracker   below 20 MeV        forward            all   0.0511265
   case= 23        tracker   below 20 MeV        forward       electron   0.000352831
   case= 24        tracker   below 20 MeV        forward          gamma   0.0141298
   case= 25        tracker   below 20 MeV        forward           muon          0
   case= 26        tracker   below 20 MeV        forward       neutrino   3.17581e-05
   case= 27        tracker   below 20 MeV        forward           pion   8.51577e-06
   case= 28        tracker   below 20 MeV        forward        neutron   0.0365913
   case= 29        tracker   below 20 MeV        forward         proton   1.22714e-05
   case= 30        tracker   below 20 MeV        forward            ion          0
   case= 31        tracker   below 20 MeV        forward     otherMeson          0
   case= 32        tracker   below 20 MeV        forward    otherBaryon          0
   case= 33        tracker   below 20 MeV       backward            all   0.00694267
   case= 34        tracker   below 20 MeV       backward       electron   3.79874e-05
   case= 35        tracker   below 20 MeV       backward          gamma   0.00256673
   case= 36        tracker   below 20 MeV       backward           muon          0
   case= 37        tracker   below 20 MeV       backward       neutrino   1.56469e-05
   case= 38        tracker   below 20 MeV       backward           pion          0
   case= 39        tracker   below 20 MeV       backward        neutron   0.00432231
   case= 40        tracker   below 20 MeV       backward         proton          0
   case= 41        tracker   below 20 MeV       backward            ion          0
   case= 42        tracker   below 20 MeV       backward     otherMeson          0
   case= 43        tracker   below 20 MeV       backward    otherBaryon          0
   case= 44        tracker   above 20 MeV        forward            all   0.00246454
   case= 45        tracker   above 20 MeV        forward       electron   0.000131358
   case= 46        tracker   above 20 MeV        forward          gamma   0.000516477
   case= 47        tracker   above 20 MeV        forward           muon          0
   case= 48        tracker   above 20 MeV        forward       neutrino   0.000395816
   case= 49        tracker   above 20 MeV        forward           pion   0.000496908
   case= 50        tracker   above 20 MeV        forward        neutron   0.000820204
   case= 51        tracker   above 20 MeV        forward         proton   5.81322e-05
   case= 52        tracker   above 20 MeV        forward            ion   2.84779e-05
   case= 53        tracker   above 20 MeV        forward     otherMeson   1.47167e-05
   case= 54        tracker   above 20 MeV        forward    otherBaryon   2.44749e-06
   case= 55        tracker   above 20 MeV       backward            all   0.000331867
   case= 56        tracker   above 20 MeV       backward       electron          0
   case= 57        tracker   above 20 MeV       backward          gamma   1.56124e-05
   case= 58        tracker   above 20 MeV       backward           muon          0
   case= 59        tracker   above 20 MeV       backward       neutrino   0.000210423
   case= 60        tracker   above 20 MeV       backward           pion   2.9042e-06
   case= 61        tracker   above 20 MeV       backward        neutron   0.000102927
   case= 62        tracker   above 20 MeV       backward         proton          0
   case= 63        tracker   above 20 MeV       backward            ion          0
   case= 64        tracker   above 20 MeV       backward     otherMeson          0
   case= 65        tracker   above 20 MeV       backward    otherBaryon          0
   case= 66         emCalo                       forward            all   0.0691991
   case= 67         emCalo                       forward       electron   0.00103453
   case= 68         emCalo                       forward          gamma   0.0194832
   case= 69         emCalo                       forward           muon   4.44115e-06
   case= 70         emCalo                       forward       neutrino   0.000445212
   case= 71         emCalo                       forward           pion   0.000215205
   case= 72         emCalo                       forward        neutron   0.0479274
   case= 73         emCalo                       forward         proton   7.16743e-05
   case= 74         emCalo                       forward            ion   2.51736e-06
   case= 75         emCalo                       forward     otherMeson   1.44814e-05
   case= 76         emCalo                       forward    otherBaryon   4.38061e-07
   case= 77         emCalo                      backward            all   0.00364297
   case= 78         emCalo                      backward       electron   1.2134e-05
   case= 79         emCalo                      backward          gamma   0.000493591
   case= 80         emCalo                      backward           muon          0
   case= 81         emCalo                      backward       neutrino   9.91684e-05
   case= 82         emCalo                      backward           pion          0
   case= 83         emCalo                      backward        neutron   0.00303808
   case= 84         emCalo                      backward         proton          0
   case= 85         emCalo                      backward            ion          0
   case= 86         emCalo                      backward     otherMeson          0
   case= 87         emCalo                      backward    otherBaryon          0
   case= 88         emCalo   below 20 MeV        forward            all   0.0672163
   case= 89         emCalo   below 20 MeV        forward       electron   0.000881641
   case= 90         emCalo   below 20 MeV        forward          gamma   0.0191175
   case= 91         emCalo   below 20 MeV        forward           muon          0
   case= 92         emCalo   below 20 MeV        forward       neutrino   4.01286e-05
   case= 93         emCalo   below 20 MeV        forward           pion   1.67761e-06
   case= 94         emCalo   below 20 MeV        forward        neutron   0.0471718
   case= 95         emCalo   below 20 MeV        forward         proton   2.85261e-06
   case= 96         emCalo   below 20 MeV        forward            ion   7.89914e-07
   case= 97         emCalo   below 20 MeV        forward     otherMeson          0
   case= 98         emCalo   below 20 MeV        forward    otherBaryon          0
   case= 99         emCalo   below 20 MeV       backward            all   0.00353994
   case=100         emCalo   below 20 MeV       backward       electron   1.2134e-05
   case=101         emCalo   below 20 MeV       backward          gamma   0.000493591
   case=102         emCalo   below 20 MeV       backward           muon          0
   case=103         emCalo   below 20 MeV       backward       neutrino   5.71149e-06
   case=104         emCalo   below 20 MeV       backward           pion          0
   case=105         emCalo   below 20 MeV       backward        neutron   0.0030285
   case=106         emCalo   below 20 MeV       backward         proton          0
   case=107         emCalo   below 20 MeV       backward            ion          0
   case=108         emCalo   below 20 MeV       backward     otherMeson          0
   case=109         emCalo   below 20 MeV       backward    otherBaryon          0
   case=110         emCalo   above 20 MeV        forward            all   0.00198278
   case=111         emCalo   above 20 MeV        forward       electron   0.000152884
   case=112         emCalo   above 20 MeV        forward          gamma   0.000365756
   case=113         emCalo   above 20 MeV        forward           muon   4.44115e-06
   case=114         emCalo   above 20 MeV        forward       neutrino   0.000405084
   case=115         emCalo   above 20 MeV        forward           pion   0.000213528
   case=116         emCalo   above 20 MeV        forward        neutron   0.000755619
   case=117         emCalo   above 20 MeV        forward         proton   6.88216e-05
   case=118         emCalo   above 20 MeV        forward            ion   1.72745e-06
   case=119         emCalo   above 20 MeV        forward     otherMeson   1.44814e-05
   case=120         emCalo   above 20 MeV        forward    otherBaryon   4.38061e-07
   case=121         emCalo   above 20 MeV       backward            all   0.000103035
   case=122         emCalo   above 20 MeV       backward       electron          0
   case=123         emCalo   above 20 MeV       backward          gamma          0
   case=124         emCalo   above 20 MeV       backward           muon          0
   case=125         emCalo   above 20 MeV       backward       neutrino   9.34569e-05
   case=126         emCalo   above 20 MeV       backward           pion          0
   case=127         emCalo   above 20 MeV       backward        neutron   9.57799e-06
   case=128         emCalo   above 20 MeV       backward         proton          0
   case=129         emCalo   above 20 MeV       backward            ion          0
   case=130         emCalo   above 20 MeV       backward     otherMeson          0
   case=131         emCalo   above 20 MeV       backward    otherBaryon          0
   case=132        hadCalo                       forward            all   0.000279451
   case=133        hadCalo                       forward       electron   8.34586e-06
   case=134        hadCalo                       forward          gamma   9.9419e-05
   case=135        hadCalo                       forward           muon   1.6608e-07
   case=136        hadCalo                       forward       neutrino   7.84939e-05
   case=137        hadCalo                       forward           pion   1.26794e-06
   case=138        hadCalo                       forward        neutron   9.11292e-05
   case=139        hadCalo                       forward         proton   6.28817e-07
   case=140        hadCalo                       forward            ion          0
   case=141        hadCalo                       forward     otherMeson          0
   case=142        hadCalo                       forward    otherBaryon          0
   case=143        hadCalo                      backward            all   2.659e-05
   case=144        hadCalo                      backward       electron          0
   case=145        hadCalo                      backward          gamma   1.10312e-07
   case=146        hadCalo                      backward           muon          0
   case=147        hadCalo                      backward       neutrino   2.6416e-05
   case=148        hadCalo                      backward           pion          0
   case=149        hadCalo                      backward        neutron   6.37186e-08
   case=150        hadCalo                      backward         proton          0
   case=151        hadCalo                      backward            ion          0
   case=152        hadCalo                      backward     otherMeson          0
   case=153        hadCalo                      backward    otherBaryon          0
   case=154        hadCalo   below 20 MeV        forward            all   0.000187798
   case=155        hadCalo   below 20 MeV        forward       electron   4.85361e-06
   case=156        hadCalo   below 20 MeV        forward          gamma   9.44225e-05
   case=157        hadCalo   below 20 MeV        forward           muon          0
   case=158        hadCalo   below 20 MeV        forward       neutrino   6.53434e-06
   case=159        hadCalo   below 20 MeV        forward           pion          0
   case=160        hadCalo   below 20 MeV        forward        neutron   8.1988e-05
   case=161        hadCalo   below 20 MeV        forward         proton          0
   case=162        hadCalo   below 20 MeV        forward            ion          0
   case=163        hadCalo   below 20 MeV        forward     otherMeson          0
   case=164        hadCalo   below 20 MeV        forward    otherBaryon          0
   case=165        hadCalo   below 20 MeV       backward            all   2.08628e-06
   case=166        hadCalo   below 20 MeV       backward       electron          0
   case=167        hadCalo   below 20 MeV       backward          gamma   1.10312e-07
   case=168        hadCalo   below 20 MeV       backward           muon          0
   case=169        hadCalo   below 20 MeV       backward       neutrino   1.91225e-06
   case=170        hadCalo   below 20 MeV       backward           pion          0
   case=171        hadCalo   below 20 MeV       backward        neutron   6.37186e-08
   case=172        hadCalo   below 20 MeV       backward         proton          0
   case=173        hadCalo   below 20 MeV       backward            ion          0
   case=174        hadCalo   below 20 MeV       backward     otherMeson          0
   case=175        hadCalo   below 20 MeV       backward    otherBaryon          0
   case=176        hadCalo   above 20 MeV        forward            all   9.16523e-05
   case=177        hadCalo   above 20 MeV        forward       electron   3.49225e-06
   case=178        hadCalo   above 20 MeV        forward          gamma   4.99642e-06
   case=179        hadCalo   above 20 MeV        forward           muon   1.6608e-07
   case=180        hadCalo   above 20 MeV        forward       neutrino   7.19596e-05
   case=181        hadCalo   above 20 MeV        forward           pion   1.26794e-06
   case=182        hadCalo   above 20 MeV        forward        neutron   9.14124e-06
   case=183        hadCalo   above 20 MeV        forward         proton   6.28817e-07
   case=184        hadCalo   above 20 MeV        forward            ion          0
   case=185        hadCalo   above 20 MeV        forward     otherMeson          0
   case=186        hadCalo   above 20 MeV        forward    otherBaryon          0
   case=187        hadCalo   above 20 MeV       backward            all   2.45037e-05
   case=188        hadCalo   above 20 MeV       backward       electron          0
   case=189        hadCalo   above 20 MeV       backward          gamma          0
   case=190        hadCalo   above 20 MeV       backward           muon          0
   case=191        hadCalo   above 20 MeV       backward       neutrino   2.45037e-05
   case=192        hadCalo   above 20 MeV       backward           pion          0
   case=193        hadCalo   above 20 MeV       backward        neutron          0
   case=194        hadCalo   above 20 MeV       backward         proton          0
   case=195        hadCalo   above 20 MeV       backward            ion          0
   case=196        hadCalo   above 20 MeV       backward     otherMeson          0
   case=197        hadCalo   above 20 MeV       backward    otherBaryon          0
 ------------------------------------------------------------- 
 Extra information: particle production 	 	      <N>      <E_kin> <Sum_Ekin> [MeV]
   case=  0        tracker                           all     147.76    77.1896    11405.5
   case=  1        tracker                      electron      90.02    2.71471    244.378
   case=  2        tracker                         gamma       8.93    303.223    2707.78
   case=  3        tracker                          muon       0.02    4.11981   0.0823963
   case=  4        tracker                      neutrino       0.06    34.2648    2.05589
   case=  5        tracker                          pion       2.09    3118.72    6518.12
   case=  6        tracker                       neutron       1.45    444.001    643.801
   case=  7        tracker                        proton      32.54    9.06704    295.041
   case=  8        tracker                           ion      12.47    1.88852    23.5499
   case=  9        tracker                    otherMeson       0.16    4210.91    673.745
   case= 10        tracker                   otherBaryon       0.02    14849.1    296.982
   case= 11        tracker   below 20 MeV            all     141.29   0.546367    77.1963
   case= 12        tracker   below 20 MeV       electron      89.32    0.33173    29.6301
   case= 13        tracker   below 20 MeV          gamma       6.82    1.35847    9.26473
   case= 14        tracker   below 20 MeV           muon       0.02    4.11981   0.0823963
   case= 15        tracker   below 20 MeV       neutrino          0          0          0
   case= 16        tracker   below 20 MeV           pion       0.02    15.8259   0.316519
   case= 17        tracker   below 20 MeV        neutron       0.79    7.60507      6.008
   case= 18        tracker   below 20 MeV         proton      31.99   0.660376    21.1254
   case= 19        tracker   below 20 MeV            ion      12.33   0.873405    10.7691
   case= 20        tracker   below 20 MeV     otherMeson          0          0          0
   case= 21        tracker   below 20 MeV    otherBaryon          0          0          0
   case= 22        tracker   above 20 MeV            all       6.47     1750.9    11328.3
   case= 23        tracker   above 20 MeV       electron        0.7    306.783    214.748
   case= 24        tracker   above 20 MeV          gamma       2.11    1278.92    2698.52
   case= 25        tracker   above 20 MeV           muon          0          0          0
   case= 26        tracker   above 20 MeV       neutrino       0.06    34.2648    2.05589
   case= 27        tracker   above 20 MeV           pion       2.07     3148.7    6517.81
   case= 28        tracker   above 20 MeV        neutron       0.66    966.353    637.793
   case= 29        tracker   above 20 MeV         proton       0.55    498.029    273.916
   case= 30        tracker   above 20 MeV            ion       0.14    91.2913    12.7808
   case= 31        tracker   above 20 MeV     otherMeson       0.16    4210.91    673.745
   case= 32        tracker   above 20 MeV    otherBaryon       0.02    14849.1    296.982
   case= 33         emCalo                           all      22809    5.46197     124582
   case= 34         emCalo                      electron      13916    3.07267    42759.3
   case= 35         emCalo                         gamma    7715.18    5.36687    41406.4
   case= 36         emCalo                          muon       1.45    77.2411        112
   case= 37         emCalo                      neutrino       4.25    52.0928    221.395
   case= 38         emCalo                          pion      18.63    1349.68    25144.6
   case= 39         emCalo                       neutron     408.86    12.5604    5135.45
   case= 40         emCalo                        proton      33.65    108.518    3651.63
   case= 41         emCalo                           ion      708.9   0.801658    568.295
   case= 42         emCalo                    otherMeson       1.77    2976.43    5268.28
   case= 43         emCalo                   otherBaryon        0.3    1049.03    314.709
   case= 44         emCalo   below 20 MeV            all    22277.7   0.977512    21776.8
   case= 45         emCalo   below 20 MeV       electron    13688.4   0.807989      11060
   case= 46         emCalo   below 20 MeV          gamma    7494.97    1.27513    9557.09
   case= 47         emCalo   below 20 MeV           muon       1.27    4.11981    5.23216
   case= 48         emCalo   below 20 MeV       neutrino       0.29    15.0342    4.35991
   case= 49         emCalo   below 20 MeV           pion       0.34     13.002    4.42068
   case= 50         emCalo   below 20 MeV        neutron     374.93    2.04855    768.063
   case= 51         emCalo   below 20 MeV         proton      14.62    9.69961    141.808
   case= 52         emCalo   below 20 MeV            ion     702.84   0.334031     234.77
   case= 53         emCalo   below 20 MeV     otherMeson       0.11    6.06515   0.667166
   case= 54         emCalo   below 20 MeV    otherBaryon       0.02    15.1866   0.303732
   case= 55         emCalo   above 20 MeV            all     531.23    193.523     102805
   case= 56         emCalo   above 20 MeV       electron     227.63    139.258    31699.2
   case= 57         emCalo   above 20 MeV          gamma     220.21    144.631    31849.3
   case= 58         emCalo   above 20 MeV           muon       0.18    593.152    106.767
   case= 59         emCalo   above 20 MeV       neutrino       3.96    54.8067    217.035
   case= 60         emCalo   above 20 MeV           pion      18.29    1374.53    25140.2
   case= 61         emCalo   above 20 MeV        neutron      33.93    128.718    4367.39
   case= 62         emCalo   above 20 MeV         proton      19.03    184.436    3509.83
   case= 63         emCalo   above 20 MeV            ion       6.06    55.0371    333.525
   case= 64         emCalo   above 20 MeV     otherMeson       1.66    3173.26    5267.62
   case= 65         emCalo   above 20 MeV    otherBaryon       0.28    1122.88    314.405
   case= 66        hadCalo                           all    42620.8    3.30459     140845
   case= 67        hadCalo                      electron      31547    1.36789    43152.8
   case= 68        hadCalo                         gamma    9082.39    4.57519    41553.6
   case= 69        hadCalo                          muon       4.13    21.9191    90.5259
   case= 70        hadCalo                      neutrino      12.47    37.6951    470.058
   case= 71        hadCalo                          pion      31.92    927.124    29593.8
   case= 72        hadCalo                       neutron        736    14.8757    10948.5
   case= 73        hadCalo                        proton     158.43    53.2508    8436.52
   case= 74        hadCalo                           ion    1045.24   0.785604    821.145
   case= 75        hadCalo                    otherMeson       2.61    2035.48    5312.59
   case= 76        hadCalo                   otherBaryon       0.64    726.502    464.961
   case= 77        hadCalo   below 20 MeV            all    41988.3   0.649193    27258.5
   case= 78        hadCalo   below 20 MeV       electron    31314.6   0.435099    13624.9
   case= 79        hadCalo   below 20 MeV          gamma    8880.35    1.20695    10718.1
   case= 80        hadCalo   below 20 MeV           muon       3.78    4.11981    15.5729
   case= 81        hadCalo   below 20 MeV       neutrino       1.05    15.2165    15.9773
   case= 82        hadCalo   below 20 MeV           pion       0.59    12.8211    7.56443
   case= 83        hadCalo   below 20 MeV        neutron     644.23    2.52635    1627.55
   case= 84        hadCalo   below 20 MeV         proton     106.49    7.98867    850.713
   case= 85        hadCalo   below 20 MeV            ion    1037.06   0.382775     396.96
   case= 86        hadCalo   below 20 MeV     otherMeson       0.15    6.17954   0.926931
   case= 87        hadCalo   below 20 MeV    otherBaryon       0.01    19.0849   0.190849
   case= 88        hadCalo   above 20 MeV            all     632.54    179.571     113586
   case= 89        hadCalo   above 20 MeV       electron     232.42    127.045    29527.9
   case= 90        hadCalo   above 20 MeV          gamma     202.04    152.621    30835.5
   case= 91        hadCalo   above 20 MeV           muon       0.35    214.151     74.953
   case= 92        hadCalo   above 20 MeV       neutrino      11.42    39.7618     454.08
   case= 93        hadCalo   above 20 MeV           pion      31.33    944.342    29586.2
   case= 94        hadCalo   above 20 MeV        neutron      91.77    101.569    9320.98
   case= 95        hadCalo   above 20 MeV         proton      51.94    146.049     7585.8
   case= 96        hadCalo   above 20 MeV            ion       8.18    51.8563    424.185
   case= 97        hadCalo   above 20 MeV     otherMeson       2.46    2159.21    5311.67
   case= 98        hadCalo   above 20 MeV    otherBaryon       0.63    737.731     464.77
 ============================================================= 


 ------  DetectorConstruction::PrintParameters() ------ 
 MaterialTracker = G4_lAr
 MaterialEmCalo  = G4_Pb
 MaterialHadCalo = G4_Fe
 InnerRadiusTracker = 50 mm
 OuterRadiusTracker = 250 mm
 InnerRadiusEmCalo  = 300 mm
 OuterRadiusEmCalo  = 600 mm
 InnerRadiusHadCalo = 700 mm
 OuterRadiusHadCalo = 1700 mm
 ScoringThickness   = 10 mm
 -------------------------------------------------------- 

Start re-initialization because 
  Geometry
has been modified since last Run.
DetectorConstruction::ConstructSphere() : 
	 World (box) size: 
	 	 x : -/+ 1870 mm 	 y : -/+ 1870 mm 	 z : -/+ 1870 mm 


 ------  DetectorConstruction::PrintParameters() ------ 
 MaterialTracker = G4_lAr
 MaterialEmCalo  = G4_Pb
 MaterialHadCalo = G4_Fe
 InnerRadiusTracker = 50 mm
 OuterRadiusTracker = 250 mm
 InnerRadiusEmCalo  = 300 mm
 OuterRadiusEmCalo  = 600 mm
 InnerRadiusHadCalo = 700 mm
 OuterRadiusHadCalo = 1700 mm
 ScoringThickness   = 10 mm
 -------------------------------------------------------- 


========= Table of registered couples ============================

Index : 0     used in the geometry : Yes
 Material : G4_Galactic
 Range cuts        :  gamma  700 um     e-  700 um     e+  700 um  proton 700 um 
 Energy thresholds :  gamma  990 eV     e-  990 eV     e+  990 eV  proton 70 keV
 Region(s) which use this couple : 
    DefaultRegionForTheWorld

Index : 1     used in the geometry : No 
 Material : G4_POLYSTYRENE
 Range cuts        :  gamma  700 um     e-  700 um     e+  700 um  proton 700 um 
 Energy thresholds :  gamma  2.12507 keV    e-  285.029 keV    e+  278.025 keV proton 70 keV

Index : 2     used in the geometry : No 
 Material : G4_PbWO4
 Range cuts        :  gamma  700 um     e-  700 um     e+  700 um  proton 700 um 
 Energy thresholds :  gamma  75.7749 keV    e-  842.468 keV    e+  797.806 keV proton 70 keV

Index : 3     used in the geometry : No 
 Material : G4_Cu
 Range cuts        :  gamma  700 um     e-  700 um     e+  700 um  proton 700 um 
 Energy thresholds :  gamma  20.5458 keV    e-  1.03403 MeV    e+  979.823 keV proton 70 keV

Index : 4     used in the geometry : Yes
 Material : G4_lAr
 Range cuts        :  gamma  700 um     e-  700 um     e+  700 um  proton 700 um 
 Energy thresholds :  gamma  5.20503 keV    e-  273.977 keV    e+  266.18 keV proton 70 keV
 Region(s) which use this couple : 
    DefaultRegionForTheWorld

Index : 5     used in the geometry : Yes
 Material : G4_Pb
 Range cuts        :  gamma  700 um     e-  700 um     e+  700 um  proton 700 um 
 Energy thresholds :  gamma  94.6952 keV    e-  1.00699 MeV    e+  946.936 keV proton 70 keV
 Region(s) which use this couple : 
    DefaultRegionForTheWorld

Index : 6     used in the geometry : Yes
 Material : G4_Fe
 Range cuts        :  gamma  700 um     e-  700 um     e+  700 um  proton 700 um 
 Energy thresholds :  gamma  17.2487 keV    e-  954.642 keV    e+  906.513 keV proton 70 keV
 Region(s) which use this couple : 
    DefaultRegionForTheWorld

==================================================================

### Run 1 starts.
### Run 1 starts.
 Event#=0
 Event#=10
 Event#=20
 Event#=30
 Event#=40
 Event#=50
 Event#=60
 Event#=70
 Event#=80
 Event#=90
 Run terminated.
Run Summary
  Number of events processed : 100
  User=40.620000s Real=41.324626s Sys=0.020000s


 ===============  Run::PrintInfo()  =============== 	 RunID = 1
 Primary particle PDG code = -211
 Primary particle kinetic energy = 50 GeV
 Primary particle direction = (0,0,1)
 Tracker material = G4_lAr
 EmCalo  material = G4_Pb
 HadCalo material = G4_Fe
 Cubic-volume scoring tracker shell = 8.17233e+06 mm^3
 Cubic-volume scoring emCalo  shell = 4.59971e+07 mm^3
 Cubic-volume scoring hadCalo shell = 3.65309e+08 mm^3
 Number of events = 100
 Conversion factor: fluence from mm^-2 to cm^-2 = 100
 Particle fluence in unit of cm^-2 :
   case=  0        tracker                       forward            all   0.358315
   case=  1        tracker                       forward       electron   0.0014073
   case=  2        tracker                       forward          gamma   0.020768
   case=  3        tracker                       forward           muon   2.13359e-06
   case=  4        tracker                       forward       neutrino   0.000659195
   case=  5        tracker                       forward           pion   0.000654644
   case=  6        tracker                       forward        neutron   0.334636
   case=  7        tracker                       forward         proton   0.00015005
   case=  8        tracker                       forward            ion   2.56329e-06
   case=  9        tracker                       forward     otherMeson   2.79566e-05
   case= 10        tracker                       forward    otherBaryon   7.49878e-06
   case= 11        tracker                      backward            all     0.2296
   case= 12        tracker                      backward       electron   0.000159831
   case= 13        tracker                      backward          gamma   0.00402026
   case= 14        tracker                      backward           muon          0
   case= 15        tracker                      backward       neutrino   0.00026069
   case= 16        tracker                      backward           pion   6.05702e-06
   case= 17        tracker                      backward        neutron    0.22515
   case= 18        tracker                      backward         proton   2.97264e-06
   case= 19        tracker                      backward            ion          0
   case= 20        tracker                      backward     otherMeson          0
   case= 21        tracker                      backward    otherBaryon          0
   case= 22        tracker   below 20 MeV        forward            all   0.354161
   case= 23        tracker   below 20 MeV        forward       electron   0.000894746
   case= 24        tracker   below 20 MeV        forward          gamma   0.0199941
   case= 25        tracker   below 20 MeV        forward           muon          0
   case= 26        tracker   below 20 MeV        forward       neutrino   7.34811e-05
   case= 27        tracker   below 20 MeV        forward           pion   7.15854e-06
   case= 28        tracker   below 20 MeV        forward        neutron   0.333185
   case= 29        tracker   below 20 MeV        forward         proton   3.36916e-06
   case= 30        tracker   below 20 MeV        forward            ion   2.56329e-06
   case= 31        tracker   below 20 MeV        forward     otherMeson          0
   case= 32        tracker   below 20 MeV        forward    otherBaryon          0
   case= 33        tracker   below 20 MeV       backward            all   0.229105
   case= 34        tracker   below 20 MeV       backward       electron   0.00014988
   case= 35        tracker   below 20 MeV       backward          gamma   0.00400205
   case= 36        tracker   below 20 MeV       backward           muon          0
   case= 37        tracker   below 20 MeV       backward       neutrino   2.82638e-05
   case= 38        tracker   below 20 MeV       backward           pion          0
   case= 39        tracker   below 20 MeV       backward        neutron   0.224925
   case= 40        tracker   below 20 MeV       backward         proton          0
   case= 41        tracker   below 20 MeV       backward            ion          0
   case= 42        tracker   below 20 MeV       backward     otherMeson          0
   case= 43        tracker   below 20 MeV       backward    otherBaryon          0
   case= 44        tracker   above 20 MeV        forward            all   0.0041545
   case= 45        tracker   above 20 MeV        forward       electron   0.000512552
   case= 46        tracker   above 20 MeV        forward          gamma   0.000773918
   case= 47        tracker   above 20 MeV        forward           muon   2.13359e-06
   case= 48        tracker   above 20 MeV        forward       neutrino   0.000585714
   case= 49        tracker   above 20 MeV        forward           pion   0.000647486
   case= 50        tracker   above 20 MeV        forward        neutron   0.00145056
   case= 51        tracker   above 20 MeV        forward         proton   0.000146681
   case= 52        tracker   above 20 MeV        forward            ion          0
   case= 53        tracker   above 20 MeV        forward     otherMeson   2.79566e-05
   case= 54        tracker   above 20 MeV        forward    otherBaryon   7.49878e-06
   case= 55        tracker   above 20 MeV       backward            all   0.000494832
   case= 56        tracker   above 20 MeV       backward       electron   9.95085e-06
   case= 57        tracker   above 20 MeV       backward          gamma   1.82118e-05
   case= 58        tracker   above 20 MeV       backward           muon          0
   case= 59        tracker   above 20 MeV       backward       neutrino   0.000232426
   case= 60        tracker   above 20 MeV       backward           pion   6.05702e-06
   case= 61        tracker   above 20 MeV       backward        neutron   0.000225213
   case= 62        tracker   above 20 MeV       backward         proton   2.97264e-06
   case= 63        tracker   above 20 MeV       backward            ion          0
   case= 64        tracker   above 20 MeV       backward     otherMeson          0
   case= 65        tracker   above 20 MeV       backward    otherBaryon          0
   case= 66         emCalo                       forward            all   0.198975
   case= 67         emCalo                       forward       electron   0.00129556
   case= 68         emCalo                       forward          gamma   0.0211314
   case= 69         emCalo                       forward           muon   1.89094e-06
   case= 70         emCalo                       forward       neutrino   0.000604267
   case= 71         emCalo                       forward           pion   0.000225987
   case= 72         emCalo                       forward        neutron   0.175603
   case= 73         emCalo                       forward         proton   8.7966e-05
   case= 74         emCalo                       forward            ion   6.91254e-06
   case= 75         emCalo                       forward     otherMeson   1.57993e-05
   case= 76         emCalo                       forward    otherBaryon   1.88201e-06
   case= 77         emCalo                      backward            all   0.0455657
   case= 78         emCalo                      backward       electron   9.79963e-05
   case= 79         emCalo                      backward          gamma   0.00151674
   case= 80         emCalo                      backward           muon          0
   case= 81         emCalo                      backward       neutrino   0.000117882
   case= 82         emCalo                      backward           pion          0
   case= 83         emCalo                      backward        neutron   0.0438331
   case= 84         emCalo                      backward         proton          0
   case= 85         emCalo                      backward            ion          0
   case= 86         emCalo                      backward     otherMeson          0
   case= 87         emCalo                      backward    otherBaryon          0
   case= 88         emCalo   below 20 MeV        forward            all    0.19635
   case= 89         emCalo   below 20 MeV        forward       electron   0.00108949
   case= 90         emCalo   below 20 MeV        forward          gamma   0.0206992
   case= 91         emCalo   below 20 MeV        forward           muon          0
   case= 92         emCalo   below 20 MeV        forward       neutrino   5.50394e-05
   case= 93         emCalo   below 20 MeV        forward           pion   9.30246e-07
   case= 94         emCalo   below 20 MeV        forward        neutron   0.174502
   case= 95         emCalo   below 20 MeV        forward         proton   2.93637e-06
   case= 96         emCalo   below 20 MeV        forward            ion          0
   case= 97         emCalo   below 20 MeV        forward     otherMeson          0
   case= 98         emCalo   below 20 MeV        forward    otherBaryon          0
   case= 99         emCalo   below 20 MeV       backward            all   0.0454431
   case=100         emCalo   below 20 MeV       backward       electron   9.79963e-05
   case=101         emCalo   below 20 MeV       backward          gamma   0.00151674
   case=102         emCalo   below 20 MeV       backward           muon          0
   case=103         emCalo   below 20 MeV       backward       neutrino   1.0994e-05
   case=104         emCalo   below 20 MeV       backward           pion          0
   case=105         emCalo   below 20 MeV       backward        neutron   0.0438173
   case=106         emCalo   below 20 MeV       backward         proton          0
   case=107         emCalo   below 20 MeV       backward            ion          0
   case=108         emCalo   below 20 MeV       backward     otherMeson          0
   case=109         emCalo   below 20 MeV       backward    otherBaryon          0
   case=110         emCalo   above 20 MeV        forward            all   0.00262503
   case=111         emCalo   above 20 MeV        forward       electron   0.00020607
   case=112         emCalo   above 20 MeV        forward          gamma   0.00043217
   case=113         emCalo   above 20 MeV        forward           muon   1.89094e-06
   case=114         emCalo   above 20 MeV        forward       neutrino   0.000549227
   case=115         emCalo   above 20 MeV        forward           pion   0.000225056
   case=116         emCalo   above 20 MeV        forward        neutron   0.00110099
   case=117         emCalo   above 20 MeV        forward         proton   8.50296e-05
   case=118         emCalo   above 20 MeV        forward            ion   6.91254e-06
   case=119         emCalo   above 20 MeV        forward     otherMeson   1.57993e-05
   case=120         emCalo   above 20 MeV        forward    otherBaryon   1.88201e-06
   case=121         emCalo   above 20 MeV       backward            all   0.000122624
   case=122         emCalo   above 20 MeV       backward       electron          0
   case=123         emCalo   above 20 MeV       backward          gamma          0
   case=124         emCalo   above 20 MeV       backward           muon          0
   case=125         emCalo   above 20 MeV       backward       neutrino   0.000106888
   case=126         emCalo   above 20 MeV       backward           pion          0
   case=127         emCalo   above 20 MeV       backward        neutron   1.57361e-05
   case=128         emCalo   above 20 MeV       backward         proton          0
   case=129         emCalo   above 20 MeV       backward            ion          0
   case=130         emCalo   above 20 MeV       backward     otherMeson          0
   case=131         emCalo   above 20 MeV       backward    otherBaryon          0
   case=132        hadCalo                       forward            all   0.000388323
   case=133        hadCalo                       forward       electron   1.71171e-06
   case=134        hadCalo                       forward          gamma   5.84421e-05
   case=135        hadCalo                       forward           muon          0
   case=136        hadCalo                       forward       neutrino   7.5141e-05
   case=137        hadCalo                       forward           pion   8.29493e-07
   case=138        hadCalo                       forward        neutron   0.000250923
   case=139        hadCalo                       forward         proton   1.22006e-06
   case=140        hadCalo                       forward            ion          0
   case=141        hadCalo                       forward     otherMeson   5.59207e-08
   case=142        hadCalo                       forward    otherBaryon          0
   case=143        hadCalo                      backward            all   4.30022e-05
   case=144        hadCalo                      backward       electron          0
   case=145        hadCalo                      backward          gamma   9.12107e-07
   case=146        hadCalo                      backward           muon          0
   case=147        hadCalo                      backward       neutrino   3.26927e-05
   case=148        hadCalo                      backward           pion          0
   case=149        hadCalo                      backward        neutron   9.39739e-06
   case=150        hadCalo                      backward         proton          0
   case=151        hadCalo                      backward            ion          0
   case=152        hadCalo                      backward     otherMeson          0
   case=153        hadCalo                      backward    otherBaryon          0
   case=154        hadCalo   below 20 MeV        forward            all   0.000305471
   case=155        hadCalo   below 20 MeV        forward       electron   1.18292e-06
   case=156        hadCalo   below 20 MeV        forward          gamma   5.75526e-05
   case=157        hadCalo   below 20 MeV        forward           muon          0
   case=158        hadCalo   below 20 MeV        forward       neutrino   5.62231e-06
   case=159        hadCalo   below 20 MeV        forward           pion   8.90322e-08
   case=160        hadCalo   below 20 MeV        forward        neutron   0.000241025
   case=161        hadCalo   below 20 MeV        forward         proton          0
   case=162        hadCalo   below 20 MeV        forward            ion          0
   case=163        hadCalo   below 20 MeV        forward     otherMeson          0
   case=164        hadCalo   below 20 MeV        forward    otherBaryon          0
   case=165        hadCalo   below 20 MeV       backward            all   1.32626e-05
   case=166        hadCalo   below 20 MeV       backward       electron          0
   case=167        hadCalo   below 20 MeV       backward          gamma   9.12107e-07
   case=168        hadCalo   below 20 MeV       backward           muon          0
   case=169        hadCalo   below 20 MeV       backward       neutrino   2.95314e-06
   case=170        hadCalo   below 20 MeV       backward           pion          0
   case=171        hadCalo   below 20 MeV       backward        neutron   9.39739e-06
   case=172        hadCalo   below 20 MeV       backward         proton          0
   case=173        hadCalo   below 20 MeV       backward            ion          0
   case=174        hadCalo   below 20 MeV       backward     otherMeson          0
   case=175        hadCalo   below 20 MeV       backward    otherBaryon          0
   case=176        hadCalo   above 20 MeV        forward            all   8.28517e-05
   case=177        hadCalo   above 20 MeV        forward       electron   5.28787e-07
   case=178        hadCalo   above 20 MeV        forward          gamma   8.89567e-07
   case=179        hadCalo   above 20 MeV        forward           muon          0
   case=180        hadCalo   above 20 MeV        forward       neutrino   6.95187e-05
   case=181        hadCalo   above 20 MeV        forward           pion   7.40461e-07
   case=182        hadCalo   above 20 MeV        forward        neutron   9.89824e-06
   case=183        hadCalo   above 20 MeV        forward         proton   1.22006e-06
   case=184        hadCalo   above 20 MeV        forward            ion          0
   case=185        hadCalo   above 20 MeV        forward     otherMeson   5.59207e-08
   case=186        hadCalo   above 20 MeV        forward    otherBaryon          0
   case=187        hadCalo   above 20 MeV       backward            all   2.97396e-05
   case=188        hadCalo   above 20 MeV       backward       electron          0
   case=189        hadCalo   above 20 MeV       backward          gamma          0
   case=190        hadCalo   above 20 MeV       backward           muon          0
   case=191        hadCalo   above 20 MeV       backward       neutrino   2.97396e-05
   case=192        hadCalo   above 20 MeV       backward           pion          0
   case=193        hadCalo   above 20 MeV       backward        neutron          0
   case=194        hadCalo   above 20 MeV       backward         proton          0
   case=195        hadCalo   above 20 MeV       backward            ion          0
   case=196        hadCalo   above 20 MeV       backward     otherMeson          0
   case=197        hadCalo   above 20 MeV       backward    otherBaryon          0
 ------------------------------------------------------------- 
 Extra information: particle production 	 	      <N>      <E_kin> <Sum_Ekin> [MeV]
   case=  0        tracker                           all     304.63    58.4114    17793.9
   case=  1        tracker                      electron     174.86    10.5811    1850.21
   case=  2        tracker                         gamma      53.85    81.1513       4370
   case=  3        tracker                          muon       0.04    5.80192   0.232077
   case=  4        tracker                      neutrino       0.13    44.2144    5.74788
   case=  5        tracker                          pion       2.92    2743.99    8012.46
   case=  6        tracker                       neutron      12.94    36.3402    470.242
   case=  7        tracker                        proton       1.44    295.308    425.244
   case=  8        tracker                           ion      58.06   0.463174    26.8919
   case=  9        tracker                    otherMeson       0.32    8021.12    2566.76
   case= 10        tracker                   otherBaryon       0.07    943.841    66.0689
   case= 11        tracker   below 20 MeV            all     291.81   0.626946    182.949
   case= 12        tracker   below 20 MeV       electron     172.16   0.382966    65.9315
   case= 13        tracker   below 20 MeV          gamma      49.36    1.36656    67.4534
   case= 14        tracker   below 20 MeV           muon       0.04    5.80192   0.232077
   case= 15        tracker   below 20 MeV       neutrino       0.02    18.4478   0.368957
   case= 16        tracker   below 20 MeV           pion       0.02    6.61982   0.132396
   case= 17        tracker   below 20 MeV        neutron      11.69    2.45983    28.7555
   case= 18        tracker   below 20 MeV         proton       0.71    8.74957    6.21219
   case= 19        tracker   below 20 MeV            ion      57.81   0.239807    13.8633
   case= 20        tracker   below 20 MeV     otherMeson          0          0          0
   case= 21        tracker   below 20 MeV    otherBaryon          0          0          0
   case= 22        tracker   above 20 MeV            all      12.82    1373.71    17610.9
   case= 23        tracker   above 20 MeV       electron        2.7    660.844    1784.28
   case= 24        tracker   above 20 MeV          gamma       4.49     958.25    4302.54
   case= 25        tracker   above 20 MeV           muon          0          0          0
   case= 26        tracker   above 20 MeV       neutrino       0.11    48.8993    5.37892
   case= 27        tracker   above 20 MeV           pion        2.9    2762.87    8012.33
   case= 28        tracker   above 20 MeV        neutron       1.25    353.189    441.486
   case= 29        tracker   above 20 MeV         proton       0.73    574.016    419.032
   case= 30        tracker   above 20 MeV            ion       0.25    52.1146    13.0287
   case= 31        tracker   above 20 MeV     otherMeson       0.32    8021.12    2566.76
   case= 32        tracker   above 20 MeV    otherBaryon       0.07    943.841    66.0689
   case= 33         emCalo                           all    29875.8    5.42703     162137
   case= 34         emCalo                      electron    18060.5    2.97591    53746.6
   case= 35         emCalo                         gamma    10520.7    5.02117    52826.4
   case= 36         emCalo                          muon       2.37    16.3427    38.7323
   case= 37         emCalo                      neutrino       7.09    37.8531    268.379
   case= 38         emCalo                          pion      26.45    1209.24    31984.3
   case= 39         emCalo                       neutron     792.54    11.4315    9059.92
   case= 40         emCalo                        proton       50.9    104.407     5314.3
   case= 41         emCalo                           ion     411.99    2.06355    850.161
   case= 42         emCalo                    otherMeson       2.56    2935.51    7514.91
   case= 43         emCalo                   otherBaryon       0.62    860.118    533.273
   case= 44         emCalo   below 20 MeV            all    29138.3    1.03202    30071.2
   case= 45         emCalo   below 20 MeV       electron      17759   0.843024    14971.3
   case= 46         emCalo   below 20 MeV          gamma      10230    1.27481    13041.3
   case= 47         emCalo   below 20 MeV           muon       2.17    4.15178    9.00937
   case= 48         emCalo   below 20 MeV       neutrino       0.53    15.4319    8.17888
   case= 49         emCalo   below 20 MeV           pion       0.54    11.8376    6.39228
   case= 50         emCalo   below 20 MeV        neutron      729.7    2.22251    1621.77
   case= 51         emCalo   below 20 MeV         proton      17.52    12.3455    216.292
   case= 52         emCalo   below 20 MeV            ion     398.74   0.491987    196.175
   case= 53         emCalo   below 20 MeV     otherMeson       0.07    6.53689   0.457583
   case= 54         emCalo   below 20 MeV    otherBaryon       0.03     11.293   0.338791
   case= 55         emCalo   above 20 MeV            all     737.52    179.067     132066
   case= 56         emCalo   above 20 MeV       electron     301.54    128.591    38775.3
   case= 57         emCalo   above 20 MeV          gamma     290.76    136.831    39785.1
   case= 58         emCalo   above 20 MeV           muon        0.2    148.615    29.7229
   case= 59         emCalo   above 20 MeV       neutrino       6.56    39.6646      260.2
   case= 60         emCalo   above 20 MeV           pion      25.91    1234.19    31977.9
   case= 61         emCalo   above 20 MeV        neutron      62.84    118.367    7438.16
   case= 62         emCalo   above 20 MeV         proton      33.38    152.726    5098.01
   case= 63         emCalo   above 20 MeV            ion      13.25    49.3574    653.986
   case= 64         emCalo   above 20 MeV     otherMeson       2.49    3017.85    7514.45
   case= 65         emCalo   above 20 MeV    otherBaryon       0.59    903.279    532.935
   case= 66        hadCalo                           all    35881.2    2.51427    90214.9
   case= 67        hadCalo                      electron    26712.9     1.0101    26982.6
   case= 68        hadCalo                         gamma    6942.05    3.67457      25509
   case= 69        hadCalo                          muon       3.52    14.6607    51.6055
   case= 70        hadCalo                      neutrino      10.55    36.1684    381.576
   case= 71        hadCalo                          pion      24.52    699.606    17154.3
   case= 72        hadCalo                       neutron     747.26    12.8168    9577.45
   case= 73        hadCalo                        proton     122.84    56.2886     6914.5
   case= 74        hadCalo                           ion    1315.53   0.493206    648.828
   case= 75        hadCalo                    otherMeson       1.57    1826.54    2867.67
   case= 76        hadCalo                   otherBaryon       0.45    282.874    127.294
   case= 77        hadCalo   below 20 MeV            all    35469.8   0.621185    22033.3
   case= 78        hadCalo   below 20 MeV       electron    26576.2   0.403271    10717.4
   case= 79        hadCalo   below 20 MeV          gamma    6826.59    1.29642    8850.15
   case= 80        hadCalo   below 20 MeV           muon       3.27    4.15651    13.5918
   case= 81        hadCalo   below 20 MeV       neutrino       0.86    14.7552    12.6895
   case= 82        hadCalo   below 20 MeV           pion       0.64    13.0336    8.34153
   case= 83        hadCalo   below 20 MeV        neutron     670.31    2.11905    1420.42
   case= 84        hadCalo   below 20 MeV         proton      81.97    7.86301    644.531
   case= 85        hadCalo   below 20 MeV            ion    1309.81   0.278788    365.159
   case= 86        hadCalo   below 20 MeV     otherMeson        0.1    5.19053   0.519053
   case= 87        hadCalo   below 20 MeV    otherBaryon       0.05    10.2648   0.513241
   case= 88        hadCalo   above 20 MeV            all      411.3    165.771    68181.6
   case= 89        hadCalo   above 20 MeV       electron     136.61    119.063    16265.2
   case= 90        hadCalo   above 20 MeV          gamma     115.46    144.283    16658.9
   case= 91        hadCalo   above 20 MeV           muon       0.25    152.055    38.0137
   case= 92        hadCalo   above 20 MeV       neutrino       9.69    38.0688    368.887
   case= 93        hadCalo   above 20 MeV           pion      23.88    718.006      17146
   case= 94        hadCalo   above 20 MeV        neutron      76.95    106.004    8157.03
   case= 95        hadCalo   above 20 MeV         proton      40.87    153.412    6269.97
   case= 96        hadCalo   above 20 MeV            ion       5.72    49.5924    283.669
   case= 97        hadCalo   above 20 MeV     otherMeson       1.47    1950.44    2867.15
   case= 98        hadCalo   above 20 MeV    otherBaryon        0.4    316.951     126.78
 ============================================================= 


 ------  DetectorConstruction::PrintParameters() ------ 
 MaterialTracker = G4_Si
 MaterialEmCalo  = G4_W
 MaterialHadCalo = G4_W
 InnerRadiusTracker = 50 mm
 OuterRadiusTracker = 250 mm
 InnerRadiusEmCalo  = 300 mm
 OuterRadiusEmCalo  = 600 mm
 InnerRadiusHadCalo = 700 mm
 OuterRadiusHadCalo = 1700 mm
 ScoringThickness   = 10 mm
 -------------------------------------------------------- 

Start re-initialization because 
  Geometry
has been modified since last Run.
DetectorConstruction::ConstructSphere() : 
	 World (box) size: 
	 	 x : -/+ 1870 mm 	 y : -/+ 1870 mm 	 z : -/+ 1870 mm 


 ------  DetectorConstruction::PrintParameters() ------ 
 MaterialTracker = G4_Si
 MaterialEmCalo  = G4_W
 MaterialHadCalo = G4_W
 InnerRadiusTracker = 50 mm
 OuterRadiusTracker = 250 mm
 InnerRadiusEmCalo  = 300 mm
 OuterRadiusEmCalo  = 600 mm
 InnerRadiusHadCalo = 700 mm
 OuterRadiusHadCalo = 1700 mm
 ScoringThickness   = 10 mm
 -------------------------------------------------------- 


========= Table of registered couples ============================

Index : 0     used in the geometry : Yes
 Material : G4_Galactic
 Range cuts        :  gamma  700 um     e-  700 um     e+  700 um  proton 700 um 
 Energy thresholds :  gamma  990 eV     e-  990 eV     e+  990 eV  proton 70 keV
 Region(s) which use this couple : 
    DefaultRegionForTheWorld

Index : 1     used in the geometry : No 
 Material : G4_POLYSTYRENE
 Range cuts        :  gamma  700 um     e-  700 um     e+  700 um  proton 700 um 
 Energy thresholds :  gamma  2.12507 keV    e-  285.029 keV    e+  278.025 keV proton 70 keV

Index : 2     used in the geometry : No 
 Material : G4_PbWO4
 Range cuts        :  gamma  700 um     e-  700 um     e+  700 um  proton 700 um 
 Energy thresholds :  gamma  75.7749 keV    e-  842.468 keV    e+  797.806 keV proton 70 keV

Index : 3     used in the geometry : No 
 Material : G4_Cu
 Range cuts        :  gamma  700 um     e-  700 um     e+  700 um  proton 700 um 
 Energy thresholds :  gamma  20.5458 keV    e-  1.03403 MeV    e+  979.823 keV proton 70 keV

Index : 4     used in the geometry : No 
 Material : G4_lAr
 Range cuts        :  gamma  700 um     e-  700 um     e+  700 um  proton 700 um 
 Energy thresholds :  gamma  5.20503 keV    e-  273.977 keV    e+  266.18 keV proton 70 keV

Index : 5     used in the geometry : No 
 Material : G4_Pb
 Range cuts        :  gamma  700 um     e-  700 um     e+  700 um  proton 700 um 
 Energy thresholds :  gamma  94.6952 keV    e-  1.00699 MeV    e+  946.936 keV proton 70 keV

Index : 6     used in the geometry : No 
 Material : G4_Fe
 Range cuts        :  gamma  700 um     e-  700 um     e+  700 um  proton 700 um 
 Energy thresholds :  gamma  17.2487 keV    e-  954.642 keV    e+  906.513 keV proton 70 keV

Index : 7     used in the geometry : Yes
 Material : G4_Si
 Range cuts        :  gamma  700 um     e-  700 um     e+  700 um  proton 700 um 
 Energy thresholds :  gamma  5.85415 keV    e-  423.338 keV    e+  409.013 keV proton 70 keV
 Region(s) which use this couple : 
    DefaultRegionForTheWorld

Index : 8     used in the geometry : Yes
 Material : G4_W
 Range cuts        :  gamma  700 um     e-  700 um     e+  700 um  proton 700 um 
 Energy thresholds :  gamma  97.7189 keV    e-  1.64904 MeV    e+  1.53897 MeV proton 70 keV
 Region(s) which use this couple : 
    DefaultRegionForTheWorld

==================================================================

### Run 2 starts.
### Run 2 starts.
 Event#=0
 Event#=10
 Event#=20
 Event#=30
 Event#=40
 Event#=50
 Event#=60
 Event#=70
 Event#=80
 Event#=90
 Run terminated.
Run Summary
  Number of events processed : 100
  User=53.540000s Real=54.624615s Sys=0.020000s


 ===============  Run::PrintInfo()  =============== 	 RunID = 2
 Primary particle PDG code = -211
 Primary particle kinetic energy = 50 GeV
 Primary particle direction = (0,0,1)
 Tracker material = G4_Si
 EmCalo  material = G4_W
 HadCalo material = G4_W
 Cubic-volume scoring tracker shell = 8.17233e+06 mm^3
 Cubic-volume scoring emCalo  shell = 4.59971e+07 mm^3
 Cubic-volume scoring hadCalo shell = 3.65309e+08 mm^3
 Number of events = 100
 Conversion factor: fluence from mm^-2 to cm^-2 = 100
 Particle fluence in unit of cm^-2 :
   case=  0        tracker                       forward            all   0.211639
   case=  1        tracker                       forward       electron   0.00350237
   case=  2        tracker                       forward          gamma   0.0454721
   case=  3        tracker                       forward           muon   2.44783e-06
   case=  4        tracker                       forward       neutrino   0.00106692
   case=  5        tracker                       forward           pion   0.000881602
   case=  6        tracker                       forward        neutron   0.160419
   case=  7        tracker                       forward         proton   0.000214735
   case=  8        tracker                       forward            ion   1.55838e-05
   case=  9        tracker                       forward     otherMeson   5.67591e-05
   case= 10        tracker                       forward    otherBaryon   8.29774e-06
   case= 11        tracker                      backward            all   0.0674922
   case= 12        tracker                      backward       electron   0.000312216
   case= 13        tracker                      backward          gamma   0.00706082
   case= 14        tracker                      backward           muon          0
   case= 15        tracker                      backward       neutrino   0.000385661
   case= 16        tracker                      backward           pion          0
   case= 17        tracker                      backward        neutron   0.0597335
   case= 18        tracker                      backward         proton          0
   case= 19        tracker                      backward            ion          0
   case= 20        tracker                      backward     otherMeson          0
   case= 21        tracker                      backward    otherBaryon          0
   case= 22        tracker   below 20 MeV        forward            all   0.204643
   case= 23        tracker   below 20 MeV        forward       electron   0.00244104
   case= 24        tracker   below 20 MeV        forward          gamma   0.0436076
   case= 25        tracker   below 20 MeV        forward           muon          0
   case= 26        tracker   below 20 MeV        forward       neutrino   4.88692e-05
   case= 27        tracker   below 20 MeV        forward           pion          0
   case= 28        tracker   below 20 MeV        forward        neutron   0.158529
   case= 29        tracker   below 20 MeV        forward         proton   1.15773e-05
   case= 30        tracker   below 20 MeV        forward            ion   4.93397e-06
   case= 31        tracker   below 20 MeV        forward     otherMeson          0
   case= 32        tracker   below 20 MeV        forward    otherBaryon          0
   case= 33        tracker   below 20 MeV       backward            all   0.0669087
   case= 34        tracker   below 20 MeV       backward       electron   0.000312216
   case= 35        tracker   below 20 MeV       backward          gamma   0.00705564
   case= 36        tracker   below 20 MeV       backward           muon          0
   case= 37        tracker   below 20 MeV       backward       neutrino   2.66469e-05
   case= 38        tracker   below 20 MeV       backward           pion          0
   case= 39        tracker   below 20 MeV       backward        neutron   0.0595142
   case= 40        tracker   below 20 MeV       backward         proton          0
   case= 41        tracker   below 20 MeV       backward            ion          0
   case= 42        tracker   below 20 MeV       backward     otherMeson          0
   case= 43        tracker   below 20 MeV       backward    otherBaryon          0
   case= 44        tracker   above 20 MeV        forward            all   0.00699589
   case= 45        tracker   above 20 MeV        forward       electron   0.00106133
   case= 46        tracker   above 20 MeV        forward          gamma   0.0018645
   case= 47        tracker   above 20 MeV        forward           muon   2.44783e-06
   case= 48        tracker   above 20 MeV        forward       neutrino   0.00101805
   case= 49        tracker   above 20 MeV        forward           pion   0.000881602
   case= 50        tracker   above 20 MeV        forward        neutron   0.00188909
   case= 51        tracker   above 20 MeV        forward         proton   0.000203158
   case= 52        tracker   above 20 MeV        forward            ion   1.06498e-05
   case= 53        tracker   above 20 MeV        forward     otherMeson   5.67591e-05
   case= 54        tracker   above 20 MeV        forward    otherBaryon   8.29774e-06
   case= 55        tracker   above 20 MeV       backward            all   0.000583468
   case= 56        tracker   above 20 MeV       backward       electron          0
   case= 57        tracker   above 20 MeV       backward          gamma   5.18143e-06
   case= 58        tracker   above 20 MeV       backward           muon          0
   case= 59        tracker   above 20 MeV       backward       neutrino   0.000359014
   case= 60        tracker   above 20 MeV       backward           pion          0
   case= 61        tracker   above 20 MeV       backward        neutron   0.000219272
   case= 62        tracker   above 20 MeV       backward         proton          0
   case= 63        tracker   above 20 MeV       backward            ion          0
   case= 64        tracker   above 20 MeV       backward     otherMeson          0
   case= 65        tracker   above 20 MeV       backward    otherBaryon          0
   case= 66         emCalo                       forward            all   0.0653655
   case= 67         emCalo                       forward       electron   0.0004938
   case= 68         emCalo                       forward          gamma   0.00834603
   case= 69         emCalo                       forward           muon   1.68886e-06
   case= 70         emCalo                       forward       neutrino   0.000637296
   case= 71         emCalo                       forward           pion   0.000113658
   case= 72         emCalo                       forward        neutron   0.0557065
   case= 73         emCalo                       forward         proton   5.73226e-05
   case= 74         emCalo                       forward            ion   1.50813e-06
   case= 75         emCalo                       forward     otherMeson   6.61635e-06
   case= 76         emCalo                       forward    otherBaryon   1.0808e-06
   case= 77         emCalo                      backward            all   0.00210073
   case= 78         emCalo                      backward       electron   2.45745e-05
   case= 79         emCalo                      backward          gamma   0.000235617
   case= 80         emCalo                      backward           muon          0
   case= 81         emCalo                      backward       neutrino   0.000147184
   case= 82         emCalo                      backward           pion          0
   case= 83         emCalo                      backward        neutron   0.00169335
   case= 84         emCalo                      backward         proton          0
   case= 85         emCalo                      backward            ion          0
   case= 86         emCalo                      backward     otherMeson          0
   case= 87         emCalo                      backward    otherBaryon          0
   case= 88         emCalo   below 20 MeV        forward            all   0.0637353
   case= 89         emCalo   below 20 MeV        forward       electron   0.000462542
   case= 90         emCalo   below 20 MeV        forward          gamma   0.00827665
   case= 91         emCalo   below 20 MeV        forward           muon          0
   case= 92         emCalo   below 20 MeV        forward       neutrino   5.05171e-05
   case= 93         emCalo   below 20 MeV        forward           pion          0
   case= 94         emCalo   below 20 MeV        forward        neutron   0.0549397
   case= 95         emCalo   below 20 MeV        forward         proton   5.35024e-06
   case= 96         emCalo   below 20 MeV        forward            ion          0
   case= 97         emCalo   below 20 MeV        forward     otherMeson   5.23601e-07
   case= 98         emCalo   below 20 MeV        forward    otherBaryon          0
   case= 99         emCalo   below 20 MeV       backward            all   0.00196348
   case=100         emCalo   below 20 MeV       backward       electron   2.45745e-05
   case=101         emCalo   below 20 MeV       backward          gamma   0.000235617
   case=102         emCalo   below 20 MeV       backward           muon          0
   case=103         emCalo   below 20 MeV       backward       neutrino   1.22712e-05
   case=104         emCalo   below 20 MeV       backward           pion          0
   case=105         emCalo   below 20 MeV       backward        neutron   0.00169102
   case=106         emCalo   below 20 MeV       backward         proton          0
   case=107         emCalo   below 20 MeV       backward            ion          0
   case=108         emCalo   below 20 MeV       backward     otherMeson          0
   case=109         emCalo   below 20 MeV       backward    otherBaryon          0
   case=110         emCalo   above 20 MeV        forward            all   0.00163015
   case=111         emCalo   above 20 MeV        forward       electron   3.12579e-05
   case=112         emCalo   above 20 MeV        forward          gamma   6.93855e-05
   case=113         emCalo   above 20 MeV        forward           muon   1.68886e-06
   case=114         emCalo   above 20 MeV        forward       neutrino   0.000586779
   case=115         emCalo   above 20 MeV        forward           pion   0.000113658
   case=116         emCalo   above 20 MeV        forward        neutron   0.000766725
   case=117         emCalo   above 20 MeV        forward         proton   5.19724e-05
   case=118         emCalo   above 20 MeV        forward            ion   1.50813e-06
   case=119         emCalo   above 20 MeV        forward     otherMeson   6.09275e-06
   case=120         emCalo   above 20 MeV        forward    otherBaryon   1.0808e-06
   case=121         emCalo   above 20 MeV       backward            all   0.000137249
   case=122         emCalo   above 20 MeV       backward       electron          0
   case=123         emCalo   above 20 MeV       backward          gamma          0
   case=124         emCalo   above 20 MeV       backward           muon          0
   case=125         emCalo   above 20 MeV       backward       neutrino   0.000134913
   case=126         emCalo   above 20 MeV       backward           pion          0
   case=127         emCalo   above 20 MeV       backward        neutron   2.3357e-06
   case=128         emCalo   above 20 MeV       backward         proton          0
   case=129         emCalo   above 20 MeV       backward            ion          0
   case=130         emCalo   above 20 MeV       backward     otherMeson          0
   case=131         emCalo   above 20 MeV       backward    otherBaryon          0
   case=132        hadCalo                       forward            all   5.86568e-05
   case=133        hadCalo                       forward       electron          0
   case=134        hadCalo                       forward          gamma   2.74722e-07
   case=135        hadCalo                       forward           muon   5.54645e-08
   case=136        hadCalo                       forward       neutrino   5.7024e-05
   case=137        hadCalo                       forward           pion          0
   case=138        hadCalo                       forward        neutron   1.30254e-06
   case=139        hadCalo                       forward         proton          0
   case=140        hadCalo                       forward            ion          0
   case=141        hadCalo                       forward     otherMeson          0
   case=142        hadCalo                       forward    otherBaryon          0
   case=143        hadCalo                      backward            all   3.20504e-05
   case=144        hadCalo                      backward       electron          0
   case=145        hadCalo                      backward          gamma          0
   case=146        hadCalo                      backward           muon          0
   case=147        hadCalo                      backward       neutrino   3.20504e-05
   case=148        hadCalo                      backward           pion          0
   case=149        hadCalo                      backward        neutron          0
   case=150        hadCalo                      backward         proton          0
   case=151        hadCalo                      backward            ion          0
   case=152        hadCalo                      backward     otherMeson          0
   case=153        hadCalo                      backward    otherBaryon          0
   case=154        hadCalo   below 20 MeV        forward            all   5.98493e-06
   case=155        hadCalo   below 20 MeV        forward       electron          0
   case=156        hadCalo   below 20 MeV        forward          gamma   2.74722e-07
   case=157        hadCalo   below 20 MeV        forward           muon          0
   case=158        hadCalo   below 20 MeV        forward       neutrino   4.40767e-06
   case=159        hadCalo   below 20 MeV        forward           pion          0
   case=160        hadCalo   below 20 MeV        forward        neutron   1.30254e-06
   case=161        hadCalo   below 20 MeV        forward         proton          0
   case=162        hadCalo   below 20 MeV        forward            ion          0
   case=163        hadCalo   below 20 MeV        forward     otherMeson          0
   case=164        hadCalo   below 20 MeV        forward    otherBaryon          0
   case=165        hadCalo   below 20 MeV       backward            all   2.46262e-06
   case=166        hadCalo   below 20 MeV       backward       electron          0
   case=167        hadCalo   below 20 MeV       backward          gamma          0
   case=168        hadCalo   below 20 MeV       backward           muon          0
   case=169        hadCalo   below 20 MeV       backward       neutrino   2.46262e-06
   case=170        hadCalo   below 20 MeV       backward           pion          0
   case=171        hadCalo   below 20 MeV       backward        neutron          0
   case=172        hadCalo   below 20 MeV       backward         proton          0
   case=173        hadCalo   below 20 MeV       backward            ion          0
   case=174        hadCalo   below 20 MeV       backward     otherMeson          0
   case=175        hadCalo   below 20 MeV       backward    otherBaryon          0
   case=176        hadCalo   above 20 MeV        forward            all   5.26718e-05
   case=177        hadCalo   above 20 MeV        forward       electron          0
   case=178        hadCalo   above 20 MeV        forward          gamma          0
   case=179        hadCalo   above 20 MeV        forward           muon   5.54645e-08
   case=180        hadCalo   above 20 MeV        forward       neutrino   5.26164e-05
   case=181        hadCalo   above 20 MeV        forward           pion          0
   case=182        hadCalo   above 20 MeV        forward        neutron          0
   case=183        hadCalo   above 20 MeV        forward         proton          0
   case=184        hadCalo   above 20 MeV        forward            ion          0
   case=185        hadCalo   above 20 MeV        forward     otherMeson          0
   case=186        hadCalo   above 20 MeV        forward    otherBaryon          0
   case=187        hadCalo   above 20 MeV       backward            all   2.95878e-05
   case=188        hadCalo   above 20 MeV       backward       electron          0
   case=189        hadCalo   above 20 MeV       backward          gamma          0
   case=190        hadCalo   above 20 MeV       backward           muon          0
   case=191        hadCalo   above 20 MeV       backward       neutrino   2.95878e-05
   case=192        hadCalo   above 20 MeV       backward           pion          0
   case=193        hadCalo   above 20 MeV       backward        neutron          0
   case=194        hadCalo   above 20 MeV       backward         proton          0
   case=195        hadCalo   above 20 MeV       backward            ion          0
   case=196        hadCalo   above 20 MeV       backward     otherMeson          0
   case=197        hadCalo   above 20 MeV       backward    otherBaryon          0
 ------------------------------------------------------------- 
 Extra information: particle production 	 	      <N>      <E_kin> <Sum_Ekin> [MeV]
   case=  0        tracker                           all     672.23    43.8322    29465.3
   case=  1        tracker                      electron      503.3    7.73787    3894.47
   case=  2        tracker                         gamma     100.25    70.5336       7071
   case=  3        tracker                          muon       0.12    360.408     43.249
   case=  4        tracker                      neutrino       0.34    122.301    41.5822
   case=  5        tracker                          pion       5.52    2661.59      14692
   case=  6        tracker                       neutron      11.82    49.5994    586.265
   case=  7        tracker                        proton       5.45    94.6544    515.867
   case=  8        tracker                           ion      44.74    1.38571    61.9968
   case=  9        tracker                    otherMeson       0.56    4347.73    2434.73
   case= 10        tracker                   otherBaryon       0.13    955.379    124.199
   case= 11        tracker   below 20 MeV            all     643.61   0.605061    389.423
   case= 12        tracker   below 20 MeV       electron     496.74   0.344398    171.076
   case= 13        tracker   below 20 MeV          gamma       89.4    1.47782    132.117
   case= 14        tracker   below 20 MeV           muon       0.11    4.11981   0.453179
   case= 15        tracker   below 20 MeV       neutrino       0.01    14.0803   0.140803
   case= 16        tracker   below 20 MeV           pion       0.04    9.03942   0.361577
   case= 17        tracker   below 20 MeV        neutron       9.46    3.53247    33.4172
   case= 18        tracker   below 20 MeV         proton       3.76    6.02654    22.6598
   case= 19        tracker   below 20 MeV            ion      44.09   0.662224    29.1974
   case= 20        tracker   below 20 MeV     otherMeson          0          0          0
   case= 21        tracker   below 20 MeV    otherBaryon          0          0          0
   case= 22        tracker   above 20 MeV            all      28.62    1015.93    29075.9
   case= 23        tracker   above 20 MeV       electron       6.56    567.591    3723.39
   case= 24        tracker   above 20 MeV          gamma      10.85    639.528    6938.88
   case= 25        tracker   above 20 MeV           muon       0.01    4279.58    42.7958
   case= 26        tracker   above 20 MeV       neutrino       0.33     125.58    41.4414
   case= 27        tracker   above 20 MeV           pion       5.48    2680.95    14691.6
   case= 28        tracker   above 20 MeV        neutron       2.36    234.258    552.848
   case= 29        tracker   above 20 MeV         proton       1.69    291.838    493.207
   case= 30        tracker   above 20 MeV            ion       0.65    50.4605    32.7993
   case= 31        tracker   above 20 MeV     otherMeson       0.56    4347.73    2434.73
   case= 32        tracker   above 20 MeV    otherBaryon       0.13    955.379    124.199
   case= 33         emCalo                           all    59610.3    3.67676     219173
   case= 34         emCalo                      electron    35702.7    2.11841    75632.7
   case= 35         emCalo                         gamma    19452.2    3.79887    73896.4
   case= 36         emCalo                          muon       3.82    11.8977    45.4494
   case= 37         emCalo                      neutrino       11.5     35.665    410.147
   case= 38         emCalo                          pion      37.66    1065.27    40118.2
   case= 39         emCalo                       neutron    2156.92    6.15914    13284.8
   case= 40         emCalo                        proton       82.1     87.524    7185.72
   case= 41         emCalo                           ion       2160   0.525779    1135.68
   case= 42         emCalo                    otherMeson        2.7     2608.9    7044.03
   case= 43         emCalo                   otherBaryon        0.7     599.32    419.524
   case= 44         emCalo   below 20 MeV            all    58593.7   0.880779    51608.1
   case= 45         emCalo   below 20 MeV       electron    35289.3   0.716063    25269.4
   case= 46         emCalo   below 20 MeV          gamma    19062.9    1.19862    22849.2
   case= 47         emCalo   below 20 MeV           muon       3.63    4.11981    14.9549
   case= 48         emCalo   below 20 MeV       neutrino       0.96    15.0126    14.4121
   case= 49         emCalo   below 20 MeV           pion       0.94    12.3349    11.5948
   case= 50         emCalo   below 20 MeV        neutron    2060.37    1.33881    2758.45
   case= 51         emCalo   below 20 MeV         proton      30.56    12.3894    378.621
   case= 52         emCalo   below 20 MeV            ion    2144.73   0.144006    308.854
   case= 53         emCalo   below 20 MeV     otherMeson       0.26    6.08996    1.58339
   case= 54         emCalo   below 20 MeV    otherBaryon       0.09    11.4485    1.03036
   case= 55         emCalo   above 20 MeV            all    1016.52    164.841     167565
   case= 56         emCalo   above 20 MeV       electron     413.34    121.845    50363.4
   case= 57         emCalo   above 20 MeV          gamma     389.32    131.119    51047.1
   case= 58         emCalo   above 20 MeV           muon       0.19    160.497    30.4945
   case= 59         emCalo   above 20 MeV       neutrino      10.54    37.5461    395.735
   case= 60         emCalo   above 20 MeV           pion      36.72    1092.23    40106.6
   case= 61         emCalo   above 20 MeV        neutron      96.55    109.025    10526.3
   case= 62         emCalo   above 20 MeV         proton      51.54    132.074     6807.1
   case= 63         emCalo   above 20 MeV            ion      15.27    54.1473    826.829
   case= 64         emCalo   above 20 MeV     otherMeson       2.44    2886.25    7042.44
   case= 65         emCalo   above 20 MeV    otherBaryon       0.61    686.055    418.493
   case= 66        hadCalo                           all    16145.3    1.77149    28601.3
   case= 67        hadCalo                      electron    9158.85   0.897922    8223.93
   case= 68        hadCalo                         gamma    4906.55    1.71025    8391.43
   case= 69        hadCalo                          muon       1.25    64.1425    80.1782
   case= 70        hadCalo                      neutrino       3.74    38.9373    145.626
   case= 71        hadCalo                          pion       7.42      617.7    4583.34
   case= 72        hadCalo                       neutron      964.5    4.22489    4074.91
   case= 73        hadCalo                        proton      23.86    81.6189    1947.43
   case= 74        hadCalo                           ion     1078.7   0.286751    309.318
   case= 75        hadCalo                    otherMeson       0.34    1856.66    631.265
   case= 76        hadCalo                   otherBaryon       0.11    1944.13    213.854
   case= 77        hadCalo   below 20 MeV            all    16016.8   0.706406    11314.4
   case= 78        hadCalo   below 20 MeV       electron    9125.08   0.547309    4994.24
   case= 79        hadCalo   below 20 MeV          gamma    4876.67    1.02732    5009.88
   case= 80        hadCalo   below 20 MeV           muon       1.11    4.11981    4.57299
   case= 81        hadCalo   below 20 MeV       neutrino       0.24    14.7961    3.55106
   case= 82        hadCalo   below 20 MeV           pion       0.21    12.7811    2.68402
   case= 83        hadCalo   below 20 MeV        neutron     930.13    1.18169    1099.13
   case= 84        hadCalo   below 20 MeV         proton       8.92    12.5776    112.193
   case= 85        hadCalo   below 20 MeV            ion    1074.37   0.0815411    87.6054
   case= 86        hadCalo   below 20 MeV     otherMeson       0.06    2.09742   0.125845
   case= 87        hadCalo   below 20 MeV    otherBaryon       0.03    13.5697    0.40709
   case= 88        hadCalo   above 20 MeV            all      128.5    134.528    17286.9
   case= 89        hadCalo   above 20 MeV       electron      33.77     95.638    3229.69
   case= 90        hadCalo   above 20 MeV          gamma      29.88    113.171    3381.55
   case= 91        hadCalo   above 20 MeV           muon       0.14    540.037    75.6052
   case= 92        hadCalo   above 20 MeV       neutrino        3.5    40.5927    142.075
   case= 93        hadCalo   above 20 MeV           pion       7.21    635.319    4580.65
   case= 94        hadCalo   above 20 MeV        neutron      34.37    86.5807    2975.78
   case= 95        hadCalo   above 20 MeV         proton      14.94     122.84    1835.24
   case= 96        hadCalo   above 20 MeV            ion       4.33    51.2038    221.712
   case= 97        hadCalo   above 20 MeV     otherMeson       0.28    2254.07    631.139
   case= 98        hadCalo   above 20 MeV    otherBaryon       0.08    2668.09    213.447
 ============================================================= 

================== Deleting memory pools ===================
Number of memory pools allocated: 11 of which, static: 0
Dynamic pools deleted: 11 / Total memory freed: 0.15 MB
============================================================
