
 ===================================================== 
 Initial seed = 1790188574
 ===================================================== 

Environment variable "G4FORCE_RUN_MANAGER_TYPE" enabled with value == Serial. Forcing G4RunManager type...

        ############################################
        !!! WARNING - FPE detection is activated !!!
        ############################################


          ################################
          !!! G4Backtrace is activated !!!
          ################################


**************************************************************
 Geant4 version Name: geant4-11-04-patch-03    (01-October-2026)
                       Copyright : Geant4 Collaboration
                      References : NIM A 506 (2003), 250-303
                                 : IEEE-TNS 53 (2006), 270-278
                                 : NIM A 835 (2016), 186-225
                             WWW : http://geant4.org/
**************************************************************

### G4PhysListFactory WARNING:  environment variable PHYSLIST is not defined
    Default Physics Lists FTFP_BERT is instantiated
G4PhysListFactory::GetReferencePhysList <FTFP_BERT>
<<< Geant4 Physics List simulation engine: FTFP_BERT


 G4ChordFinder: stepperDriverId: 2


 ------  DetectorConstruction::PrintParameters() ------ 
 Material            = G4_Si
 Target Inner Radius = 9 mm
 Target Outer Radius = 29 mm
 B [T]               = (0,0,4)
 ------------------------------------------------------ 



 ------  DetectorConstruction::PrintParameters() ------ 
 Material            = G4_Si
 Target Inner Radius = 9 mm
 Target Outer Radius = 29 mm
 B [T]               = (0,0,4)
 ------------------------------------------------------ 


DetectorConstruction::ConstructLayer() : 
	 World (box) size: 
	 	 x : -/+ 1010 mm 	 y : -/+ 1010 mm 	 z : -/+ 1010 mm 
	 Layer (cylinder) size : 
	 	 radii : 9 , 29 mm 	 	 length (along z) : 2000 mm 


### Adding tracking cuts for neutron  TimeCut(ns)= 10000  KinEnergyCut(MeV)= 0

========= Table of registered couples ============================

Index : 0     used in the geometry : Yes
 Material : G4_Galactic
 Range cuts        :  gamma  700 um     e-  700 um     e+  700 um  proton 700 um 
 Energy thresholds :  gamma  990 eV     e-  990 eV     e+  990 eV  proton 70 keV
 Region(s) which use this couple : 
    DefaultRegionForTheWorld

Index : 1     used in the geometry : Yes
 Material : G4_Si
 Range cuts        :  gamma  700 um     e-  700 um     e+  700 um  proton 700 um 
 Energy thresholds :  gamma  5.85415 keV    e-  423.338 keV    e+  409.013 keV proton 70 keV
 Region(s) which use this couple : 
    DefaultRegionForTheWorld

==================================================================

### Run 0 starts.
### Run 0 starts.
 Event#=0  t[ns]=0.112012  r[mm]=33.5803  deltaR[mum]=9.5499e-06  deltaEkin[MeV]=6.81354  deltaAngle(deg)=0.005299
 Event#=1000  t[ns]=0.0107121  r[mm]=3.21138  deltaR[mum]=7.87992e-09  deltaEkin[MeV]=0  deltaAngle(deg)=0.000439686
 Event#=2000  t[ns]=0.0491094  r[mm]=14.7225  deltaR[mum]=7.11132e-07  deltaEkin[MeV]=1.73709  deltaAngle(deg)=0.00256081
 Event#=3000  t[ns]=0.1447  r[mm]=43.3797  deltaR[mum]=1.38543e-05  deltaEkin[MeV]=8.39083  deltaAngle(deg)=0.00475343
 Event#=4000  t[ns]=0.00442205  r[mm]=1.32569  deltaR[mum]=5.54667e-10  deltaEkin[MeV]=0  deltaAngle(deg)=0.000181506
 Event#=5000  t[ns]=0.12042  r[mm]=36.1009  deltaR[mum]=1.04844e-05  deltaEkin[MeV]=10.4295  deltaAngle(deg)=0.00417577
G4DecayProducts::IsChecked()::   Energy/Momentum is not conserved   
 difference between parent energy & sum of daughters energy: -4.8927404350252e-09[MeV]  
 difference between parent momentum & sum of daughters momentum:  x:7.4263084570703e-10 y:-3.8129428503453e-09 z:2.9747297958238e-09
 ----- List of DecayProducts  -----
 ------ Parent Particle ----------
 Particle type - tau-
   mass:        1.77686[GeV]
   charge:      -1[e]
   Direction x: 0, y: 0, z: 0
   Total Momentum = 0[GeV]
   Momentum: 0[GeV], y: 0[GeV], z: 0[GeV]
   Total Energy   = 1.77686[GeV]
   Kinetic Energy = 0[GeV]
 MagneticMoment  [MeV/T]: -1.6666182458777e-14
   ProperTime     = 0[ns]
 ------ Daughter Particles  ------
 ----------1 -------------
 Particle type - e-
   mass:        0.00051099891[GeV]
   charge:      -1[e]
   Direction x: 0.1517873979886, y: -0.77929418456643, z: 0.60799766423301
   Total Momentum = 0.88842519133664[GeV]
   Momentum: 0.13485174810051[GeV], y: -0.69234458503095[GeV], z: 0.54016044117844[GeV]
   Total Energy   = 0.88842533829322[GeV]
   Kinetic Energy = 0.88791433938322[GeV]
 MagneticMoment  [MeV/T]: -5.7950947692435e-11
   ProperTime     = 0[ns]
 ----------2 -------------
 Particle type - anti_nu_e
   mass:        0[GeV]
   charge:      0[e]
   Direction x: -0.14871395028867, y: 0.7825904800594, z: -0.60451327653737
   Total Momentum = 0.3522431985764[GeV]
   Momentum: -0.052383477522614[GeV], y: 0.27566217387156[GeV], z: -0.21293569010942[GeV]
   Total Energy   = 0.3522431985764[GeV]
   Kinetic Energy = 0.3522431985764[GeV]
 MagneticMoment  [MeV/T]: 0
   ProperTime     = 0[ns]
 ----------3 -------------
 Particle type - nu_tau
   mass:        0[GeV]
   charge:      0[e]
   Direction x: -0.15380377392885, y: 0.77711496696859, z: -0.61027594351953
   Total Momentum = 0.53619146313527[GeV]
   Momentum: -0.082468270578637[GeV], y: 0.41668241116321[GeV], z: -0.327224751072[GeV]
   Total Energy   = 0.53619146313527[GeV]
   Kinetic Energy = 0.53619146313527[GeV]
 MagneticMoment  [MeV/T]: 0
   ProperTime     = 0[ns]
 ----- End List of DecayProducts  -----

 Event#=6000  t[ns]=0.0681236  r[mm]=20.4228  deltaR[mum]=1.53911e-06  deltaEkin[MeV]=4.17801  deltaAngle(deg)=0.0034207
 Event#=7000  t[ns]=0.231883  r[mm]=69.5163  deltaR[mum]=5.50867e-05  deltaEkin[MeV]=6.65627  deltaAngle(deg)=0.00882703
 Event#=8000  t[ns]=0.0845175  r[mm]=25.3376  deltaR[mum]=5.45499e-06  deltaEkin[MeV]=7.45898  deltaAngle(deg)=0.00480621
 Event#=9000  t[ns]=0.02699  r[mm]=8.09134  deltaR[mum]=1.26064e-07  deltaEkin[MeV]=0  deltaAngle(deg)=0.00110783
 Run terminated.
Run Summary
  Number of events processed : 10000
  User=0.090000s Real=0.088504s Sys=0.000000s


 ============ Run::printInfo() =============== 	 RunID = 0
 primary PDG code                     = 15
 primary initial kinetic energy [GeV] = 500
 primary initial total energy [GeV]   = 501.777
 primary initial momentum [GeV]       = 501.774
 primary initial Lorentz beta         = 0.999994
 primary initial Lorentz gamma        = 282.395
 primary initial 3 momentum [GeV]     = (501.774,0,0)
 primary initial position [mm]        = (0,0,0)
 toleranceEPviolations [eV]           = 500
 toleranceDeltaDecayRadius [mum]      = 1
 isPreassignedDecayEnabled            = 1
 isBoostToLabEnabled                  = 1
 # Events               = 10000
 # Decays               = 10000
   (# Bad decays        = 0 )
   (# Unexpected decays = 0 )
 # E violations         = 0
 # P violations         = 0
 decay T [ns] : min=6.98357e-06	 mean=0.0812974	 max=0.891654
 decay R [mm] : min=0.00209361	 mean=24.3722	 max=267.309
 decay X [mm] : min=0.00209361	 mean=24.3722	 max=267.309
 decay Y [mm] : min=5.23762e-12	 mean=0.00163194	 max=0.0879992
 decay Z [mm] : min=-0.00436851	 mean=3.49613e-06	 max=0.00939616
 Delta decay R [mm] : min=-3.46945e-18	 mean=2.04955e-08	 max=4.66996e-06
 deflection angle [deg] : min=0	 mean=0.00336335	 max=0.0372214
 Delta Ekin [MeV] : min=0	 mean=5.369	 max=1378.88
 decay Ekin [GeV] : min=498.621	 mean=499.995	 max=500
 decay Px [GeV]   : min=500.395	 mean=501.768	 max=501.774
 decay Py [GeV]   : min=-0.0221212	 mean=0.029201	 max=0.325915
 decay Pz [GeV]   : min=-0.0321471	 mean=5.58355e-05	 max=0.112844
 decay Etot violation [MeV] : min=-9.3889e-06	 mean=5.63109e-06	 max=2.55104e-05
 decay Px violation [MeV]   : min=-9.38895e-06	 mean=5.63111e-06	 max=2.55106e-05
 decay Py violation [MeV]   : min=-1.15142e-09	 mean=4.47993e-10	 max=7.75515e-09
 decay Pz violation [MeV]   : min=-2.69244e-09	 mean=-6.5462e-13	 max=1.05508e-09
 --- Consistency checks --- 
 maxEkin_deltaMax [eV]           = 0
 maxEtot_deltaMax [eV]           = 0
 maxP_deltaMax [eV]              = 0
 maxPdir_deltaMax                = 0
 maxMass_deltaMax{1,2,3} [eV]    = 0 , 1.40972e-05 , 0.0615967 (mean=0.0101717)
 maxBeta_deltaMax{1,2}           = 3.33067e-16 , 4.44089e-16
 maxGamma_deltaMax{1,2,3}        = 0 , 4.95407e-09 , 4.95407e-09
 maxT_proper_deltaMax [fs]       = 0
 maxT_lab_deltaMax [fs]          = 0
 maxMc_truth_rPos_deltaMax [mum] = 8.52651e-11 (mean=5.4079e-12)	 (# above threshold = 0)
 --- Extra checks --- 
 minUnderestimated_mc_truth_rPos_delta [mum] = -31.7173 (mean=-0.227416)	 (#above threshold = 107)
 maxOverestimated_mc_truth_rPos_delta [mum]  = 57.1657 (mean=0.193763)	 (#above threshold = 399)
 minUnderestimated_rDeltaPos [mum]           = -31.7168 (mean=-0.227395)	 (#above threshold = 107)
 maxOverestimated_rDeltaPos [mum]            = 57.1664 (mean=0.193784)	 (#above threshold = 399)
 --- float  instead of  double --- 
 fMaxFloat_rDeltaPos_deltaMax [mum] = 0.0330675
 ============================================= 


========= Table of registered couples ============================

Index : 0     used in the geometry : Yes
 Material : G4_Galactic
 Range cuts        :  gamma  700 um     e-  700 um     e+  700 um  proton 700 um 
 Energy thresholds :  gamma  990 eV     e-  990 eV     e+  990 eV  proton 70 keV
 Region(s) which use this couple : 
    DefaultRegionForTheWorld

Index : 1     used in the geometry : Yes
 Material : G4_Si
 Range cuts        :  gamma  700 um     e-  700 um     e+  700 um  proton 700 um 
 Energy thresholds :  gamma  5.85415 keV    e-  423.338 keV    e+  409.013 keV proton 70 keV
 Region(s) which use this couple : 
    DefaultRegionForTheWorld

==================================================================

### Run 1 starts.
### Run 1 starts.
 Event#=0  t[ns]=0.0274682  r[mm]=8.23472  deltaR[mum]=1.32886e-07  deltaEkin[MeV]=0  deltaAngle(deg)=0.00112746
 Event#=1000  t[ns]=0.0614  r[mm]=18.4072  deltaR[mum]=1.18978e-06  deltaEkin[MeV]=3.82794  deltaAngle(deg)=0.00206433
 Event#=2000  t[ns]=0.263004  r[mm]=78.8463  deltaR[mum]=7.88372e-05  deltaEkin[MeV]=8.13516  deltaAngle(deg)=0.00917233
 Event#=3000  t[ns]=0.286129  r[mm]=85.7787  deltaR[mum]=0.000145883  deltaEkin[MeV]=7.88038  deltaAngle(deg)=0.01228
 Event#=4000  t[ns]=0.0242559  r[mm]=7.27169  deltaR[mum]=9.15028e-08  deltaEkin[MeV]=0  deltaAngle(deg)=0.000995605
 Event#=5000  t[ns]=0.0157775  r[mm]=4.72994  deltaR[mum]=2.51825e-08  deltaEkin[MeV]=0  deltaAngle(deg)=0.000647601
 Event#=6000  t[ns]=0.00673828  r[mm]=2.02007  deltaR[mum]=1.96199e-09  deltaEkin[MeV]=0  deltaAngle(deg)=0.000276579
 Event#=7000  t[ns]=0.0472051  r[mm]=14.1516  deltaR[mum]=6.90447e-07  deltaEkin[MeV]=2.39822  deltaAngle(deg)=0.0013828
 Event#=8000  t[ns]=0.280785  r[mm]=84.1767  deltaR[mum]=0.000108566  deltaEkin[MeV]=7.29532  deltaAngle(deg)=0.0120705
 Event#=9000  t[ns]=0.105346  r[mm]=31.5819  deltaR[mum]=1.27244e-05  deltaEkin[MeV]=14.1406  deltaAngle(deg)=0.0050765
 Run terminated.
Run Summary
  Number of events processed : 10000
  User=0.090000s Real=0.090731s Sys=0.000000s


 ============ Run::printInfo() =============== 	 RunID = 1
 primary PDG code                     = -15
 primary initial kinetic energy [GeV] = 500
 primary initial total energy [GeV]   = 501.777
 primary initial momentum [GeV]       = 501.774
 primary initial Lorentz beta         = 0.999994
 primary initial Lorentz gamma        = 282.395
 primary initial 3 momentum [GeV]     = (501.774,0,0)
 primary initial position [mm]        = (0,0,0)
 toleranceEPviolations [eV]           = 500
 toleranceDeltaDecayRadius [mum]      = 1
 isPreassignedDecayEnabled            = 1
 isBoostToLabEnabled                  = 1
 # Events               = 10000
 # Decays               = 10000
   (# Bad decays        = 0 )
   (# Unexpected decays = 0 )
 # E violations         = 0
 # P violations         = 0
 decay T [ns] : min=4.48057e-06	 mean=0.0829107	 max=0.838085
 decay R [mm] : min=0.00134323	 mean=24.8559	 max=251.25
 decay X [mm] : min=0.00134323	 mean=24.8559	 max=251.25
 decay Y [mm] : min=-0.0760362	 mean=-0.00170815	 max=-2.15599e-12
 decay Z [mm] : min=-0.00425832	 mean=-6.27083e-07	 max=0.00875391
 Delta decay R [mm] : min=0	 mean=2.27542e-08	 max=6.67233e-06
 deflection angle [deg] : min=0	 mean=0.00342764	 max=0.0344564
 Delta Ekin [MeV] : min=0	 mean=4.82932	 max=2489.88
 decay Ekin [GeV] : min=497.51	 mean=499.995	 max=500
 decay Px [GeV]   : min=499.284	 mean=501.769	 max=501.774
 decay Py [GeV]   : min=-0.301762	 mean=-0.0297707	 max=0.00111781
 decay Pz [GeV]   : min=-0.0557446	 mean=-4.84363e-05	 max=0.0443799
 decay Etot violation [MeV] : min=-9.55362e-06	 mean=5.66247e-06	 max=2.50743e-05
 decay Px violation [MeV]   : min=-9.55357e-06	 mean=5.66249e-06	 max=2.50743e-05
 decay Py violation [MeV]   : min=-7.76583e-09	 mean=-4.60804e-10	 max=1.55921e-09
 decay Pz violation [MeV]   : min=-1.4549e-09	 mean=-8.22113e-13	 max=8.13152e-10
 --- Consistency checks --- 
 maxEkin_deltaMax [eV]           = 0
 maxEtot_deltaMax [eV]           = 0
 maxP_deltaMax [eV]              = 0
 maxPdir_deltaMax                = 0
 maxMass_deltaMax{1,2,3} [eV]    = 0 , 1.40972e-05 , 0.0615967 (mean=0.010189)
 maxBeta_deltaMax{1,2}           = 3.33067e-16 , 5.55112e-16
 maxGamma_deltaMax{1,2,3}        = 0 , 4.67844e-09 , 4.67844e-09
 maxT_proper_deltaMax [fs]       = 0
 maxT_lab_deltaMax [fs]          = 0
 maxMc_truth_rPos_deltaMax [mum] = 8.52651e-11 (mean=5.47588e-12)	 (# above threshold = 0)
 --- Extra checks --- 
 minUnderestimated_mc_truth_rPos_delta [mum] = -83.4465 (mean=-0.215051)	 (#above threshold = 76)
 maxOverestimated_mc_truth_rPos_delta [mum]  = 494.463 (mean=0.238316)	 (#above threshold = 387)
 minUnderestimated_rDeltaPos [mum]           = -83.4398 (mean=-0.215029)	 (#above threshold = 76)
 maxOverestimated_rDeltaPos [mum]            = 494.47 (mean=0.238339)	 (#above threshold = 387)
 --- float  instead of  double --- 
 fMaxFloat_rDeltaPos_deltaMax [mum] = 0.0323437
 ============================================= 


========= Table of registered couples ============================

Index : 0     used in the geometry : Yes
 Material : G4_Galactic
 Range cuts        :  gamma  700 um     e-  700 um     e+  700 um  proton 700 um 
 Energy thresholds :  gamma  990 eV     e-  990 eV     e+  990 eV  proton 70 keV
 Region(s) which use this couple : 
    DefaultRegionForTheWorld

Index : 1     used in the geometry : Yes
 Material : G4_Si
 Range cuts        :  gamma  700 um     e-  700 um     e+  700 um  proton 700 um 
 Energy thresholds :  gamma  5.85415 keV    e-  423.338 keV    e+  409.013 keV proton 70 keV
 Region(s) which use this couple : 
    DefaultRegionForTheWorld

==================================================================

### Run 2 starts.
### Run 2 starts.
 Event#=0  t[ns]=0.0735658  r[mm]=22.0543  deltaR[mum]=1.87854e-06  deltaEkin[MeV]=4.29287  deltaAngle(deg)=0.00204312
 Event#=1000  t[ns]=0.505224  r[mm]=151.461  deltaR[mum]=0.000895793  deltaEkin[MeV]=6.65662  deltaAngle(deg)=0.0220697
 Event#=2000  t[ns]=0.104601  r[mm]=31.3585  deltaR[mum]=5.81424e-06  deltaEkin[MeV]=7.43214  deltaAngle(deg)=0.00394915
 Event#=3000  t[ns]=0.286065  r[mm]=85.7596  deltaR[mum]=9.74334e-05  deltaEkin[MeV]=6.73885  deltaAngle(deg)=0.0105822
 Event#=4000  t[ns]=0.108175  r[mm]=32.4298  deltaR[mum]=7.26806e-06  deltaEkin[MeV]=7.36635  deltaAngle(deg)=0.0045623
 Event#=5000  t[ns]=0.205465  r[mm]=61.5964  deltaR[mum]=4.46781e-05  deltaEkin[MeV]=7.07476  deltaAngle(deg)=0.00861326
 Event#=6000  t[ns]=0.0582859  r[mm]=17.4735  deltaR[mum]=1.04626e-06  deltaEkin[MeV]=3.17353  deltaAngle(deg)=0.00176565
 Event#=7000  t[ns]=0.00885296  r[mm]=2.65403  deltaR[mum]=4.44755e-09  deltaEkin[MeV]=0  deltaAngle(deg)=0.000363309
 Event#=8000  t[ns]=0.226768  r[mm]=67.9828  deltaR[mum]=5.75962e-05  deltaEkin[MeV]=10.3263  deltaAngle(deg)=0.00812323
 Event#=9000  t[ns]=0.541272  r[mm]=162.268  deltaR[mum]=0.00107652  deltaEkin[MeV]=6.97589  deltaAngle(deg)=0.022596
 Run terminated.
Run Summary
  Number of events processed : 10000
  User=0.220000s Real=0.223078s Sys=0.000000s


 ============ Run::printInfo() =============== 	 RunID = 2
 primary PDG code                     = 411
 primary initial kinetic energy [GeV] = 500
 primary initial total energy [GeV]   = 501.87
 primary initial momentum [GeV]       = 501.866
 primary initial Lorentz beta         = 0.999993
 primary initial Lorentz gamma        = 268.44
 primary initial 3 momentum [GeV]     = (501.866,0,0)
 primary initial position [mm]        = (0,0,0)
 toleranceEPviolations [eV]           = 500
 toleranceDeltaDecayRadius [mum]      = 1
 isPreassignedDecayEnabled            = 1
 isBoostToLabEnabled                  = 1
 # Events               = 10000
 # Decays               = 9794
   (# Bad decays        = 0 )
   (# Unexpected decays = 0 )
 # E violations         = 0
 # P violations         = 0
 decay T [ns] : min=4.59035e-06	 mean=0.278976	 max=2.91888
 decay R [mm] : min=0.00137614	 mean=83.6344	 max=875.052
 decay X [mm] : min=0.00137614	 mean=83.6344	 max=875.051
 decay Y [mm] : min=-0.922684	 mean=-0.0167976	 max=0.0104979
 decay Z [mm] : min=-0.101388	 mean=-2.79817e-05	 max=0.0410461
 Delta decay R [mm] : min=0	 mean=7.97023e-07	 max=0.000159693
 deflection angle [deg] : min=8.53688e-07	 mean=0.0114932	 max=0.12031
 Delta Ekin [MeV] : min=0	 mean=9.29233	 max=4987.11
 decay Ekin [GeV] : min=495.013	 mean=499.991	 max=500
 decay Px [GeV]   : min=496.879	 mean=501.857	 max=501.866
 decay Py [GeV]   : min=-1.05391	 mean=-0.100285	 max=0.0902358
 decay Pz [GeV]   : min=-0.306154	 mean=-6.45864e-05	 max=0.132402
 decay Etot violation [MeV] : min=-8.7184e-06	 mean=1.14504e-05	 max=2.88284e-05
 decay Px violation [MeV]   : min=-8.7184e-06	 mean=1.14505e-05	 max=2.88287e-05
 decay Py violation [MeV]   : min=-2.94586e-08	 mean=-2.60009e-09	 max=1.47831e-09
 decay Pz violation [MeV]   : min=-1.44275e-08	 mean=-3.20662e-12	 max=3.9483e-09
 --- Consistency checks --- 
 maxEkin_deltaMax [eV]           = 0
 maxEtot_deltaMax [eV]           = 0
 maxP_deltaMax [eV]              = 0
 maxPdir_deltaMax                = 0
 maxMass_deltaMax{1,2,3} [eV]    = 0 , 1.63709e-05 , 0.0561126 (mean=0.0110935)
 maxBeta_deltaMax{1,2}           = 4.44089e-16 , 4.44089e-16
 maxGamma_deltaMax{1,2,3}        = 0 , 4.45249e-09 , 4.45249e-09
 maxT_proper_deltaMax [fs]       = 0
 maxT_lab_deltaMax [fs]          = 0
 maxMc_truth_rPos_deltaMax [mum] = 0 (mean=0)	 (# above threshold = 0)
 --- Extra checks --- 
 minUnderestimated_mc_truth_rPos_delta [mum] = -236.05 (mean=-0.43785)	 (#above threshold = 171)
 maxOverestimated_mc_truth_rPos_delta [mum]  = 867.297 (mean=1.47067)	 (#above threshold = 3545)
 minUnderestimated_rDeltaPos [mum]           = -236.038 (mean=-0.437053)	 (#above threshold = 170)
 maxOverestimated_rDeltaPos [mum]            = 867.31 (mean=1.47146)	 (#above threshold = 3546)
 --- float  instead of  double --- 
 fMaxFloat_rDeltaPos_deltaMax [mum] = 0.079147
 ============================================= 


========= Table of registered couples ============================

Index : 0     used in the geometry : Yes
 Material : G4_Galactic
 Range cuts        :  gamma  700 um     e-  700 um     e+  700 um  proton 700 um 
 Energy thresholds :  gamma  990 eV     e-  990 eV     e+  990 eV  proton 70 keV
 Region(s) which use this couple : 
    DefaultRegionForTheWorld

Index : 1     used in the geometry : Yes
 Material : G4_Si
 Range cuts        :  gamma  700 um     e-  700 um     e+  700 um  proton 700 um 
 Energy thresholds :  gamma  5.85415 keV    e-  423.338 keV    e+  409.013 keV proton 70 keV
 Region(s) which use this couple : 
    DefaultRegionForTheWorld

==================================================================

### Run 3 starts.
### Run 3 starts.
 Event#=0  t[ns]=0.00856681  r[mm]=2.56825  deltaR[mum]=4.03011e-09  deltaEkin[MeV]=0  deltaAngle(deg)=0.000351568
 Event#=1000  t[ns]=0.000207295  r[mm]=0.0621451  deltaR[mum]=6.245e-14  deltaEkin[MeV]=0  deltaAngle(deg)=8.53688e-06
 Event#=2000  t[ns]=0.675584  r[mm]=202.534  deltaR[mum]=0.00196489  deltaEkin[MeV]=7.64852  deltaAngle(deg)=0.0272544
 Event#=3000  t[ns]=0.207121  r[mm]=62.0928  deltaR[mum]=4.55391e-05  deltaEkin[MeV]=7.2607  deltaAngle(deg)=0.00845369
 Event#=4000  t[ns]=0.0904185  r[mm]=27.1066  deltaR[mum]=5.9292e-06  deltaEkin[MeV]=10.7467  deltaAngle(deg)=0.00366876
 Event#=5000  t[ns]=0.771863  r[mm]=231.397  deltaR[mum]=0.00287879  deltaEkin[MeV]=6.63373  deltaAngle(deg)=0.0312289
 Event#=6000  t[ns]=0.143068  r[mm]=42.8903  deltaR[mum]=1.4873e-05  deltaEkin[MeV]=7.27636  deltaAngle(deg)=0.00538941
 Event#=7000  t[ns]=0.279863  r[mm]=83.9002  deltaR[mum]=0.000124534  deltaEkin[MeV]=8.67313  deltaAngle(deg)=0.0112791
 Event#=8000  t[ns]=0.0161376  r[mm]=4.83789  deltaR[mum]=2.69376e-08  deltaEkin[MeV]=0  deltaAngle(deg)=0.000662259
 Event#=9000  t[ns]=0.0511372  r[mm]=15.3305  deltaR[mum]=7.78366e-07  deltaEkin[MeV]=2.43517  deltaAngle(deg)=0.00276495
 Run terminated.
Run Summary
  Number of events processed : 10000
  User=0.240000s Real=0.242309s Sys=0.000000s


 ============ Run::printInfo() =============== 	 RunID = 3
 primary PDG code                     = -411
 primary initial kinetic energy [GeV] = 500
 primary initial total energy [GeV]   = 501.87
 primary initial momentum [GeV]       = 501.866
 primary initial Lorentz beta         = 0.999993
 primary initial Lorentz gamma        = 268.44
 primary initial 3 momentum [GeV]     = (501.866,0,0)
 primary initial position [mm]        = (0,0,0)
 toleranceEPviolations [eV]           = 500
 toleranceDeltaDecayRadius [mum]      = 1
 isPreassignedDecayEnabled            = 1
 isBoostToLabEnabled                  = 1
 # Events               = 10000
 # Decays               = 9798
   (# Bad decays        = 0 )
   (# Unexpected decays = 0 )
 # E violations         = 0
 # P violations         = 0
 decay T [ns] : min=4.40875e-06	 mean=0.279154	 max=2.76016
 decay R [mm] : min=0.0013217	 mean=83.6878	 max=827.47
 decay X [mm] : min=0.0013217	 mean=83.6878	 max=827.47
 decay Y [mm] : min=-0.0478232	 mean=0.0174717	 max=0.806411
 decay Z [mm] : min=-0.039603	 mean=-1.84696e-06	 max=0.0587471
 Delta decay R [mm] : min=-1.73472e-18	 mean=8.79866e-07	 max=0.000134588
 deflection angle [deg] : min=8.53688e-07	 mean=0.0115209	 max=0.112439
 Delta Ekin [MeV] : min=0	 mean=8.10117	 max=5522.67
 decay Ekin [GeV] : min=494.477	 mean=499.992	 max=500
 decay Px [GeV]   : min=496.343	 mean=501.858	 max=501.866
 decay Py [GeV]   : min=-0.0994097	 mean=0.100468	 max=0.984922
 decay Pz [GeV]   : min=-0.137819	 mean=1.93644e-05	 max=0.264616
 decay Etot violation [MeV] : min=-8.7184e-06	 mean=1.14366e-05	 max=2.97044e-05
 decay Px violation [MeV]   : min=-8.7184e-06	 mean=1.14367e-05	 max=2.97045e-05
 decay Py violation [MeV]   : min=-2.13068e-09	 mean=2.57511e-09	 max=3.19794e-08
 decay Pz violation [MeV]   : min=-5.41789e-09	 mean=7.29007e-14	 max=7.25265e-09
 --- Consistency checks --- 
 maxEkin_deltaMax [eV]           = 0
 maxEtot_deltaMax [eV]           = 0
 maxP_deltaMax [eV]              = 0
 maxPdir_deltaMax                = 0
 maxMass_deltaMax{1,2,3} [eV]    = 0 , 1.63709e-05 , 0.0499883 (mean=0.011171)
 maxBeta_deltaMax{1,2}           = 4.44089e-16 , 4.44089e-16
 maxGamma_deltaMax{1,2,3}        = 0 , 4.25933e-09 , 4.25933e-09
 maxT_proper_deltaMax [fs]       = 0
 maxT_lab_deltaMax [fs]          = 0
 maxMc_truth_rPos_deltaMax [mum] = 0 (mean=0)	 (# above threshold = 0)
 --- Extra checks --- 
 minUnderestimated_mc_truth_rPos_delta [mum] = -244.841 (mean=-0.386945)	 (#above threshold = 158)
 maxOverestimated_mc_truth_rPos_delta [mum]  = 792.683 (mean=1.24012)	 (#above threshold = 3505)
 minUnderestimated_rDeltaPos [mum]           = -244.829 (mean=-0.386065)	 (#above threshold = 158)
 maxOverestimated_rDeltaPos [mum]            = 792.694 (mean=1.241)	 (#above threshold = 3505)
 --- float  instead of  double --- 
 fMaxFloat_rDeltaPos_deltaMax [mum] = 0.124662
 ============================================= 


========= Table of registered couples ============================

Index : 0     used in the geometry : Yes
 Material : G4_Galactic
 Range cuts        :  gamma  700 um     e-  700 um     e+  700 um  proton 700 um 
 Energy thresholds :  gamma  990 eV     e-  990 eV     e+  990 eV  proton 70 keV
 Region(s) which use this couple : 
    DefaultRegionForTheWorld

Index : 1     used in the geometry : Yes
 Material : G4_Si
 Range cuts        :  gamma  700 um     e-  700 um     e+  700 um  proton 700 um 
 Energy thresholds :  gamma  5.85415 keV    e-  423.338 keV    e+  409.013 keV proton 70 keV
 Region(s) which use this couple : 
    DefaultRegionForTheWorld

==================================================================

### Run 4 starts.
### Run 4 starts.
 Event#=0  t[ns]=0.322971  r[mm]=96.8236  deltaR[mum]=-1.42109e-11  deltaEkin[MeV]=0  deltaAngle(deg)=0
 Event#=1000  t[ns]=0.102805  r[mm]=30.8199  deltaR[mum]=0  deltaEkin[MeV]=0  deltaAngle(deg)=0
 Event#=2000  t[ns]=0.190825  r[mm]=57.2075  deltaR[mum]=0  deltaEkin[MeV]=0  deltaAngle(deg)=0
 Event#=3000  t[ns]=0.156079  r[mm]=46.7911  deltaR[mum]=0  deltaEkin[MeV]=0  deltaAngle(deg)=0
 Event#=4000  t[ns]=0.0885831  r[mm]=26.5563  deltaR[mum]=3.55271e-12  deltaEkin[MeV]=0  deltaAngle(deg)=0
 Event#=5000  t[ns]=0.0424517  r[mm]=12.7266  deltaR[mum]=0  deltaEkin[MeV]=0  deltaAngle(deg)=0
 Event#=6000  t[ns]=0.169488  r[mm]=50.8107  deltaR[mum]=-7.10543e-12  deltaEkin[MeV]=0  deltaAngle(deg)=0
 Event#=7000  t[ns]=0.0923405  r[mm]=27.6828  deltaR[mum]=0  deltaEkin[MeV]=0  deltaAngle(deg)=0
 Event#=8000  t[ns]=0.104265  r[mm]=31.2578  deltaR[mum]=0  deltaEkin[MeV]=0  deltaAngle(deg)=0
 Event#=9000  t[ns]=0.201769  r[mm]=60.4885  deltaR[mum]=7.10543e-12  deltaEkin[MeV]=0  deltaAngle(deg)=0
 Run terminated.
Run Summary
  Number of events processed : 10000
  User=0.140000s Real=0.136832s Sys=0.000000s


 ============ Run::printInfo() =============== 	 RunID = 4
 primary PDG code                     = 421
 primary initial kinetic energy [GeV] = 500
 primary initial total energy [GeV]   = 501.865
 primary initial momentum [GeV]       = 501.861
 primary initial Lorentz beta         = 0.999993
 primary initial Lorentz gamma        = 269.12
 primary initial 3 momentum [GeV]     = (501.861,0,0)
 primary initial position [mm]        = (0,0,0)
 toleranceEPviolations [eV]           = 500
 toleranceDeltaDecayRadius [mum]      = 1
 isPreassignedDecayEnabled            = 1
 isBoostToLabEnabled                  = 1
 # Events               = 10000
 # Decays               = 9845
   (# Bad decays        = 0 )
   (# Unexpected decays = 0 )
 # E violations         = 0
 # P violations         = 0
 decay T [ns] : min=3.70811e-05	 mean=0.109533	 max=0.960669
 decay R [mm] : min=0.0111166	 mean=32.8368	 max=287.999
 decay X [mm] : min=0.0111166	 mean=32.8368	 max=287.999
 decay Y [mm] : min=-0.0107281	 mean=2.98008e-06	 max=0.0340808
 decay Z [mm] : min=-0.0122697	 mean=3.10926e-06	 max=0.0272942
 Delta decay R [mm] : min=-5.68434e-14	 mean=6.49729e-10	 max=8.06882e-07
 deflection angle [deg] : min=0	 mean=4.65365e-05	 max=0.0220101
 Delta Ekin [MeV] : min=0	 mean=0.000806647	 max=0.713451
 decay Ekin [GeV] : min=499.999	 mean=500	 max=500
 decay Px [GeV]   : min=501.861	 mean=501.861	 max=501.861
 decay Py [GeV]   : min=-0.120985	 mean=4.03924e-05	 max=0.13191
 decay Pz [GeV]   : min=-0.153937	 mean=-5.08984e-05	 max=0.124718
 decay Etot violation [MeV] : min=-9.44786e-06	 mean=2.95925e-06	 max=1.38645e-05
 decay Px violation [MeV]   : min=-9.44786e-06	 mean=2.95933e-06	 max=1.38647e-05
 decay Py violation [MeV]   : min=-1.96705e-09	 mean=3.96387e-13	 max=1.83539e-09
 decay Pz violation [MeV]   : min=-2.90655e-09	 mean=-7.47799e-13	 max=2.38882e-09
 --- Consistency checks --- 
 maxEkin_deltaMax [eV]           = 0
 maxEtot_deltaMax [eV]           = 0
 maxP_deltaMax [eV]              = 0
 maxPdir_deltaMax                = 0
 maxMass_deltaMax{1,2,3} [eV]    = 0 , 2.54659e-05 , 0.0371413 (mean=0.00381591)
 maxBeta_deltaMax{1,2}           = 1.11022e-16 , 3.33067e-16
 maxGamma_deltaMax{1,2,3}        = 0 , 3.62724e-09 , 3.62724e-09
 maxT_proper_deltaMax [fs]       = 0
 maxT_lab_deltaMax [fs]          = 0
 maxMc_truth_rPos_deltaMax [mum] = 5.68434e-11 (mean=3.64604e-12)	 (# above threshold = 0)
 --- Extra checks --- 
 minUnderestimated_mc_truth_rPos_delta [mum] = -0.0260056 (mean=-2.7422e-05)	 (#above threshold = 0)
 maxOverestimated_mc_truth_rPos_delta [mum]  = 0.136926 (mean=5.34714e-05)	 (#above threshold = 0)
 minUnderestimated_rDeltaPos [mum]           = -0.0251987 (mean=-2.67723e-05)	 (#above threshold = 0)
 maxOverestimated_rDeltaPos [mum]            = 0.137424 (mean=5.41211e-05)	 (#above threshold = 0)
 --- float  instead of  double --- 
 fMaxFloat_rDeltaPos_deltaMax [mum] = 0.0305176
 ============================================= 


========= Table of registered couples ============================

Index : 0     used in the geometry : Yes
 Material : G4_Galactic
 Range cuts        :  gamma  700 um     e-  700 um     e+  700 um  proton 700 um 
 Energy thresholds :  gamma  990 eV     e-  990 eV     e+  990 eV  proton 70 keV
 Region(s) which use this couple : 
    DefaultRegionForTheWorld

Index : 1     used in the geometry : Yes
 Material : G4_Si
 Range cuts        :  gamma  700 um     e-  700 um     e+  700 um  proton 700 um 
 Energy thresholds :  gamma  5.85415 keV    e-  423.338 keV    e+  409.013 keV proton 70 keV
 Region(s) which use this couple : 
    DefaultRegionForTheWorld

==================================================================

### Run 5 starts.
### Run 5 starts.
 Event#=0  t[ns]=0.0738183  r[mm]=22.13  deltaR[mum]=0  deltaEkin[MeV]=0  deltaAngle(deg)=0
 Event#=1000  t[ns]=0.0129689  r[mm]=3.88794  deltaR[mum]=0  deltaEkin[MeV]=0  deltaAngle(deg)=0
 Event#=2000  t[ns]=0.0823089  r[mm]=24.6754  deltaR[mum]=0  deltaEkin[MeV]=0  deltaAngle(deg)=0
 Event#=3000  t[ns]=0.0260457  r[mm]=7.80826  deltaR[mum]=8.88178e-13  deltaEkin[MeV]=0  deltaAngle(deg)=0
 Event#=4000  t[ns]=0.118818  r[mm]=35.6205  deltaR[mum]=7.10543e-12  deltaEkin[MeV]=0  deltaAngle(deg)=0
 Event#=5000  t[ns]=0.00736357  r[mm]=2.20753  deltaR[mum]=0  deltaEkin[MeV]=0  deltaAngle(deg)=0
 Event#=6000  t[ns]=0.215823  r[mm]=64.7017  deltaR[mum]=1.42109e-11  deltaEkin[MeV]=0  deltaAngle(deg)=0
 Event#=7000  t[ns]=0.026277  r[mm]=7.87759  deltaR[mum]=8.88178e-13  deltaEkin[MeV]=0  deltaAngle(deg)=0
 Event#=8000  t[ns]=0.608995  r[mm]=182.571  deltaR[mum]=0  deltaEkin[MeV]=0  deltaAngle(deg)=0
 Event#=9000  t[ns]=0.00278693  r[mm]=0.835494  deltaR[mum]=0  deltaEkin[MeV]=0  deltaAngle(deg)=0
 Run terminated.
Run Summary
  Number of events processed : 10000
  User=0.110000s Real=0.112100s Sys=0.000000s


 ============ Run::printInfo() =============== 	 RunID = 5
 primary PDG code                     = -421
 primary initial kinetic energy [GeV] = 500
 primary initial total energy [GeV]   = 501.865
 primary initial momentum [GeV]       = 501.861
 primary initial Lorentz beta         = 0.999993
 primary initial Lorentz gamma        = 269.12
 primary initial 3 momentum [GeV]     = (501.861,0,0)
 primary initial position [mm]        = (0,0,0)
 toleranceEPviolations [eV]           = 500
 toleranceDeltaDecayRadius [mum]      = 1
 isPreassignedDecayEnabled            = 1
 isBoostToLabEnabled                  = 1
 # Events               = 10000
 # Decays               = 9863
   (# Bad decays        = 0 )
   (# Unexpected decays = 0 )
 # E violations         = 0
 # P violations         = 0
 decay T [ns] : min=5.46182e-06	 mean=0.11092	 max=0.970609
 decay R [mm] : min=0.0016374	 mean=33.2528	 max=290.979
 decay X [mm] : min=0.0016374	 mean=33.2528	 max=290.979
 decay Y [mm] : min=-0.00942244	 mean=6.36208e-06	 max=0.026974
 decay Z [mm] : min=-0.0144645	 mean=-3.77825e-06	 max=0.0216311
 Delta decay R [mm] : min=-2.84217e-14	 mean=7.26455e-10	 max=6.05923e-07
 deflection angle [deg] : min=0	 mean=4.7472e-05	 max=0.0199434
 Delta Ekin [MeV] : min=0	 mean=0.000844097	 max=0.585754
 decay Ekin [GeV] : min=499.999	 mean=500	 max=500
 decay Px [GeV]   : min=501.861	 mean=501.861	 max=501.861
 decay Py [GeV]   : min=-0.149988	 mean=2.49177e-05	 max=0.165927
 decay Pz [GeV]   : min=-0.157151	 mean=-5.02263e-05	 max=0.156138
 decay Etot violation [MeV] : min=-8.90612e-06	 mean=2.90806e-06	 max=1.25828e-05
 decay Px violation [MeV]   : min=-8.90612e-06	 mean=2.90814e-06	 max=1.25829e-05
 decay Py violation [MeV]   : min=-1.62859e-09	 mean=-1.26711e-13	 max=4.15503e-09
 decay Pz violation [MeV]   : min=-1.23774e-09	 mean=-3.36502e-13	 max=1.34631e-09
 --- Consistency checks --- 
 maxEkin_deltaMax [eV]           = 0
 maxEtot_deltaMax [eV]           = 0
 maxP_deltaMax [eV]              = 0
 maxPdir_deltaMax                = 0
 maxMass_deltaMax{1,2,3} [eV]    = 0 , 2.54659e-05 , 0.0289588 (mean=0.00381148)
 maxBeta_deltaMax{1,2}           = 1.11022e-16 , 3.33067e-16
 maxGamma_deltaMax{1,2,3}        = 0 , 3.90617e-09 , 3.90617e-09
 maxT_proper_deltaMax [fs]       = 0
 maxT_lab_deltaMax [fs]          = 0
 maxMc_truth_rPos_deltaMax [mum] = 5.68434e-11 (mean=3.72113e-12)	 (# above threshold = 0)
 --- Extra checks --- 
 minUnderestimated_mc_truth_rPos_delta [mum] = -0.0195509 (mean=-2.66202e-05)	 (#above threshold = 0)
 maxOverestimated_mc_truth_rPos_delta [mum]  = 0.0690069 (mean=5.51613e-05)	 (#above threshold = 0)
 minUnderestimated_rDeltaPos [mum]           = -0.0192059 (mean=-2.58937e-05)	 (#above threshold = 0)
 maxOverestimated_rDeltaPos [mum]            = 0.0696128 (mean=5.58877e-05)	 (#above threshold = 0)
 --- float  instead of  double --- 
 fMaxFloat_rDeltaPos_deltaMax [mum] = 0.0305176
 ============================================= 


========= Table of registered couples ============================

Index : 0     used in the geometry : Yes
 Material : G4_Galactic
 Range cuts        :  gamma  700 um     e-  700 um     e+  700 um  proton 700 um 
 Energy thresholds :  gamma  990 eV     e-  990 eV     e+  990 eV  proton 70 keV
 Region(s) which use this couple : 
    DefaultRegionForTheWorld

Index : 1     used in the geometry : Yes
 Material : G4_Si
 Range cuts        :  gamma  700 um     e-  700 um     e+  700 um  proton 700 um 
 Energy thresholds :  gamma  5.85415 keV    e-  423.338 keV    e+  409.013 keV proton 70 keV
 Region(s) which use this couple : 
    DefaultRegionForTheWorld

==================================================================

### Run 6 starts.
### Run 6 starts.
 Event#=0  t[ns]=0.0625591  r[mm]=18.7546  deltaR[mum]=1.24398e-06  deltaEkin[MeV]=3.77936  deltaAngle(deg)=0.00268931
 Event#=1000  t[ns]=0.32268  r[mm]=96.7364  deltaR[mum]=0.000206665  deltaEkin[MeV]=20.153  deltaAngle(deg)=0.0122443
 Event#=2000  t[ns]=0.262384  r[mm]=78.6602  deltaR[mum]=9.82217e-05  deltaEkin[MeV]=8.93316  deltaAngle(deg)=0.0109789
 Event#=3000  t[ns]=0.0829673  r[mm]=24.8728  deltaR[mum]=2.60686e-06  deltaEkin[MeV]=5.77844  deltaAngle(deg)=0.00311929
 Event#=4000  t[ns]=0.551491  r[mm]=165.332  deltaR[mum]=0.00109897  deltaEkin[MeV]=7.92457  deltaAngle(deg)=0.0234268
 Event#=5000  t[ns]=0.00704475  r[mm]=2.11195  deltaR[mum]=2.23954e-09  deltaEkin[MeV]=0  deltaAngle(deg)=0.000289049
 Event#=6000  t[ns]=0.135372  r[mm]=40.5832  deltaR[mum]=1.60757e-05  deltaEkin[MeV]=7.19469  deltaAngle(deg)=0.00547625
 Event#=7000  t[ns]=0.0152694  r[mm]=4.57763  deltaR[mum]=2.28102e-08  deltaEkin[MeV]=0  deltaAngle(deg)=0.000626508
 Event#=8000  t[ns]=0.0645591  r[mm]=19.3542  deltaR[mum]=1.34387e-06  deltaEkin[MeV]=3.58957  deltaAngle(deg)=0.00266289
 Event#=9000  t[ns]=0.0945793  r[mm]=28.354  deltaR[mum]=3.79947e-06  deltaEkin[MeV]=6.14482  deltaAngle(deg)=0.00453254
 Run terminated.
Run Summary
  Number of events processed : 10000
  User=0.170000s Real=0.168882s Sys=0.000000s


 ============ Run::printInfo() =============== 	 RunID = 6
 primary PDG code                     = 431
 primary initial kinetic energy [GeV] = 500
 primary initial total energy [GeV]   = 501.968
 primary initial momentum [GeV]       = 501.964
 primary initial Lorentz beta         = 0.999992
 primary initial Lorentz gamma        = 255.03
 primary initial 3 momentum [GeV]     = (501.964,0,0)
 primary initial position [mm]        = (0,0,0)
 toleranceEPviolations [eV]           = 500
 toleranceDeltaDecayRadius [mum]      = 1
 isPreassignedDecayEnabled            = 1
 isBoostToLabEnabled                  = 1
 # Events               = 10000
 # Decays               = 9869
   (# Bad decays        = 0 )
   (# Unexpected decays = 0 )
 # E violations         = 0
 # P violations         = 0
 decay T [ns] : min=8.35709e-06	 mean=0.125548	 max=1.11464
 decay R [mm] : min=0.00250537	 mean=37.6379	 max=334.159
 decay X [mm] : min=0.00250537	 mean=37.6379	 max=334.159
 decay Y [mm] : min=-0.13758	 mean=-0.00373071	 max=0.00522734
 decay Z [mm] : min=-0.00913431	 mean=1.07593e-05	 max=0.0595376
 Delta decay R [mm] : min=-1.73472e-18	 mean=7.77884e-08	 max=8.76976e-06
 deflection angle [deg] : min=8.53688e-07	 mean=0.005207	 max=0.0463485
 Delta Ekin [MeV] : min=0	 mean=5.50968	 max=290.471
 decay Ekin [GeV] : min=499.71	 mean=499.994	 max=500
 decay Px [GeV]   : min=501.674	 mean=501.959	 max=501.964
 decay Py [GeV]   : min=-0.40609	 mean=-0.0452024	 max=0.101491
 decay Pz [GeV]   : min=-0.179222	 mean=8.81527e-05	 max=0.344329
 decay Etot violation [MeV] : min=-1.06557e-05	 mean=3.17988e-06	 max=1.89501e-05
 decay Px violation [MeV]   : min=-1.06556e-05	 mean=3.17993e-06	 max=1.89501e-05
 decay Py violation [MeV]   : min=-8.87002e-09	 mean=-3.57037e-10	 max=2.36338e-09
 decay Pz violation [MeV]   : min=-3.12897e-09	 mean=-4.42095e-13	 max=1.13299e-09
 --- Consistency checks --- 
 maxEkin_deltaMax [eV]           = 0
 maxEtot_deltaMax [eV]           = 0
 maxP_deltaMax [eV]              = 0
 maxPdir_deltaMax                = 0
 maxMass_deltaMax{1,2,3} [eV]    = 0 , 1.86446e-05 , 0.0562266 (mean=0.0119913)
 maxBeta_deltaMax{1,2}           = 3.33067e-16 , 4.44089e-16
 maxGamma_deltaMax{1,2,3}        = 0 , 3.34228e-09 , 3.34228e-09
 maxT_proper_deltaMax [fs]       = 0
 maxT_lab_deltaMax [fs]          = 0
 maxMc_truth_rPos_deltaMax [mum] = 0 (mean=0)	 (# above threshold = 0)
 --- Extra checks --- 
 minUnderestimated_mc_truth_rPos_delta [mum] = -14.1605 (mean=-0.260925)	 (#above threshold = 94)
 maxOverestimated_mc_truth_rPos_delta [mum]  = 25.2668 (mean=0.351227)	 (#above threshold = 1063)
 minUnderestimated_rDeltaPos [mum]           = -14.1604 (mean=-0.260847)	 (#above threshold = 94)
 maxOverestimated_rDeltaPos [mum]            = 25.2678 (mean=0.351304)	 (#above threshold = 1063)
 --- float  instead of  double --- 
 fMaxFloat_rDeltaPos_deltaMax [mum] = 0.0679186
 ============================================= 


========= Table of registered couples ============================

Index : 0     used in the geometry : Yes
 Material : G4_Galactic
 Range cuts        :  gamma  700 um     e-  700 um     e+  700 um  proton 700 um 
 Energy thresholds :  gamma  990 eV     e-  990 eV     e+  990 eV  proton 70 keV
 Region(s) which use this couple : 
    DefaultRegionForTheWorld

Index : 1     used in the geometry : Yes
 Material : G4_Si
 Range cuts        :  gamma  700 um     e-  700 um     e+  700 um  proton 700 um 
 Energy thresholds :  gamma  5.85415 keV    e-  423.338 keV    e+  409.013 keV proton 70 keV
 Region(s) which use this couple : 
    DefaultRegionForTheWorld

==================================================================

### Run 7 starts.
### Run 7 starts.
 Event#=0  t[ns]=0.339104  r[mm]=101.66  deltaR[mum]=0.000209473  deltaEkin[MeV]=6.58576  deltaAngle(deg)=0.013405
 Event#=1000  t[ns]=0.00366644  r[mm]=1.09916  deltaR[mum]=3.15969e-10  deltaEkin[MeV]=0  deltaAngle(deg)=0.000150433
 Event#=2000  t[ns]=0.279437  r[mm]=83.7724  deltaR[mum]=0.000128376  deltaEkin[MeV]=7.59597  deltaAngle(deg)=0.0114663
 Event#=3000  t[ns]=0.0102813  r[mm]=3.08223  deltaR[mum]=6.96332e-09  deltaEkin[MeV]=0  deltaAngle(deg)=0.000421843
 Event#=4000  t[ns]=0.0700022  r[mm]=20.986  deltaR[mum]=1.64906e-06  deltaEkin[MeV]=4.08406  deltaAngle(deg)=0.00165412
 Event#=5000  t[ns]=0.321922  r[mm]=96.509  deltaR[mum]=0.00023721  deltaEkin[MeV]=10.9504  deltaAngle(deg)=0.0144361
 Event#=6000  t[ns]=0.304696  r[mm]=91.345  deltaR[mum]=0.000180572  deltaEkin[MeV]=6.9988  deltaAngle(deg)=0.0133742
 Event#=7000  t[ns]=0.0420275  r[mm]=12.5994  deltaR[mum]=4.99409e-07  deltaEkin[MeV]=1.24502  deltaAngle(deg)=0.00184835
 Event#=8000  t[ns]=0.00166561  r[mm]=0.499333  deltaR[mum]=2.9643e-11  deltaEkin[MeV]=0  deltaAngle(deg)=6.83483e-05
 Event#=9000  t[ns]=0.0891832  r[mm]=26.7362  deltaR[mum]=4.40688e-06  deltaEkin[MeV]=7.13354  deltaAngle(deg)=0.00410438
 Run terminated.
Run Summary
  Number of events processed : 10000
  User=0.170000s Real=0.174955s Sys=0.000000s


 ============ Run::printInfo() =============== 	 RunID = 7
 primary PDG code                     = -431
 primary initial kinetic energy [GeV] = 500
 primary initial total energy [GeV]   = 501.968
 primary initial momentum [GeV]       = 501.964
 primary initial Lorentz beta         = 0.999992
 primary initial Lorentz gamma        = 255.03
 primary initial 3 momentum [GeV]     = (501.964,0,0)
 primary initial position [mm]        = (0,0,0)
 toleranceEPviolations [eV]           = 500
 toleranceDeltaDecayRadius [mum]      = 1
 isPreassignedDecayEnabled            = 1
 isBoostToLabEnabled                  = 1
 # Events               = 10000
 # Decays               = 9877
   (# Bad decays        = 0 )
   (# Unexpected decays = 0 )
 # E violations         = 0
 # P violations         = 0
 decay T [ns] : min=2.62786e-06	 mean=0.127975	 max=1.16728
 decay R [mm] : min=0.000787805	 mean=38.3658	 max=349.94
 decay X [mm] : min=0.000787805	 mean=38.3658	 max=349.94
 decay Y [mm] : min=-0.00748331	 mean=0.00391561	 max=0.145588
 decay Z [mm] : min=-0.0218801	 mean=-1.39111e-05	 max=0.0295172
 Delta decay R [mm] : min=0	 mean=8.85756e-08	 max=1.01241e-05
 deflection angle [deg] : min=8.53688e-07	 mean=0.00529651	 max=0.0477208
 Delta Ekin [MeV] : min=0	 mean=6.04453	 max=507.214
 decay Ekin [GeV] : min=499.493	 mean=499.994	 max=500
 decay Px [GeV]   : min=501.457	 mean=501.958	 max=501.964
 decay Py [GeV]   : min=-0.0729851	 mean=0.0459257	 max=0.418111
 decay Pz [GeV]   : min=-0.208621	 mean=-0.000104053	 max=0.114564
 decay Etot violation [MeV] : min=-1.09e-05	 mean=3.23424e-06	 max=1.81759e-05
 decay Px violation [MeV]   : min=-1.09001e-05	 mean=3.23428e-06	 max=1.8176e-05
 decay Py violation [MeV]   : min=-3.57338e-09	 mean=3.74395e-10	 max=1.01329e-08
 decay Pz violation [MeV]   : min=-2.9201e-09	 mean=6.23077e-13	 max=3.32892e-09
 --- Consistency checks --- 
 maxEkin_deltaMax [eV]           = 0
 maxEtot_deltaMax [eV]           = 0
 maxP_deltaMax [eV]              = 0
 maxPdir_deltaMax                = 0
 maxMass_deltaMax{1,2,3} [eV]    = 0 , 1.86446e-05 , 0.0562266 (mean=0.0119242)
 maxBeta_deltaMax{1,2}           = 3.33067e-16 , 4.44089e-16
 maxGamma_deltaMax{1,2,3}        = 0 , 3.26381e-09 , 3.26381e-09
 maxT_proper_deltaMax [fs]       = 0
 maxT_lab_deltaMax [fs]          = 0
 maxMc_truth_rPos_deltaMax [mum] = 0 (mean=0)	 (# above threshold = 0)
 --- Extra checks --- 
 minUnderestimated_mc_truth_rPos_delta [mum] = -23.75 (mean=-0.280969)	 (#above threshold = 133)
 maxOverestimated_mc_truth_rPos_delta [mum]  = 98.2232 (mean=0.413215)	 (#above threshold = 1121)
 minUnderestimated_rDeltaPos [mum]           = -23.7494 (mean=-0.28088)	 (#above threshold = 133)
 maxOverestimated_rDeltaPos [mum]            = 98.229 (mean=0.413304)	 (#above threshold = 1121)
 --- float  instead of  double --- 
 fMaxFloat_rDeltaPos_deltaMax [mum] = 0.0692911
 ============================================= 


========= Table of registered couples ============================

Index : 0     used in the geometry : Yes
 Material : G4_Galactic
 Range cuts        :  gamma  700 um     e-  700 um     e+  700 um  proton 700 um 
 Energy thresholds :  gamma  990 eV     e-  990 eV     e+  990 eV  proton 70 keV
 Region(s) which use this couple : 
    DefaultRegionForTheWorld

Index : 1     used in the geometry : Yes
 Material : G4_Si
 Range cuts        :  gamma  700 um     e-  700 um     e+  700 um  proton 700 um 
 Energy thresholds :  gamma  5.85415 keV    e-  423.338 keV    e+  409.013 keV proton 70 keV
 Region(s) which use this couple : 
    DefaultRegionForTheWorld

==================================================================

### Run 8 starts.
### Run 8 starts.
 Event#=0  t[ns]=0.104581  r[mm]=31.351  deltaR[mum]=9.32894e-06  deltaEkin[MeV]=7.11448  deltaAngle(deg)=0.00438283
 Event#=1000  t[ns]=0.030322  r[mm]=9.08981  deltaR[mum]=1.79609e-07  deltaEkin[MeV]=0.0307969  deltaAngle(deg)=0.00126589
 Event#=2000  t[ns]=0.083511  r[mm]=25.0346  deltaR[mum]=3.0563e-06  deltaEkin[MeV]=7.25983  deltaAngle(deg)=0.00486451
 Event#=3000  t[ns]=0.228341  r[mm]=68.4513  deltaR[mum]=9.67354e-05  deltaEkin[MeV]=6.65044  deltaAngle(deg)=0.00855253
 Event#=4000  t[ns]=0.219807  r[mm]=65.8928  deltaR[mum]=0.000125821  deltaEkin[MeV]=8.43169  deltaAngle(deg)=0.00907494
 Event#=5000  t[ns]=0.108876  r[mm]=32.6384  deltaR[mum]=1.74324e-05  deltaEkin[MeV]=7.7818  deltaAngle(deg)=0.00459967
 Event#=6000  t[ns]=0.0296077  r[mm]=8.87569  deltaR[mum]=1.64111e-07  deltaEkin[MeV]=0  deltaAngle(deg)=0.00120685
 Event#=7000  t[ns]=0.0227378  r[mm]=6.81624  deltaR[mum]=7.43325e-08  deltaEkin[MeV]=0  deltaAngle(deg)=0.000926823
 Event#=8000  t[ns]=0.00766784  r[mm]=2.29864  deltaR[mum]=2.85016e-09  deltaEkin[MeV]=0  deltaAngle(deg)=0.000312552
 Event#=9000  t[ns]=0.197824  r[mm]=59.3029  deltaR[mum]=0.000107657  deltaEkin[MeV]=8.22391  deltaAngle(deg)=0.00870926
 Run terminated.
Run Summary
  Number of events processed : 10000
  User=0.200000s Real=0.286408s Sys=0.000000s


 ============ Run::printInfo() =============== 	 RunID = 8
 primary PDG code                     = 521
 primary initial kinetic energy [GeV] = 500
 primary initial total energy [GeV]   = 505.279
 primary initial momentum [GeV]       = 505.252
 primary initial Lorentz beta         = 0.999945
 primary initial Lorentz gamma        = 95.7097
 primary initial 3 momentum [GeV]     = (505.252,0,0)
 primary initial position [mm]        = (0,0,0)
 toleranceEPviolations [eV]           = 500
 toleranceDeltaDecayRadius [mum]      = 1
 isPreassignedDecayEnabled            = 1
 isBoostToLabEnabled                  = 1
 # Events               = 10000
 # Decays               = 9841
   (# Bad decays        = 0 )
   (# Unexpected decays = 0 )
 # E violations         = 0
 # P violations         = 0
 decay T [ns] : min=2.40299e-05	 mean=0.155694	 max=1.39928
 decay R [mm] : min=0.00720358	 mean=46.6732	 max=419.47
 decay X [mm] : min=0.00720358	 mean=46.6732	 max=419.47
 decay Y [mm] : min=-0.207005	 mean=-0.00552431	 max=0.0250407
 decay Z [mm] : min=-0.0384332	 mean=1.19094e-05	 max=0.037585
 Delta decay R [mm] : min=0	 mean=1.94981e-07	 max=1.78539e-05
 deflection angle [deg] : min=8.53688e-07	 mean=0.00640369	 max=0.0567076
 Delta Ekin [MeV] : min=0	 mean=6.6965	 max=1253.21
 decay Ekin [GeV] : min=498.747	 mean=499.993	 max=500
 decay Px [GeV]   : min=503.998	 mean=505.245	 max=505.252
 decay Py [GeV]   : min=-0.500073	 mean=-0.0560098	 max=0.262526
 decay Pz [GeV]   : min=-0.220205	 mean=2.65232e-05	 max=0.325006
 decay Etot violation [MeV] : min=-1.83261e-06	 mean=4.04142e-07	 max=2.78174e-06
 decay Px violation [MeV]   : min=-1.83278e-06	 mean=4.04126e-07	 max=2.78169e-06
 decay Py violation [MeV]   : min=-9.55879e-10	 mean=-5.29355e-11	 max=6.19707e-10
 decay Pz violation [MeV]   : min=-1.74765e-10	 mean=-4.32802e-14	 max=4.70266e-10
 --- Consistency checks --- 
 maxEkin_deltaMax [eV]           = 0
 maxEtot_deltaMax [eV]           = 0
 maxP_deltaMax [eV]              = 0
 maxPdir_deltaMax                = 0
 maxMass_deltaMax{1,2,3} [eV]    = 0 , 2.09184e-05 , 0.0218188 (mean=0.0044295)
 maxBeta_deltaMax{1,2}           = 3.33067e-16 , 4.44089e-16
 maxGamma_deltaMax{1,2,3}        = 0 , 1.63396e-10 , 1.63396e-10
 maxT_proper_deltaMax [fs]       = 0
 maxT_lab_deltaMax [fs]          = 0
 maxMc_truth_rPos_deltaMax [mum] = 1.7053e-10 (mean=1.03951e-11)	 (# above threshold = 0)
 --- Extra checks --- 
 minUnderestimated_mc_truth_rPos_delta [mum] = -26.8442 (mean=-0.309596)	 (#above threshold = 149)
 maxOverestimated_mc_truth_rPos_delta [mum]  = 105.821 (mean=0.544128)	 (#above threshold = 1647)
 minUnderestimated_rDeltaPos [mum]           = -26.8326 (mean=-0.309401)	 (#above threshold = 148)
 maxOverestimated_rDeltaPos [mum]            = 105.832 (mean=0.544323)	 (#above threshold = 1647)
 --- float  instead of  double --- 
 fMaxFloat_rDeltaPos_deltaMax [mum] = 0.0665632
 ============================================= 


========= Table of registered couples ============================

Index : 0     used in the geometry : Yes
 Material : G4_Galactic
 Range cuts        :  gamma  700 um     e-  700 um     e+  700 um  proton 700 um 
 Energy thresholds :  gamma  990 eV     e-  990 eV     e+  990 eV  proton 70 keV
 Region(s) which use this couple : 
    DefaultRegionForTheWorld

Index : 1     used in the geometry : Yes
 Material : G4_Si
 Range cuts        :  gamma  700 um     e-  700 um     e+  700 um  proton 700 um 
 Energy thresholds :  gamma  5.85415 keV    e-  423.338 keV    e+  409.013 keV proton 70 keV
 Region(s) which use this couple : 
    DefaultRegionForTheWorld

==================================================================

### Run 9 starts.
### Run 9 starts.
 Event#=0  t[ns]=0.070627  r[mm]=21.1723  deltaR[mum]=1.66533e-06  deltaEkin[MeV]=4.3181  deltaAngle(deg)=0.00297641
 Event#=1000  t[ns]=0.154415  r[mm]=46.2898  deltaR[mum]=4.38812e-05  deltaEkin[MeV]=7.29169  deltaAngle(deg)=0.00629473
 Event#=2000  t[ns]=0.0705662  r[mm]=21.1541  deltaR[mum]=4.64173e-06  deltaEkin[MeV]=5.53202  deltaAngle(deg)=0.00292001
 Event#=3000  t[ns]=0.469577  r[mm]=140.768  deltaR[mum]=0.00101739  deltaEkin[MeV]=17.1938  deltaAngle(deg)=0.0174376
 Event#=4000  t[ns]=0.0228698  r[mm]=6.85583  deltaR[mum]=7.56337e-08  deltaEkin[MeV]=0  deltaAngle(deg)=0.000932206
 Event#=5000  t[ns]=0.159029  r[mm]=47.6731  deltaR[mum]=5.05096e-05  deltaEkin[MeV]=7.56597  deltaAngle(deg)=0.00626842
 Event#=6000  t[ns]=0.0451474  r[mm]=13.5341  deltaR[mum]=5.80775e-07  deltaEkin[MeV]=1.76545  deltaAngle(deg)=0.00184259
 Event#=7000  t[ns]=0.0691353  r[mm]=20.7251  deltaR[mum]=4.87681e-06  deltaEkin[MeV]=4.36374  deltaAngle(deg)=0.00266769
 Event#=8000  t[ns]=0.0687683  r[mm]=20.6151  deltaR[mum]=1.55475e-06  deltaEkin[MeV]=3.90695  deltaAngle(deg)=0.0033985
 Event#=9000  t[ns]=0.0293541  r[mm]=8.79966  deltaR[mum]=1.59931e-07  deltaEkin[MeV]=0  deltaAngle(deg)=0.00119651
 Run terminated.
Run Summary
  Number of events processed : 10000
  User=0.210000s Real=0.215135s Sys=0.000000s


 ============ Run::printInfo() =============== 	 RunID = 9
 primary PDG code                     = -521
 primary initial kinetic energy [GeV] = 500
 primary initial total energy [GeV]   = 505.279
 primary initial momentum [GeV]       = 505.252
 primary initial Lorentz beta         = 0.999945
 primary initial Lorentz gamma        = 95.7097
 primary initial 3 momentum [GeV]     = (505.252,0,0)
 primary initial position [mm]        = (0,0,0)
 toleranceEPviolations [eV]           = 500
 toleranceDeltaDecayRadius [mum]      = 1
 isPreassignedDecayEnabled            = 1
 isBoostToLabEnabled                  = 1
 # Events               = 10000
 # Decays               = 9814
   (# Bad decays        = 0 )
   (# Unexpected decays = 0 )
 # E violations         = 0
 # P violations         = 0
 decay T [ns] : min=8.05884e-06	 mean=0.157051	 max=1.62504
 decay R [mm] : min=0.00241585	 mean=47.0802	 max=487.147
 decay X [mm] : min=0.00241585	 mean=47.0802	 max=487.147
 decay Y [mm] : min=-0.0059256	 mean=0.00554808	 max=0.288721
 decay Z [mm] : min=-0.010807	 mean=1.35506e-05	 max=0.0148553
 Delta decay R [mm] : min=4.33681e-19	 mean=1.95025e-07	 max=2.80718e-05
 deflection angle [deg] : min=0	 mean=0.00644799	 max=0.0671261
 Delta Ekin [MeV] : min=0	 mean=6.81768	 max=774.074
 decay Ekin [GeV] : min=499.226	 mean=499.993	 max=500
 decay Px [GeV]   : min=504.478	 mean=505.245	 max=505.252
 decay Py [GeV]   : min=-0.206688	 mean=0.0563875	 max=0.59199
 decay Pz [GeV]   : min=-0.15638	 mean=9.69738e-05	 max=0.131613
 decay Etot violation [MeV] : min=-1.52929e-06	 mean=4.0973e-07	 max=2.61108e-06
 decay Px violation [MeV]   : min=-1.52923e-06	 mean=4.09711e-07	 max=2.61108e-06
 decay Py violation [MeV]   : min=-5.87193e-10	 mean=5.38224e-11	 max=1.79728e-09
 decay Pz violation [MeV]   : min=-1.83064e-10	 mean=1.83147e-13	 max=2.7805e-10
 --- Consistency checks --- 
 maxEkin_deltaMax [eV]           = 0
 maxEtot_deltaMax [eV]           = 0
 maxP_deltaMax [eV]              = 0
 maxPdir_deltaMax                = 0
 maxMass_deltaMax{1,2,3} [eV]    = 0 , 2.09184e-05 , 0.0218188 (mean=0.00446821)
 maxBeta_deltaMax{1,2}           = 3.33067e-16 , 4.44089e-16
 maxGamma_deltaMax{1,2,3}        = 0 , 1.69692e-10 , 1.69692e-10
 maxT_proper_deltaMax [fs]       = 0
 maxT_lab_deltaMax [fs]          = 0
 maxMc_truth_rPos_deltaMax [mum] = 1.13687e-10 (mean=1.04135e-11)	 (# above threshold = 0)
 --- Extra checks --- 
 minUnderestimated_mc_truth_rPos_delta [mum] = -31.535 (mean=-0.317627)	 (#above threshold = 156)
 maxOverestimated_mc_truth_rPos_delta [mum]  = 134.663 (mean=0.563504)	 (#above threshold = 1622)
 minUnderestimated_rDeltaPos [mum]           = -31.5192 (mean=-0.317432)	 (#above threshold = 156)
 maxOverestimated_rDeltaPos [mum]            = 134.679 (mean=0.563699)	 (#above threshold = 1623)
 --- float  instead of  double --- 
 fMaxFloat_rDeltaPos_deltaMax [mum] = 0.0661025
 ============================================= 


========= Table of registered couples ============================

Index : 0     used in the geometry : Yes
 Material : G4_Galactic
 Range cuts        :  gamma  700 um     e-  700 um     e+  700 um  proton 700 um 
 Energy thresholds :  gamma  990 eV     e-  990 eV     e+  990 eV  proton 70 keV
 Region(s) which use this couple : 
    DefaultRegionForTheWorld

Index : 1     used in the geometry : Yes
 Material : G4_Si
 Range cuts        :  gamma  700 um     e-  700 um     e+  700 um  proton 700 um 
 Energy thresholds :  gamma  5.85415 keV    e-  423.338 keV    e+  409.013 keV proton 70 keV
 Region(s) which use this couple : 
    DefaultRegionForTheWorld

==================================================================

### Run 10 starts.
### Run 10 starts.
 Event#=0  t[ns]=0  r[mm]=0  deltaR[mum]=0  deltaEkin[MeV]=0  deltaAngle(deg)=0
 Event#=1000  t[ns]=0.405027  r[mm]=121.417  deltaR[mum]=1.42109e-11  deltaEkin[MeV]=0  deltaAngle(deg)=0
 Event#=2000  t[ns]=0.0436888  r[mm]=13.0969  deltaR[mum]=-1.77636e-12  deltaEkin[MeV]=0  deltaAngle(deg)=0
 Event#=3000  t[ns]=0.0175008  r[mm]=5.24633  deltaR[mum]=0  deltaEkin[MeV]=0  deltaAngle(deg)=0
 Event#=4000  t[ns]=0.256455  r[mm]=76.879  deltaR[mum]=0  deltaEkin[MeV]=0  deltaAngle(deg)=0
 Event#=5000  t[ns]=0.0546806  r[mm]=16.3919  deltaR[mum]=0  deltaEkin[MeV]=0  deltaAngle(deg)=0
 Event#=6000  t[ns]=0.0125071  r[mm]=3.74933  deltaR[mum]=4.44089e-13  deltaEkin[MeV]=0  deltaAngle(deg)=0
 Event#=7000  t[ns]=0.0539407  r[mm]=16.1701  deltaR[mum]=0  deltaEkin[MeV]=0  deltaAngle(deg)=0
 Event#=8000  t[ns]=0.407325  r[mm]=122.106  deltaR[mum]=-1.42109e-11  deltaEkin[MeV]=0  deltaAngle(deg)=0
 Event#=9000  t[ns]=0.21522  r[mm]=64.5179  deltaR[mum]=1.42109e-11  deltaEkin[MeV]=0  deltaAngle(deg)=0
 Run terminated.
Run Summary
  Number of events processed : 10000
  User=0.140000s Real=0.139489s Sys=0.000000s


 ============ Run::printInfo() =============== 	 RunID = 10
 primary PDG code                     = 511
 primary initial kinetic energy [GeV] = 500
 primary initial total energy [GeV]   = 505.28
 primary initial momentum [GeV]       = 505.252
 primary initial Lorentz beta         = 0.999945
 primary initial Lorentz gamma        = 95.704
 primary initial 3 momentum [GeV]     = (505.252,0,0)
 primary initial position [mm]        = (0,0,0)
 toleranceEPviolations [eV]           = 500
 toleranceDeltaDecayRadius [mum]      = 1
 isPreassignedDecayEnabled            = 1
 isBoostToLabEnabled                  = 1
 # Events               = 10000
 # Decays               = 9864
   (# Bad decays        = 0 )
   (# Unexpected decays = 0 )
 # E violations         = 0
 # P violations         = 0
 decay T [ns] : min=8.03703e-06	 mean=0.144303	 max=1.87741
 decay R [mm] : min=0.00240931	 mean=43.2586	 max=562.802
 decay X [mm] : min=0.00240931	 mean=43.2586	 max=562.802
 decay Y [mm] : min=-0.0276242	 mean=-2.2501e-06	 max=0.0265175
 decay Z [mm] : min=-0.0204861	 mean=-5.14412e-06	 max=0.0147626
 Delta decay R [mm] : min=-5.68434e-14	 mean=1.1181e-09	 max=1.33251e-06
 deflection angle [deg] : min=0	 mean=4.82757e-05	 max=0.024561
 Delta Ekin [MeV] : min=0	 mean=0.00100163	 max=0.862024
 decay Ekin [GeV] : min=499.999	 mean=500	 max=500
 decay Px [GeV]   : min=505.251	 mean=505.252	 max=505.252
 decay Py [GeV]   : min=-0.208752	 mean=-2.09569e-06	 max=0.136005
 decay Pz [GeV]   : min=-0.133525	 mean=-6.59273e-05	 max=0.166342
 decay Etot violation [MeV] : min=-1.32446e-06	 mean=-1.79501e-07	 max=1.12294e-06
 decay Px violation [MeV]   : min=-1.32452e-06	 mean=-1.79526e-07	 max=1.12294e-06
 decay Py violation [MeV]   : min=-2.47269e-10	 mean=-6.19505e-14	 max=1.46684e-10
 decay Pz violation [MeV]   : min=-2.60258e-10	 mean=-4.4949e-14	 max=1.57229e-10
 --- Consistency checks --- 
 maxEkin_deltaMax [eV]           = 0
 maxEtot_deltaMax [eV]           = 0
 maxP_deltaMax [eV]              = 0
 maxPdir_deltaMax                = 0
 maxMass_deltaMax{1,2,3} [eV]    = 0 , 1.36424e-05 , 0.0110194 (mean=0.00235885)
 maxBeta_deltaMax{1,2}           = 1.11022e-16 , 2.22045e-16
 maxGamma_deltaMax{1,2,3}        = 0 , 1.19996e-10 , 1.19996e-10
 maxT_proper_deltaMax [fs]       = 0
 maxT_lab_deltaMax [fs]          = 0
 maxMc_truth_rPos_deltaMax [mum] = 0 (mean=0)	 (# above threshold = 0)
 --- Extra checks --- 
 minUnderestimated_mc_truth_rPos_delta [mum] = -0.0386649 (mean=-3.48396e-05)	 (#above threshold = 0)
 maxOverestimated_mc_truth_rPos_delta [mum]  = 0.09738 (mean=8.56129e-05)	 (#above threshold = 0)
 minUnderestimated_rDeltaPos [mum]           = -0.0373324 (mean=-3.37215e-05)	 (#above threshold = 0)
 maxOverestimated_rDeltaPos [mum]            = 0.0979217 (mean=8.6731e-05)	 (#above threshold = 0)
 --- float  instead of  double --- 
 fMaxFloat_rDeltaPos_deltaMax [mum] = 0.0610352
 ============================================= 


========= Table of registered couples ============================

Index : 0     used in the geometry : Yes
 Material : G4_Galactic
 Range cuts        :  gamma  700 um     e-  700 um     e+  700 um  proton 700 um 
 Energy thresholds :  gamma  990 eV     e-  990 eV     e+  990 eV  proton 70 keV
 Region(s) which use this couple : 
    DefaultRegionForTheWorld

Index : 1     used in the geometry : Yes
 Material : G4_Si
 Range cuts        :  gamma  700 um     e-  700 um     e+  700 um  proton 700 um 
 Energy thresholds :  gamma  5.85415 keV    e-  423.338 keV    e+  409.013 keV proton 70 keV
 Region(s) which use this couple : 
    DefaultRegionForTheWorld

==================================================================

### Run 11 starts.
### Run 11 starts.
 Event#=0  t[ns]=0.0252399  r[mm]=7.56632  deltaR[mum]=0  deltaEkin[MeV]=0  deltaAngle(deg)=0
 Event#=1000  t[ns]=0.139431  r[mm]=41.7982  deltaR[mum]=-7.10543e-12  deltaEkin[MeV]=0  deltaAngle(deg)=0
 Event#=2000  t[ns]=0.0371304  r[mm]=11.1308  deltaR[mum]=1.77636e-12  deltaEkin[MeV]=0  deltaAngle(deg)=0
 Event#=3000  t[ns]=0.0569597  r[mm]=17.0752  deltaR[mum]=-3.55271e-12  deltaEkin[MeV]=0  deltaAngle(deg)=0
 Event#=4000  t[ns]=0.13674  r[mm]=40.9912  deltaR[mum]=7.10543e-12  deltaEkin[MeV]=0  deltaAngle(deg)=0
 Event#=5000  t[ns]=0.214977  r[mm]=64.445  deltaR[mum]=0  deltaEkin[MeV]=0  deltaAngle(deg)=0
 Event#=6000  t[ns]=0.0780625  r[mm]=23.4013  deltaR[mum]=0  deltaEkin[MeV]=0  deltaAngle(deg)=0
 Event#=7000  t[ns]=0.421488  r[mm]=126.352  deltaR[mum]=0  deltaEkin[MeV]=0  deltaAngle(deg)=0
 Event#=8000  t[ns]=0.145389  r[mm]=43.5841  deltaR[mum]=0  deltaEkin[MeV]=0  deltaAngle(deg)=0
 Event#=9000  t[ns]=0.101576  r[mm]=30.4501  deltaR[mum]=3.55271e-12  deltaEkin[MeV]=0  deltaAngle(deg)=0
 Run terminated.
Run Summary
  Number of events processed : 10000
  User=0.140000s Real=0.140952s Sys=0.000000s


 ============ Run::printInfo() =============== 	 RunID = 11
 primary PDG code                     = -511
 primary initial kinetic energy [GeV] = 500
 primary initial total energy [GeV]   = 505.28
 primary initial momentum [GeV]       = 505.252
 primary initial Lorentz beta         = 0.999945
 primary initial Lorentz gamma        = 95.704
 primary initial 3 momentum [GeV]     = (505.252,0,0)
 primary initial position [mm]        = (0,0,0)
 toleranceEPviolations [eV]           = 500
 toleranceDeltaDecayRadius [mum]      = 1
 isPreassignedDecayEnabled            = 1
 isBoostToLabEnabled                  = 1
 # Events               = 10000
 # Decays               = 9814
   (# Bad decays        = 0 )
   (# Unexpected decays = 0 )
 # E violations         = 0
 # P violations         = 0
 decay T [ns] : min=4.2798e-05	 mean=0.141361	 max=1.27831
 decay R [mm] : min=0.0128298	 mean=42.3766	 max=383.208
 decay X [mm] : min=0.0128298	 mean=42.3766	 max=383.208
 decay Y [mm] : min=-0.0314703	 mean=2.74876e-06	 max=0.0310899
 decay Z [mm] : min=-0.0154091	 mean=1.46939e-06	 max=0.0255677
 Delta decay R [mm] : min=-5.68434e-14	 mean=1.07632e-09	 max=3.04428e-06
 deflection angle [deg] : min=0	 mean=4.41709e-05	 max=0.035712
 Delta Ekin [MeV] : min=0	 mean=0.00091258	 max=1.90368
 decay Ekin [GeV] : min=499.998	 mean=500	 max=500
 decay Px [GeV]   : min=505.25	 mean=505.252	 max=505.252
 decay Py [GeV]   : min=-0.145165	 mean=1.71126e-05	 max=0.243257
 decay Pz [GeV]   : min=-0.141053	 mean=-1.72752e-05	 max=0.20005
 decay Etot violation [MeV] : min=-1.36404e-06	 mean=-1.74012e-07	 max=1.03377e-06
 decay Px violation [MeV]   : min=-1.3641e-06	 mean=-1.74037e-07	 max=1.03377e-06
 decay Py violation [MeV]   : min=-1.1579e-10	 mean=4.8743e-14	 max=1.72662e-10
 decay Pz violation [MeV]   : min=-1.77067e-10	 mean=-7.0288e-16	 max=1.42307e-10
 --- Consistency checks --- 
 maxEkin_deltaMax [eV]           = 0
 maxEtot_deltaMax [eV]           = 0
 maxP_deltaMax [eV]              = 0
 maxPdir_deltaMax                = 0
 maxMass_deltaMax{1,2,3} [eV]    = 0 , 1.36424e-05 , 0.0139089 (mean=0.00235721)
 maxBeta_deltaMax{1,2}           = 1.11022e-16 , 2.22045e-16
 maxGamma_deltaMax{1,2,3}        = 0 , 1.18519e-10 , 1.18519e-10
 maxT_proper_deltaMax [fs]       = 0
 maxT_lab_deltaMax [fs]          = 0
 maxMc_truth_rPos_deltaMax [mum] = 0 (mean=0)	 (# above threshold = 0)
 --- Extra checks --- 
 minUnderestimated_mc_truth_rPos_delta [mum] = -0.0770883 (mean=-3.36137e-05)	 (#above threshold = 0)
 maxOverestimated_mc_truth_rPos_delta [mum]  = 0.243291 (mean=8.9522e-05)	 (#above threshold = 0)
 minUnderestimated_rDeltaPos [mum]           = -0.074044 (mean=-3.25374e-05)	 (#above threshold = 0)
 maxOverestimated_rDeltaPos [mum]            = 0.246335 (mean=9.05983e-05)	 (#above threshold = 0)
 --- float  instead of  double --- 
 fMaxFloat_rDeltaPos_deltaMax [mum] = 0.0305176
 ============================================= 


========= Table of registered couples ============================

Index : 0     used in the geometry : Yes
 Material : G4_Galactic
 Range cuts        :  gamma  700 um     e-  700 um     e+  700 um  proton 700 um 
 Energy thresholds :  gamma  990 eV     e-  990 eV     e+  990 eV  proton 70 keV
 Region(s) which use this couple : 
    DefaultRegionForTheWorld

Index : 1     used in the geometry : Yes
 Material : G4_Si
 Range cuts        :  gamma  700 um     e-  700 um     e+  700 um  proton 700 um 
 Energy thresholds :  gamma  5.85415 keV    e-  423.338 keV    e+  409.013 keV proton 70 keV
 Region(s) which use this couple : 
    DefaultRegionForTheWorld

==================================================================

### Run 12 starts.
### Run 12 starts.
 Event#=0  t[ns]=0.223447  r[mm]=66.984  deltaR[mum]=0  deltaEkin[MeV]=0  deltaAngle(deg)=0
 Event#=1000  t[ns]=0.0171087  r[mm]=5.12876  deltaR[mum]=0  deltaEkin[MeV]=0  deltaAngle(deg)=0
 Event#=2000  t[ns]=0.122758  r[mm]=36.7998  deltaR[mum]=0  deltaEkin[MeV]=0  deltaAngle(deg)=0
 Event#=3000  t[ns]=0.020682  r[mm]=6.19997  deltaR[mum]=0  deltaEkin[MeV]=0  deltaAngle(deg)=0
 Event#=4000  t[ns]=0.032527  r[mm]=9.75081  deltaR[mum]=1.77636e-12  deltaEkin[MeV]=0  deltaAngle(deg)=0
 Event#=5000  t[ns]=0.0946172  r[mm]=28.3639  deltaR[mum]=0  deltaEkin[MeV]=0  deltaAngle(deg)=0
 Event#=6000  t[ns]=0.116105  r[mm]=34.8053  deltaR[mum]=0  deltaEkin[MeV]=0  deltaAngle(deg)=0
 Event#=7000  t[ns]=0.140639  r[mm]=42.1602  deltaR[mum]=0  deltaEkin[MeV]=0  deltaAngle(deg)=0
 Event#=8000  t[ns]=0.0555461  r[mm]=16.6514  deltaR[mum]=0  deltaEkin[MeV]=0  deltaAngle(deg)=0
 Event#=9000  t[ns]=0.0812601  r[mm]=24.3598  deltaR[mum]=0  deltaEkin[MeV]=0  deltaAngle(deg)=0
 Run terminated.
Run Summary
  Number of events processed : 10000
  User=0.120000s Real=0.116237s Sys=0.000000s


 ============ Run::printInfo() =============== 	 RunID = 12
 primary PDG code                     = 531
 primary initial kinetic energy [GeV] = 500
 primary initial total energy [GeV]   = 505.367
 primary initial momentum [GeV]       = 505.338
 primary initial Lorentz beta         = 0.999944
 primary initial Lorentz gamma        = 94.1631
 primary initial 3 momentum [GeV]     = (505.338,0,0)
 primary initial position [mm]        = (0,0,0)
 toleranceEPviolations [eV]           = 500
 toleranceDeltaDecayRadius [mum]      = 1
 isPreassignedDecayEnabled            = 1
 isBoostToLabEnabled                  = 1
 # Events               = 10000
 # Decays               = 9871
   (# Bad decays        = 0 )
   (# Unexpected decays = 0 )
 # E violations         = 0
 # P violations         = 0
 decay T [ns] : min=1.09526e-05	 mean=0.141708	 max=1.68429
 decay R [mm] : min=0.00328333	 mean=42.4807	 max=504.908
 decay X [mm] : min=0.00328333	 mean=42.4807	 max=504.908
 decay Y [mm] : min=-0.0151252	 mean=6.69655e-07	 max=0.0195124
 decay Z [mm] : min=-0.0199283	 mean=-1.05548e-06	 max=0.0103447
 Delta decay R [mm] : min=-5.68434e-14	 mean=6.92506e-10	 max=1.63292e-06
 deflection angle [deg] : min=0	 mean=3.0908e-05	 max=0.0421996
 Delta Ekin [MeV] : min=0	 mean=0.000780341	 max=2.65908
 decay Ekin [GeV] : min=499.997	 mean=500	 max=500
 decay Px [GeV]   : min=505.336	 mean=505.338	 max=505.338
 decay Py [GeV]   : min=-0.159535	 mean=4.22659e-05	 max=0.368515
 decay Pz [GeV]   : min=-0.11948	 mean=-1.93798e-06	 max=0.120608
 decay Etot violation [MeV] : min=-8.36502e-07	 mean=4.12246e-07	 max=1.81125e-06
 decay Px violation [MeV]   : min=-8.36677e-07	 mean=4.12233e-07	 max=1.81131e-06
 decay Py violation [MeV]   : min=-4.41332e-10	 mean=-1.00596e-13	 max=1.18533e-10
 decay Pz violation [MeV]   : min=-1.54145e-10	 mean=1.3856e-14	 max=1.78218e-10
 --- Consistency checks --- 
 maxEkin_deltaMax [eV]           = 0
 maxEtot_deltaMax [eV]           = 0
 maxP_deltaMax [eV]              = 0
 maxPdir_deltaMax                = 0
 maxMass_deltaMax{1,2,3} [eV]    = 0 , 7.27596e-06 , 0.00931595 (mean=0.00206122)
 maxBeta_deltaMax{1,2}           = 1.11022e-16 , 2.22045e-16
 maxGamma_deltaMax{1,2,3}        = 0 , 1.02915e-10 , 1.02915e-10
 maxT_proper_deltaMax [fs]       = 0
 maxT_lab_deltaMax [fs]          = 0
 maxMc_truth_rPos_deltaMax [mum] = 1.13687e-10 (mean=4.60815e-12)	 (# above threshold = 0)
 --- Extra checks --- 
 minUnderestimated_mc_truth_rPos_delta [mum] = -0.081544 (mean=-2.50476e-05)	 (#above threshold = 0)
 maxOverestimated_mc_truth_rPos_delta [mum]  = 0.112512 (mean=4.88285e-05)	 (#above threshold = 0)
 minUnderestimated_rDeltaPos [mum]           = -0.0799111 (mean=-2.43551e-05)	 (#above threshold = 0)
 maxOverestimated_rDeltaPos [mum]            = 0.112914 (mean=4.9521e-05)	 (#above threshold = 0)
 --- float  instead of  double --- 
 fMaxFloat_rDeltaPos_deltaMax [mum] = 0.0305176
 ============================================= 


========= Table of registered couples ============================

Index : 0     used in the geometry : Yes
 Material : G4_Galactic
 Range cuts        :  gamma  700 um     e-  700 um     e+  700 um  proton 700 um 
 Energy thresholds :  gamma  990 eV     e-  990 eV     e+  990 eV  proton 70 keV
 Region(s) which use this couple : 
    DefaultRegionForTheWorld

Index : 1     used in the geometry : Yes
 Material : G4_Si
 Range cuts        :  gamma  700 um     e-  700 um     e+  700 um  proton 700 um 
 Energy thresholds :  gamma  5.85415 keV    e-  423.338 keV    e+  409.013 keV proton 70 keV
 Region(s) which use this couple : 
    DefaultRegionForTheWorld

==================================================================

### Run 13 starts.
### Run 13 starts.
 Event#=0  t[ns]=0.039119  r[mm]=11.7269  deltaR[mum]=0  deltaEkin[MeV]=0  deltaAngle(deg)=0
 Event#=1000  t[ns]=0.000432545  r[mm]=0.129666  deltaR[mum]=2.77556e-14  deltaEkin[MeV]=0  deltaAngle(deg)=0
 Event#=2000  t[ns]=0.0159597  r[mm]=4.78434  deltaR[mum]=8.88178e-13  deltaEkin[MeV]=0  deltaAngle(deg)=0
 Event#=3000  t[ns]=0.177692  r[mm]=53.2677  deltaR[mum]=0  deltaEkin[MeV]=0  deltaAngle(deg)=0
 Event#=4000  t[ns]=0.125017  r[mm]=37.4771  deltaR[mum]=7.10543e-12  deltaEkin[MeV]=0  deltaAngle(deg)=0
 Event#=5000  t[ns]=1.49584  r[mm]=448.416  deltaR[mum]=5.68434e-11  deltaEkin[MeV]=0  deltaAngle(deg)=0
 Event#=6000  t[ns]=0.0535059  r[mm]=16.0398  deltaR[mum]=0  deltaEkin[MeV]=0  deltaAngle(deg)=0
 Event#=7000  t[ns]=0.176784  r[mm]=52.9954  deltaR[mum]=7.10543e-12  deltaEkin[MeV]=0  deltaAngle(deg)=0
 Event#=8000  t[ns]=0.129152  r[mm]=38.7168  deltaR[mum]=7.10543e-12  deltaEkin[MeV]=0  deltaAngle(deg)=0
 Event#=9000  t[ns]=0.503111  r[mm]=150.82  deltaR[mum]=0  deltaEkin[MeV]=0  deltaAngle(deg)=0
 Run terminated.
Run Summary
  Number of events processed : 10000
  User=0.130000s Real=0.126830s Sys=0.000000s


 ============ Run::printInfo() =============== 	 RunID = 13
 primary PDG code                     = -531
 primary initial kinetic energy [GeV] = 500
 primary initial total energy [GeV]   = 505.367
 primary initial momentum [GeV]       = 505.338
 primary initial Lorentz beta         = 0.999944
 primary initial Lorentz gamma        = 94.1631
 primary initial 3 momentum [GeV]     = (505.338,0,0)
 primary initial position [mm]        = (0,0,0)
 toleranceEPviolations [eV]           = 500
 toleranceDeltaDecayRadius [mum]      = 1
 isPreassignedDecayEnabled            = 1
 isBoostToLabEnabled                  = 1
 # Events               = 10000
 # Decays               = 9848
   (# Bad decays        = 0 )
   (# Unexpected decays = 0 )
 # E violations         = 0
 # P violations         = 0
 decay T [ns] : min=3.19773e-05	 mean=0.141954	 max=1.49682
 decay R [mm] : min=0.00958601	 mean=42.5542	 max=448.71
 decay X [mm] : min=0.00958601	 mean=42.5542	 max=448.71
 decay Y [mm] : min=-0.00650386	 mean=-5.85721e-07	 max=0.00753813
 decay Z [mm] : min=-0.00570965	 mean=-5.07035e-07	 max=0.0070251
 Delta decay R [mm] : min=-5.68434e-14	 mean=2.89111e-10	 max=7.71101e-07
 deflection angle [deg] : min=0	 mean=1.63216e-05	 max=0.0254724
 Delta Ekin [MeV] : min=0	 mean=0.000355764	 max=0.96885
 decay Ekin [GeV] : min=499.999	 mean=500	 max=500
 decay Px [GeV]   : min=505.337	 mean=505.338	 max=505.338
 decay Py [GeV]   : min=-0.211318	 mean=-1.85184e-05	 max=0.0797835
 decay Pz [GeV]   : min=-0.13316	 mean=-9.99438e-08	 max=0.21771
 decay Etot violation [MeV] : min=-1.26573e-06	 mean=4.09476e-07	 max=1.65025e-06
 decay Px violation [MeV]   : min=-1.2659e-06	 mean=4.09464e-07	 max=1.65036e-06
 decay Py violation [MeV]   : min=-5.35465e-11	 mean=2.31441e-14	 max=1.51786e-10
 decay Pz violation [MeV]   : min=-1.62615e-10	 mean=-1.73406e-14	 max=1.18234e-10
 --- Consistency checks --- 
 maxEkin_deltaMax [eV]           = 0
 maxEtot_deltaMax [eV]           = 0
 maxP_deltaMax [eV]              = 0
 maxPdir_deltaMax                = 0
 maxMass_deltaMax{1,2,3} [eV]    = 0 , 7.27596e-06 , 0.0105856 (mean=0.00205838)
 maxBeta_deltaMax{1,2}           = 1.11022e-16 , 2.22045e-16
 maxGamma_deltaMax{1,2,3}        = 0 , 9.54543e-11 , 9.54543e-11
 maxT_proper_deltaMax [fs]       = 0
 maxT_lab_deltaMax [fs]          = 0
 maxMc_truth_rPos_deltaMax [mum] = 5.68434e-11 (mean=4.67135e-12)	 (# above threshold = 0)
 --- Extra checks --- 
 minUnderestimated_mc_truth_rPos_delta [mum] = -0.0284299 (mean=-1.22828e-05)	 (#above threshold = 0)
 maxOverestimated_mc_truth_rPos_delta [mum]  = 0.0312612 (mean=1.24471e-05)	 (#above threshold = 0)
 minUnderestimated_rDeltaPos [mum]           = -0.0276588 (mean=-1.19937e-05)	 (#above threshold = 0)
 maxOverestimated_rDeltaPos [mum]            = 0.0320323 (mean=1.27362e-05)	 (#above threshold = 0)
 --- float  instead of  double --- 
 fMaxFloat_rDeltaPos_deltaMax [mum] = 0.0610352
 ============================================= 


========= Table of registered couples ============================

Index : 0     used in the geometry : Yes
 Material : G4_Galactic
 Range cuts        :  gamma  700 um     e-  700 um     e+  700 um  proton 700 um 
 Energy thresholds :  gamma  990 eV     e-  990 eV     e+  990 eV  proton 70 keV
 Region(s) which use this couple : 
    DefaultRegionForTheWorld

Index : 1     used in the geometry : Yes
 Material : G4_Si
 Range cuts        :  gamma  700 um     e-  700 um     e+  700 um  proton 700 um 
 Energy thresholds :  gamma  5.85415 keV    e-  423.338 keV    e+  409.013 keV proton 70 keV
 Region(s) which use this couple : 
    DefaultRegionForTheWorld

==================================================================

### Run 14 starts.
### Run 14 starts.
 Event#=0  t[ns]=0.0743536  r[mm]=22.2889  deltaR[mum]=5.32681e-06  deltaEkin[MeV]=5.46579  deltaAngle(deg)=0.00208494
 Event#=1000  t[ns]=0.00572463  r[mm]=1.71607  deltaR[mum]=1.18128e-09  deltaEkin[MeV]=0  deltaAngle(deg)=0.000232885
 Event#=2000  t[ns]=0.0155111  r[mm]=4.64975  deltaR[mum]=2.3503e-08  deltaEkin[MeV]=0  deltaAngle(deg)=0.000631009
 Event#=3000  t[ns]=0.0440982  r[mm]=13.2193  deltaR[mum]=5.48475e-07  deltaEkin[MeV]=1.34758  deltaAngle(deg)=0.00154879
 Event#=4000  t[ns]=0.00195884  r[mm]=0.5872  deltaR[mum]=4.71845e-11  deltaEkin[MeV]=0  deltaAngle(deg)=7.96816e-05
 Event#=5000  t[ns]=0.0341604  r[mm]=10.2402  deltaR[mum]=2.83027e-07  deltaEkin[MeV]=0.351994  deltaAngle(deg)=0.00138803
 Event#=6000  t[ns]=0.0332746  r[mm]=9.97471  deltaR[mum]=2.5954e-07  deltaEkin[MeV]=0.292691  deltaAngle(deg)=0.00146491
 Event#=7000  t[ns]=0.0583895  r[mm]=17.5034  deltaR[mum]=1.03682e-06  deltaEkin[MeV]=3.10277  deltaAngle(deg)=0.00281318
 Event#=8000  t[ns]=0.0407228  r[mm]=12.2074  deltaR[mum]=4.55632e-07  deltaEkin[MeV]=1.40364  deltaAngle(deg)=0.00146428
 Event#=9000  t[ns]=0.00301562  r[mm]=0.903992  deltaR[mum]=1.72751e-10  deltaEkin[MeV]=0  deltaAngle(deg)=0.000122679
 Run terminated.
Run Summary
  Number of events processed : 10000
  User=0.080000s Real=0.088105s Sys=0.000000s


 ============ Run::printInfo() =============== 	 RunID = 14
 primary PDG code                     = 541
 primary initial kinetic energy [GeV] = 500
 primary initial total energy [GeV]   = 506.275
 primary initial momentum [GeV]       = 506.236
 primary initial Lorentz beta         = 0.999923
 primary initial Lorentz gamma        = 80.6825
 primary initial 3 momentum [GeV]     = (506.236,0,0)
 primary initial position [mm]        = (0,0,0)
 toleranceEPviolations [eV]           = 500
 toleranceDeltaDecayRadius [mum]      = 1
 isPreassignedDecayEnabled            = 1
 isBoostToLabEnabled                  = 1
 # Events               = 10000
 # Decays               = 9967
   (# Bad decays        = 0 )
   (# Unexpected decays = 0 )
 # E violations         = 0
 # P violations         = 0
 decay T [ns] : min=8.24419e-08	 mean=0.0405013	 max=0.378919
 decay R [mm] : min=2.47136e-05	 mean=12.1411	 max=113.588
 decay X [mm] : min=2.47136e-05	 mean=12.1411	 max=113.588
 decay Y [mm] : min=-0.0146284	 mean=-0.000419882	 max=-7.23383e-16
 decay Z [mm] : min=-0.0015941	 mean=4.61724e-07	 max=0.00173223
 Delta decay R [mm] : min=-3.46945e-18	 mean=8.57999e-09	 max=1.2998e-05
 deflection angle [deg] : min=0	 mean=0.00166819	 max=0.0148227
 Delta Ekin [MeV] : min=0	 mean=2.41623	 max=1684.19
 decay Ekin [GeV] : min=498.316	 mean=499.998	 max=500
 decay Px [GeV]   : min=504.552	 mean=506.234	 max=506.236
 decay Py [GeV]   : min=-0.130635	 mean=-0.0145683	 max=0.0221318
 decay Pz [GeV]   : min=-0.0760946	 mean=1.81092e-05	 max=0.0612161
 decay Etot violation [MeV] : min=-1.45129e-06	 mean=1.46694e-07	 max=1.69745e-06
 decay Px violation [MeV]   : min=-1.45123e-06	 mean=1.46695e-07	 max=1.69728e-06
 decay Py violation [MeV]   : min=-1.49086e-10	 mean=-9.70916e-13	 max=2.76486e-10
 decay Pz violation [MeV]   : min=-6.55902e-11	 mean=-1.59401e-14	 max=2.45493e-11
 --- Consistency checks --- 
 maxEkin_deltaMax [eV]           = 0
 maxEtot_deltaMax [eV]           = 0
 maxP_deltaMax [eV]              = 0
 maxPdir_deltaMax                = 0
 maxMass_deltaMax{1,2,3} [eV]    = 0 , 2.36469e-05 , 0.0178006 (mean=0.00311427)
 maxBeta_deltaMax{1,2}           = 3.33067e-16 , 4.44089e-16
 maxGamma_deltaMax{1,2,3}        = 0 , 9.95612e-11 , 9.95612e-11
 maxT_proper_deltaMax [fs]       = 0
 maxT_lab_deltaMax [fs]          = 0
 maxMc_truth_rPos_deltaMax [mum] = 4.26326e-11 (mean=2.71399e-12)	 (# above threshold = 0)
 --- Extra checks --- 
 minUnderestimated_mc_truth_rPos_delta [mum] = -59.7242 (mean=-0.0974753)	 (#above threshold = 41)
 maxOverestimated_mc_truth_rPos_delta [mum]  = 84.0919 (mean=0.0425651)	 (#above threshold = 30)
 minUnderestimated_rDeltaPos [mum]           = -59.7112 (mean=-0.0974667)	 (#above threshold = 41)
 maxOverestimated_rDeltaPos [mum]            = 84.1049 (mean=0.0425737)	 (#above threshold = 30)
 --- float  instead of  double --- 
 fMaxFloat_rDeltaPos_deltaMax [mum] = 0.00808118
 ============================================= 


========= Table of registered couples ============================

Index : 0     used in the geometry : Yes
 Material : G4_Galactic
 Range cuts        :  gamma  700 um     e-  700 um     e+  700 um  proton 700 um 
 Energy thresholds :  gamma  990 eV     e-  990 eV     e+  990 eV  proton 70 keV
 Region(s) which use this couple : 
    DefaultRegionForTheWorld

Index : 1     used in the geometry : Yes
 Material : G4_Si
 Range cuts        :  gamma  700 um     e-  700 um     e+  700 um  proton 700 um 
 Energy thresholds :  gamma  5.85415 keV    e-  423.338 keV    e+  409.013 keV proton 70 keV
 Region(s) which use this couple : 
    DefaultRegionForTheWorld

==================================================================

### Run 15 starts.
### Run 15 starts.
 Event#=0  t[ns]=0.00934519  r[mm]=2.8014  deltaR[mum]=5.13989e-09  deltaEkin[MeV]=0  deltaAngle(deg)=0.000380173
 Event#=1000  t[ns]=0.087923  r[mm]=26.3566  deltaR[mum]=3.02094e-06  deltaEkin[MeV]=6.80358  deltaAngle(deg)=0.00388113
 Event#=2000  t[ns]=0.0118638  r[mm]=3.5564  deltaR[mum]=1.0516e-08  deltaEkin[MeV]=0  deltaAngle(deg)=0.000482632
 Event#=3000  t[ns]=0.0693674  r[mm]=20.7942  deltaR[mum]=1.58345e-06  deltaEkin[MeV]=3.76085  deltaAngle(deg)=0.00308746
 Event#=4000  t[ns]=0.0251955  r[mm]=7.55283  deltaR[mum]=1.00735e-07  deltaEkin[MeV]=0  deltaAngle(deg)=0.00102498
 Event#=5000  t[ns]=0.0627978  r[mm]=18.8249  deltaR[mum]=1.23427e-06  deltaEkin[MeV]=3.64549  deltaAngle(deg)=0.00264073
 Event#=6000  t[ns]=0.0063166  r[mm]=1.89352  deltaR[mum]=1.58695e-09  deltaEkin[MeV]=0  deltaAngle(deg)=0.000256966
 Event#=7000  t[ns]=0.00713098  r[mm]=2.13765  deltaR[mum]=2.28351e-09  deltaEkin[MeV]=0  deltaAngle(deg)=0.000290096
 Event#=8000  t[ns]=0.0465327  r[mm]=13.9491  deltaR[mum]=6.19186e-07  deltaEkin[MeV]=2.0116  deltaAngle(deg)=0.00193468
 Event#=9000  t[ns]=0.010036  r[mm]=3.00848  deltaR[mum]=6.36646e-09  deltaEkin[MeV]=0  deltaAngle(deg)=0.000408275
 Run terminated.
Run Summary
  Number of events processed : 10000
  User=0.080000s Real=0.134010s Sys=0.000000s


 ============ Run::printInfo() =============== 	 RunID = 15
 primary PDG code                     = -541
 primary initial kinetic energy [GeV] = 500
 primary initial total energy [GeV]   = 506.275
 primary initial momentum [GeV]       = 506.236
 primary initial Lorentz beta         = 0.999923
 primary initial Lorentz gamma        = 80.6825
 primary initial 3 momentum [GeV]     = (506.236,0,0)
 primary initial position [mm]        = (0,0,0)
 toleranceEPviolations [eV]           = 500
 toleranceDeltaDecayRadius [mum]      = 1
 isPreassignedDecayEnabled            = 1
 isBoostToLabEnabled                  = 1
 # Events               = 10000
 # Decays               = 9963
   (# Bad decays        = 0 )
   (# Unexpected decays = 0 )
 # E violations         = 0
 # P violations         = 0
 decay T [ns] : min=2.55366e-06	 mean=0.0402064	 max=0.366876
 decay R [mm] : min=0.000765508	 mean=12.0526	 max=109.978
 decay X [mm] : min=0.000765508	 mean=12.0526	 max=109.978
 decay Y [mm] : min=-1.51e-05	 mean=0.000417728	 max=0.0146881
 decay Z [mm] : min=-0.00624179	 mean=1.20801e-07	 max=0.00329286
 Delta decay R [mm] : min=-3.46945e-18	 mean=8.13241e-09	 max=4.02756e-06
 deflection angle [deg] : min=0	 mean=0.00166362	 max=0.0242683
 Delta Ekin [MeV] : min=0	 mean=2.28251	 max=448.535
 decay Ekin [GeV] : min=499.551	 mean=499.998	 max=500
 decay Px [GeV]   : min=505.787	 mean=506.234	 max=506.236
 decay Py [GeV]   : min=-0.0607448	 mean=0.0144993	 max=0.134476
 decay Pz [GeV]   : min=-0.0987082	 mean=3.272e-05	 max=0.20708
 decay Etot violation [MeV] : min=-1.48971e-06	 mean=1.46497e-07	 max=1.56811e-06
 decay Px violation [MeV]   : min=-1.48971e-06	 mean=1.46498e-07	 max=1.568e-06
 decay Py violation [MeV]   : min=-1.89772e-10	 mean=9.33781e-13	 max=1.39565e-10
 decay Pz violation [MeV]   : min=-1.61918e-10	 mean=-1.20873e-14	 max=2.77396e-11
 --- Consistency checks --- 
 maxEkin_deltaMax [eV]           = 0
 maxEtot_deltaMax [eV]           = 0
 maxP_deltaMax [eV]              = 0
 maxPdir_deltaMax                = 0
 maxMass_deltaMax{1,2,3} [eV]    = 0 , 2.36469e-05 , 0.0153686 (mean=0.00315218)
 maxBeta_deltaMax{1,2}           = 3.33067e-16 , 4.44089e-16
 maxGamma_deltaMax{1,2,3}        = 0 , 9.76996e-11 , 9.76996e-11
 maxT_proper_deltaMax [fs]       = 0
 maxT_lab_deltaMax [fs]          = 0
 maxMc_truth_rPos_deltaMax [mum] = 2.84217e-11 (mean=2.68788e-12)	 (# above threshold = 0)
 --- Extra checks --- 
 minUnderestimated_mc_truth_rPos_delta [mum] = -18.0092 (mean=-0.0921774)	 (#above threshold = 38)
 maxOverestimated_mc_truth_rPos_delta [mum]  = 26.0929 (mean=0.0390008)	 (#above threshold = 42)
 minUnderestimated_rDeltaPos [mum]           = -18.0061 (mean=-0.0921692)	 (#above threshold = 38)
 maxOverestimated_rDeltaPos [mum]            = 26.0969 (mean=0.039009)	 (#above threshold = 42)
 --- float  instead of  double --- 
 fMaxFloat_rDeltaPos_deltaMax [mum] = 0.015594
 ============================================= 


========= Table of registered couples ============================

Index : 0     used in the geometry : Yes
 Material : G4_Galactic
 Range cuts        :  gamma  700 um     e-  700 um     e+  700 um  proton 700 um 
 Energy thresholds :  gamma  990 eV     e-  990 eV     e+  990 eV  proton 70 keV
 Region(s) which use this couple : 
    DefaultRegionForTheWorld

Index : 1     used in the geometry : Yes
 Material : G4_Si
 Range cuts        :  gamma  700 um     e-  700 um     e+  700 um  proton 700 um 
 Energy thresholds :  gamma  5.85415 keV    e-  423.338 keV    e+  409.013 keV proton 70 keV
 Region(s) which use this couple : 
    DefaultRegionForTheWorld

==================================================================

### Run 16 starts.
### Run 16 starts.
 Event#=0  t[ns]=0.090555  r[mm]=27.1474  deltaR[mum]=3.34187e-06  deltaEkin[MeV]=6.56139  deltaAngle(deg)=0.00337419
 Event#=1000  t[ns]=0.034665  r[mm]=10.3922  deltaR[mum]=3.01068e-07  deltaEkin[MeV]=0.424799  deltaAngle(deg)=0.00133599
 Event#=2000  t[ns]=0.0391961  r[mm]=11.7506  deltaR[mum]=4.21657e-07  deltaEkin[MeV]=1.01715  deltaAngle(deg)=0.00172441
 Event#=3000  t[ns]=0.0518734  r[mm]=15.5511  deltaR[mum]=8.02496e-07  deltaEkin[MeV]=2.28334  deltaAngle(deg)=0.00211527
 Event#=4000  t[ns]=0.0363421  r[mm]=10.895  deltaR[mum]=3.45674e-07  deltaEkin[MeV]=0.656553  deltaAngle(deg)=0.00158039
 Event#=5000  t[ns]=0.010932  r[mm]=3.2773  deltaR[mum]=8.35998e-09  deltaEkin[MeV]=0  deltaAngle(deg)=0.000448259
 Event#=6000  t[ns]=0.0146836  r[mm]=4.40199  deltaR[mum]=2.02576e-08  deltaEkin[MeV]=0  deltaAngle(deg)=0.000602091
 Event#=7000  t[ns]=0.0176603  r[mm]=5.29437  deltaR[mum]=3.52456e-08  deltaEkin[MeV]=0  deltaAngle(deg)=0.000724147
 Event#=8000  t[ns]=0.105296  r[mm]=31.5668  deltaR[mum]=7.84824e-06  deltaEkin[MeV]=7.18084  deltaAngle(deg)=0.00415538
 Event#=9000  t[ns]=0.0110274  r[mm]=3.30589  deltaR[mum]=8.58158e-09  deltaEkin[MeV]=0  deltaAngle(deg)=0.000452168
 Run terminated.
Run Summary
  Number of events processed : 10000
  User=0.130000s Real=0.138523s Sys=0.000000s


 ============ Run::printInfo() =============== 	 RunID = 16
 primary PDG code                     = 4122
 primary initial kinetic energy [GeV] = 500
 primary initial total energy [GeV]   = 502.286
 primary initial momentum [GeV]       = 502.281
 primary initial Lorentz beta         = 0.99999
 primary initial Lorentz gamma        = 219.679
 primary initial 3 momentum [GeV]     = (502.281,0,0)
 primary initial position [mm]        = (0,0,0)
 toleranceEPviolations [eV]           = 500
 toleranceDeltaDecayRadius [mum]      = 1
 isPreassignedDecayEnabled            = 1
 isBoostToLabEnabled                  = 1
 # Events               = 10000
 # Decays               = 9910
   (# Bad decays        = 0 )
   (# Unexpected decays = 0 )
 # E violations         = 0
 # P violations         = 0
 decay T [ns] : min=1.10359e-05	 mean=0.0437706	 max=0.357195
 decay R [mm] : min=0.00330845	 mean=13.1219	 max=107.083
 decay X [mm] : min=0.00330845	 mean=13.1219	 max=107.083
 decay Y [mm] : min=-0.014557	 mean=-0.000493818	 max=0.00251873
 decay Z [mm] : min=-0.00970648	 mean=-1.79619e-06	 max=0.00352733
 Delta decay R [mm] : min=-6.93889e-18	 mean=3.81931e-09	 max=5.78388e-07
 deflection angle [deg] : min=0	 mean=0.00183991	 max=0.0176079
 Delta Ekin [MeV] : min=0	 mean=2.56244	 max=687.227
 decay Ekin [GeV] : min=499.313	 mean=499.997	 max=500
 decay Px [GeV]   : min=501.594	 mean=502.279	 max=502.281
 decay Py [GeV]   : min=-0.142987	 mean=-0.0156553	 max=0.132891
 decay Pz [GeV]   : min=-0.0956373	 mean=7.68406e-06	 max=0.131219
 decay Etot violation [MeV] : min=-1.20985e-05	 mean=-8.78501e-07	 max=1.00308e-05
 decay Px violation [MeV]   : min=-1.20985e-05	 mean=-8.78489e-07	 max=1.00307e-05
 decay Py violation [MeV]   : min=-1.18453e-09	 mean=4.65948e-11	 max=1.66577e-09
 decay Pz violation [MeV]   : min=-1.23228e-09	 mean=-2.31808e-14	 max=9.12507e-10
 --- Consistency checks --- 
 maxEkin_deltaMax [eV]           = 0
 maxEtot_deltaMax [eV]           = 0
 maxP_deltaMax [eV]              = 0
 maxPdir_deltaMax                = 0
 maxMass_deltaMax{1,2,3} [eV]    = 0 , 2.09184e-05 , 0.0475902 (mean=0.00970988)
 maxBeta_deltaMax{1,2}           = 3.33067e-16 , 5.55112e-16
 maxGamma_deltaMax{1,2,3}        = 0 , 1.73927e-09 , 1.73927e-09
 maxT_proper_deltaMax [fs]       = 0
 maxT_lab_deltaMax [fs]          = 0
 maxMc_truth_rPos_deltaMax [mum] = 0 (mean=0)	 (# above threshold = 0)
 --- Extra checks --- 
 minUnderestimated_mc_truth_rPos_delta [mum] = -28.3412 (mean=-0.10804)	 (#above threshold = 43)
 maxOverestimated_mc_truth_rPos_delta [mum]  = 22.6388 (mean=0.0446222)	 (#above threshold = 49)
 minUnderestimated_rDeltaPos [mum]           = -28.3409 (mean=-0.108037)	 (#above threshold = 43)
 maxOverestimated_rDeltaPos [mum]            = 22.6393 (mean=0.044626)	 (#above threshold = 49)
 --- float  instead of  double --- 
 fMaxFloat_rDeltaPos_deltaMax [mum] = 0.015408
 ============================================= 


========= Table of registered couples ============================

Index : 0     used in the geometry : Yes
 Material : G4_Galactic
 Range cuts        :  gamma  700 um     e-  700 um     e+  700 um  proton 700 um 
 Energy thresholds :  gamma  990 eV     e-  990 eV     e+  990 eV  proton 70 keV
 Region(s) which use this couple : 
    DefaultRegionForTheWorld

Index : 1     used in the geometry : Yes
 Material : G4_Si
 Range cuts        :  gamma  700 um     e-  700 um     e+  700 um  proton 700 um 
 Energy thresholds :  gamma  5.85415 keV    e-  423.338 keV    e+  409.013 keV proton 70 keV
 Region(s) which use this couple : 
    DefaultRegionForTheWorld

==================================================================

### Run 17 starts.
### Run 17 starts.
 Event#=0  t[ns]=0.00852488  r[mm]=2.55567  deltaR[mum]=3.96438e-09  deltaEkin[MeV]=0  deltaAngle(deg)=0.000349556
 Event#=1000  t[ns]=0.008391  r[mm]=2.51553  deltaR[mum]=3.78053e-09  deltaEkin[MeV]=0  deltaAngle(deg)=0.000344067
 Event#=2000  t[ns]=0.00933311  r[mm]=2.79797  deltaR[mum]=5.20206e-09  deltaEkin[MeV]=0  deltaAngle(deg)=0.000382697
 Event#=3000  t[ns]=0.0123922  r[mm]=3.71505  deltaR[mum]=1.21769e-08  deltaEkin[MeV]=0  deltaAngle(deg)=0.000508133
 Event#=4000  t[ns]=0.0244049  r[mm]=7.31634  deltaR[mum]=9.30136e-08  deltaEkin[MeV]=0  deltaAngle(deg)=0.00100071
 Event#=5000  t[ns]=0.0165778  r[mm]=4.96985  deltaR[mum]=2.91553e-08  deltaEkin[MeV]=0  deltaAngle(deg)=0.00067976
 Event#=6000  t[ns]=0.0470056  r[mm]=14.0918  deltaR[mum]=6.43483e-07  deltaEkin[MeV]=1.51806  deltaAngle(deg)=0.0019246
 Event#=7000  t[ns]=0.0181502  r[mm]=5.44124  deltaR[mum]=3.82601e-08  deltaEkin[MeV]=0  deltaAngle(deg)=0.000744235
 Event#=8000  t[ns]=0.0329084  r[mm]=9.86559  deltaR[mum]=2.53761e-07  deltaEkin[MeV]=0.493608  deltaAngle(deg)=0.0012419
 Event#=9000  t[ns]=0.00382726  r[mm]=1.14737  deltaR[mum]=3.58824e-10  deltaEkin[MeV]=0  deltaAngle(deg)=0.000156932
 Run terminated.
Run Summary
  Number of events processed : 10000
  User=0.140000s Real=0.154323s Sys=0.000000s


 ============ Run::printInfo() =============== 	 RunID = 17
 primary PDG code                     = -4122
 primary initial kinetic energy [GeV] = 500
 primary initial total energy [GeV]   = 502.286
 primary initial momentum [GeV]       = 502.281
 primary initial Lorentz beta         = 0.99999
 primary initial Lorentz gamma        = 219.679
 primary initial 3 momentum [GeV]     = (502.281,0,0)
 primary initial position [mm]        = (0,0,0)
 toleranceEPviolations [eV]           = 500
 toleranceDeltaDecayRadius [mum]      = 1
 isPreassignedDecayEnabled            = 1
 isBoostToLabEnabled                  = 1
 # Events               = 10000
 # Decays               = 9891
   (# Bad decays        = 0 )
   (# Unexpected decays = 0 )
 # E violations         = 0
 # P violations         = 0
 decay T [ns] : min=7.01235e-07	 mean=0.0428927	 max=0.419728
 decay R [mm] : min=0.000210223	 mean=12.8588	 max=125.83
 decay X [mm] : min=0.000210223	 mean=12.8588	 max=125.83
 decay Y [mm] : min=-0.00380533	 mean=0.000480695	 max=0.01968
 decay Z [mm] : min=-0.00255482	 mean=7.77315e-07	 max=0.0086199
 Delta decay R [mm] : min=-3.46945e-18	 mean=3.85376e-09	 max=5.31387e-07
 deflection angle [deg] : min=0	 mean=0.00180665	 max=0.0205546
 Delta Ekin [MeV] : min=0	 mean=2.74587	 max=3724.45
 decay Ekin [GeV] : min=496.276	 mean=499.997	 max=500
 decay Px [GeV]   : min=498.557	 mean=502.279	 max=502.281
 decay Py [GeV]   : min=-0.148676	 mean=0.0154009	 max=0.153669
 decay Pz [GeV]   : min=-0.119816	 mean=-3.8522e-05	 max=0.113513
 decay Etot violation [MeV] : min=-1.17752e-05	 mean=-8.51546e-07	 max=9.29332e-06
 decay Px violation [MeV]   : min=-1.17751e-05	 mean=-8.51534e-07	 max=9.29332e-06
 decay Py violation [MeV]   : min=-1.22368e-09	 mean=-4.37445e-11	 max=1.1369e-09
 decay Pz violation [MeV]   : min=-1.36114e-09	 mean=1.47319e-13	 max=6.47503e-10
 --- Consistency checks --- 
 maxEkin_deltaMax [eV]           = 0
 maxEtot_deltaMax [eV]           = 0
 maxP_deltaMax [eV]              = 0
 maxPdir_deltaMax                = 0
 maxMass_deltaMax{1,2,3} [eV]    = 0 , 2.09184e-05 , 0.0542641 (mean=0.0097499)
 maxBeta_deltaMax{1,2}           = 3.33067e-16 , 5.55112e-16
 maxGamma_deltaMax{1,2,3}        = 0 , 1.80526e-09 , 1.80526e-09
 maxT_proper_deltaMax [fs]       = 0
 maxT_lab_deltaMax [fs]          = 0
 maxMc_truth_rPos_deltaMax [mum] = 0 (mean=0)	 (# above threshold = 0)
 --- Extra checks --- 
 minUnderestimated_mc_truth_rPos_delta [mum] = -185.619 (mean=-0.11797)	 (#above threshold = 34)
 maxOverestimated_mc_truth_rPos_delta [mum]  = 23.7229 (mean=0.0420531)	 (#above threshold = 49)
 minUnderestimated_rDeltaPos [mum]           = -185.619 (mean=-0.117966)	 (#above threshold = 34)
 maxOverestimated_rDeltaPos [mum]            = 23.7234 (mean=0.042057)	 (#above threshold = 49)
 --- float  instead of  double --- 
 fMaxFloat_rDeltaPos_deltaMax [mum] = 0.0154332
 ============================================= 


========= Table of registered couples ============================

Index : 0     used in the geometry : Yes
 Material : G4_Galactic
 Range cuts        :  gamma  700 um     e-  700 um     e+  700 um  proton 700 um 
 Energy thresholds :  gamma  990 eV     e-  990 eV     e+  990 eV  proton 70 keV
 Region(s) which use this couple : 
    DefaultRegionForTheWorld

Index : 1     used in the geometry : Yes
 Material : G4_Si
 Range cuts        :  gamma  700 um     e-  700 um     e+  700 um  proton 700 um 
 Energy thresholds :  gamma  5.85415 keV    e-  423.338 keV    e+  409.013 keV proton 70 keV
 Region(s) which use this couple : 
    DefaultRegionForTheWorld

==================================================================

### Run 18 starts.
### Run 18 starts.
 Event#=0  t[ns]=0.159307  r[mm]=47.7584  deltaR[mum]=6.12265e-05  deltaEkin[MeV]=19.0806  deltaAngle(deg)=0.00797351
 Event#=1000  t[ns]=0.014668  r[mm]=4.3973  deltaR[mum]=2.01794e-08  deltaEkin[MeV]=0  deltaAngle(deg)=0.000601233
 Event#=2000  t[ns]=0.0517321  r[mm]=15.5087  deltaR[mum]=8.54934e-07  deltaEkin[MeV]=2.88039  deltaAngle(deg)=0.00239603
 Event#=3000  t[ns]=0.157453  r[mm]=47.2025  deltaR[mum]=2.44523e-05  deltaEkin[MeV]=7.65544  deltaAngle(deg)=0.00647818
 Event#=4000  t[ns]=0.115829  r[mm]=34.7241  deltaR[mum]=1.05257e-05  deltaEkin[MeV]=7.42265  deltaAngle(deg)=0.004992
 Event#=5000  t[ns]=0.132861  r[mm]=39.8301  deltaR[mum]=1.96002e-05  deltaEkin[MeV]=7.05187  deltaAngle(deg)=0.00597949
 Event#=6000  t[ns]=0.00537458  r[mm]=1.61124  deltaR[mum]=9.92761e-10  deltaEkin[MeV]=0  deltaAngle(deg)=0.000220299
 Event#=7000  t[ns]=0.373123  r[mm]=111.858  deltaR[mum]=0.000474166  deltaEkin[MeV]=7.775  deltaAngle(deg)=0.0124498
 Event#=8000  t[ns]=0.0238634  r[mm]=7.15399  deltaR[mum]=8.6894e-08  deltaEkin[MeV]=0  deltaAngle(deg)=0.00097815
 Event#=9000  t[ns]=0.0466121  r[mm]=13.9738  deltaR[mum]=6.31021e-07  deltaEkin[MeV]=1.77633  deltaAngle(deg)=0.00197723
 Run terminated.
Run Summary
  Number of events processed : 10000
  User=0.200000s Real=0.201139s Sys=0.000000s


 ============ Run::printInfo() =============== 	 RunID = 18
 primary PDG code                     = 4232
 primary initial kinetic energy [GeV] = 500
 primary initial total energy [GeV]   = 502.468
 primary initial momentum [GeV]       = 502.462
 primary initial Lorentz beta         = 0.999988
 primary initial Lorentz gamma        = 203.617
 primary initial 3 momentum [GeV]     = (502.462,0,0)
 primary initial position [mm]        = (0,0,0)
 toleranceEPviolations [eV]           = 500
 toleranceDeltaDecayRadius [mum]      = 1
 isPreassignedDecayEnabled            = 1
 isBoostToLabEnabled                  = 1
 # Events               = 10000
 # Decays               = 9842
   (# Bad decays        = 0 )
   (# Unexpected decays = 0 )
 # E violations         = 0
 # P violations         = 0
 decay T [ns] : min=7.7758e-06	 mean=0.0930222	 max=0.81739
 decay R [mm] : min=0.0023311	 mean=27.887	 max=245.044
 decay X [mm] : min=0.0023311	 mean=27.887	 max=245.044
 decay Y [mm] : min=-0.0710797	 mean=-0.00211119	 max=0.00776872
 decay Z [mm] : min=-0.0192819	 mean=-4.81197e-06	 max=0.0111854
 Delta decay R [mm] : min=0	 mean=3.45613e-08	 max=3.54674e-06
 deflection angle [deg] : min=8.53688e-07	 mean=0.00388126	 max=0.0333329
 Delta Ekin [MeV] : min=0	 mean=5.27531	 max=1437.97
 decay Ekin [GeV] : min=498.562	 mean=499.995	 max=500
 decay Px [GeV]   : min=501.024	 mean=502.456	 max=502.462
 decay Py [GeV]   : min=-0.292334	 mean=-0.033392	 max=0.165773
 decay Pz [GeV]   : min=-0.200479	 mean=-4.74332e-05	 max=0.12315
 decay Etot violation [MeV] : min=-1.43829e-05	 mean=-3.60544e-06	 max=5.40126e-06
 decay Px violation [MeV]   : min=-1.43829e-05	 mean=-3.60546e-06	 max=5.40132e-06
 decay Py violation [MeV]   : min=-2.21874e-09	 mean=2.96427e-10	 max=4.57266e-09
 decay Pz violation [MeV]   : min=-1.77612e-09	 mean=7.92114e-13	 max=2.463e-09
 --- Consistency checks --- 
 maxEkin_deltaMax [eV]           = 0
 maxEtot_deltaMax [eV]           = 0
 maxP_deltaMax [eV]              = 0
 maxPdir_deltaMax                = 0
 maxMass_deltaMax{1,2,3} [eV]    = 0 , 2.09184e-05 , 0.044095 (mean=0.0125309)
 maxBeta_deltaMax{1,2}           = 3.33067e-16 , 4.44089e-16
 maxGamma_deltaMax{1,2,3}        = 0 , 1.55853e-09 , 1.55853e-09
 maxT_proper_deltaMax [fs]       = 0
 maxT_lab_deltaMax [fs]          = 0
 maxMc_truth_rPos_deltaMax [mum] = 5.68434e-11 (mean=6.20815e-12)	 (# above threshold = 0)
 --- Extra checks --- 
 minUnderestimated_mc_truth_rPos_delta [mum] = -54.2429 (mean=-0.233702)	 (#above threshold = 97)
 maxOverestimated_mc_truth_rPos_delta [mum]  = 88.5496 (mean=0.250238)	 (#above threshold = 542)
 minUnderestimated_rDeltaPos [mum]           = -54.2419 (mean=-0.233667)	 (#above threshold = 97)
 maxOverestimated_rDeltaPos [mum]            = 88.552 (mean=0.250272)	 (#above threshold = 543)
 --- float  instead of  double --- 
 fMaxFloat_rDeltaPos_deltaMax [mum] = 0.0324038
 ============================================= 


========= Table of registered couples ============================

Index : 0     used in the geometry : Yes
 Material : G4_Galactic
 Range cuts        :  gamma  700 um     e-  700 um     e+  700 um  proton 700 um 
 Energy thresholds :  gamma  990 eV     e-  990 eV     e+  990 eV  proton 70 keV
 Region(s) which use this couple : 
    DefaultRegionForTheWorld

Index : 1     used in the geometry : Yes
 Material : G4_Si
 Range cuts        :  gamma  700 um     e-  700 um     e+  700 um  proton 700 um 
 Energy thresholds :  gamma  5.85415 keV    e-  423.338 keV    e+  409.013 keV proton 70 keV
 Region(s) which use this couple : 
    DefaultRegionForTheWorld

==================================================================

### Run 19 starts.
### Run 19 starts.
 Event#=0  t[ns]=0.178909  r[mm]=53.6348  deltaR[mum]=7.71264e-05  deltaEkin[MeV]=22.9782  deltaAngle(deg)=0.00849924
 Event#=1000  t[ns]=0.0339759  r[mm]=10.1856  deltaR[mum]=2.82407e-07  deltaEkin[MeV]=0.420569  deltaAngle(deg)=0.00148079
 Event#=2000  t[ns]=0.0599896  r[mm]=17.9842  deltaR[mum]=1.95847e-06  deltaEkin[MeV]=3.69842  deltaAngle(deg)=0.00237344
 Event#=3000  t[ns]=0.23673  r[mm]=70.9689  deltaR[mum]=8.55018e-05  deltaEkin[MeV]=13.1765  deltaAngle(deg)=0.00879545
 Event#=4000  t[ns]=0.0282375  r[mm]=8.4653  deltaR[mum]=1.43968e-07  deltaEkin[MeV]=0  deltaAngle(deg)=0.00115744
 Event#=5000  t[ns]=0.065469  r[mm]=19.6269  deltaR[mum]=1.38863e-06  deltaEkin[MeV]=3.48942  deltaAngle(deg)=0.00214987
 Event#=6000  t[ns]=0.0575434  r[mm]=17.2509  deltaR[mum]=1.46468e-06  deltaEkin[MeV]=3.58033  deltaAngle(deg)=0.00319327
 Event#=7000  t[ns]=0.235296  r[mm]=70.5392  deltaR[mum]=6.10518e-05  deltaEkin[MeV]=7.62221  deltaAngle(deg)=0.0090353
 Event#=8000  t[ns]=0.112381  r[mm]=33.6906  deltaR[mum]=1.00904e-05  deltaEkin[MeV]=6.56821  deltaAngle(deg)=0.00539024
 Event#=9000  t[ns]=0.0529506  r[mm]=15.874  deltaR[mum]=8.40066e-07  deltaEkin[MeV]=2.27949  deltaAngle(deg)=0.00160775
 Run terminated.
Run Summary
  Number of events processed : 10000
  User=0.220000s Real=0.214418s Sys=0.000000s


 ============ Run::printInfo() =============== 	 RunID = 19
 primary PDG code                     = -4232
 primary initial kinetic energy [GeV] = 500
 primary initial total energy [GeV]   = 502.468
 primary initial momentum [GeV]       = 502.462
 primary initial Lorentz beta         = 0.999988
 primary initial Lorentz gamma        = 203.617
 primary initial 3 momentum [GeV]     = (502.462,0,0)
 primary initial position [mm]        = (0,0,0)
 toleranceEPviolations [eV]           = 500
 toleranceDeltaDecayRadius [mum]      = 1
 isPreassignedDecayEnabled            = 1
 isBoostToLabEnabled                  = 1
 # Events               = 10000
 # Decays               = 9833
   (# Bad decays        = 0 )
   (# Unexpected decays = 0 )
 # E violations         = 0
 # P violations         = 0
 decay T [ns] : min=3.77908e-06	 mean=0.0914762	 max=0.676523
 decay R [mm] : min=0.00113293	 mean=27.4235	 max=202.814
 decay X [mm] : min=0.00113293	 mean=27.4235	 max=202.814
 decay Y [mm] : min=-0.00381864	 mean=0.00203324	 max=0.0485443
 decay Z [mm] : min=-0.0119878	 mean=-2.4764e-07	 max=0.00912696
 Delta decay R [mm] : min=-3.46945e-18	 mean=3.18652e-08	 max=2.91611e-06
 deflection angle [deg] : min=8.53688e-07	 mean=0.00380467	 max=0.0275576
 Delta Ekin [MeV] : min=0	 mean=5.28818	 max=797.272
 decay Ekin [GeV] : min=499.203	 mean=499.995	 max=500
 decay Px [GeV]   : min=501.664	 mean=502.456	 max=502.462
 decay Py [GeV]   : min=-0.0757524	 mean=0.0328807	 max=0.241382
 decay Pz [GeV]   : min=-0.160889	 mean=-3.9823e-05	 max=0.129584
 decay Etot violation [MeV] : min=-1.54112e-05	 mean=-3.58244e-06	 max=5.62123e-06
 decay Px violation [MeV]   : min=-1.54112e-05	 mean=-3.58246e-06	 max=5.62123e-06
 decay Py violation [MeV]   : min=-5.56753e-09	 mean=-2.89192e-10	 max=8.51784e-10
 decay Pz violation [MeV]   : min=-1.59159e-09	 mean=-7.27782e-15	 max=1.77714e-09
 --- Consistency checks --- 
 maxEkin_deltaMax [eV]           = 0
 maxEtot_deltaMax [eV]           = 0
 maxP_deltaMax [eV]              = 0
 maxPdir_deltaMax                = 0
 maxMass_deltaMax{1,2,3} [eV]    = 0 , 2.09184e-05 , 0.044095 (mean=0.0127067)
 maxBeta_deltaMax{1,2}           = 3.33067e-16 , 5.55112e-16
 maxGamma_deltaMax{1,2,3}        = 0 , 1.55916e-09 , 1.55916e-09
 maxT_proper_deltaMax [fs]       = 0
 maxT_lab_deltaMax [fs]          = 0
 maxMc_truth_rPos_deltaMax [mum] = 8.52651e-11 (mean=6.08042e-12)	 (# above threshold = 0)
 --- Extra checks --- 
 minUnderestimated_mc_truth_rPos_delta [mum] = -36.0114 (mean=-0.23653)	 (#above threshold = 95)
 maxOverestimated_mc_truth_rPos_delta [mum]  = 113.076 (mean=0.250362)	 (#above threshold = 502)
 minUnderestimated_rDeltaPos [mum]           = -36.0098 (mean=-0.236499)	 (#above threshold = 95)
 maxOverestimated_rDeltaPos [mum]            = 113.078 (mean=0.250394)	 (#above threshold = 502)
 --- float  instead of  double --- 
 fMaxFloat_rDeltaPos_deltaMax [mum] = 0.0324915
 ============================================= 


========= Table of registered couples ============================

Index : 0     used in the geometry : Yes
 Material : G4_Galactic
 Range cuts        :  gamma  700 um     e-  700 um     e+  700 um  proton 700 um 
 Energy thresholds :  gamma  990 eV     e-  990 eV     e+  990 eV  proton 70 keV
 Region(s) which use this couple : 
    DefaultRegionForTheWorld

Index : 1     used in the geometry : Yes
 Material : G4_Si
 Range cuts        :  gamma  700 um     e-  700 um     e+  700 um  proton 700 um 
 Energy thresholds :  gamma  5.85415 keV    e-  423.338 keV    e+  409.013 keV proton 70 keV
 Region(s) which use this couple : 
    DefaultRegionForTheWorld

==================================================================

### Run 20 starts.
### Run 20 starts.
 Event#=0  t[ns]=0.0660857  r[mm]=19.8118  deltaR[mum]=0  deltaEkin[MeV]=0  deltaAngle(deg)=0
 Event#=1000  t[ns]=0.00628269  r[mm]=1.88348  deltaR[mum]=0  deltaEkin[MeV]=0  deltaAngle(deg)=0
 Event#=2000  t[ns]=0.013007  r[mm]=3.89935  deltaR[mum]=0  deltaEkin[MeV]=0  deltaAngle(deg)=0
 Event#=3000  t[ns]=0.0035608  r[mm]=1.06749  deltaR[mum]=0  deltaEkin[MeV]=0  deltaAngle(deg)=0
 Event#=4000  t[ns]=0.0242972  r[mm]=7.28402  deltaR[mum]=-8.88178e-13  deltaEkin[MeV]=0  deltaAngle(deg)=0
 Event#=5000  t[ns]=0.0113838  r[mm]=3.41274  deltaR[mum]=-4.44089e-13  deltaEkin[MeV]=0  deltaAngle(deg)=0
 Event#=6000  t[ns]=0.0507944  r[mm]=15.2276  deltaR[mum]=0  deltaEkin[MeV]=0  deltaAngle(deg)=0
 Event#=7000  t[ns]=0.0256441  r[mm]=7.68781  deltaR[mum]=0  deltaEkin[MeV]=0  deltaAngle(deg)=0
 Event#=8000  t[ns]=0.0237666  r[mm]=7.12496  deltaR[mum]=-8.88178e-13  deltaEkin[MeV]=0  deltaAngle(deg)=0
 Event#=9000  t[ns]=0.00265572  r[mm]=0.796156  deltaR[mum]=0  deltaEkin[MeV]=0  deltaAngle(deg)=0
 Run terminated.
Run Summary
  Number of events processed : 10000
  User=0.070000s Real=0.069353s Sys=0.000000s


 ============ Run::printInfo() =============== 	 RunID = 20
 primary PDG code                     = 4132
 primary initial kinetic energy [GeV] = 500
 primary initial total energy [GeV]   = 502.47
 primary initial momentum [GeV]       = 502.464
 primary initial Lorentz beta         = 0.999988
 primary initial Lorentz gamma        = 203.393
 primary initial 3 momentum [GeV]     = (502.464,0,0)
 primary initial position [mm]        = (0,0,0)
 toleranceEPviolations [eV]           = 500
 toleranceDeltaDecayRadius [mum]      = 1
 isPreassignedDecayEnabled            = 1
 isBoostToLabEnabled                  = 1
 # Events               = 10000
 # Decays               = 9957
   (# Bad decays        = 0 )
   (# Unexpected decays = 0 )
 # E violations         = 0
 # P violations         = 0
 decay T [ns] : min=4.3793e-07	 mean=0.0299645	 max=0.272657
 decay R [mm] : min=0.000131287	 mean=8.98303	 max=81.7395
 decay X [mm] : min=0.000131287	 mean=8.98303	 max=81.7395
 decay Y [mm] : min=-0.00294807	 mean=-3.11207e-08	 max=0.00420614
 decay Z [mm] : min=-0.00463242	 mean=1.49566e-06	 max=0.00621412
 Delta decay R [mm] : min=-1.42109e-14	 mean=2.35415e-10	 max=5.00902e-07
 deflection angle [deg] : min=0	 mean=1.94328e-05	 max=0.0187212
 Delta Ekin [MeV] : min=0	 mean=0.000309959	 max=0.517403
 decay Ekin [GeV] : min=499.999	 mean=500	 max=500
 decay Px [GeV]   : min=502.464	 mean=502.464	 max=502.464
 decay Py [GeV]   : min=-0.0972592	 mean=3.64147e-06	 max=0.125729
 decay Pz [GeV]   : min=-0.106998	 mean=5.07188e-05	 max=0.152066
 decay Etot violation [MeV] : min=-1.26171e-06	 mean=1.79471e-06	 max=1.00918e-05
 decay Px violation [MeV]   : min=-1.26177e-06	 mean=1.79476e-06	 max=1.00918e-05
 decay Py violation [MeV]   : min=-8.27413e-10	 mean=3.47566e-15	 max=8.79055e-10
 decay Pz violation [MeV]   : min=-8.31278e-10	 mean=3.0237e-13	 max=1.16074e-09
 --- Consistency checks --- 
 maxEkin_deltaMax [eV]           = 0
 maxEtot_deltaMax [eV]           = 0
 maxP_deltaMax [eV]              = 0
 maxPdir_deltaMax                = 0
 maxMass_deltaMax{1,2,3} [eV]    = 0 , 2.27374e-06 , 0.0204764 (mean=0.00812482)
 maxBeta_deltaMax{1,2}           = 1.11022e-16 , 2.22045e-16
 maxGamma_deltaMax{1,2,3}        = 0 , 9.78019e-10 , 9.78019e-10
 maxT_proper_deltaMax [fs]       = 0
 maxT_lab_deltaMax [fs]          = 0
 maxMc_truth_rPos_deltaMax [mum] = 2.84217e-11 (mean=9.86357e-13)	 (# above threshold = 0)
 --- Extra checks --- 
 minUnderestimated_mc_truth_rPos_delta [mum] = -0.0210636 (mean=-1.06508e-05)	 (#above threshold = 0)
 maxOverestimated_mc_truth_rPos_delta [mum]  = 0.0178165 (mean=9.48817e-06)	 (#above threshold = 0)
 minUnderestimated_rDeltaPos [mum]           = -0.0205626 (mean=-1.04154e-05)	 (#above threshold = 0)
 maxOverestimated_rDeltaPos [mum]            = 0.0183174 (mean=9.72358e-06)	 (#above threshold = 0)
 --- float  instead of  double --- 
 fMaxFloat_rDeltaPos_deltaMax [mum] = 0.00762939
 ============================================= 


========= Table of registered couples ============================

Index : 0     used in the geometry : Yes
 Material : G4_Galactic
 Range cuts        :  gamma  700 um     e-  700 um     e+  700 um  proton 700 um 
 Energy thresholds :  gamma  990 eV     e-  990 eV     e+  990 eV  proton 70 keV
 Region(s) which use this couple : 
    DefaultRegionForTheWorld

Index : 1     used in the geometry : Yes
 Material : G4_Si
 Range cuts        :  gamma  700 um     e-  700 um     e+  700 um  proton 700 um 
 Energy thresholds :  gamma  5.85415 keV    e-  423.338 keV    e+  409.013 keV proton 70 keV
 Region(s) which use this couple : 
    DefaultRegionForTheWorld

==================================================================

### Run 21 starts.
### Run 21 starts.
 Event#=0  t[ns]=0.00422562  r[mm]=1.26679  deltaR[mum]=0  deltaEkin[MeV]=0  deltaAngle(deg)=0
 Event#=1000  t[ns]=0.023338  r[mm]=6.99647  deltaR[mum]=-8.88178e-13  deltaEkin[MeV]=0  deltaAngle(deg)=0
 Event#=2000  t[ns]=0.0295326  r[mm]=8.85355  deltaR[mum]=0  deltaEkin[MeV]=0  deltaAngle(deg)=0
 Event#=3000  t[ns]=0.0521193  r[mm]=15.6248  deltaR[mum]=1.77636e-12  deltaEkin[MeV]=0  deltaAngle(deg)=0
 Event#=4000  t[ns]=0.0198169  r[mm]=5.94088  deltaR[mum]=0  deltaEkin[MeV]=0  deltaAngle(deg)=0
 Event#=5000  t[ns]=0.0181103  r[mm]=5.42927  deltaR[mum]=0  deltaEkin[MeV]=0  deltaAngle(deg)=0
 Event#=6000  t[ns]=0.0557882  r[mm]=16.7247  deltaR[mum]=-3.55271e-12  deltaEkin[MeV]=0  deltaAngle(deg)=0
 Event#=7000  t[ns]=0.0265925  r[mm]=7.97213  deltaR[mum]=-8.88178e-13  deltaEkin[MeV]=0  deltaAngle(deg)=0
 Event#=8000  t[ns]=0.0777753  r[mm]=23.3162  deltaR[mum]=-7.10543e-12  deltaEkin[MeV]=0  deltaAngle(deg)=0
 Event#=9000  t[ns]=0.0762276  r[mm]=22.8522  deltaR[mum]=-7.10543e-12  deltaEkin[MeV]=0  deltaAngle(deg)=0
 Run terminated.
Run Summary
  Number of events processed : 10000
  User=0.070000s Real=0.076248s Sys=0.000000s


 ============ Run::printInfo() =============== 	 RunID = 21
 primary PDG code                     = -4132
 primary initial kinetic energy [GeV] = 500
 primary initial total energy [GeV]   = 502.47
 primary initial momentum [GeV]       = 502.464
 primary initial Lorentz beta         = 0.999988
 primary initial Lorentz gamma        = 203.393
 primary initial 3 momentum [GeV]     = (502.464,0,0)
 primary initial position [mm]        = (0,0,0)
 toleranceEPviolations [eV]           = 500
 toleranceDeltaDecayRadius [mum]      = 1
 isPreassignedDecayEnabled            = 1
 isBoostToLabEnabled                  = 1
 # Events               = 10000
 # Decays               = 9950
   (# Bad decays        = 0 )
   (# Unexpected decays = 0 )
 # E violations         = 0
 # P violations         = 0
 decay T [ns] : min=2.32066e-06	 mean=0.0306744	 max=0.302477
 decay R [mm] : min=0.000695709	 mean=9.19584	 max=90.6791
 decay X [mm] : min=0.000695709	 mean=9.19584	 max=90.6791
 decay Y [mm] : min=-0.00221563	 mean=5.81735e-07	 max=0.00344394
 decay Z [mm] : min=-0.00851586	 mean=-7.83344e-07	 max=0.00213917
 Delta decay R [mm] : min=-2.84217e-14	 mean=2.49778e-10	 max=1.28436e-06
 deflection angle [deg] : min=0	 mean=2.1218e-05	 max=0.028723
 Delta Ekin [MeV] : min=0	 mean=0.00048056	 max=1.21793
 decay Ekin [GeV] : min=499.999	 mean=500	 max=500
 decay Px [GeV]   : min=502.463	 mean=502.464	 max=502.464
 decay Py [GeV]   : min=-0.126741	 mean=4.25592e-05	 max=0.1488
 decay Pz [GeV]   : min=-0.233541	 mean=-6.85168e-05	 max=0.0779619
 decay Etot violation [MeV] : min=-1.7602e-07	 mean=1.84462e-06	 max=1.03357e-05
 decay Px violation [MeV]   : min=-1.75962e-07	 mean=1.84467e-06	 max=1.03359e-05
 decay Py violation [MeV]   : min=-1.25276e-09	 mean=4.40698e-13	 max=2.23966e-09
 decay Pz violation [MeV]   : min=-1.36808e-09	 mean=-4.19872e-13	 max=3.95765e-10
 --- Consistency checks --- 
 maxEkin_deltaMax [eV]           = 0
 maxEtot_deltaMax [eV]           = 0
 maxP_deltaMax [eV]              = 0
 maxPdir_deltaMax                = 0
 maxMass_deltaMax{1,2,3} [eV]    = 0 , 2.27374e-06 , 0.0266532 (mean=0.00812244)
 maxBeta_deltaMax{1,2}           = 1.11022e-16 , 2.22045e-16
 maxGamma_deltaMax{1,2,3}        = 0 , 9.03697e-10 , 9.03697e-10
 maxT_proper_deltaMax [fs]       = 0
 maxT_lab_deltaMax [fs]          = 0
 maxMc_truth_rPos_deltaMax [mum] = 2.84217e-11 (mean=9.96733e-13)	 (# above threshold = 0)
 --- Extra checks --- 
 minUnderestimated_mc_truth_rPos_delta [mum] = -0.0559063 (mean=-1.61785e-05)	 (#above threshold = 0)
 maxOverestimated_mc_truth_rPos_delta [mum]  = 0.0444101 (mean=8.12721e-06)	 (#above threshold = 0)
 minUnderestimated_rDeltaPos [mum]           = -0.0546219 (mean=-1.59287e-05)	 (#above threshold = 0)
 maxOverestimated_rDeltaPos [mum]            = 0.0456944 (mean=8.37699e-06)	 (#above threshold = 0)
 --- float  instead of  double --- 
 fMaxFloat_rDeltaPos_deltaMax [mum] = 0.0152588
 ============================================= 


========= Table of registered couples ============================

Index : 0     used in the geometry : Yes
 Material : G4_Galactic
 Range cuts        :  gamma  700 um     e-  700 um     e+  700 um  proton 700 um 
 Energy thresholds :  gamma  990 eV     e-  990 eV     e+  990 eV  proton 70 keV
 Region(s) which use this couple : 
    DefaultRegionForTheWorld

Index : 1     used in the geometry : Yes
 Material : G4_Si
 Range cuts        :  gamma  700 um     e-  700 um     e+  700 um  proton 700 um 
 Energy thresholds :  gamma  5.85415 keV    e-  423.338 keV    e+  409.013 keV proton 70 keV
 Region(s) which use this couple : 
    DefaultRegionForTheWorld

==================================================================

### Run 22 starts.
### Run 22 starts.
 Event#=0  t[ns]=0.0140318  r[mm]=4.20656  deltaR[mum]=0  deltaEkin[MeV]=0  deltaAngle(deg)=0
 Event#=1000  t[ns]=0.0402488  r[mm]=12.0661  deltaR[mum]=-1.77636e-12  deltaEkin[MeV]=0  deltaAngle(deg)=0
 Event#=2000  t[ns]=0.0950748  r[mm]=28.5023  deltaR[mum]=-3.55271e-12  deltaEkin[MeV]=0  deltaAngle(deg)=0
 Event#=3000  t[ns]=0.0913711  r[mm]=27.392  deltaR[mum]=-3.55271e-12  deltaEkin[MeV]=0  deltaAngle(deg)=0
 Event#=4000  t[ns]=0.0407852  r[mm]=12.2269  deltaR[mum]=-1.77636e-12  deltaEkin[MeV]=0  deltaAngle(deg)=0
 Event#=5000  t[ns]=0.214312  r[mm]=64.2482  deltaR[mum]=0  deltaEkin[MeV]=0  deltaAngle(deg)=0
 Event#=6000  t[ns]=0.0766213  r[mm]=22.9702  deltaR[mum]=0  deltaEkin[MeV]=0  deltaAngle(deg)=0
 Event#=7000  t[ns]=0.220223  r[mm]=66.0203  deltaR[mum]=0  deltaEkin[MeV]=0  deltaAngle(deg)=0
 Event#=8000  t[ns]=0.0122598  r[mm]=3.67535  deltaR[mum]=0  deltaEkin[MeV]=0  deltaAngle(deg)=0
 Event#=9000  t[ns]=0.0219209  r[mm]=6.57162  deltaR[mum]=0  deltaEkin[MeV]=0  deltaAngle(deg)=0
 Run terminated.
Run Summary
  Number of events processed : 10000
  User=0.100000s Real=0.101471s Sys=0.000000s


 ============ Run::printInfo() =============== 	 RunID = 22
 primary PDG code                     = 4332
 primary initial kinetic energy [GeV] = 500
 primary initial total energy [GeV]   = 502.695
 primary initial momentum [GeV]       = 502.688
 primary initial Lorentz beta         = 0.999986
 primary initial Lorentz gamma        = 186.508
 primary initial 3 momentum [GeV]     = (502.688,0,0)
 primary initial position [mm]        = (0,0,0)
 toleranceEPviolations [eV]           = 500
 toleranceDeltaDecayRadius [mum]      = 1
 isPreassignedDecayEnabled            = 1
 isBoostToLabEnabled                  = 1
 # Events               = 10000
 # Decays               = 9900
   (# Bad decays        = 0 )
   (# Unexpected decays = 0 )
 # E violations         = 0
 # P violations         = 0
 decay T [ns] : min=9.58218e-07	 mean=0.0509049	 max=0.489445
 decay R [mm] : min=0.000287262	 mean=15.2607	 max=146.73
 decay X [mm] : min=0.000287262	 mean=15.2607	 max=146.73
 decay Y [mm] : min=-0.00421962	 mean=-1.00936e-06	 max=0.00843844
 decay Z [mm] : min=-0.00409776	 mean=-1.33019e-06	 max=0.0040466
 Delta decay R [mm] : min=-1.42109e-14	 mean=2.81417e-10	 max=2.84514e-07
 deflection angle [deg] : min=0	 mean=3.0542e-05	 max=0.0170249
 Delta Ekin [MeV] : min=0	 mean=0.000507135	 max=0.520001
 decay Ekin [GeV] : min=499.999	 mean=500	 max=500
 decay Px [GeV]   : min=502.688	 mean=502.688	 max=502.688
 decay Py [GeV]   : min=-0.135213	 mean=-4.73451e-05	 max=0.0779549
 decay Pz [GeV]   : min=-0.127609	 mean=-2.48519e-05	 max=0.0983095
 decay Etot violation [MeV] : min=-3.81999e-06	 mean=6.52942e-07	 max=6.68335e-06
 decay Px violation [MeV]   : min=-3.82011e-06	 mean=6.52977e-07	 max=6.68323e-06
 decay Py violation [MeV]   : min=-1.78474e-09	 mean=-4.37508e-13	 max=3.74627e-10
 decay Pz violation [MeV]   : min=-7.42709e-10	 mean=1.48088e-13	 max=1.02196e-09
 --- Consistency checks --- 
 maxEkin_deltaMax [eV]           = 0
 maxEtot_deltaMax [eV]           = 0
 maxP_deltaMax [eV]              = 0
 maxPdir_deltaMax                = 0
 maxMass_deltaMax{1,2,3} [eV]    = 0 , 1.18234e-05 , 0.0289861 (mean=0.000710616)
 maxBeta_deltaMax{1,2}           = 1.11022e-16 , 3.33067e-16
 maxGamma_deltaMax{1,2,3}        = 0 , 1.0572e-09 , 1.0572e-09
 maxT_proper_deltaMax [fs]       = 0
 maxT_lab_deltaMax [fs]          = 0
 maxMc_truth_rPos_deltaMax [mum] = 4.26326e-11 (mean=3.40602e-12)	 (# above threshold = 0)
 --- Extra checks --- 
 minUnderestimated_mc_truth_rPos_delta [mum] = -0.0190056 (mean=-1.81221e-05)	 (#above threshold = 0)
 maxOverestimated_mc_truth_rPos_delta [mum]  = 0.0276087 (mean=1.32923e-05)	 (#above threshold = 0)
 minUnderestimated_rDeltaPos [mum]           = -0.0188413 (mean=-1.78406e-05)	 (#above threshold = 0)
 maxOverestimated_rDeltaPos [mum]            = 0.027773 (mean=1.35737e-05)	 (#above threshold = 0)
 --- float  instead of  double --- 
 fMaxFloat_rDeltaPos_deltaMax [mum] = 0.0152588
 ============================================= 


========= Table of registered couples ============================

Index : 0     used in the geometry : Yes
 Material : G4_Galactic
 Range cuts        :  gamma  700 um     e-  700 um     e+  700 um  proton 700 um 
 Energy thresholds :  gamma  990 eV     e-  990 eV     e+  990 eV  proton 70 keV
 Region(s) which use this couple : 
    DefaultRegionForTheWorld

Index : 1     used in the geometry : Yes
 Material : G4_Si
 Range cuts        :  gamma  700 um     e-  700 um     e+  700 um  proton 700 um 
 Energy thresholds :  gamma  5.85415 keV    e-  423.338 keV    e+  409.013 keV proton 70 keV
 Region(s) which use this couple : 
    DefaultRegionForTheWorld

==================================================================

### Run 23 starts.
### Run 23 starts.
 Event#=0  t[ns]=0.0145203  r[mm]=4.35301  deltaR[mum]=0  deltaEkin[MeV]=0  deltaAngle(deg)=0
 Event#=1000  t[ns]=0.0569953  r[mm]=17.0865  deltaR[mum]=0  deltaEkin[MeV]=0  deltaAngle(deg)=0
 Event#=2000  t[ns]=0.0478735  r[mm]=14.3519  deltaR[mum]=0  deltaEkin[MeV]=0  deltaAngle(deg)=0
 Event#=3000  t[ns]=0.0130038  r[mm]=3.89839  deltaR[mum]=-4.44089e-13  deltaEkin[MeV]=0  deltaAngle(deg)=0
 Event#=4000  t[ns]=0.0406006  r[mm]=12.1716  deltaR[mum]=0  deltaEkin[MeV]=0  deltaAngle(deg)=0
 Event#=5000  t[ns]=0.0422889  r[mm]=12.6777  deltaR[mum]=0  deltaEkin[MeV]=0  deltaAngle(deg)=0
 Event#=6000  t[ns]=0.0111336  r[mm]=3.33773  deltaR[mum]=-4.44089e-13  deltaEkin[MeV]=0  deltaAngle(deg)=0
 Event#=7000  t[ns]=0.127474  r[mm]=38.2152  deltaR[mum]=0  deltaEkin[MeV]=0  deltaAngle(deg)=0
 Event#=8000  t[ns]=0.00699136  r[mm]=2.09593  deltaR[mum]=0  deltaEkin[MeV]=0  deltaAngle(deg)=0
 Event#=9000  t[ns]=0.129927  r[mm]=38.9506  deltaR[mum]=0  deltaEkin[MeV]=0  deltaAngle(deg)=0
 Run terminated.
Run Summary
  Number of events processed : 10000
  User=0.100000s Real=0.098368s Sys=0.000000s


 ============ Run::printInfo() =============== 	 RunID = 23
 primary PDG code                     = -4332
 primary initial kinetic energy [GeV] = 500
 primary initial total energy [GeV]   = 502.695
 primary initial momentum [GeV]       = 502.688
 primary initial Lorentz beta         = 0.999986
 primary initial Lorentz gamma        = 186.515
 primary initial 3 momentum [GeV]     = (502.688,0,0)
 primary initial position [mm]        = (0,0,0)
 toleranceEPviolations [eV]           = 500
 toleranceDeltaDecayRadius [mum]      = 1
 isPreassignedDecayEnabled            = 1
 isBoostToLabEnabled                  = 1
 # Events               = 10000
 # Decays               = 9903
   (# Bad decays        = 0 )
   (# Unexpected decays = 0 )
 # E violations         = 0
 # P violations         = 0
 decay T [ns] : min=3.74779e-06	 mean=0.0483706	 max=0.483657
 decay R [mm] : min=0.00112354	 mean=14.5009	 max=144.995
 decay X [mm] : min=0.00112354	 mean=14.5009	 max=144.995
 decay Y [mm] : min=-0.00342787	 mean=-1.16297e-06	 max=0.00603195
 decay Z [mm] : min=-0.00535609	 mean=5.81496e-07	 max=0.00610411
 Delta decay R [mm] : min=-2.84217e-14	 mean=3.91542e-10	 max=1.38731e-06
 deflection angle [deg] : min=0	 mean=3.46772e-05	 max=0.043439
 Delta Ekin [MeV] : min=0	 mean=0.000755362	 max=2.78809
 decay Ekin [GeV] : min=499.997	 mean=500	 max=500
 decay Px [GeV]   : min=502.685	 mean=502.688	 max=502.688
 decay Py [GeV]   : min=-0.227707	 mean=-4.62453e-05	 max=0.104171
 decay Pz [GeV]   : min=-0.11345	 mean=5.15592e-05	 max=0.305657
 decay Etot violation [MeV] : min=-4.87856e-06	 mean=-4.1726e-07	 max=3.96051e-06
 decay Px violation [MeV]   : min=-4.87862e-06	 mean=-4.17274e-07	 max=3.96051e-06
 decay Py violation [MeV]   : min=-7.35454e-10	 mean=1.139e-14	 max=5.11619e-10
 decay Pz violation [MeV]   : min=-8.6419e-10	 mean=-1.99788e-13	 max=3.65397e-10
 --- Consistency checks --- 
 maxEkin_deltaMax [eV]           = 0
 maxEtot_deltaMax [eV]           = 0
 maxP_deltaMax [eV]              = 0
 maxPdir_deltaMax                = 0
 maxMass_deltaMax{1,2,3} [eV]    = 0 , 1.18234e-05 , 0.0210603 (mean=0.00160782)
 maxBeta_deltaMax{1,2}           = 1.11022e-16 , 3.33067e-16
 maxGamma_deltaMax{1,2,3}        = 0 , 8.9085e-10 , 8.9085e-10
 maxT_proper_deltaMax [fs]       = 0
 maxT_lab_deltaMax [fs]          = 0
 maxMc_truth_rPos_deltaMax [mum] = 0 (mean=0)	 (# above threshold = 0)
 --- Extra checks --- 
 minUnderestimated_mc_truth_rPos_delta [mum] = -0.109163 (mean=-2.44051e-05)	 (#above threshold = 0)
 maxOverestimated_mc_truth_rPos_delta [mum]  = 0.0354291 (mean=1.49975e-05)	 (#above threshold = 0)
 minUnderestimated_rDeltaPos [mum]           = -0.107775 (mean=-2.40136e-05)	 (#above threshold = 0)
 maxOverestimated_rDeltaPos [mum]            = 0.0368164 (mean=1.5389e-05)	 (#above threshold = 0)
 --- float  instead of  double --- 
 fMaxFloat_rDeltaPos_deltaMax [mum] = 0.00762939
 ============================================= 


========= Table of registered couples ============================

Index : 0     used in the geometry : Yes
 Material : G4_Galactic
 Range cuts        :  gamma  700 um     e-  700 um     e+  700 um  proton 700 um 
 Energy thresholds :  gamma  990 eV     e-  990 eV     e+  990 eV  proton 70 keV
 Region(s) which use this couple : 
    DefaultRegionForTheWorld

Index : 1     used in the geometry : Yes
 Material : G4_Si
 Range cuts        :  gamma  700 um     e-  700 um     e+  700 um  proton 700 um 
 Energy thresholds :  gamma  5.85415 keV    e-  423.338 keV    e+  409.013 keV proton 70 keV
 Region(s) which use this couple : 
    DefaultRegionForTheWorld

==================================================================

### Run 24 starts.
### Run 24 starts.
 Event#=0  t[ns]=0.0153596  r[mm]=4.60441  deltaR[mum]=0  deltaEkin[MeV]=0  deltaAngle(deg)=0
 Event#=1000  t[ns]=0.179188  r[mm]=53.716  deltaR[mum]=0  deltaEkin[MeV]=0  deltaAngle(deg)=0
 Event#=2000  t[ns]=0.0676273  r[mm]=20.2729  deltaR[mum]=0  deltaEkin[MeV]=0  deltaAngle(deg)=0
 Event#=3000  t[ns]=0.0216244  r[mm]=6.48244  deltaR[mum]=8.88178e-13  deltaEkin[MeV]=0  deltaAngle(deg)=0
 Event#=4000  t[ns]=0.0646234  r[mm]=19.3724  deltaR[mum]=0  deltaEkin[MeV]=0  deltaAngle(deg)=0
 Event#=5000  t[ns]=0.0431891  r[mm]=12.947  deltaR[mum]=0  deltaEkin[MeV]=0  deltaAngle(deg)=0
 Event#=6000  t[ns]=0.266274  r[mm]=79.8221  deltaR[mum]=1.42109e-11  deltaEkin[MeV]=0  deltaAngle(deg)=0
 Event#=7000  t[ns]=0.243314  r[mm]=72.9392  deltaR[mum]=0  deltaEkin[MeV]=0  deltaAngle(deg)=0
 Event#=8000  t[ns]=0.0773619  r[mm]=23.1911  deltaR[mum]=-3.55271e-12  deltaEkin[MeV]=0  deltaAngle(deg)=0
 Event#=9000  t[ns]=0.151227  r[mm]=45.3339  deltaR[mum]=0  deltaEkin[MeV]=0  deltaAngle(deg)=0
 Run terminated.
Run Summary
  Number of events processed : 10000
  User=0.170000s Real=0.167786s Sys=0.000000s


 ============ Run::printInfo() =============== 	 RunID = 24
 primary PDG code                     = 5122
 primary initial kinetic energy [GeV] = 500
 primary initial total energy [GeV]   = 505.62
 primary initial momentum [GeV]       = 505.588
 primary initial Lorentz beta         = 0.999938
 primary initial Lorentz gamma        = 89.9746
 primary initial 3 momentum [GeV]     = (505.588,0,0)
 primary initial position [mm]        = (0,0,0)
 toleranceEPviolations [eV]           = 500
 toleranceDeltaDecayRadius [mum]      = 1
 isPreassignedDecayEnabled            = 1
 isBoostToLabEnabled                  = 1
 # Events               = 10000
 # Decays               = 9770
   (# Bad decays        = 0 )
   (# Unexpected decays = 0 )
 # E violations         = 0
 # P violations         = 0
 decay T [ns] : min=3.11389e-06	 mean=0.131295	 max=1.09634
 decay R [mm] : min=0.000933464	 mean=39.3588	 max=328.656
 decay X [mm] : min=0.000933464	 mean=39.3588	 max=328.656
 decay Y [mm] : min=-0.0195195	 mean=1.31932e-06	 max=0.038621
 decay Z [mm] : min=-0.0339931	 mean=-3.53388e-06	 max=0.0195293
 Delta decay R [mm] : min=-5.68434e-14	 mean=1.33553e-09	 max=2.34565e-06
 deflection angle [deg] : min=0	 mean=8.29675e-05	 max=0.0498966
 Delta Ekin [MeV] : min=0	 mean=0.00168163	 max=3.72122
 decay Ekin [GeV] : min=499.996	 mean=500	 max=500
 decay Px [GeV]   : min=505.584	 mean=505.588	 max=505.588
 decay Py [GeV]   : min=-0.143622	 mean=-2.20248e-05	 max=0.438282
 decay Pz [GeV]   : min=-0.143634	 mean=1.21595e-05	 max=0.183431
 decay Etot violation [MeV] : min=-1.63395e-06	 mean=-3.73423e-07	 max=9.43604e-07
 decay Px violation [MeV]   : min=-1.63377e-06	 mean=-3.73324e-07	 max=9.43546e-07
 decay Py violation [MeV]   : min=-6.83258e-10	 mean=2.58607e-14	 max=2.37307e-10
 decay Pz violation [MeV]   : min=-3.25031e-10	 mean=2.23455e-14	 max=1.71326e-10
 --- Consistency checks --- 
 maxEkin_deltaMax [eV]           = 0
 maxEtot_deltaMax [eV]           = 0
 maxP_deltaMax [eV]              = 0
 maxPdir_deltaMax                = 0
 maxMass_deltaMax{1,2,3} [eV]    = 0 , 1.63709e-05 , 0.016631 (mean=0.00306569)
 maxBeta_deltaMax{1,2}           = 1.11022e-16 , 3.33067e-16
 maxGamma_deltaMax{1,2,3}        = 0 , 1.15463e-10 , 1.15463e-10
 maxT_proper_deltaMax [fs]       = 0
 maxT_lab_deltaMax [fs]          = 0
 maxMc_truth_rPos_deltaMax [mum] = 0 (mean=0)	 (# above threshold = 0)
 --- Extra checks --- 
 minUnderestimated_mc_truth_rPos_delta [mum] = -0.153838 (mean=-5.92601e-05)	 (#above threshold = 0)
 maxOverestimated_mc_truth_rPos_delta [mum]  = 0.0834741 (mean=8.79879e-05)	 (#above threshold = 0)
 minUnderestimated_rDeltaPos [mum]           = -0.151493 (mean=-5.79246e-05)	 (#above threshold = 0)
 maxOverestimated_rDeltaPos [mum]            = 0.0837084 (mean=8.93234e-05)	 (#above threshold = 0)
 --- float  instead of  double --- 
 fMaxFloat_rDeltaPos_deltaMax [mum] = 0.0610352
 ============================================= 


========= Table of registered couples ============================

Index : 0     used in the geometry : Yes
 Material : G4_Galactic
 Range cuts        :  gamma  700 um     e-  700 um     e+  700 um  proton 700 um 
 Energy thresholds :  gamma  990 eV     e-  990 eV     e+  990 eV  proton 70 keV
 Region(s) which use this couple : 
    DefaultRegionForTheWorld

Index : 1     used in the geometry : Yes
 Material : G4_Si
 Range cuts        :  gamma  700 um     e-  700 um     e+  700 um  proton 700 um 
 Energy thresholds :  gamma  5.85415 keV    e-  423.338 keV    e+  409.013 keV proton 70 keV
 Region(s) which use this couple : 
    DefaultRegionForTheWorld

==================================================================

### Run 25 starts.
### Run 25 starts.
 Event#=0  t[ns]=0.0220235  r[mm]=6.60208  deltaR[mum]=0  deltaEkin[MeV]=0  deltaAngle(deg)=0
 Event#=1000  t[ns]=0.00856761  r[mm]=2.56835  deltaR[mum]=0  deltaEkin[MeV]=0  deltaAngle(deg)=0
 Event#=2000  t[ns]=0.132804  r[mm]=39.8113  deltaR[mum]=0  deltaEkin[MeV]=0  deltaAngle(deg)=0
 Event#=3000  t[ns]=0.075737  r[mm]=22.704  deltaR[mum]=0  deltaEkin[MeV]=0  deltaAngle(deg)=0
 Event#=4000  t[ns]=0.439568  r[mm]=131.771  deltaR[mum]=2.84217e-11  deltaEkin[MeV]=0  deltaAngle(deg)=0
 Event#=5000  t[ns]=0.0064861  r[mm]=1.94436  deltaR[mum]=0  deltaEkin[MeV]=0  deltaAngle(deg)=0
 Event#=6000  t[ns]=0.111246  r[mm]=33.3486  deltaR[mum]=0  deltaEkin[MeV]=0  deltaAngle(deg)=0
 Event#=7000  t[ns]=0.403292  r[mm]=120.897  deltaR[mum]=-1.42109e-11  deltaEkin[MeV]=0  deltaAngle(deg)=0
 Event#=8000  t[ns]=0.0840612  r[mm]=25.1994  deltaR[mum]=0  deltaEkin[MeV]=0  deltaAngle(deg)=0
 Event#=9000  t[ns]=0.25249  r[mm]=75.69  deltaR[mum]=0  deltaEkin[MeV]=0  deltaAngle(deg)=0
 Run terminated.
Run Summary
  Number of events processed : 10000
  User=0.170000s Real=0.166573s Sys=0.000000s


 ============ Run::printInfo() =============== 	 RunID = 25
 primary PDG code                     = -5122
 primary initial kinetic energy [GeV] = 500
 primary initial total energy [GeV]   = 505.62
 primary initial momentum [GeV]       = 505.588
 primary initial Lorentz beta         = 0.999938
 primary initial Lorentz gamma        = 89.9746
 primary initial 3 momentum [GeV]     = (505.588,0,0)
 primary initial position [mm]        = (0,0,0)
 toleranceEPviolations [eV]           = 500
 toleranceDeltaDecayRadius [mum]      = 1
 isPreassignedDecayEnabled            = 1
 isBoostToLabEnabled                  = 1
 # Events               = 10000
 # Decays               = 9775
   (# Bad decays        = 0 )
   (# Unexpected decays = 0 )
 # E violations         = 0
 # P violations         = 0
 decay T [ns] : min=3.16342e-05	 mean=0.129843	 max=1.24241
 decay R [mm] : min=0.00948312	 mean=38.9236	 max=372.442
 decay X [mm] : min=0.00948312	 mean=38.9236	 max=372.442
 decay Y [mm] : min=-0.0178951	 mean=3.80449e-06	 max=0.0396414
 decay Z [mm] : min=-0.0199202	 mean=-6.86991e-06	 max=0.0138953
 Delta decay R [mm] : min=-5.68434e-14	 mean=1.25714e-09	 max=9.44061e-07
 deflection angle [deg] : min=0	 mean=6.919e-05	 max=0.0280093
 Delta Ekin [MeV] : min=0	 mean=0.0013038	 max=1.1726
 decay Ekin [GeV] : min=499.999	 mean=500	 max=500
 decay Px [GeV]   : min=505.587	 mean=505.588	 max=505.588
 decay Py [GeV]   : min=-0.169829	 mean=7.54545e-06	 max=0.154914
 decay Pz [GeV]   : min=-0.192617	 mean=-0.000114095	 max=0.188869
 decay Etot violation [MeV] : min=-1.58139e-06	 mean=-3.74406e-07	 max=1.06514e-06
 decay Px violation [MeV]   : min=-1.58139e-06	 mean=-3.74308e-07	 max=1.06526e-06
 decay Py violation [MeV]   : min=-4.09102e-10	 mean=-7.90348e-14	 max=1.275e-10
 decay Pz violation [MeV]   : min=-1.9817e-10	 mean=7.75513e-14	 max=5.08152e-10
 --- Consistency checks --- 
 maxEkin_deltaMax [eV]           = 0
 maxEtot_deltaMax [eV]           = 0
 maxP_deltaMax [eV]              = 0
 maxPdir_deltaMax                = 0
 maxMass_deltaMax{1,2,3} [eV]    = 0 , 1.63709e-05 , 0.0139153 (mean=0.00306568)
 maxBeta_deltaMax{1,2}           = 1.11022e-16 , 3.33067e-16
 maxGamma_deltaMax{1,2,3}        = 0 , 9.62359e-11 , 9.62359e-11
 maxT_proper_deltaMax [fs]       = 0
 maxT_lab_deltaMax [fs]          = 0
 maxMc_truth_rPos_deltaMax [mum] = 0 (mean=0)	 (# above threshold = 0)
 --- Extra checks --- 
 minUnderestimated_mc_truth_rPos_delta [mum] = -0.0637057 (mean=-4.72571e-05)	 (#above threshold = 0)
 maxOverestimated_mc_truth_rPos_delta [mum]  = 0.0960906 (mean=8.46414e-05)	 (#above threshold = 0)
 minUnderestimated_rDeltaPos [mum]           = -0.0627617 (mean=-4.6e-05)	 (#above threshold = 0)
 maxOverestimated_rDeltaPos [mum]            = 0.0966635 (mean=8.58986e-05)	 (#above threshold = 0)
 --- float  instead of  double --- 
 fMaxFloat_rDeltaPos_deltaMax [mum] = 0.0305176
 ============================================= 


========= Table of registered couples ============================

Index : 0     used in the geometry : Yes
 Material : G4_Galactic
 Range cuts        :  gamma  700 um     e-  700 um     e+  700 um  proton 700 um 
 Energy thresholds :  gamma  990 eV     e-  990 eV     e+  990 eV  proton 70 keV
 Region(s) which use this couple : 
    DefaultRegionForTheWorld

Index : 1     used in the geometry : Yes
 Material : G4_Si
 Range cuts        :  gamma  700 um     e-  700 um     e+  700 um  proton 700 um 
 Energy thresholds :  gamma  5.85415 keV    e-  423.338 keV    e+  409.013 keV proton 70 keV
 Region(s) which use this couple : 
    DefaultRegionForTheWorld

==================================================================

### Run 26 starts.
### Run 26 starts.
 Event#=0  t[ns]=0.0139874  r[mm]=4.19303  deltaR[mum]=0  deltaEkin[MeV]=0  deltaAngle(deg)=0
 Event#=1000  t[ns]=0.0338617  r[mm]=10.1508  deltaR[mum]=-1.77636e-12  deltaEkin[MeV]=0  deltaAngle(deg)=0
 Event#=2000  t[ns]=0.164867  r[mm]=49.4226  deltaR[mum]=0  deltaEkin[MeV]=0  deltaAngle(deg)=0
 Event#=3000  t[ns]=0.019397  r[mm]=5.8147  deltaR[mum]=0  deltaEkin[MeV]=0  deltaAngle(deg)=0
 Event#=4000  t[ns]=0.0740294  r[mm]=22.192  deltaR[mum]=3.55271e-12  deltaEkin[MeV]=0  deltaAngle(deg)=0
 Event#=5000  t[ns]=0.0353583  r[mm]=10.5995  deltaR[mum]=0  deltaEkin[MeV]=0  deltaAngle(deg)=0
 Event#=6000  t[ns]=0.0231033  r[mm]=6.92573  deltaR[mum]=0  deltaEkin[MeV]=0  deltaAngle(deg)=0
 Event#=7000  t[ns]=0.327358  r[mm]=98.133  deltaR[mum]=0  deltaEkin[MeV]=0  deltaAngle(deg)=0
 Event#=8000  t[ns]=0.215302  r[mm]=64.5417  deltaR[mum]=0  deltaEkin[MeV]=0  deltaAngle(deg)=0
 Event#=9000  t[ns]=0.0517447  r[mm]=15.5117  deltaR[mum]=0  deltaEkin[MeV]=0  deltaAngle(deg)=0
 Run terminated.
Run Summary
  Number of events processed : 10000
  User=0.170000s Real=0.172319s Sys=0.000000s


 ============ Run::printInfo() =============== 	 RunID = 26
 primary PDG code                     = 5232
 primary initial kinetic energy [GeV] = 500
 primary initial total energy [GeV]   = 505.792
 primary initial momentum [GeV]       = 505.759
 primary initial Lorentz beta         = 0.999934
 primary initial Lorentz gamma        = 87.3275
 primary initial 3 momentum [GeV]     = (505.759,0,0)
 primary initial position [mm]        = (0,0,0)
 toleranceEPviolations [eV]           = 500
 toleranceDeltaDecayRadius [mum]      = 1
 isPreassignedDecayEnabled            = 1
 isBoostToLabEnabled                  = 1
 # Events               = 10000
 # Decays               = 9781
   (# Bad decays        = 0 )
   (# Unexpected decays = 0 )
 # E violations         = 0
 # P violations         = 0
 decay T [ns] : min=2.05403e-05	 mean=0.128612	 max=1.06848
 decay R [mm] : min=0.00615742	 mean=38.5544	 max=320.302
 decay X [mm] : min=0.00615742	 mean=38.5544	 max=320.302
 decay Y [mm] : min=-0.00894226	 mean=-2.04025e-06	 max=0.017527
 decay Z [mm] : min=-0.0477982	 mean=-6.92942e-06	 max=0.0180848
 Delta decay R [mm] : min=-5.68434e-14	 mean=9.67943e-10	 max=1.07573e-06
 deflection angle [deg] : min=0	 mean=5.57848e-05	 max=0.0354502
 Delta Ekin [MeV] : min=0	 mean=0.00103015	 max=1.87964
 decay Ekin [GeV] : min=499.998	 mean=500	 max=500
 decay Px [GeV]   : min=505.757	 mean=505.759	 max=505.759
 decay Py [GeV]   : min=-0.311619	 mean=-7.67844e-05	 max=0.133571
 decay Pz [GeV]   : min=-0.149704	 mean=-2.1462e-05	 max=0.196181
 decay Etot violation [MeV] : min=-3.358e-07	 mean=6.22341e-07	 max=2.01288e-06
 decay Px violation [MeV]   : min=-3.35916e-07	 mean=6.22366e-07	 max=2.01282e-06
 decay Py violation [MeV]   : min=-5.40524e-10	 mean=-1.2912e-13	 max=3.20284e-10
 decay Pz violation [MeV]   : min=-2.17256e-10	 mean=-2.11993e-14	 max=2.19131e-10
 --- Consistency checks --- 
 maxEkin_deltaMax [eV]           = 0
 maxEtot_deltaMax [eV]           = 0
 maxP_deltaMax [eV]              = 0
 maxPdir_deltaMax                = 0
 maxMass_deltaMax{1,2,3} [eV]    = 0 , 2.36469e-05 , 0.011908 (mean=0.00138594)
 maxBeta_deltaMax{1,2}           = 1.11022e-16 , 3.33067e-16
 maxGamma_deltaMax{1,2,3}        = 0 , 1.01778e-10 , 1.01778e-10
 maxT_proper_deltaMax [fs]       = 0
 maxT_lab_deltaMax [fs]          = 0
 maxMc_truth_rPos_deltaMax [mum] = 5.68434e-11 (mean=4.25733e-12)	 (# above threshold = 0)
 --- Extra checks --- 
 minUnderestimated_mc_truth_rPos_delta [mum] = -0.0632755 (mean=-3.88744e-05)	 (#above threshold = 0)
 maxOverestimated_mc_truth_rPos_delta [mum]  = 0.137422 (mean=6.45365e-05)	 (#above threshold = 0)
 minUnderestimated_rDeltaPos [mum]           = -0.0621998 (mean=-3.79065e-05)	 (#above threshold = 0)
 maxOverestimated_rDeltaPos [mum]            = 0.138079 (mean=6.55044e-05)	 (#above threshold = 0)
 --- float  instead of  double --- 
 fMaxFloat_rDeltaPos_deltaMax [mum] = 0.0305176
 ============================================= 


========= Table of registered couples ============================

Index : 0     used in the geometry : Yes
 Material : G4_Galactic
 Range cuts        :  gamma  700 um     e-  700 um     e+  700 um  proton 700 um 
 Energy thresholds :  gamma  990 eV     e-  990 eV     e+  990 eV  proton 70 keV
 Region(s) which use this couple : 
    DefaultRegionForTheWorld

Index : 1     used in the geometry : Yes
 Material : G4_Si
 Range cuts        :  gamma  700 um     e-  700 um     e+  700 um  proton 700 um 
 Energy thresholds :  gamma  5.85415 keV    e-  423.338 keV    e+  409.013 keV proton 70 keV
 Region(s) which use this couple : 
    DefaultRegionForTheWorld

==================================================================

### Run 27 starts.
### Run 27 starts.
 Event#=0  t[ns]=0.262738  r[mm]=78.7618  deltaR[mum]=0  deltaEkin[MeV]=0  deltaAngle(deg)=0
 Event#=1000  t[ns]=0.328406  r[mm]=98.4472  deltaR[mum]=1.42109e-11  deltaEkin[MeV]=0  deltaAngle(deg)=0
 Event#=2000  t[ns]=0.0026879  r[mm]=0.805759  deltaR[mum]=0  deltaEkin[MeV]=0  deltaAngle(deg)=0
 Event#=3000  t[ns]=0.00197171  r[mm]=0.591066  deltaR[mum]=-1.11022e-13  deltaEkin[MeV]=0  deltaAngle(deg)=0
 Event#=4000  t[ns]=0.408802  r[mm]=122.548  deltaR[mum]=0  deltaEkin[MeV]=0  deltaAngle(deg)=0
 Event#=5000  t[ns]=0.0899254  r[mm]=26.9572  deltaR[mum]=3.55271e-12  deltaEkin[MeV]=0  deltaAngle(deg)=0
 Event#=6000  t[ns]=0.0970986  r[mm]=29.1075  deltaR[mum]=0  deltaEkin[MeV]=0  deltaAngle(deg)=0
 Event#=7000  t[ns]=0.126482  r[mm]=37.9159  deltaR[mum]=-7.10543e-12  deltaEkin[MeV]=0  deltaAngle(deg)=0
 Event#=8000  t[ns]=0.206153  r[mm]=61.7991  deltaR[mum]=0  deltaEkin[MeV]=0  deltaAngle(deg)=0
 Event#=9000  t[ns]=0.0650711  r[mm]=19.5066  deltaR[mum]=3.55271e-12  deltaEkin[MeV]=0  deltaAngle(deg)=0
 Run terminated.
Run Summary
  Number of events processed : 10000
  User=0.140000s Real=0.143848s Sys=0.000000s


 ============ Run::printInfo() =============== 	 RunID = 27
 primary PDG code                     = -5232
 primary initial kinetic energy [GeV] = 500
 primary initial total energy [GeV]   = 505.792
 primary initial momentum [GeV]       = 505.759
 primary initial Lorentz beta         = 0.999934
 primary initial Lorentz gamma        = 87.3275
 primary initial 3 momentum [GeV]     = (505.759,0,0)
 primary initial position [mm]        = (0,0,0)
 toleranceEPviolations [eV]           = 500
 toleranceDeltaDecayRadius [mum]      = 1
 isPreassignedDecayEnabled            = 1
 isBoostToLabEnabled                  = 1
 # Events               = 10000
 # Decays               = 9807
   (# Bad decays        = 0 )
   (# Unexpected decays = 0 )
 # E violations         = 0
 # P violations         = 0
 decay T [ns] : min=4.94682e-06	 mean=0.127676	 max=1.22404
 decay R [mm] : min=0.00148292	 mean=38.2738	 max=366.935
 decay X [mm] : min=0.00148292	 mean=38.2738	 max=366.935
 decay Y [mm] : min=-0.0189917	 mean=1.54436e-05	 max=0.0342804
 decay Z [mm] : min=-0.0186605	 mean=5.99798e-06	 max=0.0200884
 Delta decay R [mm] : min=-5.68434e-14	 mean=1.55618e-09	 max=1.50149e-06
 deflection angle [deg] : min=0	 mean=7.7684e-05	 max=0.0344
 Delta Ekin [MeV] : min=0	 mean=0.00153753	 max=1.76992
 decay Ekin [GeV] : min=499.998	 mean=500	 max=500
 decay Px [GeV]   : min=505.757	 mean=505.759	 max=505.759
 decay Py [GeV]   : min=-0.206301	 mean=0.000103557	 max=0.170122
 decay Pz [GeV]   : min=-0.222853	 mean=5.30999e-06	 max=0.195181
 decay Etot violation [MeV] : min=-3.09257e-07	 mean=6.29332e-07	 max=2.06055e-06
 decay Px violation [MeV]   : min=-3.09199e-07	 mean=6.29357e-07	 max=2.06073e-06
 decay Py violation [MeV]   : min=-2.2051e-10	 mean=1.50617e-13	 max=4.11262e-10
 decay Pz violation [MeV]   : min=-4.40622e-10	 mean=-6.90719e-15	 max=3.31866e-10
 --- Consistency checks --- 
 maxEkin_deltaMax [eV]           = 0
 maxEtot_deltaMax [eV]           = 0
 maxP_deltaMax [eV]              = 0
 maxPdir_deltaMax                = 0
 maxMass_deltaMax{1,2,3} [eV]    = 0 , 2.36469e-05 , 0.011908 (mean=0.0013918)
 maxBeta_deltaMax{1,2}           = 1.11022e-16 , 3.33067e-16
 maxGamma_deltaMax{1,2,3}        = 0 , 9.06226e-11 , 9.06226e-11
 maxT_proper_deltaMax [fs]       = 0
 maxT_lab_deltaMax [fs]          = 0
 maxMc_truth_rPos_deltaMax [mum] = 5.68434e-11 (mean=4.29019e-12)	 (# above threshold = 0)
 --- Extra checks --- 
 minUnderestimated_mc_truth_rPos_delta [mum] = -0.0666455 (mean=-5.82843e-05)	 (#above threshold = 0)
 maxOverestimated_mc_truth_rPos_delta [mum]  = 0.0966483 (mean=0.000107216)	 (#above threshold = 0)
 minUnderestimated_rDeltaPos [mum]           = -0.0657242 (mean=-5.67281e-05)	 (#above threshold = 0)
 maxOverestimated_rDeltaPos [mum]            = 0.0979119 (mean=0.000108772)	 (#above threshold = 0)
 --- float  instead of  double --- 
 fMaxFloat_rDeltaPos_deltaMax [mum] = 0.0313198
 ============================================= 


========= Table of registered couples ============================

Index : 0     used in the geometry : Yes
 Material : G4_Galactic
 Range cuts        :  gamma  700 um     e-  700 um     e+  700 um  proton 700 um 
 Energy thresholds :  gamma  990 eV     e-  990 eV     e+  990 eV  proton 70 keV
 Region(s) which use this couple : 
    DefaultRegionForTheWorld

Index : 1     used in the geometry : Yes
 Material : G4_Si
 Range cuts        :  gamma  700 um     e-  700 um     e+  700 um  proton 700 um 
 Energy thresholds :  gamma  5.85415 keV    e-  423.338 keV    e+  409.013 keV proton 70 keV
 Region(s) which use this couple : 
    DefaultRegionForTheWorld

==================================================================

### Run 28 starts.
### Run 28 starts.
 Event#=0  t[ns]=0.0243182  r[mm]=7.28994  deltaR[mum]=9.0747e-08  deltaEkin[MeV]=0  deltaAngle(deg)=0.000990234
 Event#=1000  t[ns]=0.0439047  r[mm]=13.1614  deltaR[mum]=5.44034e-07  deltaEkin[MeV]=1.67599  deltaAngle(deg)=0.00187762
 Event#=2000  t[ns]=0.100742  r[mm]=30.1996  deltaR[mum]=6.80815e-06  deltaEkin[MeV]=6.70721  deltaAngle(deg)=0.00393126
 Event#=3000  t[ns]=0.0565357  r[mm]=16.9479  deltaR[mum]=9.63364e-07  deltaEkin[MeV]=2.49661  deltaAngle(deg)=0.00254472
 Event#=4000  t[ns]=0.0631332  r[mm]=18.9256  deltaR[mum]=7.20894e-06  deltaEkin[MeV]=5.38723  deltaAngle(deg)=0.00276538
 Event#=5000  t[ns]=0.1533  r[mm]=45.9553  deltaR[mum]=0.00010018  deltaEkin[MeV]=12.0961  deltaAngle(deg)=0.00545258
 Event#=6000  t[ns]=0.0800402  r[mm]=23.9939  deltaR[mum]=2.32339e-06  deltaEkin[MeV]=5.455  deltaAngle(deg)=0.00286454
 Event#=7000  t[ns]=0.0340322  r[mm]=10.2019  deltaR[mum]=3.27292e-07  deltaEkin[MeV]=1.06438  deltaAngle(deg)=0.00127792
 Event#=8000  t[ns]=0.0929807  r[mm]=27.8731  deltaR[mum]=3.55938e-06  deltaEkin[MeV]=6.80605  deltaAngle(deg)=0.00331092
 Event#=9000  t[ns]=0.156554  r[mm]=46.9306  deltaR[mum]=5.06698e-05  deltaEkin[MeV]=6.85047  deltaAngle(deg)=0.00670773
 Run terminated.
Run Summary
  Number of events processed : 10000
  User=0.220000s Real=0.217954s Sys=0.000000s


 ============ Run::printInfo() =============== 	 RunID = 28
 primary PDG code                     = 5132
 primary initial kinetic energy [GeV] = 500
 primary initial total energy [GeV]   = 505.795
 primary initial momentum [GeV]       = 505.761
 primary initial Lorentz beta         = 0.999934
 primary initial Lorentz gamma        = 87.2887
 primary initial 3 momentum [GeV]     = (505.761,0,0)
 primary initial position [mm]        = (0,0,0)
 toleranceEPviolations [eV]           = 500
 toleranceDeltaDecayRadius [mum]      = 1
 isPreassignedDecayEnabled            = 1
 isBoostToLabEnabled                  = 1
 # Events               = 10000
 # Decays               = 9793
   (# Bad decays        = 0 )
   (# Unexpected decays = 0 )
 # E violations         = 0
 # P violations         = 0
 decay T [ns] : min=3.32236e-05	 mean=0.135371	 max=1.42084
 decay R [mm] : min=0.00995953	 mean=40.5807	 max=425.93
 decay X [mm] : min=0.00995953	 mean=40.5807	 max=425.93
 decay Y [mm] : min=-0.0290309	 mean=0.00419787	 max=0.218934
 decay Z [mm] : min=-0.0195339	 mean=1.83596e-05	 max=0.0321298
 Delta decay R [mm] : min=0	 mean=1.42404e-07	 max=1.86205e-05
 deflection angle [deg] : min=1.2073e-06	 mean=0.00557212	 max=0.0583304
 Delta Ekin [MeV] : min=0	 mean=6.34071	 max=2998.43
 decay Ekin [GeV] : min=497.002	 mean=499.994	 max=500
 decay Px [GeV]   : min=502.763	 mean=505.755	 max=505.761
 decay Py [GeV]   : min=-0.156291	 mean=0.0485123	 max=0.514891
 decay Pz [GeV]   : min=-0.253032	 mean=7.93704e-05	 max=0.158927
 decay Etot violation [MeV] : min=-1.71701e-06	 mean=-7.08113e-08	 max=1.70252e-06
 decay Px violation [MeV]   : min=-1.71695e-06	 mean=-7.08097e-08	 max=1.7024e-06
 decay Py violation [MeV]   : min=-7.11736e-10	 mean=-7.93568e-12	 max=1.06485e-09
 decay Pz violation [MeV]   : min=-1.898e-10	 mean=1.05279e-13	 max=2.12509e-10
 --- Consistency checks --- 
 maxEkin_deltaMax [eV]           = 0
 maxEtot_deltaMax [eV]           = 0
 maxP_deltaMax [eV]              = 0
 maxPdir_deltaMax                = 0
 maxMass_deltaMax{1,2,3} [eV]    = 0 , 0 , 0.0157997 (mean=0.00348353)
 maxBeta_deltaMax{1,2}           = 3.33067e-16 , 4.44089e-16
 maxGamma_deltaMax{1,2,3}        = 0 , 1.21588e-10 , 1.21588e-10
 maxT_proper_deltaMax [fs]       = 0
 maxT_lab_deltaMax [fs]          = 0
 maxMc_truth_rPos_deltaMax [mum] = 0 (mean=0)	 (# above threshold = 0)
 --- Extra checks --- 
 minUnderestimated_mc_truth_rPos_delta [mum] = -111.503 (mean=-0.292343)	 (#above threshold = 107)
 maxOverestimated_mc_truth_rPos_delta [mum]  = 30.0461 (mean=0.414757)	 (#above threshold = 1245)
 minUnderestimated_rDeltaPos [mum]           = -111.502 (mean=-0.292201)	 (#above threshold = 107)
 maxOverestimated_rDeltaPos [mum]            = 30.0501 (mean=0.414899)	 (#above threshold = 1246)
 --- float  instead of  double --- 
 fMaxFloat_rDeltaPos_deltaMax [mum] = 0.0475744
 ============================================= 


========= Table of registered couples ============================

Index : 0     used in the geometry : Yes
 Material : G4_Galactic
 Range cuts        :  gamma  700 um     e-  700 um     e+  700 um  proton 700 um 
 Energy thresholds :  gamma  990 eV     e-  990 eV     e+  990 eV  proton 70 keV
 Region(s) which use this couple : 
    DefaultRegionForTheWorld

Index : 1     used in the geometry : Yes
 Material : G4_Si
 Range cuts        :  gamma  700 um     e-  700 um     e+  700 um  proton 700 um 
 Energy thresholds :  gamma  5.85415 keV    e-  423.338 keV    e+  409.013 keV proton 70 keV
 Region(s) which use this couple : 
    DefaultRegionForTheWorld

==================================================================

### Run 29 starts.
### Run 29 starts.
 Event#=0  t[ns]=0.0348354  r[mm]=10.4427  deltaR[mum]=3.01375e-07  deltaEkin[MeV]=0.835944  deltaAngle(deg)=0.00150863
 Event#=1000  t[ns]=0.172813  r[mm]=51.8047  deltaR[mum]=6.25534e-05  deltaEkin[MeV]=6.8593  deltaAngle(deg)=0.00698166
 Event#=2000  t[ns]=0.124847  r[mm]=37.4257  deltaR[mum]=2.48486e-05  deltaEkin[MeV]=6.94438  deltaAngle(deg)=0.00514138
 Event#=3000  t[ns]=0.127985  r[mm]=38.3663  deltaR[mum]=0.000323638  deltaEkin[MeV]=55.1621  deltaAngle(deg)=0.00461224
 Event#=4000  t[ns]=0.177624  r[mm]=53.2468  deltaR[mum]=6.13382e-05  deltaEkin[MeV]=6.81051  deltaAngle(deg)=0.00642854
 Event#=5000  t[ns]=0.0825805  r[mm]=24.7554  deltaR[mum]=2.53408e-06  deltaEkin[MeV]=5.29036  deltaAngle(deg)=0.00317212
 Event#=6000  t[ns]=0.266  r[mm]=79.7397  deltaR[mum]=0.000185759  deltaEkin[MeV]=6.99855  deltaAngle(deg)=0.0112486
 Event#=7000  t[ns]=0.116606  r[mm]=34.9552  deltaR[mum]=1.91792e-05  deltaEkin[MeV]=7.44663  deltaAngle(deg)=0.00455639
 Event#=8000  t[ns]=0.252775  r[mm]=75.7751  deltaR[mum]=0.000264308  deltaEkin[MeV]=13.1764  deltaAngle(deg)=0.0101917
 Event#=9000  t[ns]=0.187675  r[mm]=56.2598  deltaR[mum]=7.96508e-05  deltaEkin[MeV]=6.97717  deltaAngle(deg)=0.00779633
 Run terminated.
Run Summary
  Number of events processed : 10000
  User=0.240000s Real=0.238419s Sys=0.000000s


 ============ Run::printInfo() =============== 	 RunID = 29
 primary PDG code                     = -5132
 primary initial kinetic energy [GeV] = 500
 primary initial total energy [GeV]   = 505.795
 primary initial momentum [GeV]       = 505.761
 primary initial Lorentz beta         = 0.999934
 primary initial Lorentz gamma        = 87.2887
 primary initial 3 momentum [GeV]     = (505.761,0,0)
 primary initial position [mm]        = (0,0,0)
 toleranceEPviolations [eV]           = 500
 toleranceDeltaDecayRadius [mum]      = 1
 isPreassignedDecayEnabled            = 1
 isBoostToLabEnabled                  = 1
 # Events               = 10000
 # Decays               = 9776
   (# Bad decays        = 0 )
   (# Unexpected decays = 0 )
 # E violations         = 0
 # P violations         = 0
 decay T [ns] : min=3.05246e-05	 mean=0.135732	 max=1.28575
 decay R [mm] : min=0.00915046	 mean=40.6888	 max=385.433
 decay X [mm] : min=0.00915046	 mean=40.6888	 max=385.433
 decay Y [mm] : min=-0.219176	 mean=-0.00425167	 max=0.0128576
 decay Z [mm] : min=-0.0457755	 mean=-3.16848e-06	 max=0.0184181
 Delta decay R [mm] : min=0	 mean=1.46234e-07	 max=1.36881e-05
 deflection angle [deg] : min=1.47863e-06	 mean=0.00558349	 max=0.0609867
 Delta Ekin [MeV] : min=0	 mean=6.03743	 max=320.478
 decay Ekin [GeV] : min=499.68	 mean=499.994	 max=500
 decay Px [GeV]   : min=505.441	 mean=505.755	 max=505.761
 decay Py [GeV]   : min=-0.533709	 mean=-0.0486993	 max=0.12523
 decay Pz [GeV]   : min=-0.216339	 mean=7.71533e-05	 max=0.26339
 decay Etot violation [MeV] : min=-1.74256e-06	 mean=-6.70946e-08	 max=1.61264e-06
 decay Px violation [MeV]   : min=-1.7425e-06	 mean=-6.70932e-08	 max=1.61276e-06
 decay Py violation [MeV]   : min=-6.02228e-10	 mean=7.33162e-12	 max=5.49733e-10
 decay Pz violation [MeV]   : min=-2.76145e-10	 mean=-6.45436e-14	 max=1.3641e-10
 --- Consistency checks --- 
 maxEkin_deltaMax [eV]           = 0
 maxEtot_deltaMax [eV]           = 0
 maxP_deltaMax [eV]              = 0
 maxPdir_deltaMax                = 0
 maxMass_deltaMax{1,2,3} [eV]    = 0 , 0 , 0.0184336 (mean=0.00350791)
 maxBeta_deltaMax{1,2}           = 3.33067e-16 , 5.55112e-16
 maxGamma_deltaMax{1,2,3}        = 0 , 1.26136e-10 , 1.26136e-10
 maxT_proper_deltaMax [fs]       = 0
 maxT_lab_deltaMax [fs]          = 0
 maxMc_truth_rPos_deltaMax [mum] = 0 (mean=0)	 (# above threshold = 0)
 --- Extra checks --- 
 minUnderestimated_mc_truth_rPos_delta [mum] = -14.1514 (mean=-0.279938)	 (#above threshold = 135)
 maxOverestimated_mc_truth_rPos_delta [mum]  = 41.678 (mean=0.434456)	 (#above threshold = 1234)
 minUnderestimated_rDeltaPos [mum]           = -14.1484 (mean=-0.279792)	 (#above threshold = 134)
 maxOverestimated_rDeltaPos [mum]            = 41.6836 (mean=0.434602)	 (#above threshold = 1234)
 --- float  instead of  double --- 
 fMaxFloat_rDeltaPos_deltaMax [mum] = 0.0386497
 ============================================= 


========= Table of registered couples ============================

Index : 0     used in the geometry : Yes
 Material : G4_Galactic
 Range cuts        :  gamma  700 um     e-  700 um     e+  700 um  proton 700 um 
 Energy thresholds :  gamma  990 eV     e-  990 eV     e+  990 eV  proton 70 keV
 Region(s) which use this couple : 
    DefaultRegionForTheWorld

Index : 1     used in the geometry : Yes
 Material : G4_Si
 Range cuts        :  gamma  700 um     e-  700 um     e+  700 um  proton 700 um 
 Energy thresholds :  gamma  5.85415 keV    e-  423.338 keV    e+  409.013 keV proton 70 keV
 Region(s) which use this couple : 
    DefaultRegionForTheWorld

==================================================================

### Run 30 starts.
### Run 30 starts.
 Event#=0  t[ns]=0.053505  r[mm]=16.0392  deltaR[mum]=8.48029e-07  deltaEkin[MeV]=2.31876  deltaAngle(deg)=0.00199625
 Event#=1000  t[ns]=0.0731474  r[mm]=21.9275  deltaR[mum]=3.83911e-06  deltaEkin[MeV]=5.18892  deltaAngle(deg)=0.00283365
 Event#=2000  t[ns]=0.0419055  r[mm]=12.5621  deltaR[mum]=4.88045e-07  deltaEkin[MeV]=1.19143  deltaAngle(deg)=0.00159539
 Event#=3000  t[ns]=0.103183  r[mm]=30.9311  deltaR[mum]=1.94331e-05  deltaEkin[MeV]=7.78989  deltaAngle(deg)=0.00392253
 Event#=4000  t[ns]=0.125788  r[mm]=37.7076  deltaR[mum]=5.16196e-05  deltaEkin[MeV]=8.74349  deltaAngle(deg)=0.00582954
 Event#=5000  t[ns]=0.305376  r[mm]=91.5428  deltaR[mum]=0.000308892  deltaEkin[MeV]=8.80528  deltaAngle(deg)=0.0116392
 Event#=6000  t[ns]=0.105638  r[mm]=31.6672  deltaR[mum]=2.38946e-05  deltaEkin[MeV]=9.15836  deltaAngle(deg)=0.00537505
 Event#=7000  t[ns]=0.094088  r[mm]=28.2048  deltaR[mum]=3.68143e-06  deltaEkin[MeV]=7.15949  deltaAngle(deg)=0.00364263
 Event#=8000  t[ns]=0.19659  r[mm]=58.932  deltaR[mum]=9.11424e-05  deltaEkin[MeV]=6.89777  deltaAngle(deg)=0.00829006
 Event#=9000  t[ns]=0.132072  r[mm]=39.5913  deltaR[mum]=5.09125e-05  deltaEkin[MeV]=8.42916  deltaAngle(deg)=0.00533217
 Run terminated.
Run Summary
  Number of events processed : 10000
  User=0.200000s Real=0.200345s Sys=0.000000s


 ============ Run::printInfo() =============== 	 RunID = 30
 primary PDG code                     = 5332
 primary initial kinetic energy [GeV] = 500
 primary initial total energy [GeV]   = 506.046
 primary initial momentum [GeV]       = 506.01
 primary initial Lorentz beta         = 0.999929
 primary initial Lorentz gamma        = 83.6979
 primary initial 3 momentum [GeV]     = (506.01,0,0)
 primary initial position [mm]        = (0,0,0)
 toleranceEPviolations [eV]           = 500
 toleranceDeltaDecayRadius [mum]      = 1
 isPreassignedDecayEnabled            = 1
 isBoostToLabEnabled                  = 1
 # Events               = 10000
 # Decays               = 9818
   (# Bad decays        = 0 )
   (# Unexpected decays = 0 )
 # E violations         = 0
 # P violations         = 0
 decay T [ns] : min=6.83134e-06	 mean=0.136969	 max=1.31904
 decay R [mm] : min=0.00204784	 mean=41.0593	 max=395.411
 decay X [mm] : min=0.00204784	 mean=41.0593	 max=395.411
 decay Y [mm] : min=-0.0068981	 mean=0.00434916	 max=0.179209
 decay Z [mm] : min=-0.0303764	 mean=-5.09284e-07	 max=0.0641986
 Delta decay R [mm] : min=-3.46945e-18	 mean=1.56934e-07	 max=1.99031e-05
 deflection angle [deg] : min=0	 mean=0.00564144	 max=0.0527178
 Delta Ekin [MeV] : min=0	 mean=6.57211	 max=2504.74
 decay Ekin [GeV] : min=497.495	 mean=499.993	 max=500
 decay Px [GeV]   : min=503.505	 mean=506.003	 max=506.01
 decay Py [GeV]   : min=-0.178277	 mean=0.0492432	 max=0.465591
 decay Pz [GeV]   : min=-0.160325	 mean=1.67249e-05	 max=0.326518
 decay Etot violation [MeV] : min=-1.48494e-06	 mean=1.51618e-07	 max=1.77749e-06
 decay Px violation [MeV]   : min=-1.48499e-06	 mean=1.51605e-07	 max=1.7776e-06
 decay Py violation [MeV]   : min=-4.67338e-10	 mean=1.10773e-11	 max=6.32667e-10
 decay Pz violation [MeV]   : min=-1.60952e-10	 mean=-3.72336e-15	 max=2.24333e-10
 --- Consistency checks --- 
 maxEkin_deltaMax [eV]           = 0
 maxEtot_deltaMax [eV]           = 0
 maxP_deltaMax [eV]              = 0
 maxPdir_deltaMax                = 0
 maxMass_deltaMax{1,2,3} [eV]    = 0 , 2.36469e-05 , 0.0183736 (mean=0.00445807)
 maxBeta_deltaMax{1,2}           = 3.33067e-16 , 4.44089e-16
 maxGamma_deltaMax{1,2,3}        = 0 , 1.08926e-10 , 1.08926e-10
 maxT_proper_deltaMax [fs]       = 0
 maxT_lab_deltaMax [fs]          = 0
 maxMc_truth_rPos_deltaMax [mum] = 5.68434e-11 (mean=4.58212e-12)	 (# above threshold = 0)
 --- Extra checks --- 
 minUnderestimated_mc_truth_rPos_delta [mum] = -99.5425 (mean=-0.299088)	 (#above threshold = 111)
 maxOverestimated_mc_truth_rPos_delta [mum]  = 131.35 (mean=0.451362)	 (#above threshold = 1272)
 minUnderestimated_rDeltaPos [mum]           = -99.5359 (mean=-0.298931)	 (#above threshold = 110)
 maxOverestimated_rDeltaPos [mum]            = 131.37 (mean=0.451519)	 (#above threshold = 1274)
 --- float  instead of  double --- 
 fMaxFloat_rDeltaPos_deltaMax [mum] = 0.0456225
 ============================================= 


========= Table of registered couples ============================

Index : 0     used in the geometry : Yes
 Material : G4_Galactic
 Range cuts        :  gamma  700 um     e-  700 um     e+  700 um  proton 700 um 
 Energy thresholds :  gamma  990 eV     e-  990 eV     e+  990 eV  proton 70 keV
 Region(s) which use this couple : 
    DefaultRegionForTheWorld

Index : 1     used in the geometry : Yes
 Material : G4_Si
 Range cuts        :  gamma  700 um     e-  700 um     e+  700 um  proton 700 um 
 Energy thresholds :  gamma  5.85415 keV    e-  423.338 keV    e+  409.013 keV proton 70 keV
 Region(s) which use this couple : 
    DefaultRegionForTheWorld

==================================================================

### Run 31 starts.
### Run 31 starts.
 Event#=0  t[ns]=0.0694814  r[mm]=20.8285  deltaR[mum]=9.05684e-06  deltaEkin[MeV]=6.16829  deltaAngle(deg)=0.00265397
 Event#=1000  t[ns]=0.0612819  r[mm]=18.3706  deltaR[mum]=2.79902e-06  deltaEkin[MeV]=3.51219  deltaAngle(deg)=0.00299506
 Event#=2000  t[ns]=0.0302143  r[mm]=9.05736  deltaR[mum]=1.76014e-07  deltaEkin[MeV]=0.0153  deltaAngle(deg)=0.00120844
 Event#=3000  t[ns]=0.18754  r[mm]=56.219  deltaR[mum]=9.49228e-05  deltaEkin[MeV]=8.56348  deltaAngle(deg)=0.00701843
 Event#=4000  t[ns]=0.0441545  r[mm]=13.2362  deltaR[mum]=5.50562e-07  deltaEkin[MeV]=1.30629  deltaAngle(deg)=0.00162166
 Event#=5000  t[ns]=0.17466  r[mm]=52.358  deltaR[mum]=9.92721e-05  deltaEkin[MeV]=8.90603  deltaAngle(deg)=0.00737864
 Event#=6000  t[ns]=0.147691  r[mm]=44.2734  deltaR[mum]=5.90423e-05  deltaEkin[MeV]=8.13848  deltaAngle(deg)=0.00654089
 Event#=7000  t[ns]=0.0405826  r[mm]=12.1655  deltaR[mum]=4.52285e-07  deltaEkin[MeV]=1.16181  deltaAngle(deg)=0.0018796
 Event#=8000  t[ns]=0.161393  r[mm]=48.3808  deltaR[mum]=5.39589e-05  deltaEkin[MeV]=6.96588  deltaAngle(deg)=0.00586139
 Event#=9000  t[ns]=0.0994203  r[mm]=29.8033  deltaR[mum]=6.55351e-06  deltaEkin[MeV]=7.11823  deltaAngle(deg)=0.0048739
 Run terminated.
Run Summary
  Number of events processed : 10000
  User=0.230000s Real=0.230274s Sys=0.000000s


 ============ Run::printInfo() =============== 	 RunID = 31
 primary PDG code                     = -5332
 primary initial kinetic energy [GeV] = 500
 primary initial total energy [GeV]   = 506.046
 primary initial momentum [GeV]       = 506.01
 primary initial Lorentz beta         = 0.999929
 primary initial Lorentz gamma        = 83.6979
 primary initial 3 momentum [GeV]     = (506.01,0,0)
 primary initial position [mm]        = (0,0,0)
 toleranceEPviolations [eV]           = 500
 toleranceDeltaDecayRadius [mum]      = 1
 isPreassignedDecayEnabled            = 1
 isBoostToLabEnabled                  = 1
 # Events               = 10000
 # Decays               = 9794
   (# Bad decays        = 0 )
   (# Unexpected decays = 0 )
 # E violations         = 0
 # P violations         = 0
 decay T [ns] : min=9.29832e-06	 mean=0.134342	 max=1.68442
 decay R [mm] : min=0.00278737	 mean=40.2717	 max=504.94
 decay X [mm] : min=0.00278737	 mean=40.2717	 max=504.94
 decay Y [mm] : min=-0.316335	 mean=-0.00425341	 max=0.00466308
 decay Z [mm] : min=-0.0263138	 mean=-1.11555e-06	 max=0.0203491
 Delta decay R [mm] : min=-6.93889e-18	 mean=1.53599e-07	 max=3.11494e-05
 deflection angle [deg] : min=0	 mean=0.00554448	 max=0.0701887
 Delta Ekin [MeV] : min=0	 mean=6.10905	 max=778.526
 decay Ekin [GeV] : min=499.221	 mean=499.994	 max=500
 decay Px [GeV]   : min=505.231	 mean=506.004	 max=506.01
 decay Py [GeV]   : min=-0.619907	 mean=-0.0485007	 max=0.108805
 decay Pz [GeV]   : min=-0.157172	 mean=7.78581e-05	 max=0.156992
 decay Etot violation [MeV] : min=-1.41701e-06	 mean=1.49711e-07	 max=1.66008e-06
 decay Px violation [MeV]   : min=-1.41701e-06	 mean=1.49702e-07	 max=1.66026e-06
 decay Py violation [MeV]   : min=-6.22435e-10	 mean=-1.02046e-11	 max=6.19934e-10
 decay Pz violation [MeV]   : min=-1.82624e-10	 mean=-1.84127e-14	 max=1.8872e-10
 --- Consistency checks --- 
 maxEkin_deltaMax [eV]           = 0
 maxEtot_deltaMax [eV]           = 0
 maxP_deltaMax [eV]              = 0
 maxPdir_deltaMax                = 0
 maxMass_deltaMax{1,2,3} [eV]    = 0 , 2.36469e-05 , 0.0183736 (mean=0.00447212)
 maxBeta_deltaMax{1,2}           = 3.33067e-16 , 5.55112e-16
 maxGamma_deltaMax{1,2,3}        = 0 , 1.08884e-10 , 1.08884e-10
 maxT_proper_deltaMax [fs]       = 0
 maxT_lab_deltaMax [fs]          = 0
 maxMc_truth_rPos_deltaMax [mum] = 1.13687e-10 (mean=4.51933e-12)	 (# above threshold = 0)
 --- Extra checks --- 
 minUnderestimated_mc_truth_rPos_delta [mum] = -28.4141 (mean=-0.28167)	 (#above threshold = 117)
 maxOverestimated_mc_truth_rPos_delta [mum]  = 76.9584 (mean=0.432272)	 (#above threshold = 1223)
 minUnderestimated_rDeltaPos [mum]           = -28.4103 (mean=-0.281516)	 (#above threshold = 117)
 maxOverestimated_rDeltaPos [mum]            = 76.9721 (mean=0.432425)	 (#above threshold = 1223)
 --- float  instead of  double --- 
 fMaxFloat_rDeltaPos_deltaMax [mum] = 0.0784281
 ============================================= 

================== Deleting memory pools ===================
Number of memory pools allocated: 11 of which, static: 0
Dynamic pools deleted: 11 / Total memory freed: 0.061 MB
============================================================
