Environment variable "G4FORCE_RUN_MANAGER_TYPE" enabled with value == Serial. Forcing G4RunManager type...

        ############################################
        !!! WARNING - FPE detection is activated !!!
        ############################################


          ################################
          !!! G4Backtrace is activated !!!
          ################################


**************************************************************
 Geant4 version Name: geant4-11-04-patch-03    (01-October-2026)
                       Copyright : Geant4 Collaboration
                      References : NIM A 506 (2003), 250-303
                                 : IEEE-TNS 53 (2006), 270-278
                                 : NIM A 835 (2016), 186-225
                             WWW : http://geant4.org/
**************************************************************

<<< Geant4 Physics List simulation engine: FTFP_BERT

G4VModularPhysicsList::ReplacePhysics: G4EmStandard with type : 2 is replaced with G4EmStandard_opt4
Visualization Manager instantiating with verbosity "warnings (3)"...
Visualization Manager initialising...
Registering graphics systems...

You have successfully registered the following graphics systems.
Registered graphics systems are:
  ASCIITree (ATree)
  DAWNFILE (DAWNFILE)
  RayTracer (RT)
  VRML2FILE (VRML2FILE)
  gMocrenFile (gMocrenFile)
  TOOLSSG_OFFSCREEN (TSG_OFFSCREEN, TSG_FILE)
  OpenGLImmediateQt (OGLIQt, OGLI)
  OpenGLStoredQt (OGLSQt, OGLS)
  OpenGLImmediateXm (OGLIXm, OGLIQt_FALLBACK)
  OpenGLStoredXm (OGLSXm, OGLSQt_FALLBACK)
  OpenGLImmediateX (OGLIX, OGLIQt_FALLBACK, OGLIXm_FALLBACK)
  OpenGLStoredX (OGLSX, OGLSQt_FALLBACK, OGLSXm_FALLBACK)
  RayTracerX (RTX)
  RayTracerQt (RTQt)
  TOOLSSG_X11_GLES (TSG_X11_GLES, TSGX11, TSG_XT_GLES_FALLBACK)
  TOOLSSG_X11_ZB (TSG_X11_ZB, TSGX11ZB)
  TOOLSSG_XT_GLES (TSG_XT_GLES, TSGXt, TSG_QT_GLES_FALLBACK)
  TOOLSSG_XT_ZB (TSG_XT_ZB, TSGXtZB)
  TOOLSSG_QT_GLES (TSG_QT_GLES, TSGQt, TSG, OGL)
  TOOLSSG_QT_ZB (TSG_QT_ZB, TSGQtZB, TSGZB)
You may choose a graphics system (driver) with a parameter of
the command "/vis/open" or "/vis/sceneHandler/create",
or you may omit the driver parameter and choose at run time:
- by argument in the construction of G4VisExecutive
- by environment variable "G4VIS_DEFAULT_DRIVER"
- by entry in "~/.g4session"
- by build flags.
- Note: This feature is not allowed in batch mode.
For further information see "examples/basic/B1/exampleB1.cc"
and "vis.mac".

Registering model factories...

You have successfully registered the following model factories.
Registered model factories:
  generic
  drawByAttribute
  drawByCharge
  drawByOriginVolume
  drawByParticleID
  drawByEncounteredVolume

Registered models:
  None

Registered filter factories:
  attributeFilter
  chargeFilter
  originVolumeFilter
  particleFilter
  encounteredVolumeFilter

Registered filters:
  None

You have successfully registered the following user vis actions.
Run Duration User Vis Actions: none
End of Event User Vis Actions: none
End of Run User Vis Actions: none

Some /vis commands (optionally) take a string to specify colour.
"/vis/list" to see available colours.
/tracking/verbose 0
/process/optical/verbose 1
/run/physicsModified
/LXe/detector/MainScintYield 10000
/run/initialize
Construction /LXeDet/pmtSD
Construction /LXeDet/scintSD

 hInelastic FTFP_BERT : threshold between BERT and FTFP is over the interval 
 for pions :   3 to 6 GeV
 for kaons :   3 to 6 GeV
 for proton :  3 to 6 GeV
 for neutron : 3 to 6 GeV

### Adding tracking cuts for neutron  TimeCut(ns)= 10000  KinEnergyCut(MeV)= 0
OpAbsorption is created 
OpRayleigh is created 
OpMieHG is created 
OpBoundary is created 
OpWLS is created 
OpWLS2 is created 
Cerenkov is created.
### Birks coefficients used in run time
   LXe     0.126 mm/MeV     0.038052 g/cm^2/MeV  massFactor=  7.14643 effCharge= 2916
   Polystyrene     0.126 mm/MeV     0.012978 g/cm^2/MeV  massFactor=  504.5 effCharge= 18.5
/gun/particle gamma
/gun/energy 511 keV
/run/printProgress 10
/vis/disable
/random/setSavingFlag true
/LXe/saveThreshold 1400
/LXe/pmtThreshold 4
/LXe/forceDrawNoPhotons true
/run/beamOn 200
=======================================================================
======                 Electromagnetic Physics Parameters      ========
=======================================================================
LPM effect enabled                                 1
Enable creation and use of sampling tables         0
Apply cuts on all EM processes                     0
Use combined TransportationWithMsc                 Disabled
Use general process                                1
Enable linear polarisation for gamma               0
Enable photoeffect sampling below K-shell          1
Enable sampling of quantum entanglement            0
X-section factor for integral approach             0.8
Min kinetic energy for tables                      100 eV 
Max kinetic energy for tables                      100 TeV
Number of bins per decade of a table               20
Verbose level                                      1
Verbose level for worker thread                    0
Bremsstrahlung energy threshold above which 
  primary e+- is added to the list of secondary    100 TeV
Bremsstrahlung energy threshold above which primary
  muon/hadron is added to the list of secondary    100 TeV
Positron annihilation at rest model                AllisonPositronium
Enable 3 gamma annihilation on fly                 1
Lowest triplet kinetic energy                      1 MeV
Enable sampling of gamma linear polarisation       0
5D gamma conversion model type                     0
5D gamma conversion model on isolated ion          0
Use RiGe 5D e+e- pair production model by muons    0
Livermore data directory                           epics_2017
=======================================================================
======                 Ionisation Parameters                   ========
=======================================================================
Step function for e+-                              (0.2, 0.01 mm)
Step function for muons/hadrons                    (0.1, 0.05 mm)
Step function for light ions                       (0.1, 0.02 mm)
Step function for general ions                     (0.1, 0.001 mm)
Lowest e+e- kinetic energy                         100 eV 
Lowest muon/hadron kinetic energy                  1 keV
Use ICRU90 data                                    1
Fluctuations of dE/dx are enabled                  1
Type of fluctuation model for leptons and hadrons  Urban
Use built-in Birks saturation                      1
Build CSDA range enabled                           0
Use cut as a final range enabled                   0
Enable angular generator interface                 1
Max kinetic energy for CSDA tables                 1 GeV
Max kinetic energy for NIEL computation            1 MeV
Linear loss limit                                  0.01
Read data from file for e+e- pair production by mu 0
=======================================================================
======                 Multiple Scattering Parameters          ========
=======================================================================
Type of msc step limit algorithm for e+-           2
Type of msc step limit algorithm for muons/hadrons 0
Msc lateral displacement for e+- enabled           1
Msc lateral displacement for muons and hadrons     1
Urban msc model lateral displacement alg96         1
Range factor for msc step limit for e+-            0.08
Range factor for msc step limit for muons/hadrons  0.2
Geometry factor for msc step limitation of e+-     2.5
Safety factor for msc step limit for e+-           0.6
Skin parameter for msc step limitation of e+-      3
Lambda limit for msc step limit for e+-            1 mm
Use Mott correction for e- scattering              1
Factor used for dynamic computation of angular 
  limit between single and multiple scattering     1
Fixed angular limit between single 
  and multiple scattering                          3.1416 rad
Upper energy limit for e+- multiple scattering     100 MeV
Type of electron single scattering model           0
Type of nuclear form-factor                        1
Screening factor                                   1
=======================================================================
======                 Atomic Deexcitation Parameters          ========
=======================================================================
Fluorescence enabled                               1
Directory in G4LEDATA for fluorescence data files  fluor
Auger electron cascade enabled                     0
PIXE atomic de-excitation enabled                  0
De-excitation module ignores cuts                  0
Type of PIXE cross section for hadrons             Empirical
Type of PIXE cross section for e+-                 Livermore
=======================================================================

### ===  Deexcitation model UAtomDeexcitation is activated for 1 region:
          DefaultRegionForTheWorld  1  0  0
### ===  Ignore cuts flag:   0

phot:  for gamma SubType=12 BuildTable=0
      LambdaPrime table from 200 keV to 100 TeV in 174 bins 
      ===== EM models for the G4Region  DefaultRegionForTheWorld ======
 LivermorePhElectric : Emin=    0 eV  Emax=  100 TeV  SauterGavrila Fluo

compt:  for gamma SubType=13 BuildTable=1
      Lambda table from 100 eV  to 1 MeV, 20 bins/decade, spline: 1
      LambdaPrime table from 1 MeV to 100 TeV in 160 bins 
      ===== EM models for the G4Region  DefaultRegionForTheWorld ======
   LowEPComptonModel : Emin=    0 eV  Emax=   20 MeV Fluo
        KleinNishina : Emin=   20 MeV Emax=  100 TeV Fluo

conv:  for gamma SubType=14 BuildTable=1
      Lambda table from 1.022 MeV to 100 TeV, 20 bins/decade, spline: 1
      ===== EM models for the G4Region  DefaultRegionForTheWorld ======
      BetheHeitler5D : Emin=    0 eV  Emax=  100 TeV  ModifiedTsai

Rayl:  for gamma SubType=11 BuildTable=1
      Lambda table from 100 eV  to 150 keV, 20 bins/decade, spline: 0
      LambdaPrime table from 150 keV to 100 TeV in 176 bins 
      ===== EM models for the G4Region  DefaultRegionForTheWorld ======
   LivermoreRayleigh : Emin=    0 eV  Emax=  100 TeV  CullenGenerator

msc:  for e-  SubType= 10
      ===== EM models for the G4Region  DefaultRegionForTheWorld ======
  GoudsmitSaunderson : Emin=    0 eV  Emax=  100 MeV Nbins=120 100 eV  - 100 MeV
          StepLim=SafetyPlus Rfact=0.08 Gfact=2.5 Sfact=0.6 DispFlag:1 Skin=3 Llim=1 mm
        WentzelVIUni : Emin=  100 MeV Emax=  100 TeV Nbins=120 100 MeV - 100 TeV
          StepLim=SafetyPlus Rfact=0.08 Gfact=2.5 Sfact=0.6 DispFlag:1 Skin=3 Llim=1 mm

eIoni:  for e-  XStype:3  SubType=2
      dE/dx and range tables from 100 eV  to 100 TeV in 240 bins
      Lambda tables from threshold to 100 TeV, 20 bins/decade, spline: 1
      StepFunction=(0.2, 0.01 mm), integ: 3, fluct: 1, linLossLim= 0.01
      ===== EM models for the G4Region  DefaultRegionForTheWorld ======
             PenIoni : Emin=    0 eV  Emax=  100 keV
        MollerBhabha : Emin=  100 keV Emax=  100 TeV  deltaVI

eBrem:  for e-  XStype:4  SubType=3
      dE/dx and range tables from 100 eV  to 100 TeV in 240 bins
      Lambda tables from threshold to 100 TeV, 20 bins/decade, spline: 1
      LPM flag: 1 for E > 1 GeV,  VertexHighEnergyTh(GeV)= 100000
      ===== EM models for the G4Region  DefaultRegionForTheWorld ======
             eBremSB : Emin=    0 eV  Emax=    1 GeV  AngularGen2BS
            eBremLPM : Emin=    1 GeV Emax=  100 TeV  AngularGen2BS

ePairProd:  for e-  XStype:1  SubType=4
      dE/dx and range tables from 100 eV  to 100 TeV in 240 bins
      Lambda tables from threshold to 100 TeV, 20 bins/decade, spline: 0
      Sampling table 25x1001 from 0.1 GeV to 100 TeV 
      ===== EM models for the G4Region  DefaultRegionForTheWorld ======
           ePairProd : Emin=    0 eV  Emax=  100 TeV  ModifiedMephi

CoulombScat:  for e- XStype:1 SubType=1 BuildTable=1
      Lambda table from 100 MeV to 100 TeV, 20 bins/decade, spline: 0
      ThetaMin(p) < Theta(degree) < 180, pLimit(GeV^1)= 0.139531
      ===== EM models for the G4Region  DefaultRegionForTheWorld ======
  eCoulombScattering : Emin=  100 MeV Emax=  100 TeV

msc:  for e+  SubType= 10
      ===== EM models for the G4Region  DefaultRegionForTheWorld ======
  GoudsmitSaunderson : Emin=    0 eV  Emax=  100 MeV Nbins=120 100 eV  - 100 MeV
          StepLim=SafetyPlus Rfact=0.08 Gfact=2.5 Sfact=0.6 DispFlag:1 Skin=3 Llim=1 mm
        WentzelVIUni : Emin=  100 MeV Emax=  100 TeV Nbins=120 100 MeV - 100 TeV
          StepLim=SafetyPlus Rfact=0.08 Gfact=2.5 Sfact=0.6 DispFlag:1 Skin=3 Llim=1 mm

eIoni:  for e+  XStype:3  SubType=2
      dE/dx and range tables from 100 eV  to 100 TeV in 240 bins
      Lambda tables from threshold to 100 TeV, 20 bins/decade, spline: 1
      StepFunction=(0.2, 0.01 mm), integ: 3, fluct: 1, linLossLim= 0.01
      ===== EM models for the G4Region  DefaultRegionForTheWorld ======
             PenIoni : Emin=    0 eV  Emax=  100 keV
        MollerBhabha : Emin=  100 keV Emax=  100 TeV  deltaVI

eBrem:  for e+  XStype:4  SubType=3
      dE/dx and range tables from 100 eV  to 100 TeV in 240 bins
      Lambda tables from threshold to 100 TeV, 20 bins/decade, spline: 1
      LPM flag: 1 for E > 1 GeV,  VertexHighEnergyTh(GeV)= 100000
      ===== EM models for the G4Region  DefaultRegionForTheWorld ======
             eBremSB : Emin=    0 eV  Emax=    1 GeV  AngularGen2BS
            eBremLPM : Emin=    1 GeV Emax=  100 TeV  AngularGen2BS

ePairProd:  for e+  XStype:1  SubType=4
      dE/dx and range tables from 100 eV  to 100 TeV in 240 bins
      Lambda tables from threshold to 100 TeV, 20 bins/decade, spline: 0
      Sampling table 25x1001 from 0.1 GeV to 100 TeV 
      ===== EM models for the G4Region  DefaultRegionForTheWorld ======
           ePairProd : Emin=    0 eV  Emax=  100 TeV  ModifiedMephi

annihil:  for e+ XStype:2 SubType=5 AtRestModel:Allison BuildTable=0
      ===== EM models for the G4Region  DefaultRegionForTheWorld ======
    eplusTo2or3gamma : Emin=    0 eV  Emax=  100 TeV

CoulombScat:  for e+ XStype:1 SubType=1 BuildTable=1
      Lambda table from 100 MeV to 100 TeV, 20 bins/decade, spline: 0
      ThetaMin(p) < Theta(degree) < 180, pLimit(GeV^1)= 0.139531
      ===== EM models for the G4Region  DefaultRegionForTheWorld ======
  eCoulombScattering : Emin=  100 MeV Emax=  100 TeV

msc:  for proton  SubType= 10
      ===== EM models for the G4Region  DefaultRegionForTheWorld ======
        WentzelVIUni : Emin=    0 eV  Emax=  100 TeV Nbins=240 100 eV  - 100 TeV
          StepLim=Minimal Rfact=0.2 Gfact=2.5 Sfact=0.6 DispFlag:1 Skin=3 Llim=1 mm

hIoni:  for proton  XStype:3  SubType=2
      dE/dx and range tables from 100 eV  to 100 TeV in 240 bins
      Lambda tables from threshold to 100 TeV, 20 bins/decade, spline: 1
      StepFunction=(0.1, 0.05 mm), integ: 3, fluct: 1, linLossLim= 0.01
      ===== EM models for the G4Region  DefaultRegionForTheWorld ======
               Bragg : Emin=    0 eV  Emax=    2 MeV  deltaVI
          BetheBloch : Emin=    2 MeV Emax=  100 TeV  deltaVI

hBrems:  for proton  XStype:1  SubType=3
      dE/dx and range tables from 100 eV  to 100 TeV in 240 bins
      Lambda tables from threshold to 100 TeV, 20 bins/decade, spline: 1
      ===== EM models for the G4Region  DefaultRegionForTheWorld ======
               hBrem : Emin=    0 eV  Emax=  100 TeV  ModifiedMephi

hPairProd:  for proton  XStype:1  SubType=4
      dE/dx and range tables from 100 eV  to 100 TeV in 240 bins
      Lambda tables from threshold to 100 TeV, 20 bins/decade, spline: 1
      Sampling table 17x1001, from 7.50618 GeV to 100 TeV 
      ===== EM models for the G4Region  DefaultRegionForTheWorld ======
           hPairProd : Emin=    0 eV  Emax=  100 TeV  ModifiedMephi

CoulombScat:  for proton XStype:1 SubType=1 BuildTable=1
      Lambda table from threshold  to 100 TeV, 20 bins/decade, spline: 0
      ThetaMin(p) < Theta(degree) < 180, pLimit(GeV^1)= 0.139531
      ===== EM models for the G4Region  DefaultRegionForTheWorld ======
  eCoulombScattering : Emin=    0 eV  Emax=  100 TeV

nuclearStopping:  for proton SubType=8 BuildTable=0
      ===== EM models for the G4Region  DefaultRegionForTheWorld ======
   ICRU49NucStopping : Emin=    0 eV  Emax=    1 MeV

msc:  for GenericIon  SubType= 10
      ===== EM models for the G4Region  DefaultRegionForTheWorld ======
            UrbanMsc : Emin=    0 eV  Emax=  100 TeV
          StepLim=Minimal Rfact=0.2 Gfact=2.5 Sfact=0.6 DispFlag:1 Skin=3 Llim=1 mm

ionIoni:  for GenericIon  XStype:3  SubType=2
      dE/dx and range tables from 100 eV  to 100 TeV in 240 bins
      Lambda tables from threshold to 100 TeV, 20 bins/decade, spline: 1
      StepFunction=(0.1, 0.001 mm), integ: 3, fluct: 1, linLossLim= 0.02
      ===== EM models for the G4Region  DefaultRegionForTheWorld ======
    LindhardSorensen : Emin=    0 eV  Emax=  100 TeV  deltaVI

nuclearStopping:  for GenericIon SubType=8 BuildTable=0
      ===== EM models for the G4Region  DefaultRegionForTheWorld ======
   ICRU49NucStopping : Emin=    0 eV  Emax=    1 MeV

msc:  for alpha  SubType= 10
      ===== EM models for the G4Region  DefaultRegionForTheWorld ======
            UrbanMsc : Emin=    0 eV  Emax=  100 TeV
          StepLim=Minimal Rfact=0.2 Gfact=2.5 Sfact=0.6 DispFlag:1 Skin=3 Llim=1 mm

ionIoni:  for alpha  XStype:3  SubType=2
      dE/dx and range tables from 100 eV  to 100 TeV in 240 bins
      Lambda tables from threshold to 100 TeV, 20 bins/decade, spline: 1
      StepFunction=(0.1, 0.02 mm), integ: 3, fluct: 1, linLossLim= 0.02
      ===== EM models for the G4Region  DefaultRegionForTheWorld ======
            BraggIon : Emin=    0 eV  Emax=7.9452 MeV  deltaVI
          BetheBloch : Emin=7.9452 MeV Emax=  100 TeV  deltaVI

nuclearStopping:  for alpha SubType=8 BuildTable=0
      ===== EM models for the G4Region  DefaultRegionForTheWorld ======
   ICRU49NucStopping : Emin=    0 eV  Emax=    1 MeV

msc:  for anti_proton  SubType= 10
      ===== EM models for the G4Region  DefaultRegionForTheWorld ======
        WentzelVIUni : Emin=    0 eV  Emax=  100 TeV Nbins=240 100 eV  - 100 TeV
          StepLim=Minimal Rfact=0.2 Gfact=2.5 Sfact=0.6 DispFlag:1 Skin=3 Llim=1 mm

hIoni:  for anti_proton  XStype:3  SubType=2
      dE/dx and range tables from 100 eV  to 100 TeV in 240 bins
      Lambda tables from threshold to 100 TeV, 20 bins/decade, spline: 1
      StepFunction=(0.1, 0.05 mm), integ: 3, fluct: 1, linLossLim= 0.01
      ===== EM models for the G4Region  DefaultRegionForTheWorld ======
            ICRU73QO : Emin=    0 eV  Emax=    2 MeV  deltaVI
          BetheBloch : Emin=    2 MeV Emax=  100 TeV  deltaVI

hBrems:  for anti_proton  XStype:1  SubType=3
      dE/dx and range tables from 100 eV  to 100 TeV in 240 bins
      Lambda tables from threshold to 100 TeV, 20 bins/decade, spline: 1
      ===== EM models for the G4Region  DefaultRegionForTheWorld ======
               hBrem : Emin=    0 eV  Emax=  100 TeV  ModifiedMephi

hPairProd:  for anti_proton  XStype:1  SubType=4
      dE/dx and range tables from 100 eV  to 100 TeV in 240 bins
      Lambda tables from threshold to 100 TeV, 20 bins/decade, spline: 1
      Sampling table 17x1001, from 7.50618 GeV to 100 TeV 
      ===== EM models for the G4Region  DefaultRegionForTheWorld ======
           hPairProd : Emin=    0 eV  Emax=  100 TeV  ModifiedMephi

CoulombScat:  for anti_proton XStype:1 SubType=1 BuildTable=1
      Lambda table from threshold  to 100 TeV, 20 bins/decade, spline: 0
      ThetaMin(p) < Theta(degree) < 180, pLimit(GeV^1)= 0.139531
      ===== EM models for the G4Region  DefaultRegionForTheWorld ======
  eCoulombScattering : Emin=    0 eV  Emax=  100 TeV

msc:  for kaon+  SubType= 10
      ===== EM models for the G4Region  DefaultRegionForTheWorld ======
        WentzelVIUni : Emin=    0 eV  Emax=  100 TeV Nbins=240 100 eV  - 100 TeV
          StepLim=Minimal Rfact=0.2 Gfact=2.5 Sfact=0.6 DispFlag:1 Skin=3 Llim=1 mm

hIoni:  for kaon+  XStype:3  SubType=2
      dE/dx and range tables from 100 eV  to 100 TeV in 240 bins
      Lambda tables from threshold to 100 TeV, 20 bins/decade, spline: 1
      StepFunction=(0.1, 0.05 mm), integ: 3, fluct: 1, linLossLim= 0.01
      ===== EM models for the G4Region  DefaultRegionForTheWorld ======
               Bragg : Emin=    0 eV  Emax=1.05231 MeV  deltaVI
          BetheBloch : Emin=1.05231 MeV Emax=  100 TeV  deltaVI

hBrems:  for kaon+  XStype:1  SubType=3
      dE/dx and range tables from 100 eV  to 100 TeV in 240 bins
      Lambda tables from threshold to 100 TeV, 20 bins/decade, spline: 1
      ===== EM models for the G4Region  DefaultRegionForTheWorld ======
               hBrem : Emin=    0 eV  Emax=  100 TeV  ModifiedMephi

hPairProd:  for kaon+  XStype:1  SubType=4
      dE/dx and range tables from 100 eV  to 100 TeV in 240 bins
      Lambda tables from threshold to 100 TeV, 20 bins/decade, spline: 1
      Sampling table 18x1001, from 3.94942 GeV to 100 TeV 
      ===== EM models for the G4Region  DefaultRegionForTheWorld ======
           hPairProd : Emin=    0 eV  Emax=  100 TeV  ModifiedMephi

CoulombScat:  for kaon+ XStype:1 SubType=1 BuildTable=1
      Lambda table from threshold  to 100 TeV, 20 bins/decade, spline: 0
      ThetaMin(p) < Theta(degree) < 180, pLimit(GeV^1)= 0.139531
      ===== EM models for the G4Region  DefaultRegionForTheWorld ======
  eCoulombScattering : Emin=    0 eV  Emax=  100 TeV

msc:  for kaon-  SubType= 10
      ===== EM models for the G4Region  DefaultRegionForTheWorld ======
        WentzelVIUni : Emin=    0 eV  Emax=  100 TeV Nbins=240 100 eV  - 100 TeV
          StepLim=Minimal Rfact=0.2 Gfact=2.5 Sfact=0.6 DispFlag:1 Skin=3 Llim=1 mm

hIoni:  for kaon-  XStype:3  SubType=2
      dE/dx and range tables from 100 eV  to 100 TeV in 240 bins
      Lambda tables from threshold to 100 TeV, 20 bins/decade, spline: 1
      StepFunction=(0.1, 0.05 mm), integ: 3, fluct: 1, linLossLim= 0.01
      ===== EM models for the G4Region  DefaultRegionForTheWorld ======
            ICRU73QO : Emin=    0 eV  Emax=1.05231 MeV  deltaVI
          BetheBloch : Emin=1.05231 MeV Emax=  100 TeV  deltaVI

hBrems:  for kaon-  XStype:1  SubType=3
      dE/dx and range tables from 100 eV  to 100 TeV in 240 bins
      Lambda tables from threshold to 100 TeV, 20 bins/decade, spline: 1
      ===== EM models for the G4Region  DefaultRegionForTheWorld ======
               hBrem : Emin=    0 eV  Emax=  100 TeV  ModifiedMephi

hPairProd:  for kaon-  XStype:1  SubType=4
      dE/dx and range tables from 100 eV  to 100 TeV in 240 bins
      Lambda tables from threshold to 100 TeV, 20 bins/decade, spline: 1
      Sampling table 18x1001, from 3.94942 GeV to 100 TeV 
      ===== EM models for the G4Region  DefaultRegionForTheWorld ======
           hPairProd : Emin=    0 eV  Emax=  100 TeV  ModifiedMephi

CoulombScat:  for kaon- XStype:1 SubType=1 BuildTable=1
      Used Lambda table of kaon+
      ThetaMin(p) < Theta(degree) < 180, pLimit(GeV^1)= 0.139531
      ===== EM models for the G4Region  DefaultRegionForTheWorld ======
  eCoulombScattering : Emin=    0 eV  Emax=  100 TeV

msc:  for mu+  SubType= 10
      ===== EM models for the G4Region  DefaultRegionForTheWorld ======
        WentzelVIUni : Emin=    0 eV  Emax=  100 TeV Nbins=240 100 eV  - 100 TeV
          StepLim=Minimal Rfact=0.2 Gfact=2.5 Sfact=0.6 DispFlag:1 Skin=3 Llim=1 mm

muIoni:  for mu+  XStype:3  SubType=2
      dE/dx and range tables from 100 eV  to 100 TeV in 240 bins
      Lambda tables from threshold to 100 TeV, 20 bins/decade, spline: 1
      StepFunction=(0.1, 0.05 mm), integ: 3, fluct: 1, linLossLim= 0.01
      ===== EM models for the G4Region  DefaultRegionForTheWorld ======
               Bragg : Emin=    0 eV  Emax=  200 keV  deltaVI
        MuBetheBloch : Emin=  200 keV Emax=  100 TeV  deltaVI

muBrems:  for mu+  XStype:1  SubType=3
      dE/dx and range tables from 100 eV  to 100 TeV in 240 bins
      Lambda tables from threshold to 100 TeV, 20 bins/decade, spline: 1
      ===== EM models for the G4Region  DefaultRegionForTheWorld ======
              MuBrem : Emin=    0 eV  Emax=  100 TeV  ModifiedMephi

muPairProd:  for mu+  XStype:1  SubType=4
      dE/dx and range tables from 100 eV  to 100 TeV in 240 bins
      Lambda tables from threshold to 100 TeV, 20 bins/decade, spline: 1
      Sampling table 21x1001, from 0.85 GeV to 100 TeV 
      ===== EM models for the G4Region  DefaultRegionForTheWorld ======
          muPairProd : Emin=    0 eV  Emax=  100 TeV  ModifiedMephi

CoulombScat:  for mu+ XStype:1 SubType=1 BuildTable=1
      Lambda table from threshold  to 100 TeV, 20 bins/decade, spline: 0
      ThetaMin(p) < Theta(degree) < 180, pLimit(GeV^1)= 0.139531
      ===== EM models for the G4Region  DefaultRegionForTheWorld ======
  eCoulombScattering : Emin=    0 eV  Emax=  100 TeV

msc:  for mu-  SubType= 10
      ===== EM models for the G4Region  DefaultRegionForTheWorld ======
        WentzelVIUni : Emin=    0 eV  Emax=  100 TeV Nbins=240 100 eV  - 100 TeV
          StepLim=Minimal Rfact=0.2 Gfact=2.5 Sfact=0.6 DispFlag:1 Skin=3 Llim=1 mm

muIoni:  for mu-  XStype:3  SubType=2
      dE/dx and range tables from 100 eV  to 100 TeV in 240 bins
      Lambda tables from threshold to 100 TeV, 20 bins/decade, spline: 1
      StepFunction=(0.1, 0.05 mm), integ: 3, fluct: 1, linLossLim= 0.01
      ===== EM models for the G4Region  DefaultRegionForTheWorld ======
            ICRU73QO : Emin=    0 eV  Emax=  200 keV  deltaVI
        MuBetheBloch : Emin=  200 keV Emax=  100 TeV  deltaVI

muBrems:  for mu-  XStype:1  SubType=3
      dE/dx and range tables from 100 eV  to 100 TeV in 240 bins
      Lambda tables from threshold to 100 TeV, 20 bins/decade, spline: 1
      ===== EM models for the G4Region  DefaultRegionForTheWorld ======
              MuBrem : Emin=    0 eV  Emax=  100 TeV  ModifiedMephi

muPairProd:  for mu-  XStype:1  SubType=4
      dE/dx and range tables from 100 eV  to 100 TeV in 240 bins
      Lambda tables from threshold to 100 TeV, 20 bins/decade, spline: 1
      Sampling table 21x1001, from 0.85 GeV to 100 TeV 
      ===== EM models for the G4Region  DefaultRegionForTheWorld ======
          muPairProd : Emin=    0 eV  Emax=  100 TeV  ModifiedMephi

CoulombScat:  for mu- XStype:1 SubType=1 BuildTable=1
      Used Lambda table of mu+
      ThetaMin(p) < Theta(degree) < 180, pLimit(GeV^1)= 0.139531
      ===== EM models for the G4Region  DefaultRegionForTheWorld ======
  eCoulombScattering : Emin=    0 eV  Emax=  100 TeV

msc:  for pi+  SubType= 10
      ===== EM models for the G4Region  DefaultRegionForTheWorld ======
        WentzelVIUni : Emin=    0 eV  Emax=  100 TeV Nbins=240 100 eV  - 100 TeV
          StepLim=Minimal Rfact=0.2 Gfact=2.5 Sfact=0.6 DispFlag:1 Skin=3 Llim=1 mm

hIoni:  for pi+  XStype:3  SubType=2
      dE/dx and range tables from 100 eV  to 100 TeV in 240 bins
      Lambda tables from threshold to 100 TeV, 20 bins/decade, spline: 1
      StepFunction=(0.1, 0.05 mm), integ: 3, fluct: 1, linLossLim= 0.01
      ===== EM models for the G4Region  DefaultRegionForTheWorld ======
               Bragg : Emin=    0 eV  Emax=297.505 keV  deltaVI
          BetheBloch : Emin=297.505 keV Emax=  100 TeV  deltaVI

hBrems:  for pi+  XStype:1  SubType=3
      dE/dx and range tables from 100 eV  to 100 TeV in 240 bins
      Lambda tables from threshold to 100 TeV, 20 bins/decade, spline: 1
      ===== EM models for the G4Region  DefaultRegionForTheWorld ======
               hBrem : Emin=    0 eV  Emax=  100 TeV  ModifiedMephi

hPairProd:  for pi+  XStype:1  SubType=4
      dE/dx and range tables from 100 eV  to 100 TeV in 240 bins
      Lambda tables from threshold to 100 TeV, 20 bins/decade, spline: 1
      Sampling table 20x1001, from 1.11656 GeV to 100 TeV 
      ===== EM models for the G4Region  DefaultRegionForTheWorld ======
           hPairProd : Emin=    0 eV  Emax=  100 TeV  ModifiedMephi

CoulombScat:  for pi+ XStype:1 SubType=1 BuildTable=1
      Lambda table from threshold  to 100 TeV, 20 bins/decade, spline: 0
      ThetaMin(p) < Theta(degree) < 180, pLimit(GeV^1)= 0.139531
      ===== EM models for the G4Region  DefaultRegionForTheWorld ======
  eCoulombScattering : Emin=    0 eV  Emax=  100 TeV

msc:  for pi-  SubType= 10
      ===== EM models for the G4Region  DefaultRegionForTheWorld ======
        WentzelVIUni : Emin=    0 eV  Emax=  100 TeV Nbins=240 100 eV  - 100 TeV
          StepLim=Minimal Rfact=0.2 Gfact=2.5 Sfact=0.6 DispFlag:1 Skin=3 Llim=1 mm

hIoni:  for pi-  XStype:3  SubType=2
      dE/dx and range tables from 100 eV  to 100 TeV in 240 bins
      Lambda tables from threshold to 100 TeV, 20 bins/decade, spline: 1
      StepFunction=(0.1, 0.05 mm), integ: 3, fluct: 1, linLossLim= 0.01
      ===== EM models for the G4Region  DefaultRegionForTheWorld ======
            ICRU73QO : Emin=    0 eV  Emax=297.505 keV  deltaVI
          BetheBloch : Emin=297.505 keV Emax=  100 TeV  deltaVI

hBrems:  for pi-  XStype:1  SubType=3
      dE/dx and range tables from 100 eV  to 100 TeV in 240 bins
      Lambda tables from threshold to 100 TeV, 20 bins/decade, spline: 1
      ===== EM models for the G4Region  DefaultRegionForTheWorld ======
               hBrem : Emin=    0 eV  Emax=  100 TeV  ModifiedMephi

hPairProd:  for pi-  XStype:1  SubType=4
      dE/dx and range tables from 100 eV  to 100 TeV in 240 bins
      Lambda tables from threshold to 100 TeV, 20 bins/decade, spline: 1
      Sampling table 20x1001, from 1.11656 GeV to 100 TeV 
      ===== EM models for the G4Region  DefaultRegionForTheWorld ======
           hPairProd : Emin=    0 eV  Emax=  100 TeV  ModifiedMephi

CoulombScat:  for pi- XStype:1 SubType=1 BuildTable=1
      Used Lambda table of pi+
      ThetaMin(p) < Theta(degree) < 180, pLimit(GeV^1)= 0.139531
      ===== EM models for the G4Region  DefaultRegionForTheWorld ======
  eCoulombScattering : Emin=    0 eV  Emax=  100 TeV

====================================================================
                  HADRONIC PROCESSES SUMMARY (verbose level 1)
-----------------------------------------------------------------------
                           Hadronic Processes for neutron
  Process: hadElastic
        Model:             hElasticCHIPS: 0 eV  ---> 100 TeV
     Cr_sctns:        G4NeutronElasticXS: 0 eV  ---> 100 TeV
  Process: neutronInelastic
        Model:                      FTFP: 3 GeV ---> 100 TeV
        Model:            BertiniCascade: 0 eV  ---> 6 GeV
     Cr_sctns:      G4NeutronInelasticXS: 0 eV  ---> 100 TeV
  Process: nCapture
        Model:               nRadCapture: 0 eV  ---> 100 TeV
     Cr_sctns:        G4NeutronCaptureXS: 0 eV  ---> 100 TeV
  Process: nKiller
-----------------------------------------------------------------------
                           Hadronic Processes for B-
  Process: hadElastic
        Model:              hElasticLHEP: 0 eV  ---> 100 TeV
     Cr_sctns:            Glauber-Gribov: 0 eV  ---> 100 TeV
  Process: B-Inelastic
        Model:                      FTFP: 0 eV  ---> 100 TeV
     Cr_sctns:            Glauber-Gribov: 0 eV  ---> 100 TeV
-----------------------------------------------------------------------
                           Hadronic Processes for D-
  Process: hadElastic
        Model:              hElasticLHEP: 0 eV  ---> 100 TeV
     Cr_sctns:            Glauber-Gribov: 0 eV  ---> 100 TeV
  Process: D-Inelastic
        Model:                      FTFP: 0 eV  ---> 100 TeV
     Cr_sctns:            Glauber-Gribov: 0 eV  ---> 100 TeV
-----------------------------------------------------------------------
                           Hadronic Processes for GenericIon
  Process: ionInelastic
        Model:  Binary Light Ion Cascade: 0 eV /n ---> 6 GeV/n
        Model:                      FTFP: 3 GeV/n ---> 100 TeV/n
     Cr_sctns:  Glauber-Gribov Nucl-nucl: 0 eV  ---> 25.6 PeV
-----------------------------------------------------------------------
                           Hadronic Processes for He3
  Process: hadElastic
        Model:              hElasticLHEP: 0 eV /n ---> 100 TeV/n
     Cr_sctns:  Glauber-Gribov Nucl-nucl: 0 eV  ---> 25.6 PeV
  Process: He3Inelastic
        Model:  Binary Light Ion Cascade: 0 eV /n ---> 6 GeV/n
        Model:                      FTFP: 3 GeV/n ---> 100 TeV/n
     Cr_sctns:  Glauber-Gribov Nucl-nucl: 0 eV  ---> 25.6 PeV
-----------------------------------------------------------------------
                           Hadronic Processes for alpha
  Process: hadElastic
        Model:              hElasticLHEP: 0 eV /n ---> 100 TeV/n
     Cr_sctns:  Glauber-Gribov Nucl-nucl: 0 eV  ---> 25.6 PeV
  Process: alphaInelastic
        Model:  Binary Light Ion Cascade: 0 eV /n ---> 6 GeV/n
        Model:                      FTFP: 3 GeV/n ---> 100 TeV/n
     Cr_sctns:  Glauber-Gribov Nucl-nucl: 0 eV  ---> 25.6 PeV
-----------------------------------------------------------------------
                           Hadronic Processes for anti_He3
  Process: hadElastic
        Model:              hElasticLHEP: 0 eV /n ---> 100.1 MeV/n
        Model:              AntiAElastic: 100 MeV/n ---> 100 TeV/n
     Cr_sctns:              AntiAGlauber: 0 eV  ---> 25.6 PeV
  Process: anti_He3Inelastic
        Model:                      FTFP: 0 eV /n ---> 100 TeV/n
     Cr_sctns:              AntiAGlauber: 0 eV  ---> 25.6 PeV
  Process: hFritiofCaptureAtRest
-----------------------------------------------------------------------
                           Hadronic Processes for anti_alpha
  Process: hadElastic
        Model:              hElasticLHEP: 0 eV /n ---> 100.1 MeV/n
        Model:              AntiAElastic: 100 MeV/n ---> 100 TeV/n
     Cr_sctns:              AntiAGlauber: 0 eV  ---> 25.6 PeV
  Process: anti_alphaInelastic
        Model:                      FTFP: 0 eV /n ---> 100 TeV/n
     Cr_sctns:              AntiAGlauber: 0 eV  ---> 25.6 PeV
  Process: hFritiofCaptureAtRest
-----------------------------------------------------------------------
                           Hadronic Processes for anti_deuteron
  Process: hadElastic
        Model:              hElasticLHEP: 0 eV /n ---> 100.1 MeV/n
        Model:              AntiAElastic: 100 MeV/n ---> 100 TeV/n
     Cr_sctns:              AntiAGlauber: 0 eV  ---> 25.6 PeV
  Process: anti_deuteronInelastic
        Model:                      FTFP: 0 eV /n ---> 100 TeV/n
     Cr_sctns:              AntiAGlauber: 0 eV  ---> 25.6 PeV
  Process: hFritiofCaptureAtRest
-------------------------------------------------------------------------
                           Hadronic Processes for anti_hypertriton
  Process: hFritiofCaptureAtRest
-----------------------------------------------------------------------
                           Hadronic Processes for anti_lambda
  Process: hadElastic
        Model:              hElasticLHEP: 0 eV  ---> 100 TeV
     Cr_sctns:            Glauber-Gribov: 0 eV  ---> 100 TeV
  Process: anti_lambdaInelastic
        Model:                      FTFP: 0 eV  ---> 100 TeV
     Cr_sctns:            Glauber-Gribov: 0 eV  ---> 100 TeV
  Process: hFritiofCaptureAtRest
-----------------------------------------------------------------------
                           Hadronic Processes for anti_neutron
  Process: hadElastic
        Model:              hElasticLHEP: 0 eV  ---> 100.1 MeV
        Model:              AntiAElastic: 100 MeV ---> 100 TeV
     Cr_sctns:              AntiAGlauber: 0 eV  ---> 25.6 PeV
  Process: anti_neutronInelastic
        Model:                      FTFP: 0 eV  ---> 100 TeV
     Cr_sctns:              AntiAGlauber: 0 eV  ---> 25.6 PeV
  Process: hFritiofCaptureAtRest
-----------------------------------------------------------------------
                           Hadronic Processes for anti_proton
  Process: hadElastic
        Model:              hElasticLHEP: 0 eV  ---> 100.1 MeV
        Model:              AntiAElastic: 100 MeV ---> 100 TeV
     Cr_sctns:              AntiAGlauber: 0 eV  ---> 25.6 PeV
  Process: anti_protonInelastic
        Model:                      FTFP: 0 eV  ---> 100 TeV
     Cr_sctns:              AntiAGlauber: 0 eV  ---> 25.6 PeV
  Process: hFritiofCaptureAtRest
-----------------------------------------------------------------------
                           Hadronic Processes for anti_triton
  Process: hadElastic
        Model:              hElasticLHEP: 0 eV /n ---> 100.1 MeV/n
        Model:              AntiAElastic: 100 MeV/n ---> 100 TeV/n
     Cr_sctns:              AntiAGlauber: 0 eV  ---> 25.6 PeV
  Process: anti_tritonInelastic
        Model:                      FTFP: 0 eV /n ---> 100 TeV/n
     Cr_sctns:              AntiAGlauber: 0 eV  ---> 25.6 PeV
  Process: hFritiofCaptureAtRest
-----------------------------------------------------------------------
                           Hadronic Processes for deuteron
  Process: hadElastic
        Model:              hElasticLHEP: 0 eV /n ---> 100 TeV/n
     Cr_sctns:  Glauber-Gribov Nucl-nucl: 0 eV  ---> 25.6 PeV
  Process: dInelastic
        Model:  Binary Light Ion Cascade: 0 eV /n ---> 6 GeV/n
        Model:                      FTFP: 3 GeV/n ---> 100 TeV/n
     Cr_sctns:  Glauber-Gribov Nucl-nucl: 0 eV  ---> 25.6 PeV
-----------------------------------------------------------------------
                           Hadronic Processes for e+
  Process: positronNuclear
        Model:   G4ElectroVDNuclearModel: 0 eV  ---> 1 PeV
     Cr_sctns:          ElectroNuclearXS: 0 eV  ---> 100 TeV
-----------------------------------------------------------------------
                           Hadronic Processes for e-
  Process: electronNuclear
        Model:   G4ElectroVDNuclearModel: 0 eV  ---> 1 PeV
     Cr_sctns:          ElectroNuclearXS: 0 eV  ---> 100 TeV
-----------------------------------------------------------------------
                           Hadronic Processes for gamma
  Process: photonNuclear
        Model:               GammaNPreco: 0 eV  ---> 200 MeV
        Model:            BertiniCascade: 199 MeV ---> 6 GeV
        Model:           TheoFSGenerator: 3 GeV ---> 100 TeV
     Cr_sctns:            GammaNuclearXS: 0 eV  ---> 100 TeV
-----------------------------------------------------------------------
                           Hadronic Processes for kaon+
  Process: hadElastic
        Model:              hElasticLHEP: 0 eV  ---> 100 TeV
     Cr_sctns:            Glauber-Gribov: 0 eV  ---> 100 TeV
  Process: kaon+Inelastic
        Model:                      FTFP: 3 GeV ---> 100 TeV
        Model:            BertiniCascade: 0 eV  ---> 6 GeV
     Cr_sctns:            Glauber-Gribov: 0 eV  ---> 100 TeV
-----------------------------------------------------------------------
                           Hadronic Processes for kaon-
  Process: hadElastic
        Model:              hElasticLHEP: 0 eV  ---> 100 TeV
     Cr_sctns:            Glauber-Gribov: 0 eV  ---> 100 TeV
  Process: kaon-Inelastic
        Model:                      FTFP: 3 GeV ---> 100 TeV
        Model:            BertiniCascade: 0 eV  ---> 6 GeV
     Cr_sctns:            Glauber-Gribov: 0 eV  ---> 100 TeV
  Process: hBertiniCaptureAtRest
-----------------------------------------------------------------------
                           Hadronic Processes for lambda
  Process: hadElastic
        Model:              hElasticLHEP: 0 eV  ---> 100 TeV
     Cr_sctns:            Glauber-Gribov: 0 eV  ---> 100 TeV
  Process: lambdaInelastic
        Model:                      FTFP: 3 GeV ---> 100 TeV
        Model:            BertiniCascade: 0 eV  ---> 6 GeV
     Cr_sctns:            Glauber-Gribov: 0 eV  ---> 100 TeV
-----------------------------------------------------------------------
                           Hadronic Processes for mu+
  Process: muonNuclear
        Model:      G4MuonVDNuclearModel: 0 eV  ---> 1 PeV
     Cr_sctns:     KokoulinMuonNuclearXS: 0 eV  ---> 100 TeV
-----------------------------------------------------------------------
                           Hadronic Processes for mu-
  Process: muonNuclear
        Model:      G4MuonVDNuclearModel: 0 eV  ---> 1 PeV
     Cr_sctns:     KokoulinMuonNuclearXS: 0 eV  ---> 100 TeV
  Process: muMinusCaptureAtRest
-----------------------------------------------------------------------
                           Hadronic Processes for pi+
  Process: hadElastic
        Model:           hElasticGlauber: 0 eV  ---> 100 TeV
     Cr_sctns:  BarashenkovGlauberGribov: 0 eV  ---> 100 TeV
  Process: pi+Inelastic
        Model:                      FTFP: 3 GeV ---> 100 TeV
        Model:            BertiniCascade: 0 eV  ---> 6 GeV
     Cr_sctns:  BarashenkovGlauberGribov: 0 eV  ---> 100 TeV
-----------------------------------------------------------------------
                           Hadronic Processes for pi-
  Process: hadElastic
        Model:           hElasticGlauber: 0 eV  ---> 100 TeV
     Cr_sctns:  BarashenkovGlauberGribov: 0 eV  ---> 100 TeV
  Process: pi-Inelastic
        Model:                      FTFP: 3 GeV ---> 100 TeV
        Model:            BertiniCascade: 0 eV  ---> 6 GeV
     Cr_sctns:  BarashenkovGlauberGribov: 0 eV  ---> 100 TeV
  Process: hBertiniCaptureAtRest
-----------------------------------------------------------------------
                           Hadronic Processes for proton
  Process: hadElastic
        Model:             hElasticCHIPS: 0 eV  ---> 100 TeV
     Cr_sctns:  BarashenkovGlauberGribov: 0 eV  ---> 100 TeV
  Process: protonInelastic
        Model:                      FTFP: 3 GeV ---> 100 TeV
        Model:            BertiniCascade: 0 eV  ---> 6 GeV
     Cr_sctns:  BarashenkovGlauberGribov: 0 eV  ---> 100 TeV
-----------------------------------------------------------------------
                           Hadronic Processes for sigma-
  Process: hadElastic
        Model:              hElasticLHEP: 0 eV  ---> 100 TeV
     Cr_sctns:            Glauber-Gribov: 0 eV  ---> 100 TeV
  Process: sigma-Inelastic
        Model:                      FTFP: 3 GeV ---> 100 TeV
        Model:            BertiniCascade: 0 eV  ---> 6 GeV
     Cr_sctns:            Glauber-Gribov: 0 eV  ---> 100 TeV
  Process: hBertiniCaptureAtRest
-----------------------------------------------------------------------
                           Hadronic Processes for triton
  Process: hadElastic
        Model:              hElasticLHEP: 0 eV /n ---> 100 TeV/n
     Cr_sctns:  Glauber-Gribov Nucl-nucl: 0 eV  ---> 25.6 PeV
  Process: tInelastic
        Model:  Binary Light Ion Cascade: 0 eV /n ---> 6 GeV/n
        Model:                      FTFP: 3 GeV/n ---> 100 TeV/n
     Cr_sctns:  Glauber-Gribov Nucl-nucl: 0 eV  ---> 25.6 PeV
=======================================================================
======       Geant4 Native Pre-compound Model Parameters       ========
=======================================================================
Type of pre-compound model                          0
Type of pre-compound inverse x-section              1
Pre-compound model active                           1
Pre-compound excitation low energy                  0.1 MeV 
Pre-compound excitation high energy                 15 MeV 
Angular generator for pre-compound model            1
Use NeverGoBack option for pre-compound model       0
Use SoftCutOff option for pre-compound model        0
Use CEM transitions for pre-compound model          1
Use GNASH transitions for pre-compound model        0
Use HETC submodel for pre-compound model            0
=======================================================================
======       Nuclear De-excitation Module Parameters           ========
=======================================================================
Type of de-excitation inverse x-section             3
Type of de-excitation factory                       Evaporation+GEM
Number of de-excitation channels                    68
Type of Fermi BreakUp model                         ModelVI
Min excitation energy                               0.01 keV 
Min energy per nucleon for multifragmentation       2e+05 MeV
Level density (1/MeV)                               0.075
Use simple level density model                      1
Use discrete excitation energy of the residual      0
Time limit for long lived isomeres                  1 ns 
Isomer production flag                              1
Internal e- conversion flag                         1
Store e- internal conversion data                   1
Correlated gamma emission flag                      0
Max 2J for sampling of angular correlations         10
=======================================================================

========= Table of registered couples ============================

Index : 0     used in the geometry : Yes
 Material : Vacuum
 Range cuts        :  gamma  700 um     e-  700 um     e+  700 um  proton 700 um 
 Energy thresholds :  gamma  990 eV     e-  990 eV     e+  990 eV  proton 70 keV
 Region(s) which use this couple : 
    DefaultRegionForTheWorld

Index : 1     used in the geometry : Yes
 Material : Al
 Range cuts        :  gamma  700 um     e-  700 um     e+  700 um  proton 700 um 
 Energy thresholds :  gamma  5.84809 keV    e-  461.311 keV    e+  445.215 keV proton 70 keV
 Region(s) which use this couple : 
    DefaultRegionForTheWorld

Index : 2     used in the geometry : Yes
 Material : LXe
 Range cuts        :  gamma  700 um     e-  700 um     e+  700 um  proton 700 um 
 Energy thresholds :  gamma  23.9005 keV    e-  392.984 keV    e+  377.557 keV proton 70 keV
 Region(s) which use this couple : 
    DefaultRegionForTheWorld

Index : 3     used in the geometry : Yes
 Material : Glass
 Range cuts        :  gamma  700 um     e-  700 um     e+  700 um  proton 700 um 
 Energy thresholds :  gamma  2.09772 keV    e-  281.684 keV    e+  274.852 keV proton 70 keV
 Region(s) which use this couple : 
    DefaultRegionForTheWorld

==================================================================

### Run 0 starts.
--> Event 0 starts.
--> Event 10 starts.
"./currentEvent.rndm" is copied to "./run0evt15.rndm--> Event 20 starts.
"./currentEvent.rndm" is copied to "./run0evt24.rndm--> Event 30 starts.
--> Event 40 starts.
--> Event 50 starts.
--> Event 60 starts.
--> Event 70 starts.
--> Event 80 starts.
--> Event 90 starts.
--> Event 100 starts.
--> Event 110 starts.
--> Event 120 starts.
--> Event 130 starts.
--> Event 140 starts.
--> Event 150 starts.
"./currentEvent.rndm" is copied to "./run0evt157.rndm--> Event 160 starts.
--> Event 170 starts.
--> Event 180 starts.
--> Event 190 starts.
 Run terminated.
Run Summary
  Number of events processed : 200
  User=4.540000s Real=4.702330s Sys=0.020000s

 ======================== run summary ======================
The run was 200 events.
Number of hits per event:	 1283 +- 15.6
Number of hits per event above threshold:	 31.61 +- 0.2304
Number of scintillation photons per event :	 4304 +- 0
Number of Cerenkov photons per event:	 0.59 +- 0.06789
Number of absorbed photons per event :	 3022 +- 34.57
Number of photons absorbed at boundary per event:	 0 +- 0
Total energy deposition in scintillator per event:	 512.7 +- 5.704 keV.

/vis/enable
WARNING: G4VisManager::IsValidView(): Attempt to draw when no graphics system
  has been instantiated.  Use "/vis/open" or "/vis/sceneHandler/create".
  Alternatively, to avoid this message, suppress instantiation of vis
  manager (G4VisExecutive) and ensure drawing code is executed only if
  G4VVisManager::GetConcreteInstance() is non-zero.
G4VisManager::Enable: WARNING: visualization remains disabled for
  above reasons.  Rectifying with valid vis commands will
  automatically enable.
/LXe/eventVerbose 1
/process/optical/scintillation/setTrackSecondariesFirst false
/run/physicsModified
/run/beamOn 5

### ===  Deexcitation model UAtomDeexcitation is activated for 1 region:
          DefaultRegionForTheWorld  1  0  0
### ===  Ignore cuts flag:   0

========= Table of registered couples ============================

Index : 0     used in the geometry : Yes
 Material : Vacuum
 Range cuts        :  gamma  700 um     e-  700 um     e+  700 um  proton 700 um 
 Energy thresholds :  gamma  990 eV     e-  990 eV     e+  990 eV  proton 70 keV
 Region(s) which use this couple : 
    DefaultRegionForTheWorld

Index : 1     used in the geometry : Yes
 Material : Al
 Range cuts        :  gamma  700 um     e-  700 um     e+  700 um  proton 700 um 
 Energy thresholds :  gamma  5.84809 keV    e-  461.311 keV    e+  445.215 keV proton 70 keV
 Region(s) which use this couple : 
    DefaultRegionForTheWorld

Index : 2     used in the geometry : Yes
 Material : LXe
 Range cuts        :  gamma  700 um     e-  700 um     e+  700 um  proton 700 um 
 Energy thresholds :  gamma  23.9005 keV    e-  392.984 keV    e+  377.557 keV proton 70 keV
 Region(s) which use this couple : 
    DefaultRegionForTheWorld

Index : 3     used in the geometry : Yes
 Material : Glass
 Range cuts        :  gamma  700 um     e-  700 um     e+  700 um  proton 700 um 
 Energy thresholds :  gamma  2.09772 keV    e-  281.684 keV    e+  274.852 keV proton 70 keV
 Region(s) which use this couple : 
    DefaultRegionForTheWorld

==================================================================

### Run 1 starts.
--> Event 0 starts.
	Energy weighted position of hits in LXe : (0.00197504,-0.0138641,-107.751)
	Total energy deposition in scintillator : 534.846 (keV)
	Reconstructed position of hits in LXe : (0.065917,1.08564,-20.1576)
	Number of photons that hit PMTs in this event : 1355
	Number of PMTs above threshold(4) : 32
	Number of photons produced by scintillation in this event : 4727
	Number of photons produced by cerenkov in this event : 1
	Number of photons absorbed (OpAbsorption) in this event : 3373
	Number of photons absorbed at boundaries (OpBoundary) in this event : 0
Unaccounted for photons in this event : 0
	Energy weighted position of hits in LXe : (0.297363,-0.772319,-53.5211)
	Total energy deposition in scintillator : 532.888 (keV)
	Reconstructed position of hits in LXe : (-1.94149,-0.82105,-14.6901)
	Number of photons that hit PMTs in this event : 1360
	Number of PMTs above threshold(4) : 32
	Number of photons produced by scintillation in this event : 4456
	Number of photons produced by cerenkov in this event : 0
	Number of photons absorbed (OpAbsorption) in this event : 3096
	Number of photons absorbed at boundaries (OpBoundary) in this event : 0
Unaccounted for photons in this event : 0
	Energy weighted position of hits in LXe : (-3.07243,0.409735,-65.6928)
	Total energy deposition in scintillator : 532.94 (keV)
	Reconstructed position of hits in LXe : (-2.19728,2.36814,-25.4916)
	Number of photons that hit PMTs in this event : 1319
	Number of PMTs above threshold(4) : 32
	Number of photons produced by scintillation in this event : 4423
	Number of photons produced by cerenkov in this event : 0
	Number of photons absorbed (OpAbsorption) in this event : 3104
	Number of photons absorbed at boundaries (OpBoundary) in this event : 0
Unaccounted for photons in this event : 0
	Energy weighted position of hits in LXe : (0.117812,-0.0110695,-73.7053)
	Total energy deposition in scintillator : 533.597 (keV)
	Reconstructed position of hits in LXe : (-1.78185,0.831224,-21.8916)
	Number of photons that hit PMTs in this event : 1403
	Number of PMTs above threshold(4) : 32
	Number of photons produced by scintillation in this event : 4598
	Number of photons produced by cerenkov in this event : 1
	Number of photons absorbed (OpAbsorption) in this event : 3196
	Number of photons absorbed at boundaries (OpBoundary) in this event : 0
Unaccounted for photons in this event : 0
	Energy weighted position of hits in LXe : (-0.0965435,0.361925,33.4441)
	Total energy deposition in scintillator : 251.222 (keV)
	Reconstructed position of hits in LXe : (-1.2204,2.65101,10.829)
	Number of photons that hit PMTs in this event : 623
	Number of PMTs above threshold(4) : 32
	Number of photons produced by scintillation in this event : 2148
	Number of photons produced by cerenkov in this event : 0
	Number of photons absorbed (OpAbsorption) in this event : 1525
	Number of photons absorbed at boundaries (OpBoundary) in this event : 0
Unaccounted for photons in this event : 0
 Run terminated.
Run Summary
  Number of events processed : 5
  User=0.100000s Real=0.097280s Sys=0.000000s

 ======================== run summary ======================
The run was 5 events.
Number of hits per event:	 1212 +- 132.2
Number of hits per event above threshold:	 32 +- 0
Number of scintillation photons per event :	 4070 +- 432.6
Number of Cerenkov photons per event:	 0.4 +- 0.2191
Number of absorbed photons per event :	 2859 +- 301.6
Number of photons absorbed at boundary per event:	 0 +- 0
Total energy deposition in scintillator per event:	 477.1 +- 50.51 keV.

/tracking/verbose 1
/LXe/forceDrawPhotons true
/LXe/detector/MainScintYield 100
/process/optical/scintillation/setTrackSecondariesFirst true
/run/physicsModified
/run/beamOn 1

### ===  Deexcitation model UAtomDeexcitation is activated for 1 region:
          DefaultRegionForTheWorld  1  0  0
### ===  Ignore cuts flag:   0

========= Table of registered couples ============================

Index : 0     used in the geometry : Yes
 Material : Vacuum
 Range cuts        :  gamma  700 um     e-  700 um     e+  700 um  proton 700 um 
 Energy thresholds :  gamma  990 eV     e-  990 eV     e+  990 eV  proton 70 keV
 Region(s) which use this couple : 
    DefaultRegionForTheWorld

Index : 1     used in the geometry : Yes
 Material : Al
 Range cuts        :  gamma  700 um     e-  700 um     e+  700 um  proton 700 um 
 Energy thresholds :  gamma  5.84809 keV    e-  461.311 keV    e+  445.215 keV proton 70 keV
 Region(s) which use this couple : 
    DefaultRegionForTheWorld

Index : 2     used in the geometry : Yes
 Material : LXe
 Range cuts        :  gamma  700 um     e-  700 um     e+  700 um  proton 700 um 
 Energy thresholds :  gamma  23.9005 keV    e-  392.984 keV    e+  377.557 keV proton 70 keV
 Region(s) which use this couple : 
    DefaultRegionForTheWorld

Index : 3     used in the geometry : Yes
 Material : Glass
 Range cuts        :  gamma  700 um     e-  700 um     e+  700 um  proton 700 um 
 Energy thresholds :  gamma  2.09772 keV    e-  281.684 keV    e+  274.852 keV proton 70 keV
 Region(s) which use this couple : 
    DefaultRegionForTheWorld

==================================================================

### Run 2 starts.
--> Event 0 starts.

*********************************************************************************************************
* G4Track Information:   Particle = gamma,   Track ID = 1,   Parent ID = 0
*********************************************************************************************************

Step#    X(mm)    Y(mm)    Z(mm) KinE(MeV)  dE(MeV) StepLeng TrackLeng  NextVolume ProcName
    0        0        0     -200     0.511        0        0         0     expHall initStep
    1        0        0     -114     0.511        0     86.4      86.4     housing Transportation
    2        0        0     -113     0.511        0    0.635        87 scintillator Transportation
    3        0        0      -70     0.283 0.000208       43       130 scintillator compt
    4    -9.96     3.69    -67.7         0  0.00478     10.9       141 scintillator phot

*********************************************************************************************************
* G4Track Information:   Particle = opticalphoton,   Track ID = 5,   Parent ID = 1
*********************************************************************************************************

Step#    X(mm)    Y(mm)    Z(mm) KinE(MeV)  dE(MeV) StepLeng TrackLeng  NextVolume ProcName
    0    -9.96     3.69    -67.7  7.06e-06        0        0         0 scintillator initStep
    1     77.4       89    -7.05  7.06e-06        0      136       136     housing Transportation
    2     77.4       89    -7.05  7.06e-06        0        0       136 scintillator Transportation
    3       89     77.6     1.02  7.06e-06        0     18.1       154     housing Transportation
    4       89     77.6     1.02  7.06e-06        0        0       154 scintillator Transportation
    5     6.46    -2.98     58.4  7.06e-06 7.06e-06      129       283 scintillator OpAbsorption

*********************************************************************************************************
* G4Track Information:   Particle = gamma,   Track ID = 4,   Parent ID = 1
*********************************************************************************************************

Step#    X(mm)    Y(mm)    Z(mm) KinE(MeV)  dE(MeV) StepLeng TrackLeng  NextVolume ProcName
    0    -9.96     3.69    -67.7    0.0298        0        0         0 scintillator initStep
    1    -10.9     3.42    -68.2    0.0298        0     1.12      1.12 scintillator Rayl
    2      -11      3.4    -68.2         0    0.001   0.0722      1.19 scintillator phot

*********************************************************************************************************
* G4Track Information:   Particle = e-,   Track ID = 6,   Parent ID = 4
*********************************************************************************************************

Step#    X(mm)    Y(mm)    Z(mm) KinE(MeV)  dE(MeV) StepLeng TrackLeng  NextVolume ProcName
    0      -11      3.4    -68.2    0.0288        0        0         0 scintillator initStep
    1      -11      3.4    -68.2    0.0095   0.0193   0.0108    0.0108 scintillator eIoni

*********************************************************************************************************
* G4Track Information:   Particle = opticalphoton,   Track ID = 9,   Parent ID = 6
*********************************************************************************************************

Step#    X(mm)    Y(mm)    Z(mm) KinE(MeV)  dE(MeV) StepLeng TrackLeng  NextVolume ProcName
    0      -11      3.4    -68.2   7.1e-06        0        0         0 scintillator initStep
    1    -15.3      7.7     -113   7.1e-06        0     45.2      45.2     housing Transportation
    2    -15.3      7.7     -113   7.1e-06        0        0      45.2 scintillator Transportation
    3    -26.4     18.8      2.8   7.1e-06  7.1e-06      117       162 scintillator OpAbsorption

*********************************************************************************************************
* G4Track Information:   Particle = opticalphoton,   Track ID = 8,   Parent ID = 6
*********************************************************************************************************

Step#    X(mm)    Y(mm)    Z(mm) KinE(MeV)  dE(MeV) StepLeng TrackLeng  NextVolume ProcName
    0      -11      3.4    -68.2  7.06e-06        0        0         0 scintillator initStep
    1     69.8       89     29.6  7.06e-06        0      153       153     housing Transportation
    2     69.8       89     29.6  7.06e-06        0        0       153 scintillator Transportation
    3       89     68.6     52.9  7.06e-06        0     36.4       189     housing Transportation
    4       89     68.6     52.9  7.06e-06        0        0       189 scintillator Transportation
    5     39.3       16      113  7.06e-06        0     94.1       284     housing Transportation
    6     39.3       16      113  7.06e-06        0        0       284 scintillator Transportation
    7    -59.8      -89    -7.04  7.06e-06        0      188       471         pmt Transportation
    8    -60.1    -89.3    -7.43  7.06e-06 7.06e-06    0.598       472   photocath Transportation

*********************************************************************************************************
* G4Track Information:   Particle = opticalphoton,   Track ID = 7,   Parent ID = 6
*********************************************************************************************************

Step#    X(mm)    Y(mm)    Z(mm) KinE(MeV)  dE(MeV) StepLeng TrackLeng  NextVolume ProcName
    0      -11      3.4    -68.2  7.06e-06        0        0         0 scintillator initStep
    1    -1.22     31.4     -113  7.06e-06        0     53.7      53.7     housing Transportation
    2    -1.22     31.4     -113  7.06e-06        0        0      53.7 scintillator Transportation
    3     1.73     39.9    -99.5  7.06e-06 7.06e-06     16.2        70 scintillator OpAbsorption

*********************************************************************************************************
* G4Track Information:   Particle = e-,   Track ID = 6,   Parent ID = 4
*********************************************************************************************************

Step#    X(mm)    Y(mm)    Z(mm) KinE(MeV)  dE(MeV) StepLeng TrackLeng  NextVolume ProcName
    1      -11      3.4    -68.2    0.0095        0        0    0.0108 scintillator initStep
    2      -11      3.4    -68.2         0   0.0095  0.00171    0.0125 scintillator eIoni
    3      -11      3.4    -68.2         0        0        0    0.0125 scintillator NoProcess

*********************************************************************************************************
* G4Track Information:   Particle = e-,   Track ID = 3,   Parent ID = 1
*********************************************************************************************************

Step#    X(mm)    Y(mm)    Z(mm) KinE(MeV)  dE(MeV) StepLeng TrackLeng  NextVolume ProcName
    0    -9.96     3.69    -67.7     0.248        0        0         0 scintillator initStep
    1      -10     3.68    -67.7     0.208   0.0404   0.0904    0.0904 scintillator eIoni

*********************************************************************************************************
* G4Track Information:   Particle = opticalphoton,   Track ID = 17,   Parent ID = 3
*********************************************************************************************************

Step#    X(mm)    Y(mm)    Z(mm) KinE(MeV)  dE(MeV) StepLeng TrackLeng  NextVolume ProcName
    0    -9.96     3.69    -67.7  7.08e-06        0        0         0 scintillator initStep
    1      -89     70.4     99.9  7.08e-06        0      197       197     housing Transportation
    2      -89     70.4     99.9  7.08e-06        0        0       197 scintillator Transportation
    3    -82.8     75.6      113  7.08e-06        0     15.4       212     housing Transportation
    4    -82.8     75.6      113  7.08e-06        0        0       212 scintillator Transportation
    5    -66.9       89     79.3  7.08e-06        0     39.6       252         pmt Transportation
    6    -66.5     89.3     78.4  7.08e-06        0     1.11       253   photocath Transportation
    7    -66.5     89.3     78.4  7.08e-06        0        0       253         pmt Transportation
    8      -66       89     77.4  7.08e-06        0     1.11       254 scintillator Transportation
    9     8.87     25.8    -81.5  7.08e-06 7.08e-06      187       441 scintillator OpAbsorption

*********************************************************************************************************
* G4Track Information:   Particle = opticalphoton,   Track ID = 16,   Parent ID = 3
*********************************************************************************************************

Step#    X(mm)    Y(mm)    Z(mm) KinE(MeV)  dE(MeV) StepLeng TrackLeng  NextVolume ProcName
    0    -9.97     3.69    -67.7  7.05e-06        0        0         0 scintillator initStep
    1    -19.2       20    -81.6  7.05e-06 7.05e-06     23.3      23.3 scintillator OpAbsorption

*********************************************************************************************************
* G4Track Information:   Particle = opticalphoton,   Track ID = 15,   Parent ID = 3
*********************************************************************************************************

Step#    X(mm)    Y(mm)    Z(mm) KinE(MeV)  dE(MeV) StepLeng TrackLeng  NextVolume ProcName
    0    -9.98     3.68    -67.7  7.13e-06        0        0         0 scintillator initStep
    1       -5     12.3     -113  7.13e-06        0     46.4      46.4     housing Transportation
    2       -5     12.3     -113  7.13e-06        0        0      46.4 scintillator Transportation
    3     9.79       38     21.3  7.13e-06 7.13e-06      138       184 scintillator OpAbsorption

*********************************************************************************************************
* G4Track Information:   Particle = opticalphoton,   Track ID = 14,   Parent ID = 3
*********************************************************************************************************

Step#    X(mm)    Y(mm)    Z(mm) KinE(MeV)  dE(MeV) StepLeng TrackLeng  NextVolume ProcName
    0    -9.97     3.69    -67.7  7.07e-06        0        0         0 scintillator initStep
    1       89     10.8     -109  7.07e-06        0      107       107     housing Transportation
    2       89     10.8     -109  7.07e-06        0        0       107 scintillator Transportation
    3     79.5     11.5     -113  7.07e-06        0     10.3       118     housing Transportation
    4     79.5     11.5     -113  7.07e-06        0        0       118 scintillator Transportation
    5    -29.6     19.4    -67.5  7.07e-06 7.07e-06      118       236 scintillator OpAbsorption

*********************************************************************************************************
* G4Track Information:   Particle = opticalphoton,   Track ID = 13,   Parent ID = 3
*********************************************************************************************************

Step#    X(mm)    Y(mm)    Z(mm) KinE(MeV)  dE(MeV) StepLeng TrackLeng  NextVolume ProcName
    0    -9.98     3.68    -67.7  7.07e-06        0        0         0 scintillator initStep
    1     77.2    -35.6     -113  7.07e-06        0      106       106     housing Transportation
    2     77.2    -35.6     -113  7.07e-06        0        0       106 scintillator Transportation
    3       89    -40.9     -107  7.07e-06        0     14.3       120     housing Transportation
    4       89    -40.9     -107  7.07e-06        0        0       120 scintillator Transportation
    5    -17.9      -89    -51.4  7.07e-06        0      130       250     housing Transportation
    6    -17.9      -89    -51.4  7.07e-06        0        0       250 scintillator Transportation
    7    -83.9    -59.3    -17.1  7.07e-06 7.07e-06     80.1       330 scintillator OpAbsorption

*********************************************************************************************************
* G4Track Information:   Particle = opticalphoton,   Track ID = 12,   Parent ID = 3
*********************************************************************************************************

Step#    X(mm)    Y(mm)    Z(mm) KinE(MeV)  dE(MeV) StepLeng TrackLeng  NextVolume ProcName
    0    -9.96     3.69    -67.7  7.07e-06        0        0         0 scintillator initStep
    1    -23.2       89    -46.9  7.07e-06        0     88.8      88.8     housing Transportation
    2    -23.2       89    -46.9  7.07e-06        0        0      88.8 scintillator Transportation
    3    -24.9     78.1    -44.2  7.07e-06 7.07e-06     11.3       100 scintillator OpAbsorption

*********************************************************************************************************
* G4Track Information:   Particle = opticalphoton,   Track ID = 11,   Parent ID = 3
*********************************************************************************************************

Step#    X(mm)    Y(mm)    Z(mm) KinE(MeV)  dE(MeV) StepLeng TrackLeng  NextVolume ProcName
    0    -9.98     3.68    -67.7   7.1e-06        0        0         0 scintillator initStep
    1    -36.4      -89    -98.6   7.1e-06        0      101       101     housing Transportation
    2    -36.4      -89    -98.6   7.1e-06        0        0       101 scintillator Transportation
    3    -48.7    -45.7     -113   7.1e-06        0     47.3       148         pmt Transportation
    4      -49    -44.6     -113   7.1e-06  7.1e-06     1.19       150   photocath Transportation

*********************************************************************************************************
* G4Track Information:   Particle = opticalphoton,   Track ID = 10,   Parent ID = 3
*********************************************************************************************************

Step#    X(mm)    Y(mm)    Z(mm) KinE(MeV)  dE(MeV) StepLeng TrackLeng  NextVolume ProcName
    0    -9.98     3.68    -67.7  7.07e-06        0        0         0 scintillator initStep
    1    -20.6       19     -113  7.07e-06        0       49        49     housing Transportation
    2    -20.6       19     -113  7.07e-06        0        0        49 scintillator Transportation
    3    -69.5       89     94.5  7.07e-06        0      224       273     housing Transportation
    4    -69.5       89     94.5  7.07e-06        0        0       273 scintillator Transportation
    5    -73.9     82.8      113  7.07e-06        0       20       293     housing Transportation
    6    -73.9     82.8      113  7.07e-06        0        0       293 scintillator Transportation
    7    -77.6     77.3     96.9  7.07e-06 7.07e-06     17.4       311 scintillator OpAbsorption

*********************************************************************************************************
* G4Track Information:   Particle = e-,   Track ID = 3,   Parent ID = 1
*********************************************************************************************************

Step#    X(mm)    Y(mm)    Z(mm) KinE(MeV)  dE(MeV) StepLeng TrackLeng  NextVolume ProcName
    1      -10     3.68    -67.7     0.208        0        0    0.0904 scintillator initStep
    2      -10     3.66    -67.7     0.179   0.0289   0.0726     0.163 scintillator eIoni

*********************************************************************************************************
* G4Track Information:   Particle = opticalphoton,   Track ID = 23,   Parent ID = 3
*********************************************************************************************************

Step#    X(mm)    Y(mm)    Z(mm) KinE(MeV)  dE(MeV) StepLeng TrackLeng  NextVolume ProcName
    0      -10     3.67    -67.7  7.03e-06        0        0         0 scintillator initStep
    1     5.23    -2.69     -113  7.03e-06        0     48.2      48.2     housing Transportation
    2     5.23    -2.69     -113  7.03e-06        0        0      48.2 scintillator Transportation
    3     26.6    -11.6    -49.5  7.03e-06 7.03e-06     67.5       116 scintillator OpAbsorption

*********************************************************************************************************
* G4Track Information:   Particle = opticalphoton,   Track ID = 22,   Parent ID = 3
*********************************************************************************************************

Step#    X(mm)    Y(mm)    Z(mm) KinE(MeV)  dE(MeV) StepLeng TrackLeng  NextVolume ProcName
    0      -10     3.67    -67.7  7.04e-06        0        0         0 scintillator initStep
    1    -7.28      -19     -113  7.04e-06        0     50.7      50.7     housing Transportation
    2    -7.28      -19     -113  7.04e-06        0        0      50.7 scintillator Transportation
    3   -0.494    -75.5   -0.177  7.04e-06 7.04e-06      126       177 scintillator OpAbsorption

*********************************************************************************************************
* G4Track Information:   Particle = opticalphoton,   Track ID = 21,   Parent ID = 3
*********************************************************************************************************

Step#    X(mm)    Y(mm)    Z(mm) KinE(MeV)  dE(MeV) StepLeng TrackLeng  NextVolume ProcName
    0      -10     3.68    -67.7  7.05e-06        0        0         0 scintillator initStep
    1      -89    -66.4     -112  7.05e-06        0      115       115     housing Transportation
    2      -89    -66.4     -112  7.05e-06        0        0       115 scintillator Transportation
    3    -87.7    -67.5     -113  7.05e-06        0     1.88       116     housing Transportation
    4    -87.7    -67.5     -113  7.05e-06        0        0       116 scintillator Transportation
    5    -63.5      -89    -99.3  7.05e-06        0     35.2       152     housing Transportation
    6    -63.5      -89    -99.3  7.05e-06        0        0       152 scintillator Transportation
    7       89     46.2    -13.4  7.05e-06        0      221       373         pmt Transportation
    8     89.3     46.5    -13.2  7.05e-06 7.05e-06    0.474       373   photocath Transportation

*********************************************************************************************************
* G4Track Information:   Particle = opticalphoton,   Track ID = 20,   Parent ID = 3
*********************************************************************************************************

Step#    X(mm)    Y(mm)    Z(mm) KinE(MeV)  dE(MeV) StepLeng TrackLeng  NextVolume ProcName
    0      -10     3.68    -67.7  7.14e-06        0        0         0 scintillator initStep
    1      -89    -65.4     27.9  7.14e-06        0      142       142     housing Transportation
    2      -89    -65.4     27.9  7.14e-06        0        0       142 scintillator Transportation
    3    -87.5    -66.7     29.7  7.14e-06 7.14e-06     2.74       145 scintillator OpAbsorption

*********************************************************************************************************
* G4Track Information:   Particle = opticalphoton,   Track ID = 19,   Parent ID = 3
*********************************************************************************************************

Step#    X(mm)    Y(mm)    Z(mm) KinE(MeV)  dE(MeV) StepLeng TrackLeng  NextVolume ProcName
    0      -10     3.67    -67.7     7e-06        0        0         0 scintillator initStep
    1    -65.8      -89    -38.3     7e-06        0      112       112     housing Transportation
    2    -65.8      -89    -38.3     7e-06        0        0       112 scintillator Transportation
    3      -89    -50.4      -26     7e-06        0     46.7       159     housing Transportation
    4      -89    -50.4      -26     7e-06        0        0       159 scintillator Transportation
    5    -36.5     36.9     1.69     7e-06    7e-06      106       264 scintillator OpAbsorption

*********************************************************************************************************
* G4Track Information:   Particle = opticalphoton,   Track ID = 18,   Parent ID = 3
*********************************************************************************************************

Step#    X(mm)    Y(mm)    Z(mm) KinE(MeV)  dE(MeV) StepLeng TrackLeng  NextVolume ProcName
    0      -10     3.67    -67.7  7.03e-06        0        0         0 scintillator initStep
    1    -25.6    -12.3    -91.6  7.03e-06 7.03e-06     32.7      32.7 scintillator OpAbsorption

*********************************************************************************************************
* G4Track Information:   Particle = e-,   Track ID = 3,   Parent ID = 1
*********************************************************************************************************

Step#    X(mm)    Y(mm)    Z(mm) KinE(MeV)  dE(MeV) StepLeng TrackLeng  NextVolume ProcName
    2      -10     3.66    -67.7     0.179        0        0     0.163 scintillator initStep
    3    -9.99     3.67    -67.7     0.156    0.023   0.0348     0.198 scintillator Cerenkov

*********************************************************************************************************
* G4Track Information:   Particle = opticalphoton,   Track ID = 27,   Parent ID = 3
*********************************************************************************************************

Step#    X(mm)    Y(mm)    Z(mm) KinE(MeV)  dE(MeV) StepLeng TrackLeng  NextVolume ProcName
    0    -9.99     3.67    -67.7  7.11e-06        0        0         0 scintillator initStep
    1       89     43.2    -40.5  7.11e-06        0      110       110     housing Transportation
    2       89     43.2    -40.5  7.11e-06        0        0       110 scintillator Transportation
    3     73.8     49.3    -36.4  7.11e-06 7.11e-06     16.9       127 scintillator OpAbsorption

*********************************************************************************************************
* G4Track Information:   Particle = opticalphoton,   Track ID = 26,   Parent ID = 3
*********************************************************************************************************

Step#    X(mm)    Y(mm)    Z(mm) KinE(MeV)  dE(MeV) StepLeng TrackLeng  NextVolume ProcName
    0      -10     3.66    -67.7   7.1e-06        0        0         0 scintillator initStep
    1      -89     46.7    -63.6   7.1e-06        0       90        90         pmt Transportation
    2    -89.3     46.8    -63.6   7.1e-06  7.1e-06    0.363      90.4   photocath Transportation

*********************************************************************************************************
* G4Track Information:   Particle = opticalphoton,   Track ID = 25,   Parent ID = 3
*********************************************************************************************************

Step#    X(mm)    Y(mm)    Z(mm) KinE(MeV)  dE(MeV) StepLeng TrackLeng  NextVolume ProcName
    0    -9.99     3.67    -67.7  7.04e-06        0        0         0 scintillator initStep
    1      -89     2.78    -98.3  7.04e-06        0     84.7      84.7     housing Transportation
    2      -89     2.78    -98.3  7.04e-06        0        0      84.7 scintillator Transportation
    3    -51.1     2.35     -113  7.04e-06        0     40.7       125     housing Transportation
    4    -51.1     2.35     -113  7.04e-06        0        0       125 scintillator Transportation
    5       89     0.76    -58.8  7.04e-06        0      150       276     housing Transportation
    6       89     0.76    -58.8  7.04e-06        0        0       276 scintillator Transportation
    7      -89    -1.26     10.2  7.04e-06        0      191       466     housing Transportation
    8      -89    -1.26     10.2  7.04e-06        0        0       466 scintillator Transportation
    9       89    -3.27     79.1  7.04e-06        0      191       657     housing Transportation
   10       89    -3.27     79.1  7.04e-06        0        0       657 scintillator Transportation
   11     64.7    -3.55     88.5  7.04e-06 7.04e-06       26       683 scintillator OpAbsorption

*********************************************************************************************************
* G4Track Information:   Particle = opticalphoton,   Track ID = 24,   Parent ID = 3
*********************************************************************************************************

Step#    X(mm)    Y(mm)    Z(mm) KinE(MeV)  dE(MeV) StepLeng TrackLeng  NextVolume ProcName
    0    -9.99     3.67    -67.7  7.13e-06        0        0         0 scintillator initStep
    1     1.65     57.6     -113  7.13e-06        0     71.4      71.4     housing Transportation
    2     1.65     57.6     -113  7.13e-06        0        0      71.4 scintillator Transportation
    3     8.42       89    -86.7  7.13e-06        0     41.5       113     housing Transportation
    4     8.42       89    -86.7  7.13e-06        0        0       113 scintillator Transportation
    5     46.8      -89     62.7  7.13e-06        0      236       348         pmt Transportation
    6     46.9    -89.3     62.9  7.13e-06        0    0.421       349   photocath Transportation
    7     46.9    -89.3     62.9  7.13e-06        0        0       349         pmt Transportation
    8       47      -89     63.2  7.13e-06        0    0.421       349 scintillator Transportation
    9     59.8    -29.7      113  7.13e-06        0     78.5       428         pmt Transportation
   10     59.9    -29.3      113  7.13e-06        0    0.503       428   photocath Transportation
   11     59.9    -29.3      113  7.13e-06        0        0       428         pmt Transportation
   12     59.9    -28.9      113  7.13e-06        0    0.503       429 scintillator Transportation
   13     85.4       89     14.1  7.13e-06        0      156       585     housing Transportation
   14     85.4       89     14.1  7.13e-06        0        0       585 scintillator Transportation
   15       89     72.3   0.0661  7.13e-06        0     22.1       607     housing Transportation
   16       89     72.3   0.0661  7.13e-06        0        0       607 scintillator Transportation
   17     59.9    -62.5     -113  7.13e-06        0      178       785     housing Transportation
   18     59.9    -62.5     -113  7.13e-06        0        0       785 scintillator Transportation
   19     54.2      -89    -90.7  7.13e-06        0     35.1       820         pmt Transportation
   20     54.1    -89.3    -90.5  7.13e-06 7.13e-06    0.421       821   photocath Transportation

*********************************************************************************************************
* G4Track Information:   Particle = e-,   Track ID = 3,   Parent ID = 1
*********************************************************************************************************

Step#    X(mm)    Y(mm)    Z(mm) KinE(MeV)  dE(MeV) StepLeng TrackLeng  NextVolume ProcName
    3    -9.99     3.67    -67.7     0.156        0        0     0.198 scintillator initStep
    4      -10     3.67    -67.7     0.132   0.0244   0.0518      0.25 scintillator eIoni
    5      -10     3.67    -67.7    0.0994   0.0323    0.043     0.293 scintillator eIoni

*********************************************************************************************************
* G4Track Information:   Particle = opticalphoton,   Track ID = 28,   Parent ID = 3
*********************************************************************************************************

Step#    X(mm)    Y(mm)    Z(mm) KinE(MeV)  dE(MeV) StepLeng TrackLeng  NextVolume ProcName
    0      -10     3.67    -67.7   7.1e-06        0        0         0 scintillator initStep
    1    -5.22    -4.39     -113   7.1e-06        0     46.2      46.2     housing Transportation
    2    -5.22    -4.39     -113   7.1e-06        0        0      46.2 scintillator Transportation
    3   -0.649    -12.1    -69.9   7.1e-06  7.1e-06       44      90.3 scintillator OpAbsorption

*********************************************************************************************************
* G4Track Information:   Particle = e-,   Track ID = 3,   Parent ID = 1
*********************************************************************************************************

Step#    X(mm)    Y(mm)    Z(mm) KinE(MeV)  dE(MeV) StepLeng TrackLeng  NextVolume ProcName
    5      -10     3.67    -67.7    0.0994        0        0     0.293 scintillator initStep
    6      -10     3.67    -67.7    0.0772   0.0222   0.0325     0.325 scintillator eIoni

*********************************************************************************************************
* G4Track Information:   Particle = opticalphoton,   Track ID = 29,   Parent ID = 3
*********************************************************************************************************

Step#    X(mm)    Y(mm)    Z(mm) KinE(MeV)  dE(MeV) StepLeng TrackLeng  NextVolume ProcName
    0      -10     3.67    -67.7  7.01e-06        0        0         0 scintillator initStep
    1      -89    -60.5    -6.71  7.01e-06        0      119       119         pmt Transportation
    2    -89.3    -60.8    -6.45  7.01e-06 7.01e-06    0.497       119   photocath Transportation

*********************************************************************************************************
* G4Track Information:   Particle = e-,   Track ID = 3,   Parent ID = 1
*********************************************************************************************************

Step#    X(mm)    Y(mm)    Z(mm) KinE(MeV)  dE(MeV) StepLeng TrackLeng  NextVolume ProcName
    6      -10     3.67    -67.7    0.0772        0        0     0.325 scintillator initStep
    7      -10     3.67    -67.7    0.0648   0.0124   0.0261     0.351 scintillator eIoni
    8      -10     3.67    -67.7    0.0482   0.0166   0.0227     0.374 scintillator eIoni

*********************************************************************************************************
* G4Track Information:   Particle = opticalphoton,   Track ID = 33,   Parent ID = 3
*********************************************************************************************************

Step#    X(mm)    Y(mm)    Z(mm) KinE(MeV)  dE(MeV) StepLeng TrackLeng  NextVolume ProcName
    0      -10     3.67    -67.7  7.07e-06        0        0         0 scintillator initStep
    1    -17.4    -4.15    -3.51  7.07e-06 7.07e-06     65.1      65.1 scintillator OpAbsorption

*********************************************************************************************************
* G4Track Information:   Particle = opticalphoton,   Track ID = 32,   Parent ID = 3
*********************************************************************************************************

Step#    X(mm)    Y(mm)    Z(mm) KinE(MeV)  dE(MeV) StepLeng TrackLeng  NextVolume ProcName
    0      -10     3.67    -67.7  7.04e-06        0        0         0 scintillator initStep
    1       36       89     2.62  7.04e-06        0      120       120         pmt Transportation
    2     36.1     89.3     2.89  7.04e-06        0    0.457       120   photocath Transportation
    3     36.1     89.3     2.89  7.04e-06        0        0       120         pmt Transportation
    4     36.3       89     3.17  7.04e-06        0    0.457       121 scintillator Transportation
    5     54.6       55     31.2  7.04e-06        0     47.7       168      sphere Transportation
    6     54.6       55     31.2  7.04e-06        0        0       168 scintillator Transportation
    7     67.1     47.8     19.9  7.04e-06 7.04e-06     18.3       187 scintillator OpAbsorption

*********************************************************************************************************
* G4Track Information:   Particle = opticalphoton,   Track ID = 31,   Parent ID = 3
*********************************************************************************************************

Step#    X(mm)    Y(mm)    Z(mm) KinE(MeV)  dE(MeV) StepLeng TrackLeng  NextVolume ProcName
    0      -10     3.67    -67.7  7.13e-06        0        0         0 scintillator initStep
    1    -9.45       22     -113  7.13e-06        0     48.9      48.9     housing Transportation
    2    -9.45       22     -113  7.13e-06        0        0      48.9 scintillator Transportation
    3    -7.75     76.4     21.3  7.13e-06 7.13e-06      145       194 scintillator OpAbsorption

*********************************************************************************************************
* G4Track Information:   Particle = opticalphoton,   Track ID = 30,   Parent ID = 3
*********************************************************************************************************

Step#    X(mm)    Y(mm)    Z(mm) KinE(MeV)  dE(MeV) StepLeng TrackLeng  NextVolume ProcName
    0      -10     3.67    -67.7  7.08e-06        0        0         0 scintillator initStep
    1     80.5     67.8     18.6  7.08e-06 7.08e-06      141       141 scintillator OpAbsorption

*********************************************************************************************************
* G4Track Information:   Particle = e-,   Track ID = 3,   Parent ID = 1
*********************************************************************************************************

Step#    X(mm)    Y(mm)    Z(mm) KinE(MeV)  dE(MeV) StepLeng TrackLeng  NextVolume ProcName
    8      -10     3.67    -67.7    0.0482        0        0     0.374 scintillator initStep
    9      -10     3.67    -67.7    0.0258   0.0224   0.0181     0.392 scintillator eIoni

*********************************************************************************************************
* G4Track Information:   Particle = opticalphoton,   Track ID = 38,   Parent ID = 3
*********************************************************************************************************

Step#    X(mm)    Y(mm)    Z(mm) KinE(MeV)  dE(MeV) StepLeng TrackLeng  NextVolume ProcName
    0      -10     3.67    -67.7  7.09e-06        0        0         0 scintillator initStep
    1    -59.1      -89     87.3  7.09e-06        0      187       187         pmt Transportation
    2    -59.3    -89.3     87.9  7.09e-06        0    0.674       188   photocath Transportation
    3    -59.3    -89.3     87.9  7.09e-06        0        0       188         pmt Transportation
    4    -59.5      -89     88.5  7.09e-06        0    0.674       189 scintillator Transportation
    5    -67.3    -74.3      113  7.09e-06        0     29.6       218     housing Transportation
    6    -67.3    -74.3      113  7.09e-06        0        0       218 scintillator Transportation
    7      -89    -33.3     44.4  7.09e-06        0     82.8       301     housing Transportation
    8      -89    -33.3     44.4  7.09e-06        0        0       301 scintillator Transportation
    9    -39.2     60.7     -113  7.09e-06        0      190       491         pmt Transportation
   10      -39     60.9     -113  7.09e-06 7.09e-06    0.386       491   photocath Transportation

*********************************************************************************************************
* G4Track Information:   Particle = opticalphoton,   Track ID = 37,   Parent ID = 3
*********************************************************************************************************

Step#    X(mm)    Y(mm)    Z(mm) KinE(MeV)  dE(MeV) StepLeng TrackLeng  NextVolume ProcName
    0      -10     3.67    -67.7  7.09e-06        0        0         0 scintillator initStep
    1    -29.5    -14.9     -113  7.09e-06        0     52.6      52.6     housing Transportation
    2    -29.5    -14.9     -113  7.09e-06        0        0      52.6 scintillator Transportation
    3      -89    -71.5     25.5  7.09e-06        0      161       214     housing Transportation
    4      -89    -71.5     25.5  7.09e-06        0        0       214 scintillator Transportation
    5    -70.7      -89     68.2  7.09e-06        0     49.6       263     housing Transportation
    6    -70.7      -89     68.2  7.09e-06        0        0       263 scintillator Transportation
    7    -55.5    -74.5      104  7.09e-06 7.09e-06     41.1       304 scintillator OpAbsorption

*********************************************************************************************************
* G4Track Information:   Particle = opticalphoton,   Track ID = 36,   Parent ID = 3
*********************************************************************************************************

Step#    X(mm)    Y(mm)    Z(mm) KinE(MeV)  dE(MeV) StepLeng TrackLeng  NextVolume ProcName
    0      -10     3.67    -67.7  7.09e-06        0        0         0 scintillator initStep
    1    -59.2    -22.6    -39.5  7.09e-06 7.09e-06     62.5      62.5 scintillator OpAbsorption

*********************************************************************************************************
* G4Track Information:   Particle = opticalphoton,   Track ID = 35,   Parent ID = 3
*********************************************************************************************************

Step#    X(mm)    Y(mm)    Z(mm) KinE(MeV)  dE(MeV) StepLeng TrackLeng  NextVolume ProcName
    0      -10     3.67    -67.7  7.02e-06        0        0         0 scintillator initStep
    1     17.7       89    -7.36  7.02e-06        0      108       108     housing Transportation
    2     17.7       89    -7.36  7.02e-06        0        0       108 scintillator Transportation
    3       73    -81.1      113  7.02e-06        0      216       324     housing Transportation
    4       73    -81.1      113  7.02e-06        0        0       324 scintillator Transportation
    5     75.6      -89      107  7.02e-06        0     9.99       334     housing Transportation
    6     75.6      -89      107  7.02e-06        0        0       334 scintillator Transportation
    7       89    -47.6     78.2  7.02e-06        0     52.4       386         pmt Transportation
    8     89.3      -45     76.3  7.02e-06        0     3.26       389   photocath Transportation
    9     89.3      -45     76.3  7.02e-06        0        0       389         pmt Transportation
   10       89    -42.4     74.4  7.02e-06        0     3.26       393 scintillator Transportation
   11     51.7     72.4    -6.74  7.02e-06 7.02e-06      145       538 scintillator OpAbsorption

*********************************************************************************************************
* G4Track Information:   Particle = opticalphoton,   Track ID = 34,   Parent ID = 3
*********************************************************************************************************

Step#    X(mm)    Y(mm)    Z(mm) KinE(MeV)  dE(MeV) StepLeng TrackLeng  NextVolume ProcName
    0      -10     3.67    -67.7  7.05e-06        0        0         0 scintillator initStep
    1     74.4       89    -6.99  7.05e-06        0      135       135     housing Transportation
    2     74.4       89    -6.99  7.05e-06        0        0       135 scintillator Transportation
    3       89     74.2     3.53  7.05e-06        0     23.3       158     housing Transportation
    4       89     74.2     3.53  7.05e-06        0        0       158 scintillator Transportation
    5     60.2     45.1     24.2  7.05e-06 7.05e-06     45.9       204 scintillator OpAbsorption

*********************************************************************************************************
* G4Track Information:   Particle = e-,   Track ID = 3,   Parent ID = 1
*********************************************************************************************************

Step#    X(mm)    Y(mm)    Z(mm) KinE(MeV)  dE(MeV) StepLeng TrackLeng  NextVolume ProcName
    9      -10     3.67    -67.7    0.0258        0        0     0.392 scintillator initStep
   10      -10     3.67    -67.7         0   0.0258  0.00905     0.401 scintillator eIoni
   11      -10     3.67    -67.7         0        0        0     0.401 scintillator NoProcess

*********************************************************************************************************
* G4Track Information:   Particle = opticalphoton,   Track ID = 41,   Parent ID = 3
*********************************************************************************************************

Step#    X(mm)    Y(mm)    Z(mm) KinE(MeV)  dE(MeV) StepLeng TrackLeng  NextVolume ProcName
    0      -10     3.67    -67.7  7.05e-06        0        0         0 scintillator initStep
    1    -12.1     10.3    -66.4  7.05e-06 7.05e-06     7.07      7.07 scintillator OpAbsorption

*********************************************************************************************************
* G4Track Information:   Particle = opticalphoton,   Track ID = 40,   Parent ID = 3
*********************************************************************************************************

Step#    X(mm)    Y(mm)    Z(mm) KinE(MeV)  dE(MeV) StepLeng TrackLeng  NextVolume ProcName
    0      -10     3.67    -67.7  7.04e-06        0        0         0 scintillator initStep
    1    -26.3   -0.809     -113  7.04e-06        0     48.3      48.3     housing Transportation
    2    -26.3   -0.809     -113  7.04e-06        0        0      48.3 scintillator Transportation
    3      -89    -18.1     61.5  7.04e-06        0      186       235     housing Transportation
    4      -89    -18.1     61.5  7.04e-06        0        0       235 scintillator Transportation
    5    -70.5    -23.2      113  7.04e-06        0     54.9       289     housing Transportation
    6    -70.5    -23.2      113  7.04e-06        0        0       289 scintillator Transportation
    7    -52.4    -28.2     62.5  7.04e-06 7.04e-06     53.9       343 scintillator OpAbsorption

*********************************************************************************************************
* G4Track Information:   Particle = opticalphoton,   Track ID = 39,   Parent ID = 3
*********************************************************************************************************

Step#    X(mm)    Y(mm)    Z(mm) KinE(MeV)  dE(MeV) StepLeng TrackLeng  NextVolume ProcName
    0      -10     3.67    -67.7  7.03e-06        0        0         0 scintillator initStep
    1     10.8      -89     51.9  7.03e-06        0      153       153     housing Transportation
    2     10.8      -89     51.9  7.03e-06        0        0       153 scintillator Transportation
    3     21.5    -41.7      113  7.03e-06        0       78       231     housing Transportation
    4     21.5    -41.7      113  7.03e-06        0        0       231 scintillator Transportation
    5     34.2     14.9     39.9  7.03e-06 7.03e-06     93.3       324 scintillator OpAbsorption

*********************************************************************************************************
* G4Track Information:   Particle = e-,   Track ID = 2,   Parent ID = 1
*********************************************************************************************************

Step#    X(mm)    Y(mm)    Z(mm) KinE(MeV)  dE(MeV) StepLeng TrackLeng  NextVolume ProcName
    0        0        0      -70     0.228        0        0         0 scintillator initStep
    1   0.0175  -0.0065    -69.9     0.189   0.0393   0.0814    0.0814 scintillator eIoni

*********************************************************************************************************
* G4Track Information:   Particle = opticalphoton,   Track ID = 43,   Parent ID = 2
*********************************************************************************************************

Step#    X(mm)    Y(mm)    Z(mm) KinE(MeV)  dE(MeV) StepLeng TrackLeng  NextVolume ProcName
    0   0.0131 -0.00488      -70   7.1e-06        0        0         0 scintillator initStep
    1    -2.54      -89    -28.6   7.1e-06        0     98.2      98.2     housing Transportation
    2    -2.54      -89    -28.6   7.1e-06        0        0      98.2 scintillator Transportation
    3    -7.64       89     54.1   7.1e-06        0      196       294     housing Transportation
    4    -7.64       89     54.1   7.1e-06        0        0       294 scintillator Transportation
    5    -11.3    -37.9      113   7.1e-06        0      140       434     housing Transportation
    6    -11.3    -37.9      113   7.1e-06        0        0       434 scintillator Transportation
    7    -12.7      -89     89.2   7.1e-06        0     56.4       491     housing Transportation
    8    -12.7      -89     89.2   7.1e-06        0        0       491 scintillator Transportation
    9    -17.9       89     6.55   7.1e-06        0      196       687     housing Transportation
   10    -17.9       89     6.55   7.1e-06        0        0       687 scintillator Transportation
   11    -20.8    -12.2    -40.5   7.1e-06  7.1e-06      112       799 scintillator OpAbsorption

*********************************************************************************************************
* G4Track Information:   Particle = opticalphoton,   Track ID = 42,   Parent ID = 2
*********************************************************************************************************

Step#    X(mm)    Y(mm)    Z(mm) KinE(MeV)  dE(MeV) StepLeng TrackLeng  NextVolume ProcName
    0  0.00162 -0.000603      -70  7.01e-06        0        0         0 scintillator initStep
    1     35.2    -15.8     -113  7.01e-06        0     57.8      57.8     housing Transportation
    2     35.2    -15.8     -113  7.01e-06        0        0      57.8 scintillator Transportation
    3       89      -40    -47.3  7.01e-06        0     88.3       146     housing Transportation
    4       89      -40    -47.3  7.01e-06        0        0       146 scintillator Transportation
    5    -3.28    -81.5     65.4  7.01e-06 7.01e-06      151       298 scintillator OpAbsorption

*********************************************************************************************************
* G4Track Information:   Particle = e-,   Track ID = 2,   Parent ID = 1
*********************************************************************************************************

Step#    X(mm)    Y(mm)    Z(mm) KinE(MeV)  dE(MeV) StepLeng TrackLeng  NextVolume ProcName
    1   0.0175  -0.0065    -69.9     0.189        0        0    0.0814 scintillator initStep
    2   0.0446 -0.00629    -69.9     0.156   0.0327   0.0544     0.136 scintillator Cerenkov

*********************************************************************************************************
* G4Track Information:   Particle = opticalphoton,   Track ID = 45,   Parent ID = 2
*********************************************************************************************************

Step#    X(mm)    Y(mm)    Z(mm) KinE(MeV)  dE(MeV) StepLeng TrackLeng  NextVolume ProcName
    0   0.0261 -0.00643    -69.9  7.02e-06        0        0         0 scintillator initStep
    1    -11.1     -6.2    -35.8  7.02e-06 7.02e-06     36.4      36.4 scintillator OpAbsorption

*********************************************************************************************************
* G4Track Information:   Particle = opticalphoton,   Track ID = 44,   Parent ID = 2
*********************************************************************************************************

Step#    X(mm)    Y(mm)    Z(mm) KinE(MeV)  dE(MeV) StepLeng TrackLeng  NextVolume ProcName
    0    0.018 -0.00649    -69.9  7.04e-06        0        0         0 scintillator initStep
    1      -89    -17.5     46.7  7.04e-06        0      148       148     housing Transportation
    2      -89    -17.5     46.7  7.04e-06        0        0       148 scintillator Transportation
    3    -80.2    -19.2     58.3  7.04e-06 7.04e-06     14.6       162 scintillator OpAbsorption

*********************************************************************************************************
* G4Track Information:   Particle = e-,   Track ID = 2,   Parent ID = 1
*********************************************************************************************************

Step#    X(mm)    Y(mm)    Z(mm) KinE(MeV)  dE(MeV) StepLeng TrackLeng  NextVolume ProcName
    2   0.0446 -0.00629    -69.9     0.156        0        0     0.136 scintillator initStep
    3   0.0435  -0.0139    -69.9     0.127   0.0288   0.0518     0.188 scintillator eIoni

*********************************************************************************************************
* G4Track Information:   Particle = opticalphoton,   Track ID = 47,   Parent ID = 2
*********************************************************************************************************

Step#    X(mm)    Y(mm)    Z(mm) KinE(MeV)  dE(MeV) StepLeng TrackLeng  NextVolume ProcName
    0   0.0435  -0.0138    -69.9  7.14e-06        0        0         0 scintillator initStep
    1     7.87     35.7    -67.9  7.14e-06 7.14e-06     36.7      36.7 scintillator OpAbsorption

*********************************************************************************************************
* G4Track Information:   Particle = opticalphoton,   Track ID = 46,   Parent ID = 2
*********************************************************************************************************

Step#    X(mm)    Y(mm)    Z(mm) KinE(MeV)  dE(MeV) StepLeng TrackLeng  NextVolume ProcName
    0   0.0441 -0.00959    -69.9  7.08e-06        0        0         0 scintillator initStep
    1       89     24.4    -59.3  7.08e-06        0     92.9      92.9     housing Transportation
    2       89     24.4    -59.3  7.08e-06        0        0      92.9 scintillator Transportation
    3      -89     73.4    -38.1  7.08e-06        0      186       279     housing Transportation
    4      -89     73.4    -38.1  7.08e-06        0        0       279 scintillator Transportation
    5      -85     74.5    -37.6  7.08e-06 7.08e-06     4.16       283 scintillator OpAbsorption

*********************************************************************************************************
* G4Track Information:   Particle = e-,   Track ID = 2,   Parent ID = 1
*********************************************************************************************************

Step#    X(mm)    Y(mm)    Z(mm) KinE(MeV)  dE(MeV) StepLeng TrackLeng  NextVolume ProcName
    3   0.0435  -0.0139    -69.9     0.127        0        0     0.188 scintillator initStep
    4   0.0402 -0.00673    -69.9    0.0721   0.0551   0.0415     0.229 scintillator eIoni

*********************************************************************************************************
* G4Track Information:   Particle = opticalphoton,   Track ID = 50,   Parent ID = 2
*********************************************************************************************************

Step#    X(mm)    Y(mm)    Z(mm) KinE(MeV)  dE(MeV) StepLeng TrackLeng  NextVolume ProcName
    0   0.0422  -0.0111    -69.9  7.08e-06        0        0         0 scintillator initStep
    1    -16.2    -23.8     -108  7.08e-06 7.08e-06     47.9      47.9 scintillator OpAbsorption

*********************************************************************************************************
* G4Track Information:   Particle = opticalphoton,   Track ID = 49,   Parent ID = 2
*********************************************************************************************************

Step#    X(mm)    Y(mm)    Z(mm) KinE(MeV)  dE(MeV) StepLeng TrackLeng  NextVolume ProcName
    0   0.0419  -0.0104    -69.9  7.05e-06        0        0         0 scintillator initStep
    1    -25.8    -2.13     -113  7.05e-06        0     50.3      50.3     housing Transportation
    2    -25.8    -2.13     -113  7.05e-06        0        0      50.3 scintillator Transportation
    3    -55.3    -4.56    -63.8  7.05e-06 7.05e-06     57.5       108 scintillator OpAbsorption

*********************************************************************************************************
* G4Track Information:   Particle = opticalphoton,   Track ID = 48,   Parent ID = 2
*********************************************************************************************************

Step#    X(mm)    Y(mm)    Z(mm) KinE(MeV)  dE(MeV) StepLeng TrackLeng  NextVolume ProcName
    0   0.0427  -0.0122    -69.9  7.05e-06        0        0         0 scintillator initStep
    1      -89       14      -73  7.05e-06        0     90.2      90.2     housing Transportation
    2      -89       14      -73  7.05e-06        0        0      90.2 scintillator Transportation
    3       89     41.9    -79.2  7.05e-06        0      180       270         pmt Transportation
    4     89.3     41.9    -79.2  7.05e-06 7.05e-06    0.322       271   photocath Transportation

*********************************************************************************************************
* G4Track Information:   Particle = e-,   Track ID = 2,   Parent ID = 1
*********************************************************************************************************

Step#    X(mm)    Y(mm)    Z(mm) KinE(MeV)  dE(MeV) StepLeng TrackLeng  NextVolume ProcName
    4   0.0402 -0.00673    -69.9    0.0721        0        0     0.229 scintillator initStep
    5     0.04 -0.00373    -69.9    0.0517   0.0205   0.0247     0.254 scintillator eIoni
    6   0.0404 -0.00458    -69.9    0.0333   0.0183   0.0191     0.273 scintillator eIoni

*********************************************************************************************************
* G4Track Information:   Particle = opticalphoton,   Track ID = 52,   Parent ID = 2
*********************************************************************************************************

Step#    X(mm)    Y(mm)    Z(mm) KinE(MeV)  dE(MeV) StepLeng TrackLeng  NextVolume ProcName
    0   0.0403 -0.00432    -69.9   7.1e-06        0        0         0 scintillator initStep
    1    -1.78       89    -61.3   7.1e-06        0     89.4      89.4     housing Transportation
    2    -1.78       89    -61.3   7.1e-06        0        0      89.4 scintillator Transportation
    3    -3.99    -19.3    -50.9   7.1e-06  7.1e-06      109       198 scintillator OpAbsorption

*********************************************************************************************************
* G4Track Information:   Particle = opticalphoton,   Track ID = 51,   Parent ID = 2
*********************************************************************************************************

Step#    X(mm)    Y(mm)    Z(mm) KinE(MeV)  dE(MeV) StepLeng TrackLeng  NextVolume ProcName
    0   0.0401 -0.00398    -69.9  7.09e-06        0        0         0 scintillator initStep
    1     6.12     1.97     -113  7.09e-06        0     43.5      43.5     housing Transportation
    2     6.12     1.97     -113  7.09e-06        0        0      43.5 scintillator Transportation
    3     11.5      3.7    -75.1  7.09e-06 7.09e-06     38.3      81.8 scintillator OpAbsorption

*********************************************************************************************************
* G4Track Information:   Particle = e-,   Track ID = 2,   Parent ID = 1
*********************************************************************************************************

Step#    X(mm)    Y(mm)    Z(mm) KinE(MeV)  dE(MeV) StepLeng TrackLeng  NextVolume ProcName
    6   0.0404 -0.00458    -69.9    0.0333        0        0     0.273 scintillator initStep
    7   0.0406 -0.00471    -69.9   0.00793   0.0254   0.0131     0.286 scintillator eIoni

*********************************************************************************************************
* G4Track Information:   Particle = opticalphoton,   Track ID = 55,   Parent ID = 2
*********************************************************************************************************

Step#    X(mm)    Y(mm)    Z(mm) KinE(MeV)  dE(MeV) StepLeng TrackLeng  NextVolume ProcName
    0   0.0404 -0.00459    -69.9  7.01e-06        0        0         0 scintillator initStep
    1     13.5    -53.4     -113  7.01e-06        0     69.9      69.9     housing Transportation
    2     13.5    -53.4     -113  7.01e-06        0        0      69.9 scintillator Transportation
    3     22.5      -89    -84.2  7.01e-06        0     46.7       117     housing Transportation
    4     22.5      -89    -84.2  7.01e-06        0        0       117 scintillator Transportation
    5     59.4     57.5       34  7.01e-06        0      192       308      sphere Transportation
    6     59.4     57.5       34  7.01e-06        0        0       308 scintillator Transportation
    7     70.6       89     50.1  7.01e-06        0     37.1       346     housing Transportation
    8     70.6       89     50.1  7.01e-06        0        0       346 scintillator Transportation
    9       89       37     76.7  7.01e-06        0     61.2       407         pmt Transportation
   10     89.3     35.4     77.5  7.01e-06        0     1.78       409   photocath Transportation
   11     89.3     35.4     77.5  7.01e-06        0        0       409         pmt Transportation
   12       89     33.9     78.3  7.01e-06        0     1.78       410 scintillator Transportation
   13     64.9    -34.2      113  7.01e-06        0     80.1       490         pmt Transportation
   14     64.6      -35      113  7.01e-06 7.01e-06    0.862       491   photocath Transportation

*********************************************************************************************************
* G4Track Information:   Particle = opticalphoton,   Track ID = 54,   Parent ID = 2
*********************************************************************************************************

Step#    X(mm)    Y(mm)    Z(mm) KinE(MeV)  dE(MeV) StepLeng TrackLeng  NextVolume ProcName
    0   0.0404  -0.0046    -69.9  7.01e-06        0        0         0 scintillator initStep
    1      -89      -52     7.45  7.01e-06        0      129       129         pmt Transportation
    2    -89.3    -52.2     7.75  7.01e-06        0    0.477       129   photocath Transportation
    3    -89.3    -52.2     7.75  7.01e-06        0        0       129         pmt Transportation
    4      -89    -52.4     8.04  7.01e-06        0    0.477       130 scintillator Transportation
    5    -26.4      -89     62.5  7.01e-06        0     90.7       221         pmt Transportation
    6    -25.7    -89.3       63  7.01e-06        0    0.964       221   photocath Transportation
    7    -25.7    -89.3       63  7.01e-06        0        0       221         pmt Transportation
    8      -25      -89     63.6  7.01e-06        0    0.964       222 scintillator Transportation
    9     31.8    -55.8      113  7.01e-06        0     82.2       305         pmt Transportation
   10     32.2    -55.6      113  7.01e-06 7.01e-06    0.562       305   photocath Transportation

*********************************************************************************************************
* G4Track Information:   Particle = opticalphoton,   Track ID = 53,   Parent ID = 2
*********************************************************************************************************

Step#    X(mm)    Y(mm)    Z(mm) KinE(MeV)  dE(MeV) StepLeng TrackLeng  NextVolume ProcName
    0   0.0406 -0.00468    -69.9  7.02e-06        0        0         0 scintillator initStep
    1    -57.4       89    -52.8  7.02e-06        0      107       107     housing Transportation
    2    -57.4       89    -52.8  7.02e-06        0        0       107 scintillator Transportation
    3      -89       40    -43.4  7.02e-06        0     59.1       166     housing Transportation
    4      -89       40    -43.4  7.02e-06        0        0       166 scintillator Transportation
    5      -58    -7.95    -34.2  7.02e-06 7.02e-06     57.8       224 scintillator OpAbsorption

*********************************************************************************************************
* G4Track Information:   Particle = e-,   Track ID = 2,   Parent ID = 1
*********************************************************************************************************

Step#    X(mm)    Y(mm)    Z(mm) KinE(MeV)  dE(MeV) StepLeng TrackLeng  NextVolume ProcName
    7   0.0406 -0.00471    -69.9   0.00793        0        0     0.286 scintillator initStep
    8   0.0406 -0.00471    -69.9         0  0.00793  0.00127     0.287 scintillator eIoni
    9   0.0406 -0.00471    -69.9         0        0        0     0.287 scintillator NoProcess

*********************************************************************************************************
* G4Track Information:   Particle = opticalphoton,   Track ID = 56,   Parent ID = 2
*********************************************************************************************************

Step#    X(mm)    Y(mm)    Z(mm) KinE(MeV)  dE(MeV) StepLeng TrackLeng  NextVolume ProcName
    0   0.0406 -0.00471    -69.9  7.08e-06        0        0         0 scintillator initStep
    1     11.9     8.49    -46.4  7.08e-06 7.08e-06     27.6      27.6 scintillator OpAbsorption
	Energy weighted position of hits in LXe : (-5.533666442656005,2.000947821005183,-68.73881317820164)
	Total energy deposition in scintillator : 511.2897648225263 (keV)
	Reconstructed position of hits in LXe : (0,-17.8635,-22.59999999999999)
	Number of photons that hit PMTs in this event : 10
	Number of PMTs above threshold(4) : 0
	Number of photons produced by scintillation in this event : 50
	Number of photons produced by cerenkov in this event : 1
	Number of photons absorbed (OpAbsorption) in this event : 41
	Number of photons absorbed at boundaries (OpBoundary) in this event : 0
Unaccounted for photons in this event : 0
"./currentEvent.rndm" is copied to "./run2evt0.rndm Run terminated.
Run Summary
  Number of events processed : 1
  User=0.010000s Real=0.003813s Sys=0.000000s

 ======================== run summary ======================
The run was 1 events.
Number of hits per event:	 10 +- 0
Number of hits per event above threshold:	 0 +- 0
Number of scintillation photons per event :	 50 +- 0
Number of Cerenkov photons per event:	 1 +- 0
Number of absorbed photons per event :	 41 +- 0
Number of photons absorbed at boundary per event:	 0 +- 0
Total energy deposition in scintillator per event:	 511.3 +- 0 keV.

Graphics systems deleted.
Visualization Manager deleting...
================== Deleting memory pools ===================
Number of memory pools allocated: 15 of which, static: 0
Dynamic pools deleted: 15 / Total memory freed: 1.6 MB
============================================================
