Environment variable "G4FORCE_RUN_MANAGER_TYPE" enabled with value == Serial. Forcing G4RunManager type...

        ############################################
        !!! WARNING - FPE detection is activated !!!
        ############################################


          ################################
          !!! G4Backtrace is activated !!!
          ################################


**************************************************************
 Geant4 version Name: geant4-11-04-patch-03    (01-October-2026)
                       Copyright : Geant4 Collaboration
                      References : NIM A 506 (2003), 250-303
                                 : IEEE-TNS 53 (2006), 270-278
                                 : NIM A 835 (2016), 186-225
                             WWW : http://geant4.org/
**************************************************************

### G4PhysListFactory WARNING:  environment variable PHYSLIST is not defined
    Default Physics Lists FTFP_BERT is instantiated
G4PhysListFactory::GetReferencePhysList <FTFP_BERT>
<<< Geant4 Physics List simulation engine: FTFP_BERT



PrimaryGenerationAction::SetGunPosition() : gun position along z = -1100 mm 


DetectorConstruction::ConstructLayer() : 
	 World (box) size: 
	 	 x : -/+ 1200 mm 	 y : -/+ 1200 mm 	 z : -/+ 1200 mm 
	 Target layer (cylinder) size: 
	 	 x : -/+ 1000 mm 	 y : -/+ 1000 mm 	 z : -/+ 1000 mm 



 hInelastic FTFP_BERT : threshold between BERT and FTFP is over the interval 
 for pions :   3 to 6 GeV
 for kaons :   3 to 6 GeV
 for proton :  3 to 6 GeV
 for neutron : 3 to 6 GeV

### Adding tracking cuts for neutron  TimeCut(ns)= 10000  KinEnergyCut(MeV)= 0


 ------  DetectorConstruction::PrintParameters() ------ 
 Material         = G4_POLYSTYRENE
 Thickness        = 1000 mm
 Diameter         = 1000 mm
 ScoringThickness = 10 mm
 ------------------------------------------------------ 


PrimaryGenerationAction::SetGunPosition() : gun position along z = -550 mm 

Start re-initialization because 
  Geometry
has been modified since last Run.

DetectorConstruction::ConstructLayer() : 
	 World (box) size: 
	 	 x : -/+ 600 mm 	 y : -/+ 600 mm 	 z : -/+ 600 mm 
	 Target layer (cylinder) size: 
	 	 x : -/+ 500 mm 	 y : -/+ 500 mm 	 z : -/+ 500 mm 


=======================================================================
======                 Electromagnetic Physics Parameters      ========
=======================================================================
LPM effect enabled                                 1
Enable creation and use of sampling tables         0
Apply cuts on all EM processes                     0
Use combined TransportationWithMsc                 Disabled
Use general process                                1
Enable linear polarisation for gamma               0
Enable photoeffect sampling below K-shell          1
Enable sampling of quantum entanglement            0
X-section factor for integral approach             0.8
Min kinetic energy for tables                      100 eV 
Max kinetic energy for tables                      100 TeV
Number of bins per decade of a table               7
Verbose level                                      1
Verbose level for worker thread                    0
Bremsstrahlung energy threshold above which 
  primary e+- is added to the list of secondary    100 TeV
Bremsstrahlung energy threshold above which primary
  muon/hadron is added to the list of secondary    100 TeV
Positron annihilation at rest model                SimplePositronium
Enable 3 gamma annihilation on fly                 0
Lowest triplet kinetic energy                      1 MeV
Enable sampling of gamma linear polarisation       0
5D gamma conversion model type                     0
5D gamma conversion model on isolated ion          0
Use RiGe 5D e+e- pair production model by muons    0
Livermore data directory                           epics_2017
=======================================================================
======                 Ionisation Parameters                   ========
=======================================================================
Step function for e+-                              (0.2, 1 mm)
Step function for muons/hadrons                    (0.2, 0.1 mm)
Step function for light ions                       (0.2, 0.1 mm)
Step function for general ions                     (0.2, 0.1 mm)
Lowest e+e- kinetic energy                         1 keV
Lowest muon/hadron kinetic energy                  1 keV
Use ICRU90 data                                    0
Fluctuations of dE/dx are enabled                  1
Type of fluctuation model for leptons and hadrons  Urban
Use built-in Birks saturation                      0
Build CSDA range enabled                           0
Use cut as a final range enabled                   0
Enable angular generator interface                 0
Max kinetic energy for CSDA tables                 1 GeV
Max kinetic energy for NIEL computation            0 eV 
Linear loss limit                                  0.01
Read data from file for e+e- pair production by mu 0
=======================================================================
======                 Multiple Scattering Parameters          ========
=======================================================================
Type of msc step limit algorithm for e+-           1
Type of msc step limit algorithm for muons/hadrons 0
Msc lateral displacement for e+- enabled           1
Msc lateral displacement for muons and hadrons     0
Urban msc model lateral displacement alg96         1
Range factor for msc step limit for e+-            0.04
Range factor for msc step limit for muons/hadrons  0.2
Geometry factor for msc step limitation of e+-     2.5
Safety factor for msc step limit for e+-           0.6
Skin parameter for msc step limitation of e+-      1
Lambda limit for msc step limit for e+-            1 mm
Use Mott correction for e- scattering              0
Factor used for dynamic computation of angular 
  limit between single and multiple scattering     1
Fixed angular limit between single 
  and multiple scattering                          3.1416 rad
Upper energy limit for e+- multiple scattering     100 MeV
Type of electron single scattering model           0
Type of nuclear form-factor                        1
Screening factor                                   1
=======================================================================

phot:  for gamma SubType=12 BuildTable=0
      LambdaPrime table from 200 keV to 100 TeV in 61 bins 
      ===== EM models for the G4Region  DefaultRegionForTheWorld ======
 LivermorePhElectric : Emin=    0 eV  Emax=  100 TeV  SauterGavrila Fluo

compt:  for gamma SubType=13 BuildTable=1
      Lambda table from 100 eV  to 1 MeV, 7 bins/decade, spline: 1
      LambdaPrime table from 1 MeV to 100 TeV in 56 bins 
      ===== EM models for the G4Region  DefaultRegionForTheWorld ======
       Klein-Nishina : Emin=    0 eV  Emax=  100 TeV

conv:  for gamma SubType=14 BuildTable=1
      Lambda table from 1.022 MeV to 100 TeV, 18 bins/decade, spline: 1
      ===== EM models for the G4Region  DefaultRegionForTheWorld ======
     BetheHeitlerLPM : Emin=    0 eV  Emax=  100 TeV  ModifiedTsai

Rayl:  for gamma SubType=11 BuildTable=1
      Lambda table from 100 eV  to 150 keV, 7 bins/decade, spline: 0
      LambdaPrime table from 150 keV to 100 TeV in 62 bins 
      ===== EM models for the G4Region  DefaultRegionForTheWorld ======
   LivermoreRayleigh : Emin=    0 eV  Emax=  100 TeV  CullenGenerator

msc:  for e-  SubType= 10
      ===== EM models for the G4Region  DefaultRegionForTheWorld ======
            UrbanMsc : Emin=    0 eV  Emax=  100 MeV Nbins=42 100 eV  - 100 MeV
          StepLim=UseSafety Rfact=0.04 Gfact=2.5 Sfact=0.6 DispFlag:1 Skin=1 Llim=1 mm
        WentzelVIUni : Emin=  100 MeV Emax=  100 TeV Nbins=42 100 MeV - 100 TeV
          StepLim=UseSafety Rfact=0.04 Gfact=2.5 Sfact=0.6 DispFlag:1 Skin=1 Llim=1 mm

eIoni:  for e-  XStype:3  SubType=2
      dE/dx and range tables from 100 eV  to 100 TeV in 84 bins
      Lambda tables from threshold to 100 TeV, 7 bins/decade, spline: 1
      StepFunction=(0.2, 1 mm), integ: 3, fluct: 1, linLossLim= 0.01
      ===== EM models for the G4Region  DefaultRegionForTheWorld ======
        MollerBhabha : Emin=    0 eV  Emax=  100 TeV

eBrem:  for e-  XStype:4  SubType=3
      dE/dx and range tables from 100 eV  to 100 TeV in 84 bins
      Lambda tables from threshold to 100 TeV, 7 bins/decade, spline: 1
      LPM flag: 1 for E > 1 GeV,  VertexHighEnergyTh(GeV)= 100000
      ===== EM models for the G4Region  DefaultRegionForTheWorld ======
             eBremSB : Emin=    0 eV  Emax=    1 GeV  ModifiedTsai
            eBremLPM : Emin=    1 GeV Emax=  100 TeV  ModifiedTsai

CoulombScat:  for e- XStype:1 SubType=1 BuildTable=1
      Lambda table from 100 MeV to 100 TeV, 7 bins/decade, spline: 0
      ThetaMin(p) < Theta(degree) < 180, pLimit(GeV^1)= 0.139531
      ===== EM models for the G4Region  DefaultRegionForTheWorld ======
  eCoulombScattering : Emin=  100 MeV Emax=  100 TeV

msc:  for e+  SubType= 10
      ===== EM models for the G4Region  DefaultRegionForTheWorld ======
            UrbanMsc : Emin=    0 eV  Emax=  100 MeV Nbins=42 100 eV  - 100 MeV
          StepLim=UseSafety Rfact=0.04 Gfact=2.5 Sfact=0.6 DispFlag:1 Skin=1 Llim=1 mm
        WentzelVIUni : Emin=  100 MeV Emax=  100 TeV Nbins=42 100 MeV - 100 TeV
          StepLim=UseSafety Rfact=0.04 Gfact=2.5 Sfact=0.6 DispFlag:1 Skin=1 Llim=1 mm

eIoni:  for e+  XStype:3  SubType=2
      dE/dx and range tables from 100 eV  to 100 TeV in 84 bins
      Lambda tables from threshold to 100 TeV, 7 bins/decade, spline: 1
      StepFunction=(0.2, 1 mm), integ: 3, fluct: 1, linLossLim= 0.01
      ===== EM models for the G4Region  DefaultRegionForTheWorld ======
        MollerBhabha : Emin=    0 eV  Emax=  100 TeV

eBrem:  for e+  XStype:4  SubType=3
      dE/dx and range tables from 100 eV  to 100 TeV in 84 bins
      Lambda tables from threshold to 100 TeV, 7 bins/decade, spline: 1
      LPM flag: 1 for E > 1 GeV,  VertexHighEnergyTh(GeV)= 100000
      ===== EM models for the G4Region  DefaultRegionForTheWorld ======
             eBremSB : Emin=    0 eV  Emax=    1 GeV  ModifiedTsai
            eBremLPM : Emin=    1 GeV Emax=  100 TeV  ModifiedTsai

annihil:  for e+ XStype:2 SubType=5 AtRestModel:Simple BuildTable=0
      ===== EM models for the G4Region  DefaultRegionForTheWorld ======
            eplus2gg : Emin=    0 eV  Emax=  100 TeV

CoulombScat:  for e+ XStype:1 SubType=1 BuildTable=1
      Lambda table from 100 MeV to 100 TeV, 7 bins/decade, spline: 0
      ThetaMin(p) < Theta(degree) < 180, pLimit(GeV^1)= 0.139531
      ===== EM models for the G4Region  DefaultRegionForTheWorld ======
  eCoulombScattering : Emin=  100 MeV Emax=  100 TeV

msc:  for proton  SubType= 10
      ===== EM models for the G4Region  DefaultRegionForTheWorld ======
        WentzelVIUni : Emin=    0 eV  Emax=  100 TeV Nbins=84 100 eV  - 100 TeV
          StepLim=Minimal Rfact=0.2 Gfact=2.5 Sfact=0.6 DispFlag:0 Skin=1 Llim=1 mm

hIoni:  for proton  XStype:3  SubType=2
      dE/dx and range tables from 100 eV  to 100 TeV in 84 bins
      Lambda tables from threshold to 100 TeV, 7 bins/decade, spline: 1
      StepFunction=(0.2, 0.1 mm), integ: 3, fluct: 1, linLossLim= 0.01
      ===== EM models for the G4Region  DefaultRegionForTheWorld ======
               Bragg : Emin=    0 eV  Emax=    2 MeV
          BetheBloch : Emin=    2 MeV Emax=  100 TeV

hBrems:  for proton  XStype:1  SubType=3
      dE/dx and range tables from 100 eV  to 100 TeV in 84 bins
      Lambda tables from threshold to 100 TeV, 7 bins/decade, spline: 1
      ===== EM models for the G4Region  DefaultRegionForTheWorld ======
               hBrem : Emin=    0 eV  Emax=  100 TeV  ModifiedMephi

hPairProd:  for proton  XStype:1  SubType=4
      dE/dx and range tables from 100 eV  to 100 TeV in 84 bins
      Lambda tables from threshold to 100 TeV, 7 bins/decade, spline: 1
      Sampling table 17x1001, from 7.50618 GeV to 100 TeV 
      ===== EM models for the G4Region  DefaultRegionForTheWorld ======
           hPairProd : Emin=    0 eV  Emax=  100 TeV  ModifiedMephi

CoulombScat:  for proton XStype:1 SubType=1 BuildTable=1
      Lambda table from threshold  to 100 TeV, 7 bins/decade, spline: 0
      ThetaMin(p) < Theta(degree) < 180, pLimit(GeV^1)= 0.139531
      ===== EM models for the G4Region  DefaultRegionForTheWorld ======
  eCoulombScattering : Emin=    0 eV  Emax=  100 TeV

msc:  for GenericIon  SubType= 10
      ===== EM models for the G4Region  DefaultRegionForTheWorld ======
            UrbanMsc : Emin=    0 eV  Emax=  100 TeV
          StepLim=Minimal Rfact=0.2 Gfact=2.5 Sfact=0.6 DispFlag:0 Skin=1 Llim=1 mm

ionIoni:  for GenericIon  XStype:3  SubType=2
      dE/dx and range tables from 100 eV  to 100 TeV in 84 bins
      Lambda tables from threshold to 100 TeV, 7 bins/decade, spline: 1
      StepFunction=(0.2, 0.1 mm), integ: 3, fluct: 1, linLossLim= 0.02
      ===== EM models for the G4Region  DefaultRegionForTheWorld ======
               Bragg : Emin=    0 eV  Emax=    2 MeV
          BetheBloch : Emin=    2 MeV Emax=  100 TeV

msc:  for alpha  SubType= 10
      ===== EM models for the G4Region  DefaultRegionForTheWorld ======
            UrbanMsc : Emin=    0 eV  Emax=  100 TeV
          StepLim=Minimal Rfact=0.2 Gfact=2.5 Sfact=0.6 DispFlag:0 Skin=1 Llim=1 mm

ionIoni:  for alpha  XStype:3  SubType=2
      dE/dx and range tables from 100 eV  to 100 TeV in 84 bins
      Lambda tables from threshold to 100 TeV, 7 bins/decade, spline: 1
      StepFunction=(0.2, 0.1 mm), integ: 3, fluct: 1, linLossLim= 0.02
      ===== EM models for the G4Region  DefaultRegionForTheWorld ======
            BraggIon : Emin=    0 eV  Emax=7.9452 MeV
          BetheBloch : Emin=7.9452 MeV Emax=  100 TeV

msc:  for anti_proton  SubType= 10
      ===== EM models for the G4Region  DefaultRegionForTheWorld ======
        WentzelVIUni : Emin=    0 eV  Emax=  100 TeV Nbins=84 100 eV  - 100 TeV
          StepLim=Minimal Rfact=0.2 Gfact=2.5 Sfact=0.6 DispFlag:0 Skin=1 Llim=1 mm

hIoni:  for anti_proton  XStype:3  SubType=2
      dE/dx and range tables from 100 eV  to 100 TeV in 84 bins
      Lambda tables from threshold to 100 TeV, 7 bins/decade, spline: 1
      StepFunction=(0.2, 0.1 mm), integ: 3, fluct: 1, linLossLim= 0.01
      ===== EM models for the G4Region  DefaultRegionForTheWorld ======
            ICRU73QO : Emin=    0 eV  Emax=    2 MeV
          BetheBloch : Emin=    2 MeV Emax=  100 TeV

hBrems:  for anti_proton  XStype:1  SubType=3
      dE/dx and range tables from 100 eV  to 100 TeV in 84 bins
      Lambda tables from threshold to 100 TeV, 7 bins/decade, spline: 1
      ===== EM models for the G4Region  DefaultRegionForTheWorld ======
               hBrem : Emin=    0 eV  Emax=  100 TeV  ModifiedMephi

hPairProd:  for anti_proton  XStype:1  SubType=4
      dE/dx and range tables from 100 eV  to 100 TeV in 84 bins
      Lambda tables from threshold to 100 TeV, 7 bins/decade, spline: 1
      Sampling table 17x1001, from 7.50618 GeV to 100 TeV 
      ===== EM models for the G4Region  DefaultRegionForTheWorld ======
           hPairProd : Emin=    0 eV  Emax=  100 TeV  ModifiedMephi

CoulombScat:  for anti_proton XStype:1 SubType=1 BuildTable=1
      Lambda table from threshold  to 100 TeV, 7 bins/decade, spline: 0
      ThetaMin(p) < Theta(degree) < 180, pLimit(GeV^1)= 0.139531
      ===== EM models for the G4Region  DefaultRegionForTheWorld ======
  eCoulombScattering : Emin=    0 eV  Emax=  100 TeV

msc:  for kaon+  SubType= 10
      ===== EM models for the G4Region  DefaultRegionForTheWorld ======
        WentzelVIUni : Emin=    0 eV  Emax=  100 TeV Nbins=84 100 eV  - 100 TeV
          StepLim=Minimal Rfact=0.2 Gfact=2.5 Sfact=0.6 DispFlag:0 Skin=1 Llim=1 mm

hIoni:  for kaon+  XStype:3  SubType=2
      dE/dx and range tables from 100 eV  to 100 TeV in 84 bins
      Lambda tables from threshold to 100 TeV, 7 bins/decade, spline: 1
      StepFunction=(0.2, 0.1 mm), integ: 3, fluct: 1, linLossLim= 0.01
      ===== EM models for the G4Region  DefaultRegionForTheWorld ======
               Bragg : Emin=    0 eV  Emax=1.05231 MeV
          BetheBloch : Emin=1.05231 MeV Emax=  100 TeV

hBrems:  for kaon+  XStype:1  SubType=3
      dE/dx and range tables from 100 eV  to 100 TeV in 84 bins
      Lambda tables from threshold to 100 TeV, 7 bins/decade, spline: 1
      ===== EM models for the G4Region  DefaultRegionForTheWorld ======
               hBrem : Emin=    0 eV  Emax=  100 TeV  ModifiedMephi

hPairProd:  for kaon+  XStype:1  SubType=4
      dE/dx and range tables from 100 eV  to 100 TeV in 84 bins
      Lambda tables from threshold to 100 TeV, 7 bins/decade, spline: 1
      Sampling table 18x1001, from 3.94942 GeV to 100 TeV 
      ===== EM models for the G4Region  DefaultRegionForTheWorld ======
           hPairProd : Emin=    0 eV  Emax=  100 TeV  ModifiedMephi

CoulombScat:  for kaon+ XStype:1 SubType=1 BuildTable=1
      Lambda table from threshold  to 100 TeV, 7 bins/decade, spline: 0
      ThetaMin(p) < Theta(degree) < 180, pLimit(GeV^1)= 0.139531
      ===== EM models for the G4Region  DefaultRegionForTheWorld ======
  eCoulombScattering : Emin=    0 eV  Emax=  100 TeV

msc:  for kaon-  SubType= 10
      ===== EM models for the G4Region  DefaultRegionForTheWorld ======
        WentzelVIUni : Emin=    0 eV  Emax=  100 TeV Nbins=84 100 eV  - 100 TeV
          StepLim=Minimal Rfact=0.2 Gfact=2.5 Sfact=0.6 DispFlag:0 Skin=1 Llim=1 mm

hIoni:  for kaon-  XStype:3  SubType=2
      dE/dx and range tables from 100 eV  to 100 TeV in 84 bins
      Lambda tables from threshold to 100 TeV, 7 bins/decade, spline: 1
      StepFunction=(0.2, 0.1 mm), integ: 3, fluct: 1, linLossLim= 0.01
      ===== EM models for the G4Region  DefaultRegionForTheWorld ======
            ICRU73QO : Emin=    0 eV  Emax=1.05231 MeV
          BetheBloch : Emin=1.05231 MeV Emax=  100 TeV

hBrems:  for kaon-  XStype:1  SubType=3
      dE/dx and range tables from 100 eV  to 100 TeV in 84 bins
      Lambda tables from threshold to 100 TeV, 7 bins/decade, spline: 1
      ===== EM models for the G4Region  DefaultRegionForTheWorld ======
               hBrem : Emin=    0 eV  Emax=  100 TeV  ModifiedMephi

hPairProd:  for kaon-  XStype:1  SubType=4
      dE/dx and range tables from 100 eV  to 100 TeV in 84 bins
      Lambda tables from threshold to 100 TeV, 7 bins/decade, spline: 1
      Sampling table 18x1001, from 3.94942 GeV to 100 TeV 
      ===== EM models for the G4Region  DefaultRegionForTheWorld ======
           hPairProd : Emin=    0 eV  Emax=  100 TeV  ModifiedMephi

CoulombScat:  for kaon- XStype:1 SubType=1 BuildTable=1
      Used Lambda table of kaon+
      ThetaMin(p) < Theta(degree) < 180, pLimit(GeV^1)= 0.139531
      ===== EM models for the G4Region  DefaultRegionForTheWorld ======
  eCoulombScattering : Emin=    0 eV  Emax=  100 TeV

msc:  for mu+  SubType= 10
      ===== EM models for the G4Region  DefaultRegionForTheWorld ======
        WentzelVIUni : Emin=    0 eV  Emax=  100 TeV Nbins=84 100 eV  - 100 TeV
          StepLim=Minimal Rfact=0.2 Gfact=2.5 Sfact=0.6 DispFlag:0 Skin=1 Llim=1 mm

muIoni:  for mu+  XStype:3  SubType=2
      dE/dx and range tables from 100 eV  to 100 TeV in 84 bins
      Lambda tables from threshold to 100 TeV, 7 bins/decade, spline: 1
      StepFunction=(0.2, 0.1 mm), integ: 3, fluct: 1, linLossLim= 0.01
      ===== EM models for the G4Region  DefaultRegionForTheWorld ======
               Bragg : Emin=    0 eV  Emax=  200 keV
        MuBetheBloch : Emin=  200 keV Emax=  100 TeV

muBrems:  for mu+  XStype:1  SubType=3
      dE/dx and range tables from 100 eV  to 100 TeV in 84 bins
      Lambda tables from threshold to 100 TeV, 7 bins/decade, spline: 1
      ===== EM models for the G4Region  DefaultRegionForTheWorld ======
              MuBrem : Emin=    0 eV  Emax=  100 TeV  ModifiedMephi

muPairProd:  for mu+  XStype:1  SubType=4
      dE/dx and range tables from 100 eV  to 100 TeV in 84 bins
      Lambda tables from threshold to 100 TeV, 7 bins/decade, spline: 1
      Sampling table 21x1001, from 0.85 GeV to 100 TeV 
      ===== EM models for the G4Region  DefaultRegionForTheWorld ======
          muPairProd : Emin=    0 eV  Emax=  100 TeV  ModifiedMephi

CoulombScat:  for mu+ XStype:1 SubType=1 BuildTable=1
      Lambda table from threshold  to 100 TeV, 7 bins/decade, spline: 0
      ThetaMin(p) < Theta(degree) < 180, pLimit(GeV^1)= 0.139531
      ===== EM models for the G4Region  DefaultRegionForTheWorld ======
  eCoulombScattering : Emin=    0 eV  Emax=  100 TeV

msc:  for mu-  SubType= 10
      ===== EM models for the G4Region  DefaultRegionForTheWorld ======
        WentzelVIUni : Emin=    0 eV  Emax=  100 TeV Nbins=84 100 eV  - 100 TeV
          StepLim=Minimal Rfact=0.2 Gfact=2.5 Sfact=0.6 DispFlag:0 Skin=1 Llim=1 mm

muIoni:  for mu-  XStype:3  SubType=2
      dE/dx and range tables from 100 eV  to 100 TeV in 84 bins
      Lambda tables from threshold to 100 TeV, 7 bins/decade, spline: 1
      StepFunction=(0.2, 0.1 mm), integ: 3, fluct: 1, linLossLim= 0.01
      ===== EM models for the G4Region  DefaultRegionForTheWorld ======
            ICRU73QO : Emin=    0 eV  Emax=  200 keV
        MuBetheBloch : Emin=  200 keV Emax=  100 TeV

muBrems:  for mu-  XStype:1  SubType=3
      dE/dx and range tables from 100 eV  to 100 TeV in 84 bins
      Lambda tables from threshold to 100 TeV, 7 bins/decade, spline: 1
      ===== EM models for the G4Region  DefaultRegionForTheWorld ======
              MuBrem : Emin=    0 eV  Emax=  100 TeV  ModifiedMephi

muPairProd:  for mu-  XStype:1  SubType=4
      dE/dx and range tables from 100 eV  to 100 TeV in 84 bins
      Lambda tables from threshold to 100 TeV, 7 bins/decade, spline: 1
      Sampling table 21x1001, from 0.85 GeV to 100 TeV 
      ===== EM models for the G4Region  DefaultRegionForTheWorld ======
          muPairProd : Emin=    0 eV  Emax=  100 TeV  ModifiedMephi

CoulombScat:  for mu- XStype:1 SubType=1 BuildTable=1
      Used Lambda table of mu+
      ThetaMin(p) < Theta(degree) < 180, pLimit(GeV^1)= 0.139531
      ===== EM models for the G4Region  DefaultRegionForTheWorld ======
  eCoulombScattering : Emin=    0 eV  Emax=  100 TeV

msc:  for pi+  SubType= 10
      ===== EM models for the G4Region  DefaultRegionForTheWorld ======
        WentzelVIUni : Emin=    0 eV  Emax=  100 TeV Nbins=84 100 eV  - 100 TeV
          StepLim=Minimal Rfact=0.2 Gfact=2.5 Sfact=0.6 DispFlag:0 Skin=1 Llim=1 mm

hIoni:  for pi+  XStype:3  SubType=2
      dE/dx and range tables from 100 eV  to 100 TeV in 84 bins
      Lambda tables from threshold to 100 TeV, 7 bins/decade, spline: 1
      StepFunction=(0.2, 0.1 mm), integ: 3, fluct: 1, linLossLim= 0.01
      ===== EM models for the G4Region  DefaultRegionForTheWorld ======
               Bragg : Emin=    0 eV  Emax=297.505 keV
          BetheBloch : Emin=297.505 keV Emax=  100 TeV

hBrems:  for pi+  XStype:1  SubType=3
      dE/dx and range tables from 100 eV  to 100 TeV in 84 bins
      Lambda tables from threshold to 100 TeV, 7 bins/decade, spline: 1
      ===== EM models for the G4Region  DefaultRegionForTheWorld ======
               hBrem : Emin=    0 eV  Emax=  100 TeV  ModifiedMephi

hPairProd:  for pi+  XStype:1  SubType=4
      dE/dx and range tables from 100 eV  to 100 TeV in 84 bins
      Lambda tables from threshold to 100 TeV, 7 bins/decade, spline: 1
      Sampling table 20x1001, from 1.11656 GeV to 100 TeV 
      ===== EM models for the G4Region  DefaultRegionForTheWorld ======
           hPairProd : Emin=    0 eV  Emax=  100 TeV  ModifiedMephi

CoulombScat:  for pi+ XStype:1 SubType=1 BuildTable=1
      Lambda table from threshold  to 100 TeV, 7 bins/decade, spline: 0
      ThetaMin(p) < Theta(degree) < 180, pLimit(GeV^1)= 0.139531
      ===== EM models for the G4Region  DefaultRegionForTheWorld ======
  eCoulombScattering : Emin=    0 eV  Emax=  100 TeV

msc:  for pi-  SubType= 10
      ===== EM models for the G4Region  DefaultRegionForTheWorld ======
        WentzelVIUni : Emin=    0 eV  Emax=  100 TeV Nbins=84 100 eV  - 100 TeV
          StepLim=Minimal Rfact=0.2 Gfact=2.5 Sfact=0.6 DispFlag:0 Skin=1 Llim=1 mm

hIoni:  for pi-  XStype:3  SubType=2
      dE/dx and range tables from 100 eV  to 100 TeV in 84 bins
      Lambda tables from threshold to 100 TeV, 7 bins/decade, spline: 1
      StepFunction=(0.2, 0.1 mm), integ: 3, fluct: 1, linLossLim= 0.01
      ===== EM models for the G4Region  DefaultRegionForTheWorld ======
            ICRU73QO : Emin=    0 eV  Emax=297.505 keV
          BetheBloch : Emin=297.505 keV Emax=  100 TeV

hBrems:  for pi-  XStype:1  SubType=3
      dE/dx and range tables from 100 eV  to 100 TeV in 84 bins
      Lambda tables from threshold to 100 TeV, 7 bins/decade, spline: 1
      ===== EM models for the G4Region  DefaultRegionForTheWorld ======
               hBrem : Emin=    0 eV  Emax=  100 TeV  ModifiedMephi

hPairProd:  for pi-  XStype:1  SubType=4
      dE/dx and range tables from 100 eV  to 100 TeV in 84 bins
      Lambda tables from threshold to 100 TeV, 7 bins/decade, spline: 1
      Sampling table 20x1001, from 1.11656 GeV to 100 TeV 
      ===== EM models for the G4Region  DefaultRegionForTheWorld ======
           hPairProd : Emin=    0 eV  Emax=  100 TeV  ModifiedMephi

CoulombScat:  for pi- XStype:1 SubType=1 BuildTable=1
      Used Lambda table of pi+
      ThetaMin(p) < Theta(degree) < 180, pLimit(GeV^1)= 0.139531
      ===== EM models for the G4Region  DefaultRegionForTheWorld ======
  eCoulombScattering : Emin=    0 eV  Emax=  100 TeV

====================================================================
                  HADRONIC PROCESSES SUMMARY (verbose level 1)
-----------------------------------------------------------------------
                           Hadronic Processes for neutron
  Process: hadElastic
        Model:             hElasticCHIPS: 0 eV  ---> 100 TeV
     Cr_sctns:        G4NeutronElasticXS: 0 eV  ---> 100 TeV
  Process: neutronInelastic
        Model:                      FTFP: 3 GeV ---> 100 TeV
        Model:            BertiniCascade: 0 eV  ---> 6 GeV
     Cr_sctns:      G4NeutronInelasticXS: 0 eV  ---> 100 TeV
  Process: nCapture
        Model:               nRadCapture: 0 eV  ---> 100 TeV
     Cr_sctns:        G4NeutronCaptureXS: 0 eV  ---> 100 TeV
  Process: nKiller
-----------------------------------------------------------------------
                           Hadronic Processes for B-
  Process: hadElastic
        Model:              hElasticLHEP: 0 eV  ---> 100 TeV
     Cr_sctns:            Glauber-Gribov: 0 eV  ---> 100 TeV
  Process: B-Inelastic
        Model:                      FTFP: 0 eV  ---> 100 TeV
     Cr_sctns:            Glauber-Gribov: 0 eV  ---> 100 TeV
-----------------------------------------------------------------------
                           Hadronic Processes for D-
  Process: hadElastic
        Model:              hElasticLHEP: 0 eV  ---> 100 TeV
     Cr_sctns:            Glauber-Gribov: 0 eV  ---> 100 TeV
  Process: D-Inelastic
        Model:                      FTFP: 0 eV  ---> 100 TeV
     Cr_sctns:            Glauber-Gribov: 0 eV  ---> 100 TeV
-----------------------------------------------------------------------
                           Hadronic Processes for GenericIon
  Process: ionInelastic
        Model:  Binary Light Ion Cascade: 0 eV /n ---> 6 GeV/n
        Model:                      FTFP: 3 GeV/n ---> 100 TeV/n
     Cr_sctns:  Glauber-Gribov Nucl-nucl: 0 eV  ---> 25.6 PeV
-----------------------------------------------------------------------
                           Hadronic Processes for He3
  Process: hadElastic
        Model:              hElasticLHEP: 0 eV /n ---> 100 TeV/n
     Cr_sctns:  Glauber-Gribov Nucl-nucl: 0 eV  ---> 25.6 PeV
  Process: He3Inelastic
        Model:  Binary Light Ion Cascade: 0 eV /n ---> 6 GeV/n
        Model:                      FTFP: 3 GeV/n ---> 100 TeV/n
     Cr_sctns:  Glauber-Gribov Nucl-nucl: 0 eV  ---> 25.6 PeV
-----------------------------------------------------------------------
                           Hadronic Processes for alpha
  Process: hadElastic
        Model:              hElasticLHEP: 0 eV /n ---> 100 TeV/n
     Cr_sctns:  Glauber-Gribov Nucl-nucl: 0 eV  ---> 25.6 PeV
  Process: alphaInelastic
        Model:  Binary Light Ion Cascade: 0 eV /n ---> 6 GeV/n
        Model:                      FTFP: 3 GeV/n ---> 100 TeV/n
     Cr_sctns:  Glauber-Gribov Nucl-nucl: 0 eV  ---> 25.6 PeV
-----------------------------------------------------------------------
                           Hadronic Processes for anti_He3
  Process: hadElastic
        Model:              hElasticLHEP: 0 eV /n ---> 100.1 MeV/n
        Model:              AntiAElastic: 100 MeV/n ---> 100 TeV/n
     Cr_sctns:              AntiAGlauber: 0 eV  ---> 25.6 PeV
  Process: anti_He3Inelastic
        Model:                      FTFP: 0 eV /n ---> 100 TeV/n
     Cr_sctns:              AntiAGlauber: 0 eV  ---> 25.6 PeV
  Process: hFritiofCaptureAtRest
-----------------------------------------------------------------------
                           Hadronic Processes for anti_alpha
  Process: hadElastic
        Model:              hElasticLHEP: 0 eV /n ---> 100.1 MeV/n
        Model:              AntiAElastic: 100 MeV/n ---> 100 TeV/n
     Cr_sctns:              AntiAGlauber: 0 eV  ---> 25.6 PeV
  Process: anti_alphaInelastic
        Model:                      FTFP: 0 eV /n ---> 100 TeV/n
     Cr_sctns:              AntiAGlauber: 0 eV  ---> 25.6 PeV
  Process: hFritiofCaptureAtRest
-----------------------------------------------------------------------
                           Hadronic Processes for anti_deuteron
  Process: hadElastic
        Model:              hElasticLHEP: 0 eV /n ---> 100.1 MeV/n
        Model:              AntiAElastic: 100 MeV/n ---> 100 TeV/n
     Cr_sctns:              AntiAGlauber: 0 eV  ---> 25.6 PeV
  Process: anti_deuteronInelastic
        Model:                      FTFP: 0 eV /n ---> 100 TeV/n
     Cr_sctns:              AntiAGlauber: 0 eV  ---> 25.6 PeV
  Process: hFritiofCaptureAtRest
-------------------------------------------------------------------------
                           Hadronic Processes for anti_hypertriton
  Process: hFritiofCaptureAtRest
-----------------------------------------------------------------------
                           Hadronic Processes for anti_lambda
  Process: hadElastic
        Model:              hElasticLHEP: 0 eV  ---> 100 TeV
     Cr_sctns:            Glauber-Gribov: 0 eV  ---> 100 TeV
  Process: anti_lambdaInelastic
        Model:                      FTFP: 0 eV  ---> 100 TeV
     Cr_sctns:            Glauber-Gribov: 0 eV  ---> 100 TeV
  Process: hFritiofCaptureAtRest
-----------------------------------------------------------------------
                           Hadronic Processes for anti_neutron
  Process: hadElastic
        Model:              hElasticLHEP: 0 eV  ---> 100.1 MeV
        Model:              AntiAElastic: 100 MeV ---> 100 TeV
     Cr_sctns:              AntiAGlauber: 0 eV  ---> 25.6 PeV
  Process: anti_neutronInelastic
        Model:                      FTFP: 0 eV  ---> 100 TeV
     Cr_sctns:              AntiAGlauber: 0 eV  ---> 25.6 PeV
  Process: hFritiofCaptureAtRest
-----------------------------------------------------------------------
                           Hadronic Processes for anti_proton
  Process: hadElastic
        Model:              hElasticLHEP: 0 eV  ---> 100.1 MeV
        Model:              AntiAElastic: 100 MeV ---> 100 TeV
     Cr_sctns:              AntiAGlauber: 0 eV  ---> 25.6 PeV
  Process: anti_protonInelastic
        Model:                      FTFP: 0 eV  ---> 100 TeV
     Cr_sctns:              AntiAGlauber: 0 eV  ---> 25.6 PeV
  Process: hFritiofCaptureAtRest
-----------------------------------------------------------------------
                           Hadronic Processes for anti_triton
  Process: hadElastic
        Model:              hElasticLHEP: 0 eV /n ---> 100.1 MeV/n
        Model:              AntiAElastic: 100 MeV/n ---> 100 TeV/n
     Cr_sctns:              AntiAGlauber: 0 eV  ---> 25.6 PeV
  Process: anti_tritonInelastic
        Model:                      FTFP: 0 eV /n ---> 100 TeV/n
     Cr_sctns:              AntiAGlauber: 0 eV  ---> 25.6 PeV
  Process: hFritiofCaptureAtRest
-----------------------------------------------------------------------
                           Hadronic Processes for deuteron
  Process: hadElastic
        Model:              hElasticLHEP: 0 eV /n ---> 100 TeV/n
     Cr_sctns:  Glauber-Gribov Nucl-nucl: 0 eV  ---> 25.6 PeV
  Process: dInelastic
        Model:  Binary Light Ion Cascade: 0 eV /n ---> 6 GeV/n
        Model:                      FTFP: 3 GeV/n ---> 100 TeV/n
     Cr_sctns:  Glauber-Gribov Nucl-nucl: 0 eV  ---> 25.6 PeV
-----------------------------------------------------------------------
                           Hadronic Processes for e+
  Process: positronNuclear
        Model:   G4ElectroVDNuclearModel: 0 eV  ---> 1 PeV
     Cr_sctns:          ElectroNuclearXS: 0 eV  ---> 100 TeV
-----------------------------------------------------------------------
                           Hadronic Processes for e-
  Process: electronNuclear
        Model:   G4ElectroVDNuclearModel: 0 eV  ---> 1 PeV
     Cr_sctns:          ElectroNuclearXS: 0 eV  ---> 100 TeV
-----------------------------------------------------------------------
                           Hadronic Processes for gamma
  Process: photonNuclear
        Model:               GammaNPreco: 0 eV  ---> 200 MeV
        Model:            BertiniCascade: 199 MeV ---> 6 GeV
        Model:           TheoFSGenerator: 3 GeV ---> 100 TeV
     Cr_sctns:            GammaNuclearXS: 0 eV  ---> 100 TeV
-----------------------------------------------------------------------
                           Hadronic Processes for kaon+
  Process: hadElastic
        Model:              hElasticLHEP: 0 eV  ---> 100 TeV
     Cr_sctns:            Glauber-Gribov: 0 eV  ---> 100 TeV
  Process: kaon+Inelastic
        Model:                      FTFP: 3 GeV ---> 100 TeV
        Model:            BertiniCascade: 0 eV  ---> 6 GeV
     Cr_sctns:            Glauber-Gribov: 0 eV  ---> 100 TeV
-----------------------------------------------------------------------
                           Hadronic Processes for kaon-
  Process: hadElastic
        Model:              hElasticLHEP: 0 eV  ---> 100 TeV
     Cr_sctns:            Glauber-Gribov: 0 eV  ---> 100 TeV
  Process: kaon-Inelastic
        Model:                      FTFP: 3 GeV ---> 100 TeV
        Model:            BertiniCascade: 0 eV  ---> 6 GeV
     Cr_sctns:            Glauber-Gribov: 0 eV  ---> 100 TeV
  Process: hBertiniCaptureAtRest
-----------------------------------------------------------------------
                           Hadronic Processes for lambda
  Process: hadElastic
        Model:              hElasticLHEP: 0 eV  ---> 100 TeV
     Cr_sctns:            Glauber-Gribov: 0 eV  ---> 100 TeV
  Process: lambdaInelastic
        Model:                      FTFP: 3 GeV ---> 100 TeV
        Model:            BertiniCascade: 0 eV  ---> 6 GeV
     Cr_sctns:            Glauber-Gribov: 0 eV  ---> 100 TeV
-----------------------------------------------------------------------
                           Hadronic Processes for mu+
  Process: muonNuclear
        Model:      G4MuonVDNuclearModel: 0 eV  ---> 1 PeV
     Cr_sctns:     KokoulinMuonNuclearXS: 0 eV  ---> 100 TeV
-----------------------------------------------------------------------
                           Hadronic Processes for mu-
  Process: muonNuclear
        Model:      G4MuonVDNuclearModel: 0 eV  ---> 1 PeV
     Cr_sctns:     KokoulinMuonNuclearXS: 0 eV  ---> 100 TeV
  Process: muMinusCaptureAtRest
-----------------------------------------------------------------------
                           Hadronic Processes for pi+
  Process: hadElastic
        Model:           hElasticGlauber: 0 eV  ---> 100 TeV
     Cr_sctns:  BarashenkovGlauberGribov: 0 eV  ---> 100 TeV
  Process: pi+Inelastic
        Model:                      FTFP: 3 GeV ---> 100 TeV
        Model:            BertiniCascade: 0 eV  ---> 6 GeV
     Cr_sctns:  BarashenkovGlauberGribov: 0 eV  ---> 100 TeV
-----------------------------------------------------------------------
                           Hadronic Processes for pi-
  Process: hadElastic
        Model:           hElasticGlauber: 0 eV  ---> 100 TeV
     Cr_sctns:  BarashenkovGlauberGribov: 0 eV  ---> 100 TeV
  Process: pi-Inelastic
        Model:                      FTFP: 3 GeV ---> 100 TeV
        Model:            BertiniCascade: 0 eV  ---> 6 GeV
     Cr_sctns:  BarashenkovGlauberGribov: 0 eV  ---> 100 TeV
  Process: hBertiniCaptureAtRest
-----------------------------------------------------------------------
                           Hadronic Processes for proton
  Process: hadElastic
        Model:             hElasticCHIPS: 0 eV  ---> 100 TeV
     Cr_sctns:  BarashenkovGlauberGribov: 0 eV  ---> 100 TeV
  Process: protonInelastic
        Model:                      FTFP: 3 GeV ---> 100 TeV
        Model:            BertiniCascade: 0 eV  ---> 6 GeV
     Cr_sctns:  BarashenkovGlauberGribov: 0 eV  ---> 100 TeV
-----------------------------------------------------------------------
                           Hadronic Processes for sigma-
  Process: hadElastic
        Model:              hElasticLHEP: 0 eV  ---> 100 TeV
     Cr_sctns:            Glauber-Gribov: 0 eV  ---> 100 TeV
  Process: sigma-Inelastic
        Model:                      FTFP: 3 GeV ---> 100 TeV
        Model:            BertiniCascade: 0 eV  ---> 6 GeV
     Cr_sctns:            Glauber-Gribov: 0 eV  ---> 100 TeV
  Process: hBertiniCaptureAtRest
-----------------------------------------------------------------------
                           Hadronic Processes for triton
  Process: hadElastic
        Model:              hElasticLHEP: 0 eV /n ---> 100 TeV/n
     Cr_sctns:  Glauber-Gribov Nucl-nucl: 0 eV  ---> 25.6 PeV
  Process: tInelastic
        Model:  Binary Light Ion Cascade: 0 eV /n ---> 6 GeV/n
        Model:                      FTFP: 3 GeV/n ---> 100 TeV/n
     Cr_sctns:  Glauber-Gribov Nucl-nucl: 0 eV  ---> 25.6 PeV
=======================================================================
======       Geant4 Native Pre-compound Model Parameters       ========
=======================================================================
Type of pre-compound model                          0
Type of pre-compound inverse x-section              1
Pre-compound model active                           1
Pre-compound excitation low energy                  0.1 MeV 
Pre-compound excitation high energy                 15 MeV 
Angular generator for pre-compound model            1
Use NeverGoBack option for pre-compound model       0
Use SoftCutOff option for pre-compound model        0
Use CEM transitions for pre-compound model          1
Use GNASH transitions for pre-compound model        0
Use HETC submodel for pre-compound model            0
=======================================================================
======       Nuclear De-excitation Module Parameters           ========
=======================================================================
Type of de-excitation inverse x-section             3
Type of de-excitation factory                       Evaporation+GEM
Number of de-excitation channels                    68
Type of Fermi BreakUp model                         ModelVI
Min excitation energy                               0.01 keV 
Min energy per nucleon for multifragmentation       2e+05 MeV
Level density (1/MeV)                               0.075
Use simple level density model                      1
Use discrete excitation energy of the residual      0
Time limit for long lived isomeres                  1 ns 
Isomer production flag                              1
Internal e- conversion flag                         1
Store e- internal conversion data                   1
Correlated gamma emission flag                      0
Max 2J for sampling of angular correlations         10
=======================================================================

========= Table of registered couples ============================

Index : 0     used in the geometry : Yes
 Material : G4_Galactic
 Range cuts        :  gamma  700 um     e-  700 um     e+  700 um  proton 700 um 
 Energy thresholds :  gamma  990 eV     e-  990 eV     e+  990 eV  proton 70 keV
 Region(s) which use this couple : 
    DefaultRegionForTheWorld

Index : 1     used in the geometry : Yes
 Material : G4_POLYSTYRENE
 Range cuts        :  gamma  700 um     e-  700 um     e+  700 um  proton 700 um 
 Energy thresholds :  gamma  2.12507 keV    e-  285.029 keV    e+  278.025 keV proton 70 keV
 Region(s) which use this couple : 
    DefaultRegionForTheWorld

==================================================================

### Run 0 starts.
### Run 0 starts.
 Event#=0
 Event#=10
 Event#=20
 Event#=30
 Event#=40
 Event#=50
 Event#=60
 Event#=70
 Event#=80
 Event#=90
 Run terminated.
Run Summary
  Number of events processed : 100
  User=0.780000s Real=0.788103s Sys=0.010000s


 ===============  Run::PrintInfo()  =============== 	 RunID = 0
 Primary particle PDG code = -211
 Primary particle kinetic energy = 50 GeV
 Primary particle direction = (0,0,1)
 Target material = G4_POLYSTYRENE
 Cubic-volume scoring up-down = 7.85398e+06 mm^3
 Cubic-volume scoring side    = 3.17301e+07 mm^3
 Number of events = 100
 Conversion factor: fluence from mm^-2 to cm^-2 = 100
 Particle fluence in unit of cm^-2 :
   case=  0     downstream                           all   0.0185715
   case=  1     downstream                      electron   0.00220844
   case=  2     downstream                         gamma   0.0141696
   case=  3     downstream                          muon   2.66947e-06
   case=  4     downstream                      neutrino   0.000224126
   case=  5     downstream                          pion   0.00081098
   case=  6     downstream                       neutron   0.000770109
   case=  7     downstream                        proton   0.000320036
   case=  8     downstream                           ion   1.30311e-06
   case=  9     downstream                    otherMeson   5.99922e-05
   case= 10     downstream                   otherBaryon   4.29414e-06
   case= 11     downstream   below 20 MeV            all   0.0126507
   case= 12     downstream   below 20 MeV       electron   0.000914584
   case= 13     downstream   below 20 MeV          gamma   0.0114742
   case= 14     downstream   below 20 MeV           muon          0
   case= 15     downstream   below 20 MeV       neutrino   1.83006e-05
   case= 16     downstream   below 20 MeV           pion   2.62384e-06
   case= 17     downstream   below 20 MeV        neutron   0.000236586
   case= 18     downstream   below 20 MeV         proton   2.84344e-06
   case= 19     downstream   below 20 MeV            ion          0
   case= 20     downstream   below 20 MeV     otherMeson   1.63654e-06
   case= 21     downstream   below 20 MeV    otherBaryon          0
   case= 22     downstream   above 20 MeV            all   0.00592079
   case= 23     downstream   above 20 MeV       electron   0.00129385
   case= 24     downstream   above 20 MeV          gamma   0.00269541
   case= 25     downstream   above 20 MeV           muon   2.66947e-06
   case= 26     downstream   above 20 MeV       neutrino   0.000205826
   case= 27     downstream   above 20 MeV           pion   0.000808356
   case= 28     downstream   above 20 MeV        neutron   0.000533524
   case= 29     downstream   above 20 MeV         proton   0.000317192
   case= 30     downstream   above 20 MeV            ion   1.30311e-06
   case= 31     downstream   above 20 MeV     otherMeson   5.83557e-05
   case= 32     downstream   above 20 MeV    otherBaryon   4.29414e-06
   case= 33           side                           all   0.00162279
   case= 34           side                      electron   8.35637e-05
   case= 35           side                         gamma   0.00129659
   case= 36           side                          muon   5.34284e-07
   case= 37           side                      neutrino   8.58033e-05
   case= 38           side                          pion   2.28678e-05
   case= 39           side                       neutron   0.000124479
   case= 40           side                        proton   8.1758e-06
   case= 41           side                           ion          0
   case= 42           side                    otherMeson   7.70865e-07
   case= 43           side                   otherBaryon          0
   case= 44           side   below 20 MeV            all   0.00127523
   case= 45           side   below 20 MeV       electron   4.26208e-05
   case= 46           side   below 20 MeV          gamma   0.00118666
   case= 47           side   below 20 MeV           muon          0
   case= 48           side   below 20 MeV       neutrino   6.50462e-06
   case= 49           side   below 20 MeV           pion   4.94545e-07
   case= 50           side   below 20 MeV        neutron   3.89493e-05
   case= 51           side   below 20 MeV         proton          0
   case= 52           side   below 20 MeV            ion          0
   case= 53           side   below 20 MeV     otherMeson          0
   case= 54           side   below 20 MeV    otherBaryon          0
   case= 55           side   above 20 MeV            all   0.000347558
   case= 56           side   above 20 MeV       electron   4.09429e-05
   case= 57           side   above 20 MeV          gamma   0.000109932
   case= 58           side   above 20 MeV           muon   5.34284e-07
   case= 59           side   above 20 MeV       neutrino   7.92987e-05
   case= 60           side   above 20 MeV           pion   2.23733e-05
   case= 61           side   above 20 MeV        neutron   8.55297e-05
   case= 62           side   above 20 MeV         proton   8.1758e-06
   case= 63           side   above 20 MeV            ion          0
   case= 64           side   above 20 MeV     otherMeson   7.70865e-07
   case= 65           side   above 20 MeV    otherBaryon          0
   case= 66       upstream                           all   0.000982275
   case= 67       upstream                      electron   5.07903e-05
   case= 68       upstream                         gamma   0.000735456
   case= 69       upstream                          muon          0
   case= 70       upstream                      neutrino   0.000116872
   case= 71       upstream                          pion   4.78421e-06
   case= 72       upstream                       neutron   7.12088e-05
   case= 73       upstream                        proton   3.16347e-06
   case= 74       upstream                           ion          0
   case= 75       upstream                    otherMeson          0
   case= 76       upstream                   otherBaryon          0
   case= 77       upstream   below 20 MeV            all   0.000768382
   case= 78       upstream   below 20 MeV       electron   2.8284e-05
   case= 79       upstream   below 20 MeV          gamma   0.000678641
   case= 80       upstream   below 20 MeV           muon          0
   case= 81       upstream   below 20 MeV       neutrino   2.39571e-05
   case= 82       upstream   below 20 MeV           pion          0
   case= 83       upstream   below 20 MeV        neutron   3.74999e-05
   case= 84       upstream   below 20 MeV         proton          0
   case= 85       upstream   below 20 MeV            ion          0
   case= 86       upstream   below 20 MeV     otherMeson          0
   case= 87       upstream   below 20 MeV    otherBaryon          0
   case= 88       upstream   above 20 MeV            all   0.000213894
   case= 89       upstream   above 20 MeV       electron   2.25063e-05
   case= 90       upstream   above 20 MeV          gamma   5.68157e-05
   case= 91       upstream   above 20 MeV           muon          0
   case= 92       upstream   above 20 MeV       neutrino   9.29151e-05
   case= 93       upstream   above 20 MeV           pion   4.78421e-06
   case= 94       upstream   above 20 MeV        neutron   3.37089e-05
   case= 95       upstream   above 20 MeV         proton   3.16347e-06
   case= 96       upstream   above 20 MeV            ion          0
   case= 97       upstream   above 20 MeV     otherMeson          0
   case= 98       upstream   above 20 MeV    otherBaryon          0
 ------------------------------------------------------------- 
 Extra information: particle production 	 	      <N>      <E_kin> <Sum_Ekin> [MeV]
   case=  0          layer                           all    2218.12    37.4219    83006.2
   case=  1          layer                      electron     1807.7    6.08304    10996.3
   case=  2          layer                         gamma     273.64     73.649    20153.3
   case=  3          layer                          muon       1.17    141.215    165.221
   case=  4          layer                      neutrino       3.46    47.6498    164.868
   case=  5          layer                          pion      20.93     1754.4    36719.5
   case=  6          layer                       neutron      20.57    143.275    2947.16
   case=  7          layer                        proton      44.97    79.6853    3583.45
   case=  8          layer                           ion       43.6     6.0226    262.585
   case=  9          layer                    otherMeson       1.79    3917.57    7012.45
   case= 10          layer                   otherBaryon       0.29    3452.84    1001.32
   case= 11          layer   below 20 MeV            all    2107.39    0.56765    1196.26
   case= 12          layer   below 20 MeV       electron    1782.58   0.320308    570.975
   case= 13          layer   below 20 MeV          gamma     236.24    1.43344    338.636
   case= 14          layer   below 20 MeV           muon       1.07    4.39116    4.69854
   case= 15          layer   below 20 MeV       neutrino       0.31    14.4689    4.48534
   case= 16          layer   below 20 MeV           pion       0.41    7.53728    3.09028
   case= 17          layer   below 20 MeV        neutron      10.29    6.34724    65.3131
   case= 18          layer   below 20 MeV         proton      35.09    2.68378     94.174
   case= 19          layer   below 20 MeV            ion      41.37    2.76752    114.492
   case= 20          layer   below 20 MeV     otherMeson       0.01    15.4769   0.154769
   case= 21          layer   below 20 MeV    otherBaryon       0.02    12.0717   0.241434
   case= 22          layer   above 20 MeV            all     110.73    738.823    81809.9
   case= 23          layer   above 20 MeV       electron      25.12    415.022    10425.3
   case= 24          layer   above 20 MeV          gamma       37.4    529.804    19814.7
   case= 25          layer   above 20 MeV           muon        0.1    1605.23    160.523
   case= 26          layer   above 20 MeV       neutrino       3.15    50.9153    160.383
   case= 27          layer   above 20 MeV           pion      20.52     1789.3    36716.4
   case= 28          layer   above 20 MeV        neutron      10.28    280.335    2881.85
   case= 29          layer   above 20 MeV         proton       9.88    353.165    3489.27
   case= 30          layer   above 20 MeV            ion       2.23    66.4094    148.093
   case= 31          layer   above 20 MeV     otherMeson       1.78    3939.49     7012.3
   case= 32          layer   above 20 MeV    otherBaryon       0.27    3707.71    1001.08
 ============================================================= 



 ------  DetectorConstruction::PrintParameters() ------ 
 Material         = G4_GRAPHITE
 Thickness        = 1000 mm
 Diameter         = 1000 mm
 ScoringThickness = 10 mm
 ------------------------------------------------------ 


PrimaryGenerationAction::SetGunPosition() : gun position along z = -550 mm 

Start re-initialization because 
  Geometry
has been modified since last Run.

DetectorConstruction::ConstructLayer() : 
	 World (box) size: 
	 	 x : -/+ 600 mm 	 y : -/+ 600 mm 	 z : -/+ 600 mm 
	 Target layer (cylinder) size: 
	 	 x : -/+ 500 mm 	 y : -/+ 500 mm 	 z : -/+ 500 mm 



========= Table of registered couples ============================

Index : 0     used in the geometry : Yes
 Material : G4_Galactic
 Range cuts        :  gamma  700 um     e-  700 um     e+  700 um  proton 700 um 
 Energy thresholds :  gamma  990 eV     e-  990 eV     e+  990 eV  proton 70 keV
 Region(s) which use this couple : 
    DefaultRegionForTheWorld

Index : 1     used in the geometry : No 
 Material : G4_POLYSTYRENE
 Range cuts        :  gamma  700 um     e-  700 um     e+  700 um  proton 700 um 
 Energy thresholds :  gamma  2.12507 keV    e-  285.029 keV    e+  278.025 keV proton 70 keV

Index : 2     used in the geometry : Yes
 Material : G4_GRAPHITE
 Range cuts        :  gamma  700 um     e-  700 um     e+  700 um  proton 700 um 
 Energy thresholds :  gamma  2.8882 keV    e-  436.578 keV    e+  422.985 keV proton 70 keV
 Region(s) which use this couple : 
    DefaultRegionForTheWorld

==================================================================

### Run 1 starts.
### Run 1 starts.
 Event#=0
 Event#=10
 Event#=20
 Event#=30
 Event#=40
 Event#=50
 Event#=60
 Event#=70
 Event#=80
 Event#=90
 Run terminated.
Run Summary
  Number of events processed : 100
  User=3.270000s Real=3.276128s Sys=0.010000s


 ===============  Run::PrintInfo()  =============== 	 RunID = 1
 Primary particle PDG code = -211
 Primary particle kinetic energy = 50 GeV
 Primary particle direction = (0,0,1)
 Target material = G4_GRAPHITE
 Cubic-volume scoring up-down = 7.85398e+06 mm^3
 Cubic-volume scoring side    = 3.17301e+07 mm^3
 Number of events = 100
 Conversion factor: fluence from mm^-2 to cm^-2 = 100
 Particle fluence in unit of cm^-2 :
   case=  0     downstream                           all   0.0419429
   case=  1     downstream                      electron   0.00373764
   case=  2     downstream                         gamma   0.0343761
   case=  3     downstream                          muon   1.45325e-05
   case=  4     downstream                      neutrino   0.000429652
   case=  5     downstream                          pion   0.000681644
   case=  6     downstream                       neutron   0.00236601
   case=  7     downstream                        proton   0.00029673
   case=  8     downstream                           ion          0
   case=  9     downstream                    otherMeson   3.85526e-05
   case= 10     downstream                   otherBaryon   2.0757e-06
   case= 11     downstream   below 20 MeV            all   0.0331514
   case= 12     downstream   below 20 MeV       electron   0.00188558
   case= 13     downstream   below 20 MeV          gamma   0.0299467
   case= 14     downstream   below 20 MeV           muon          0
   case= 15     downstream   below 20 MeV       neutrino   4.46967e-05
   case= 16     downstream   below 20 MeV           pion   5.31658e-06
   case= 17     downstream   below 20 MeV        neutron    0.00126
   case= 18     downstream   below 20 MeV         proton   9.10099e-06
   case= 19     downstream   below 20 MeV            ion          0
   case= 20     downstream   below 20 MeV     otherMeson          0
   case= 21     downstream   below 20 MeV    otherBaryon          0
   case= 22     downstream   above 20 MeV            all   0.00879151
   case= 23     downstream   above 20 MeV       electron   0.00185205
   case= 24     downstream   above 20 MeV          gamma   0.00442937
   case= 25     downstream   above 20 MeV           muon   1.45325e-05
   case= 26     downstream   above 20 MeV       neutrino   0.000384956
   case= 27     downstream   above 20 MeV           pion   0.000676327
   case= 28     downstream   above 20 MeV        neutron   0.00110601
   case= 29     downstream   above 20 MeV         proton   0.000287629
   case= 30     downstream   above 20 MeV            ion          0
   case= 31     downstream   above 20 MeV     otherMeson   3.85526e-05
   case= 32     downstream   above 20 MeV    otherBaryon   2.0757e-06
   case= 33           side                           all   0.00305393
   case= 34           side                      electron   0.000126133
   case= 35           side                         gamma   0.00218123
   case= 36           side                          muon   5.58793e-07
   case= 37           side                      neutrino   0.000212305
   case= 38           side                          pion   2.41364e-05
   case= 39           side                       neutron   0.000504622
   case= 40           side                        proton   4.61907e-06
   case= 41           side                           ion          0
   case= 42           side                    otherMeson   3.32107e-07
   case= 43           side                   otherBaryon          0
   case= 44           side   below 20 MeV            all   0.0024419
   case= 45           side   below 20 MeV       electron   7.07417e-05
   case= 46           side   below 20 MeV          gamma   0.00202773
   case= 47           side   below 20 MeV           muon          0
   case= 48           side   below 20 MeV       neutrino   1.58407e-05
   case= 49           side   below 20 MeV           pion   4.84097e-07
   case= 50           side   below 20 MeV        neutron   0.000326749
   case= 51           side   below 20 MeV         proton   3.56915e-07
   case= 52           side   below 20 MeV            ion          0
   case= 53           side   below 20 MeV     otherMeson          0
   case= 54           side   below 20 MeV    otherBaryon          0
   case= 55           side   above 20 MeV            all   0.000612036
   case= 56           side   above 20 MeV       electron   5.53911e-05
   case= 57           side   above 20 MeV          gamma   0.000153502
   case= 58           side   above 20 MeV           muon   5.58793e-07
   case= 59           side   above 20 MeV       neutrino   0.000196465
   case= 60           side   above 20 MeV           pion   2.36523e-05
   case= 61           side   above 20 MeV        neutron   0.000177873
   case= 62           side   above 20 MeV         proton   4.26215e-06
   case= 63           side   above 20 MeV            ion          0
   case= 64           side   above 20 MeV     otherMeson   3.32107e-07
   case= 65           side   above 20 MeV    otherBaryon          0
   case= 66       upstream                           all   0.00220535
   case= 67       upstream                      electron   3.95763e-05
   case= 68       upstream                         gamma   0.00148803
   case= 69       upstream                          muon          0
   case= 70       upstream                      neutrino   0.00021156
   case= 71       upstream                          pion   1.17313e-05
   case= 72       upstream                       neutron   0.000448372
   case= 73       upstream                        proton   6.07901e-06
   case= 74       upstream                           ion          0
   case= 75       upstream                    otherMeson          0
   case= 76       upstream                   otherBaryon          0
   case= 77       upstream   below 20 MeV            all   0.00175903
   case= 78       upstream   below 20 MeV       electron   2.24062e-05
   case= 79       upstream   below 20 MeV          gamma   0.00139558
   case= 80       upstream   below 20 MeV           muon          0
   case= 81       upstream   below 20 MeV       neutrino   1.39775e-05
   case= 82       upstream   below 20 MeV           pion          0
   case= 83       upstream   below 20 MeV        neutron   0.000327065
   case= 84       upstream   below 20 MeV         proton          0
   case= 85       upstream   below 20 MeV            ion          0
   case= 86       upstream   below 20 MeV     otherMeson          0
   case= 87       upstream   below 20 MeV    otherBaryon          0
   case= 88       upstream   above 20 MeV            all   0.00044632
   case= 89       upstream   above 20 MeV       electron   1.71702e-05
   case= 90       upstream   above 20 MeV          gamma   9.24503e-05
   case= 91       upstream   above 20 MeV           muon          0
   case= 92       upstream   above 20 MeV       neutrino   0.000197583
   case= 93       upstream   above 20 MeV           pion   1.17313e-05
   case= 94       upstream   above 20 MeV        neutron   0.000121307
   case= 95       upstream   above 20 MeV         proton   6.07901e-06
   case= 96       upstream   above 20 MeV            ion          0
   case= 97       upstream   above 20 MeV     otherMeson          0
   case= 98       upstream   above 20 MeV    otherBaryon          0
 ------------------------------------------------------------- 
 Extra information: particle production 	 	      <N>      <E_kin> <Sum_Ekin> [MeV]
   case=  0          layer                           all    11493.2    10.5074     120764
   case=  1          layer                      electron    9746.18    2.15561      21009
   case=  2          layer                         gamma     1146.8    24.0322    27560.2
   case=  3          layer                          muon          3     52.986    158.958
   case=  4          layer                      neutrino       8.76    39.1762    343.183
   case=  5          layer                          pion      37.47    1244.38    46627.1
   case=  6          layer                       neutron      82.45    93.8053    7734.24
   case=  7          layer                        proton      46.31    138.482    6413.09
   case=  8          layer                           ion     418.91    2.23571    936.562
   case=  9          layer                    otherMeson       2.65    3428.39    9085.24
   case= 10          layer                   otherBaryon       0.72    1245.71    896.909
   case= 11          layer   below 20 MeV            all    11199.1   0.427311    4785.51
   case= 12          layer   below 20 MeV       electron    9660.74   0.238129     2300.5
   case= 13          layer   below 20 MeV          gamma    1052.94    1.37528    1448.09
   case= 14          layer   below 20 MeV           muon        2.7    4.18617    11.3027
   case= 15          layer   below 20 MeV       neutrino       0.68    14.2716    9.70468
   case= 16          layer   below 20 MeV           pion       0.66    11.7865    7.77911
   case= 17          layer   below 20 MeV        neutron      45.98    6.32392    290.774
   case= 18          layer   below 20 MeV         proton      22.33    6.94822    155.154
   case= 19          layer   below 20 MeV            ion     413.02    1.35949    561.499
   case= 20          layer   below 20 MeV     otherMeson       0.04    10.7459   0.429836
   case= 21          layer   below 20 MeV    otherBaryon       0.02    13.6882   0.273764
   case= 22          layer   above 20 MeV            all     294.14    394.298     115979
   case= 23          layer   above 20 MeV       electron      85.44    218.966    18708.5
   case= 24          layer   above 20 MeV          gamma      93.86    278.202    26112.1
   case= 25          layer   above 20 MeV           muon        0.3    492.184    147.655
   case= 26          layer   above 20 MeV       neutrino       8.08    41.2721    333.479
   case= 27          layer   above 20 MeV           pion      36.81    1266.48    46619.3
   case= 28          layer   above 20 MeV        neutron      36.47    204.098    7443.47
   case= 29          layer   above 20 MeV         proton      23.98    260.965    6257.94
   case= 30          layer   above 20 MeV            ion       5.89    63.6781    375.064
   case= 31          layer   above 20 MeV     otherMeson       2.61    3480.77    9084.81
   case= 32          layer   above 20 MeV    otherBaryon        0.7    1280.91    896.635
 ============================================================= 



 ------  DetectorConstruction::PrintParameters() ------ 
 Material         = G4_Si
 Thickness        = 1000 mm
 Diameter         = 1000 mm
 ScoringThickness = 10 mm
 ------------------------------------------------------ 


PrimaryGenerationAction::SetGunPosition() : gun position along z = -550 mm 

Start re-initialization because 
  Geometry
has been modified since last Run.

DetectorConstruction::ConstructLayer() : 
	 World (box) size: 
	 	 x : -/+ 600 mm 	 y : -/+ 600 mm 	 z : -/+ 600 mm 
	 Target layer (cylinder) size: 
	 	 x : -/+ 500 mm 	 y : -/+ 500 mm 	 z : -/+ 500 mm 



========= Table of registered couples ============================

Index : 0     used in the geometry : Yes
 Material : G4_Galactic
 Range cuts        :  gamma  700 um     e-  700 um     e+  700 um  proton 700 um 
 Energy thresholds :  gamma  990 eV     e-  990 eV     e+  990 eV  proton 70 keV
 Region(s) which use this couple : 
    DefaultRegionForTheWorld

Index : 1     used in the geometry : No 
 Material : G4_POLYSTYRENE
 Range cuts        :  gamma  700 um     e-  700 um     e+  700 um  proton 700 um 
 Energy thresholds :  gamma  2.12507 keV    e-  285.029 keV    e+  278.025 keV proton 70 keV

Index : 2     used in the geometry : No 
 Material : G4_GRAPHITE
 Range cuts        :  gamma  700 um     e-  700 um     e+  700 um  proton 700 um 
 Energy thresholds :  gamma  2.8882 keV    e-  436.578 keV    e+  422.985 keV proton 70 keV

Index : 3     used in the geometry : Yes
 Material : G4_Si
 Range cuts        :  gamma  700 um     e-  700 um     e+  700 um  proton 700 um 
 Energy thresholds :  gamma  5.85415 keV    e-  423.338 keV    e+  409.013 keV proton 70 keV
 Region(s) which use this couple : 
    DefaultRegionForTheWorld

==================================================================

### Run 2 starts.
### Run 2 starts.
 Event#=0
 Event#=10
 Event#=20
 Event#=30
 Event#=40
 Event#=50
 Event#=60
 Event#=70
 Event#=80
 Event#=90
 Run terminated.
Run Summary
  Number of events processed : 100
  User=5.980000s Real=6.064413s Sys=0.010000s


 ===============  Run::PrintInfo()  =============== 	 RunID = 2
 Primary particle PDG code = -211
 Primary particle kinetic energy = 50 GeV
 Primary particle direction = (0,0,1)
 Target material = G4_Si
 Cubic-volume scoring up-down = 7.85398e+06 mm^3
 Cubic-volume scoring side    = 3.17301e+07 mm^3
 Number of events = 100
 Conversion factor: fluence from mm^-2 to cm^-2 = 100
 Particle fluence in unit of cm^-2 :
   case=  0     downstream                           all   0.0588455
   case=  1     downstream                      electron   0.00492168
   case=  2     downstream                         gamma   0.0500372
   case=  3     downstream                          muon   1.63585e-05
   case=  4     downstream                      neutrino   0.000283518
   case=  5     downstream                          pion   0.000597935
   case=  6     downstream                       neutron   0.00268897
   case=  7     downstream                        proton   0.000244315
   case=  8     downstream                           ion   1.35375e-06
   case=  9     downstream                    otherMeson   5.15394e-05
   case= 10     downstream                   otherBaryon   2.63518e-06
   case= 11     downstream   below 20 MeV            all   0.0511802
   case= 12     downstream   below 20 MeV       electron   0.00319604
   case= 13     downstream   below 20 MeV          gamma   0.0460276
   case= 14     downstream   below 20 MeV           muon          0
   case= 15     downstream   below 20 MeV       neutrino   1.77506e-05
   case= 16     downstream   below 20 MeV           pion   6.59854e-06
   case= 17     downstream   below 20 MeV        neutron   0.00193218
   case= 18     downstream   below 20 MeV         proton          0
   case= 19     downstream   below 20 MeV            ion          0
   case= 20     downstream   below 20 MeV     otherMeson          0
   case= 21     downstream   below 20 MeV    otherBaryon          0
   case= 22     downstream   above 20 MeV            all   0.00766534
   case= 23     downstream   above 20 MeV       electron   0.00172564
   case= 24     downstream   above 20 MeV          gamma   0.0040096
   case= 25     downstream   above 20 MeV           muon   1.63585e-05
   case= 26     downstream   above 20 MeV       neutrino   0.000265767
   case= 27     downstream   above 20 MeV           pion   0.000591337
   case= 28     downstream   above 20 MeV        neutron   0.000756783
   case= 29     downstream   above 20 MeV         proton   0.000244315
   case= 30     downstream   above 20 MeV            ion   1.35375e-06
   case= 31     downstream   above 20 MeV     otherMeson   5.15394e-05
   case= 32     downstream   above 20 MeV    otherBaryon   2.63518e-06
   case= 33           side                           all   0.00290982
   case= 34           side                      electron   5.01294e-05
   case= 35           side                         gamma   0.00156593
   case= 36           side                          muon   8.86156e-07
   case= 37           side                      neutrino   0.000160937
   case= 38           side                          pion   1.51801e-05
   case= 39           side                       neutron   0.00110727
   case= 40           side                        proton   7.77078e-06
   case= 41           side                           ion          0
   case= 42           side                    otherMeson   1.72321e-06
   case= 43           side                   otherBaryon          0
   case= 44           side   below 20 MeV            all   0.00252209
   case= 45           side   below 20 MeV       electron   3.9525e-05
   case= 46           side   below 20 MeV          gamma   0.00150737
   case= 47           side   below 20 MeV           muon          0
   case= 48           side   below 20 MeV       neutrino   1.29149e-05
   case= 49           side   below 20 MeV           pion   3.72945e-07
   case= 50           side   below 20 MeV        neutron   0.000961482
   case= 51           side   below 20 MeV         proton   4.30434e-07
   case= 52           side   below 20 MeV            ion          0
   case= 53           side   below 20 MeV     otherMeson          0
   case= 54           side   below 20 MeV    otherBaryon          0
   case= 55           side   above 20 MeV            all   0.000387729
   case= 56           side   above 20 MeV       electron   1.06043e-05
   case= 57           side   above 20 MeV          gamma   5.85597e-05
   case= 58           side   above 20 MeV           muon   8.86156e-07
   case= 59           side   above 20 MeV       neutrino   0.000148022
   case= 60           side   above 20 MeV           pion   1.48072e-05
   case= 61           side   above 20 MeV        neutron   0.000145786
   case= 62           side   above 20 MeV         proton   7.34035e-06
   case= 63           side   above 20 MeV            ion          0
   case= 64           side   above 20 MeV     otherMeson   1.72321e-06
   case= 65           side   above 20 MeV    otherBaryon          0
   case= 66       upstream                           all   0.00282438
   case= 67       upstream                      electron   5.62772e-05
   case= 68       upstream                         gamma   0.00150371
   case= 69       upstream                          muon          0
   case= 70       upstream                      neutrino   0.00018008
   case= 71       upstream                          pion   8.28412e-06
   case= 72       upstream                       neutron   0.00107447
   case= 73       upstream                        proton   1.56109e-06
   case= 74       upstream                           ion          0
   case= 75       upstream                    otherMeson          0
   case= 76       upstream                   otherBaryon          0
   case= 77       upstream   below 20 MeV            all   0.00248804
   case= 78       upstream   below 20 MeV       electron   4.38231e-05
   case= 79       upstream   below 20 MeV          gamma   0.00145997
   case= 80       upstream   below 20 MeV           muon          0
   case= 81       upstream   below 20 MeV       neutrino   8.71748e-06
   case= 82       upstream   below 20 MeV           pion          0
   case= 83       upstream   below 20 MeV        neutron   0.000975531
   case= 84       upstream   below 20 MeV         proton          0
   case= 85       upstream   below 20 MeV            ion          0
   case= 86       upstream   below 20 MeV     otherMeson          0
   case= 87       upstream   below 20 MeV    otherBaryon          0
   case= 88       upstream   above 20 MeV            all   0.000336347
   case= 89       upstream   above 20 MeV       electron   1.24541e-05
   case= 90       upstream   above 20 MeV          gamma   4.37462e-05
   case= 91       upstream   above 20 MeV           muon          0
   case= 92       upstream   above 20 MeV       neutrino   0.000171362
   case= 93       upstream   above 20 MeV           pion   8.28412e-06
   case= 94       upstream   above 20 MeV        neutron   9.89389e-05
   case= 95       upstream   above 20 MeV         proton   1.56109e-06
   case= 96       upstream   above 20 MeV            ion          0
   case= 97       upstream   above 20 MeV     otherMeson          0
   case= 98       upstream   above 20 MeV    otherBaryon          0
 ------------------------------------------------------------- 
 Extra information: particle production 	 	      <N>      <E_kin> <Sum_Ekin> [MeV]
   case=  0          layer                           all      16334    8.21849     134241
   case=  1          layer                      electron    13124.4    2.55844    33578.1
   case=  2          layer                         gamma    2815.52    13.3206    37504.5
   case=  3          layer                          muon       2.32    56.3279    130.681
   case=  4          layer                      neutrino       6.65    37.2793    247.908
   case=  5          layer                          pion      27.32    1519.74    41519.2
   case=  6          layer                       neutron      83.78    59.6198    4994.95
   case=  7          layer                        proton      61.57    79.1335    4872.25
   case=  8          layer                           ion     209.78    1.97169     413.62
   case=  9          layer                    otherMeson       2.37    4453.78    10555.5
   case= 10          layer                   otherBaryon       0.29    1463.56    424.433
   case= 11          layer   below 20 MeV            all    15941.9    0.55636    8869.45
   case= 12          layer   below 20 MeV       electron      12971   0.366253    4750.67
   case= 13          layer   below 20 MeV          gamma    2660.52    1.25705     3344.4
   case= 14          layer   below 20 MeV           muon       2.06    4.23301       8.72
   case= 15          layer   below 20 MeV       neutrino        0.5    13.8869    6.94347
   case= 16          layer   below 20 MeV           pion       0.42    11.8162    4.96281
   case= 17          layer   below 20 MeV        neutron      59.07    4.35656    257.342
   case= 18          layer   below 20 MeV         proton      41.45    6.44561     267.17
   case= 19          layer   below 20 MeV            ion     206.84    1.10625    228.817
   case= 20          layer   below 20 MeV     otherMeson       0.04    4.37906   0.175162
   case= 21          layer   below 20 MeV    otherBaryon       0.02    12.4974   0.249947
   case= 22          layer   above 20 MeV            all     392.12    319.728     125372
   case= 23          layer   above 20 MeV       electron     153.44    187.874    28827.5
   case= 24          layer   above 20 MeV          gamma        155    220.388    34160.1
   case= 25          layer   above 20 MeV           muon       0.26     469.08    121.961
   case= 26          layer   above 20 MeV       neutrino       6.15    39.1812    240.964
   case= 27          layer   above 20 MeV           pion       26.9    1543.28    41514.2
   case= 28          layer   above 20 MeV        neutron      24.71    191.728    4737.61
   case= 29          layer   above 20 MeV         proton      20.12    228.881    4605.08
   case= 30          layer   above 20 MeV            ion       2.94    62.8584    184.804
   case= 31          layer   above 20 MeV     otherMeson       2.33    4530.17    10555.3
   case= 32          layer   above 20 MeV    otherBaryon       0.27    1571.05    424.183
 ============================================================= 



 ------  DetectorConstruction::PrintParameters() ------ 
 Material         = G4_lAr
 Thickness        = 1000 mm
 Diameter         = 1000 mm
 ScoringThickness = 10 mm
 ------------------------------------------------------ 


PrimaryGenerationAction::SetGunPosition() : gun position along z = -550 mm 

Start re-initialization because 
  Geometry
has been modified since last Run.

DetectorConstruction::ConstructLayer() : 
	 World (box) size: 
	 	 x : -/+ 600 mm 	 y : -/+ 600 mm 	 z : -/+ 600 mm 
	 Target layer (cylinder) size: 
	 	 x : -/+ 500 mm 	 y : -/+ 500 mm 	 z : -/+ 500 mm 



========= Table of registered couples ============================

Index : 0     used in the geometry : Yes
 Material : G4_Galactic
 Range cuts        :  gamma  700 um     e-  700 um     e+  700 um  proton 700 um 
 Energy thresholds :  gamma  990 eV     e-  990 eV     e+  990 eV  proton 70 keV
 Region(s) which use this couple : 
    DefaultRegionForTheWorld

Index : 1     used in the geometry : No 
 Material : G4_POLYSTYRENE
 Range cuts        :  gamma  700 um     e-  700 um     e+  700 um  proton 700 um 
 Energy thresholds :  gamma  2.12507 keV    e-  285.029 keV    e+  278.025 keV proton 70 keV

Index : 2     used in the geometry : No 
 Material : G4_GRAPHITE
 Range cuts        :  gamma  700 um     e-  700 um     e+  700 um  proton 700 um 
 Energy thresholds :  gamma  2.8882 keV    e-  436.578 keV    e+  422.985 keV proton 70 keV

Index : 3     used in the geometry : No 
 Material : G4_Si
 Range cuts        :  gamma  700 um     e-  700 um     e+  700 um  proton 700 um 
 Energy thresholds :  gamma  5.85415 keV    e-  423.338 keV    e+  409.013 keV proton 70 keV

Index : 4     used in the geometry : Yes
 Material : G4_lAr
 Range cuts        :  gamma  700 um     e-  700 um     e+  700 um  proton 700 um 
 Energy thresholds :  gamma  5.20503 keV    e-  273.977 keV    e+  266.18 keV proton 70 keV
 Region(s) which use this couple : 
    DefaultRegionForTheWorld

==================================================================

### Run 3 starts.
### Run 3 starts.
 Event#=0
 Event#=10
 Event#=20
 Event#=30
 Event#=40
 Event#=50
 Event#=60
 Event#=70
 Event#=80
 Event#=90
 Run terminated.
Run Summary
  Number of events processed : 100
  User=2.170000s Real=2.212125s Sys=0.010000s


 ===============  Run::PrintInfo()  =============== 	 RunID = 3
 Primary particle PDG code = -211
 Primary particle kinetic energy = 50 GeV
 Primary particle direction = (0,0,1)
 Target material = G4_lAr
 Cubic-volume scoring up-down = 7.85398e+06 mm^3
 Cubic-volume scoring side    = 3.17301e+07 mm^3
 Number of events = 100
 Conversion factor: fluence from mm^-2 to cm^-2 = 100
 Particle fluence in unit of cm^-2 :
   case=  0     downstream                           all   0.0603115
   case=  1     downstream                      electron   0.00547025
   case=  2     downstream                         gamma   0.0508291
   case=  3     downstream                          muon   8.94258e-06
   case=  4     downstream                      neutrino   0.00011854
   case=  5     downstream                          pion   0.000663099
   case=  6     downstream                       neutron   0.0029571
   case=  7     downstream                        proton   0.000213077
   case=  8     downstream                           ion   1.43676e-06
   case=  9     downstream                    otherMeson   4.21125e-05
   case= 10     downstream                   otherBaryon   7.91951e-06
   case= 11     downstream   below 20 MeV            all   0.052129
   case= 12     downstream   below 20 MeV       electron   0.00342553
   case= 13     downstream   below 20 MeV          gamma   0.0464585
   case= 14     downstream   below 20 MeV           muon          0
   case= 15     downstream   below 20 MeV       neutrino   1.37318e-05
   case= 16     downstream   below 20 MeV           pion   5.20599e-06
   case= 17     downstream   below 20 MeV        neutron   0.00221565
   case= 18     downstream   below 20 MeV         proton   1.03797e-05
   case= 19     downstream   below 20 MeV            ion          0
   case= 20     downstream   below 20 MeV     otherMeson          0
   case= 21     downstream   below 20 MeV    otherBaryon          0
   case= 22     downstream   above 20 MeV            all   0.00818252
   case= 23     downstream   above 20 MeV       electron   0.00204472
   case= 24     downstream   above 20 MeV          gamma   0.00437054
   case= 25     downstream   above 20 MeV           muon   8.94258e-06
   case= 26     downstream   above 20 MeV       neutrino   0.000104809
   case= 27     downstream   above 20 MeV           pion   0.000657893
   case= 28     downstream   above 20 MeV        neutron   0.000741451
   case= 29     downstream   above 20 MeV         proton   0.000202697
   case= 30     downstream   above 20 MeV            ion   1.43676e-06
   case= 31     downstream   above 20 MeV     otherMeson   4.21125e-05
   case= 32     downstream   above 20 MeV    otherBaryon   7.91951e-06
   case= 33           side                           all   0.00349586
   case= 34           side                      electron   6.03665e-05
   case= 35           side                         gamma   0.00220031
   case= 36           side                          muon   1.84776e-06
   case= 37           side                      neutrino   5.35775e-05
   case= 38           side                          pion   2.38469e-05
   case= 39           side                       neutron   0.00114886
   case= 40           side                        proton   6.70768e-06
   case= 41           side                           ion          0
   case= 42           side                    otherMeson   3.39909e-07
   case= 43           side                   otherBaryon          0
   case= 44           side   below 20 MeV            all   0.00319731
   case= 45           side   below 20 MeV       electron   4.74335e-05
   case= 46           side   below 20 MeV          gamma   0.00214206
   case= 47           side   below 20 MeV           muon          0
   case= 48           side   below 20 MeV       neutrino   3.83072e-06
   case= 49           side   below 20 MeV           pion          0
   case= 50           side   below 20 MeV        neutron   0.00100398
   case= 51           side   below 20 MeV         proton          0
   case= 52           side   below 20 MeV            ion          0
   case= 53           side   below 20 MeV     otherMeson          0
   case= 54           side   below 20 MeV    otherBaryon          0
   case= 55           side   above 20 MeV            all   0.000298552
   case= 56           side   above 20 MeV       electron   1.29331e-05
   case= 57           side   above 20 MeV          gamma   5.8249e-05
   case= 58           side   above 20 MeV           muon   1.84776e-06
   case= 59           side   above 20 MeV       neutrino   4.97468e-05
   case= 60           side   above 20 MeV           pion   2.38469e-05
   case= 61           side   above 20 MeV        neutron   0.000144881
   case= 62           side   above 20 MeV         proton   6.70768e-06
   case= 63           side   above 20 MeV            ion          0
   case= 64           side   above 20 MeV     otherMeson   3.39909e-07
   case= 65           side   above 20 MeV    otherBaryon          0
   case= 66       upstream                           all   0.00216084
   case= 67       upstream                      electron   4.6122e-05
   case= 68       upstream                         gamma   0.00113246
   case= 69       upstream                          muon   1.38294e-06
   case= 70       upstream                      neutrino   3.97625e-05
   case= 71       upstream                          pion   1.0831e-05
   case= 72       upstream                       neutron   0.000930279
   case= 73       upstream                        proton          0
   case= 74       upstream                           ion          0
   case= 75       upstream                    otherMeson          0
   case= 76       upstream                   otherBaryon          0
   case= 77       upstream   below 20 MeV            all   0.00198184
   case= 78       upstream   below 20 MeV       electron   3.97028e-05
   case= 79       upstream   below 20 MeV          gamma   0.0011122
   case= 80       upstream   below 20 MeV           muon          0
   case= 81       upstream   below 20 MeV       neutrino   3.64192e-06
   case= 82       upstream   below 20 MeV           pion   1.32609e-06
   case= 83       upstream   below 20 MeV        neutron   0.00082497
   case= 84       upstream   below 20 MeV         proton          0
   case= 85       upstream   below 20 MeV            ion          0
   case= 86       upstream   below 20 MeV     otherMeson          0
   case= 87       upstream   below 20 MeV    otherBaryon          0
   case= 88       upstream   above 20 MeV            all   0.000178999
   case= 89       upstream   above 20 MeV       electron   6.41923e-06
   case= 90       upstream   above 20 MeV          gamma   2.02617e-05
   case= 91       upstream   above 20 MeV           muon   1.38294e-06
   case= 92       upstream   above 20 MeV       neutrino   3.61206e-05
   case= 93       upstream   above 20 MeV           pion   9.50493e-06
   case= 94       upstream   above 20 MeV        neutron   0.00010531
   case= 95       upstream   above 20 MeV         proton          0
   case= 96       upstream   above 20 MeV            ion          0
   case= 97       upstream   above 20 MeV     otherMeson          0
   case= 98       upstream   above 20 MeV    otherBaryon          0
 ------------------------------------------------------------- 
 Extra information: particle production 	 	      <N>      <E_kin> <Sum_Ekin> [MeV]
   case=  0          layer                           all    6399.37    13.9251    89112.1
   case=  1          layer                      electron    4711.18    4.32688    20384.7
   case=  2          layer                         gamma    1473.83    17.1438    25267.1
   case=  3          layer                          muon       0.79    34.8272    27.5135
   case=  4          layer                      neutrino       2.15    37.8499    81.3773
   case=  5          layer                          pion      16.44    1878.33    30879.7
   case=  6          layer                       neutron       70.3    48.3437    3398.56
   case=  7          layer                        proton      17.69    131.302    2322.73
   case=  8          layer                           ion     104.87    1.76187    184.768
   case=  9          layer                    otherMeson       1.83    3132.93    5733.26
   case= 10          layer                   otherBaryon       0.29    2870.23    832.366
   case= 11          layer   below 20 MeV            all    6182.98   0.670632    4146.51
   case= 12          layer   below 20 MeV       electron    4633.78   0.434609    2013.88
   case= 13          layer   below 20 MeV          gamma    1381.15    1.28176     1770.3
   case= 14          layer   below 20 MeV           muon       0.64    4.11981    2.63668
   case= 15          layer   below 20 MeV       neutrino        0.2     15.304     3.0608
   case= 16          layer   below 20 MeV           pion       0.14    13.0468    1.82655
   case= 17          layer   below 20 MeV        neutron      55.24     3.6515    201.709
   case= 18          layer   below 20 MeV         proton       8.87    7.96584     70.657
   case= 19          layer   below 20 MeV            ion     102.93   0.798809    82.2214
   case= 20          layer   below 20 MeV     otherMeson       0.03    7.02753   0.210826
   case= 21          layer   below 20 MeV    otherBaryon          0          0          0
   case= 22          layer   above 20 MeV            all     216.39     392.65    84965.6
   case= 23          layer   above 20 MeV       electron       77.4    237.349    18370.8
   case= 24          layer   above 20 MeV          gamma      92.68    253.526    23496.8
   case= 25          layer   above 20 MeV           muon       0.15    165.846    24.8768
   case= 26          layer   above 20 MeV       neutrino       1.95    40.1623    78.3165
   case= 27          layer   above 20 MeV           pion       16.3    1894.35    30877.9
   case= 28          layer   above 20 MeV        neutron      15.06    212.275    3196.85
   case= 29          layer   above 20 MeV         proton       8.82    255.338    2252.08
   case= 30          layer   above 20 MeV            ion       1.94    52.8589    102.546
   case= 31          layer   above 20 MeV     otherMeson        1.8    3185.02    5733.04
   case= 32          layer   above 20 MeV    otherBaryon       0.29    2870.23    832.366
 ============================================================= 



 ------  DetectorConstruction::PrintParameters() ------ 
 Material         = G4_Fe
 Thickness        = 1000 mm
 Diameter         = 1000 mm
 ScoringThickness = 10 mm
 ------------------------------------------------------ 


PrimaryGenerationAction::SetGunPosition() : gun position along z = -550 mm 

Start re-initialization because 
  Geometry
has been modified since last Run.

DetectorConstruction::ConstructLayer() : 
	 World (box) size: 
	 	 x : -/+ 600 mm 	 y : -/+ 600 mm 	 z : -/+ 600 mm 
	 Target layer (cylinder) size: 
	 	 x : -/+ 500 mm 	 y : -/+ 500 mm 	 z : -/+ 500 mm 



========= Table of registered couples ============================

Index : 0     used in the geometry : Yes
 Material : G4_Galactic
 Range cuts        :  gamma  700 um     e-  700 um     e+  700 um  proton 700 um 
 Energy thresholds :  gamma  990 eV     e-  990 eV     e+  990 eV  proton 70 keV
 Region(s) which use this couple : 
    DefaultRegionForTheWorld

Index : 1     used in the geometry : No 
 Material : G4_POLYSTYRENE
 Range cuts        :  gamma  700 um     e-  700 um     e+  700 um  proton 700 um 
 Energy thresholds :  gamma  2.12507 keV    e-  285.029 keV    e+  278.025 keV proton 70 keV

Index : 2     used in the geometry : No 
 Material : G4_GRAPHITE
 Range cuts        :  gamma  700 um     e-  700 um     e+  700 um  proton 700 um 
 Energy thresholds :  gamma  2.8882 keV    e-  436.578 keV    e+  422.985 keV proton 70 keV

Index : 3     used in the geometry : No 
 Material : G4_Si
 Range cuts        :  gamma  700 um     e-  700 um     e+  700 um  proton 700 um 
 Energy thresholds :  gamma  5.85415 keV    e-  423.338 keV    e+  409.013 keV proton 70 keV

Index : 4     used in the geometry : No 
 Material : G4_lAr
 Range cuts        :  gamma  700 um     e-  700 um     e+  700 um  proton 700 um 
 Energy thresholds :  gamma  5.20503 keV    e-  273.977 keV    e+  266.18 keV proton 70 keV

Index : 5     used in the geometry : Yes
 Material : G4_Fe
 Range cuts        :  gamma  700 um     e-  700 um     e+  700 um  proton 700 um 
 Energy thresholds :  gamma  17.2487 keV    e-  954.642 keV    e+  906.513 keV proton 70 keV
 Region(s) which use this couple : 
    DefaultRegionForTheWorld

==================================================================

### Run 4 starts.
### Run 4 starts.
 Event#=0
 Event#=10
 Event#=20
 Event#=30
 Event#=40
 Event#=50
 Event#=60
 Event#=70
 Event#=80
 Event#=90
 Run terminated.
Run Summary
  Number of events processed : 100
  User=19.100000s Real=19.205005s Sys=0.020000s


 ===============  Run::PrintInfo()  =============== 	 RunID = 4
 Primary particle PDG code = -211
 Primary particle kinetic energy = 50 GeV
 Primary particle direction = (0,0,1)
 Target material = G4_Fe
 Cubic-volume scoring up-down = 7.85398e+06 mm^3
 Cubic-volume scoring side    = 3.17301e+07 mm^3
 Number of events = 100
 Conversion factor: fluence from mm^-2 to cm^-2 = 100
 Particle fluence in unit of cm^-2 :
   case=  0     downstream                           all   0.0142842
   case=  1     downstream                      electron   0.000247059
   case=  2     downstream                         gamma   0.00525409
   case=  3     downstream                          muon          0
   case=  4     downstream                      neutrino   0.000477674
   case=  5     downstream                          pion   0.000103842
   case=  6     downstream                       neutron   0.008129
   case=  7     downstream                        proton   6.28265e-05
   case=  8     downstream                           ion          0
   case=  9     downstream                    otherMeson   8.40225e-06
   case= 10     downstream                   otherBaryon   1.30693e-06
   case= 11     downstream   below 20 MeV            all   0.0127381
   case= 12     downstream   below 20 MeV       electron   0.000174253
   case= 13     downstream   below 20 MeV          gamma   0.00505539
   case= 14     downstream   below 20 MeV           muon          0
   case= 15     downstream   below 20 MeV       neutrino   3.89081e-05
   case= 16     downstream   below 20 MeV           pion   1.36471e-06
   case= 17     downstream   below 20 MeV        neutron   0.0074682
   case= 18     downstream   below 20 MeV         proton          0
   case= 19     downstream   below 20 MeV            ion          0
   case= 20     downstream   below 20 MeV     otherMeson          0
   case= 21     downstream   below 20 MeV    otherBaryon          0
   case= 22     downstream   above 20 MeV            all   0.00154609
   case= 23     downstream   above 20 MeV       electron   7.28058e-05
   case= 24     downstream   above 20 MeV          gamma   0.000198693
   case= 25     downstream   above 20 MeV           muon          0
   case= 26     downstream   above 20 MeV       neutrino   0.000438766
   case= 27     downstream   above 20 MeV           pion   0.000102477
   case= 28     downstream   above 20 MeV        neutron   0.000660807
   case= 29     downstream   above 20 MeV         proton   6.28265e-05
   case= 30     downstream   above 20 MeV            ion          0
   case= 31     downstream   above 20 MeV     otherMeson   8.40225e-06
   case= 32     downstream   above 20 MeV    otherBaryon   1.30693e-06
   case= 33           side                           all   0.00571915
   case= 34           side                      electron   7.24831e-06
   case= 35           side                         gamma   0.000619006
   case= 36           side                          muon          0
   case= 37           side                      neutrino   0.000438575
   case= 38           side                          pion   3.82866e-07
   case= 39           side                       neutron   0.00465234
   case= 40           side                        proton   1.2368e-06
   case= 41           side                           ion          0
   case= 42           side                    otherMeson   3.59928e-07
   case= 43           side                   otherBaryon          0
   case= 44           side   below 20 MeV            all   0.00519223
   case= 45           side   below 20 MeV       electron   6.78699e-06
   case= 46           side   below 20 MeV          gamma   0.000619006
   case= 47           side   below 20 MeV           muon          0
   case= 48           side   below 20 MeV       neutrino   3.53395e-05
   case= 49           side   below 20 MeV           pion          0
   case= 50           side   below 20 MeV        neutron   0.00453109
   case= 51           side   below 20 MeV         proton          0
   case= 52           side   below 20 MeV            ion          0
   case= 53           side   below 20 MeV     otherMeson          0
   case= 54           side   below 20 MeV    otherBaryon          0
   case= 55           side   above 20 MeV            all   0.000526921
   case= 56           side   above 20 MeV       electron   4.6132e-07
   case= 57           side   above 20 MeV          gamma          0
   case= 58           side   above 20 MeV           muon          0
   case= 59           side   above 20 MeV       neutrino   0.000403235
   case= 60           side   above 20 MeV           pion   3.82866e-07
   case= 61           side   above 20 MeV        neutron   0.000121245
   case= 62           side   above 20 MeV         proton   1.2368e-06
   case= 63           side   above 20 MeV            ion          0
   case= 64           side   above 20 MeV     otherMeson   3.59928e-07
   case= 65           side   above 20 MeV    otherBaryon          0
   case= 66       upstream                           all   0.0144558
   case= 67       upstream                      electron   4.1095e-05
   case= 68       upstream                         gamma   0.00284675
   case= 69       upstream                          muon          0
   case= 70       upstream                      neutrino   0.000686582
   case= 71       upstream                          pion   4.62711e-06
   case= 72       upstream                       neutron   0.0108577
   case= 73       upstream                        proton   9.97427e-06
   case= 74       upstream                           ion   5.36732e-06
   case= 75       upstream                    otherMeson   3.72528e-06
   case= 76       upstream                   otherBaryon          0
   case= 77       upstream   below 20 MeV            all   0.0134615
   case= 78       upstream   below 20 MeV       electron   2.98976e-05
   case= 79       upstream   below 20 MeV          gamma   0.00283069
   case= 80       upstream   below 20 MeV           muon          0
   case= 81       upstream   below 20 MeV       neutrino   5.72253e-05
   case= 82       upstream   below 20 MeV           pion   2.79916e-06
   case= 83       upstream   below 20 MeV        neutron   0.0105355
   case= 84       upstream   below 20 MeV         proton          0
   case= 85       upstream   below 20 MeV            ion   5.36732e-06
   case= 86       upstream   below 20 MeV     otherMeson          0
   case= 87       upstream   below 20 MeV    otherBaryon          0
   case= 88       upstream   above 20 MeV            all   0.000994292
   case= 89       upstream   above 20 MeV       electron   1.11974e-05
   case= 90       upstream   above 20 MeV          gamma   1.60646e-05
   case= 91       upstream   above 20 MeV           muon          0
   case= 92       upstream   above 20 MeV       neutrino   0.000629357
   case= 93       upstream   above 20 MeV           pion   1.82795e-06
   case= 94       upstream   above 20 MeV        neutron   0.000322146
   case= 95       upstream   above 20 MeV         proton   9.97427e-06
   case= 96       upstream   above 20 MeV            ion          0
   case= 97       upstream   above 20 MeV     otherMeson   3.72528e-06
   case= 98       upstream   above 20 MeV    otherBaryon          0
 ------------------------------------------------------------- 
 Extra information: particle production 	 	      <N>      <E_kin> <Sum_Ekin> [MeV]
   case=  0          layer                           all    57019.5    4.43995     253164
   case=  1          layer                      electron    42701.2    1.73503    74087.9
   case=  2          layer                         gamma    12089.6    5.99502    72477.7
   case=  3          layer                          muon       6.16    12.4316    76.5785
   case=  4          layer                      neutrino      18.45    36.1717    667.368
   case=  5          layer                          pion      57.03    1097.92    62614.5
   case=  6          layer                       neutron     848.45    19.5779    16610.8
   case=  7          layer                        proton     186.91    69.5796    13005.1
   case=  8          layer                           ion    1106.11    1.02189    1130.32
   case=  9          layer                    otherMeson       4.34    2711.36    11767.3
   case= 10          layer                   otherBaryon        1.2    605.173    726.208
   case= 11          layer   below 20 MeV            all    55951.2   0.653942    36588.9
   case= 12          layer   below 20 MeV       electron      42279   0.449413    19000.7
   case= 13          layer   below 20 MeV          gamma    11711.6    1.21048    14176.6
   case= 14          layer   below 20 MeV           muon       5.86    4.11967    24.1413
   case= 15          layer   below 20 MeV       neutrino       1.52     14.765    22.4428
   case= 16          layer   below 20 MeV           pion       1.38    12.2932    16.9647
   case= 17          layer   below 20 MeV        neutron     735.85    2.52514    1858.12
   case= 18          layer   below 20 MeV         proton     120.64     7.8323    944.889
   case= 19          layer   below 20 MeV            ion    1095.06   0.495847    542.983
   case= 20          layer   below 20 MeV     otherMeson       0.19    6.36381    1.20912
   case= 21          layer   below 20 MeV    otherBaryon       0.08    9.22282   0.737826
   case= 22          layer   above 20 MeV            all    1068.31    202.727     216575
   case= 23          layer   above 20 MeV       electron     422.19     130.48    55087.2
   case= 24          layer   above 20 MeV          gamma     378.05    154.215    58301.1
   case= 25          layer   above 20 MeV           muon        0.3    174.791    52.4372
   case= 26          layer   above 20 MeV       neutrino      16.93    38.0936    644.925
   case= 27          layer   above 20 MeV           pion      55.65    1124.84    62597.5
   case= 28          layer   above 20 MeV        neutron      112.6    131.019    14752.7
   case= 29          layer   above 20 MeV         proton      66.27    181.986    12060.2
   case= 30          layer   above 20 MeV            ion      11.05    53.1526    587.336
   case= 31          layer   above 20 MeV     otherMeson       4.15     2835.2    11766.1
   case= 32          layer   above 20 MeV    otherBaryon       1.12    647.741     725.47
 ============================================================= 



 ------  DetectorConstruction::PrintParameters() ------ 
 Material         = G4_Cu
 Thickness        = 1000 mm
 Diameter         = 1000 mm
 ScoringThickness = 10 mm
 ------------------------------------------------------ 


PrimaryGenerationAction::SetGunPosition() : gun position along z = -550 mm 

Start re-initialization because 
  Geometry
has been modified since last Run.

DetectorConstruction::ConstructLayer() : 
	 World (box) size: 
	 	 x : -/+ 600 mm 	 y : -/+ 600 mm 	 z : -/+ 600 mm 
	 Target layer (cylinder) size: 
	 	 x : -/+ 500 mm 	 y : -/+ 500 mm 	 z : -/+ 500 mm 



========= Table of registered couples ============================

Index : 0     used in the geometry : Yes
 Material : G4_Galactic
 Range cuts        :  gamma  700 um     e-  700 um     e+  700 um  proton 700 um 
 Energy thresholds :  gamma  990 eV     e-  990 eV     e+  990 eV  proton 70 keV
 Region(s) which use this couple : 
    DefaultRegionForTheWorld

Index : 1     used in the geometry : No 
 Material : G4_POLYSTYRENE
 Range cuts        :  gamma  700 um     e-  700 um     e+  700 um  proton 700 um 
 Energy thresholds :  gamma  2.12507 keV    e-  285.029 keV    e+  278.025 keV proton 70 keV

Index : 2     used in the geometry : No 
 Material : G4_GRAPHITE
 Range cuts        :  gamma  700 um     e-  700 um     e+  700 um  proton 700 um 
 Energy thresholds :  gamma  2.8882 keV    e-  436.578 keV    e+  422.985 keV proton 70 keV

Index : 3     used in the geometry : No 
 Material : G4_Si
 Range cuts        :  gamma  700 um     e-  700 um     e+  700 um  proton 700 um 
 Energy thresholds :  gamma  5.85415 keV    e-  423.338 keV    e+  409.013 keV proton 70 keV

Index : 4     used in the geometry : No 
 Material : G4_lAr
 Range cuts        :  gamma  700 um     e-  700 um     e+  700 um  proton 700 um 
 Energy thresholds :  gamma  5.20503 keV    e-  273.977 keV    e+  266.18 keV proton 70 keV

Index : 5     used in the geometry : No 
 Material : G4_Fe
 Range cuts        :  gamma  700 um     e-  700 um     e+  700 um  proton 700 um 
 Energy thresholds :  gamma  17.2487 keV    e-  954.642 keV    e+  906.513 keV proton 70 keV

Index : 6     used in the geometry : Yes
 Material : G4_Cu
 Range cuts        :  gamma  700 um     e-  700 um     e+  700 um  proton 700 um 
 Energy thresholds :  gamma  20.5458 keV    e-  1.03403 MeV    e+  979.823 keV proton 70 keV
 Region(s) which use this couple : 
    DefaultRegionForTheWorld

==================================================================

### Run 5 starts.
### Run 5 starts.
 Event#=0
 Event#=10
 Event#=20
 Event#=30
 Event#=40
 Event#=50
 Event#=60
 Event#=70
 Event#=80
 Event#=90
 Run terminated.
Run Summary
  Number of events processed : 100
  User=20.180000s Real=20.418135s Sys=0.020000s


 ===============  Run::PrintInfo()  =============== 	 RunID = 5
 Primary particle PDG code = -211
 Primary particle kinetic energy = 50 GeV
 Primary particle direction = (0,0,1)
 Target material = G4_Cu
 Cubic-volume scoring up-down = 7.85398e+06 mm^3
 Cubic-volume scoring side    = 3.17301e+07 mm^3
 Number of events = 100
 Conversion factor: fluence from mm^-2 to cm^-2 = 100
 Particle fluence in unit of cm^-2 :
   case=  0     downstream                           all   0.00698231
   case=  1     downstream                      electron   6.32983e-05
   case=  2     downstream                         gamma   0.00225181
   case=  3     downstream                          muon   2.63603e-06
   case=  4     downstream                      neutrino   0.000440005
   case=  5     downstream                          pion   5.73664e-05
   case=  6     downstream                       neutron   0.00410176
   case=  7     downstream                        proton   6.13721e-05
   case=  8     downstream                           ion          0
   case=  9     downstream                    otherMeson   4.06064e-06
   case= 10     downstream                   otherBaryon          0
   case= 11     downstream   below 20 MeV            all   0.00586367
   case= 12     downstream   below 20 MeV       electron   4.57572e-05
   case= 13     downstream   below 20 MeV          gamma   0.00218583
   case= 14     downstream   below 20 MeV           muon          0
   case= 15     downstream   below 20 MeV       neutrino   3.08134e-05
   case= 16     downstream   below 20 MeV           pion          0
   case= 17     downstream   below 20 MeV        neutron   0.00359991
   case= 18     downstream   below 20 MeV         proton   1.3578e-06
   case= 19     downstream   below 20 MeV            ion          0
   case= 20     downstream   below 20 MeV     otherMeson          0
   case= 21     downstream   below 20 MeV    otherBaryon          0
   case= 22     downstream   above 20 MeV            all   0.00111864
   case= 23     downstream   above 20 MeV       electron   1.75411e-05
   case= 24     downstream   above 20 MeV          gamma   6.59803e-05
   case= 25     downstream   above 20 MeV           muon   2.63603e-06
   case= 26     downstream   above 20 MeV       neutrino   0.000409192
   case= 27     downstream   above 20 MeV           pion   5.73664e-05
   case= 28     downstream   above 20 MeV        neutron   0.000501845
   case= 29     downstream   above 20 MeV         proton   6.00143e-05
   case= 30     downstream   above 20 MeV            ion          0
   case= 31     downstream   above 20 MeV     otherMeson   4.06064e-06
   case= 32     downstream   above 20 MeV    otherBaryon          0
   case= 33           side                           all   0.00241053
   case= 34           side                      electron   8.30557e-06
   case= 35           side                         gamma   0.00041949
   case= 36           side                          muon          0
   case= 37           side                      neutrino   0.000443297
   case= 38           side                          pion   6.9015e-07
   case= 39           side                       neutron   0.0015364
   case= 40           side                        proton   2.34428e-06
   case= 41           side                           ion          0
   case= 42           side                    otherMeson          0
   case= 43           side                   otherBaryon          0
   case= 44           side   below 20 MeV            all   0.0018908
   case= 45           side   below 20 MeV       electron   8.30557e-06
   case= 46           side   below 20 MeV          gamma   0.00041949
   case= 47           side   below 20 MeV           muon          0
   case= 48           side   below 20 MeV       neutrino   3.57579e-05
   case= 49           side   below 20 MeV           pion          0
   case= 50           side   below 20 MeV        neutron   0.00142556
   case= 51           side   below 20 MeV         proton   1.68876e-06
   case= 52           side   below 20 MeV            ion          0
   case= 53           side   below 20 MeV     otherMeson          0
   case= 54           side   below 20 MeV    otherBaryon          0
   case= 55           side   above 20 MeV            all   0.00051973
   case= 56           side   above 20 MeV       electron          0
   case= 57           side   above 20 MeV          gamma          0
   case= 58           side   above 20 MeV           muon          0
   case= 59           side   above 20 MeV       neutrino   0.000407539
   case= 60           side   above 20 MeV           pion   6.9015e-07
   case= 61           side   above 20 MeV        neutron   0.000110845
   case= 62           side   above 20 MeV         proton   6.55522e-07
   case= 63           side   above 20 MeV            ion          0
   case= 64           side   above 20 MeV     otherMeson          0
   case= 65           side   above 20 MeV    otherBaryon          0
   case= 66       upstream                           all   0.0122899
   case= 67       upstream                      electron   7.67842e-05
   case= 68       upstream                         gamma   0.00343377
   case= 69       upstream                          muon   7.2333e-06
   case= 70       upstream                      neutrino   0.000694649
   case= 71       upstream                          pion   1.83406e-05
   case= 72       upstream                       neutron   0.00798789
   case= 73       upstream                        proton   7.64551e-06
   case= 74       upstream                           ion   6.35442e-05
   case= 75       upstream                    otherMeson          0
   case= 76       upstream                   otherBaryon          0
   case= 77       upstream   below 20 MeV            all   0.0111821
   case= 78       upstream   below 20 MeV       electron   7.23693e-05
   case= 79       upstream   below 20 MeV          gamma   0.00342173
   case= 80       upstream   below 20 MeV           muon          0
   case= 81       upstream   below 20 MeV       neutrino   5.65856e-05
   case= 82       upstream   below 20 MeV           pion          0
   case= 83       upstream   below 20 MeV        neutron   0.00762772
   case= 84       upstream   below 20 MeV         proton   3.65363e-06
   case= 85       upstream   below 20 MeV            ion          0
   case= 86       upstream   below 20 MeV     otherMeson          0
   case= 87       upstream   below 20 MeV    otherBaryon          0
   case= 88       upstream   above 20 MeV            all   0.0011078
   case= 89       upstream   above 20 MeV       electron   4.4149e-06
   case= 90       upstream   above 20 MeV          gamma   1.20453e-05
   case= 91       upstream   above 20 MeV           muon   7.2333e-06
   case= 92       upstream   above 20 MeV       neutrino   0.000638063
   case= 93       upstream   above 20 MeV           pion   1.83406e-05
   case= 94       upstream   above 20 MeV        neutron   0.000360168
   case= 95       upstream   above 20 MeV         proton   3.99188e-06
   case= 96       upstream   above 20 MeV            ion   6.35442e-05
   case= 97       upstream   above 20 MeV     otherMeson          0
   case= 98       upstream   above 20 MeV    otherBaryon          0
 ------------------------------------------------------------- 
 Extra information: particle production 	 	      <N>      <E_kin> <Sum_Ekin> [MeV]
   case=  0          layer                           all      61450     4.1561     255392
   case=  1          layer                      electron    45445.6    1.64299    74666.8
   case=  2          layer                         gamma    13609.9    5.38124    73238.3
   case=  3          layer                          muon       6.23    16.7833     104.56
   case=  4          layer                      neutrino       18.6    37.2752    693.319
   case=  5          layer                          pion      57.47    1102.03    63333.6
   case=  6          layer                       neutron     920.01    18.7398    17240.8
   case=  7          layer                        proton     217.29    60.6879    13186.9
   case=  8          layer                           ion       1169    1.05028    1227.78
   case=  9          layer                    otherMeson       4.72    2277.07    10747.8
   case= 10          layer                   otherBaryon       1.16     821.14    952.523
   case= 11          layer   below 20 MeV            all    60357.8   0.672152    40569.6
   case= 12          layer   below 20 MeV       electron    45021.9   0.458619    20647.9
   case= 13          layer   below 20 MeV          gamma    13229.8    1.21071    16017.4
   case= 14          layer   below 20 MeV           muon       5.76    4.15644    23.9411
   case= 15          layer   below 20 MeV       neutrino       1.48    14.9762    22.1648
   case= 16          layer   below 20 MeV           pion       1.36    11.7085    15.9236
   case= 17          layer   below 20 MeV        neutron     796.54    2.65792    2117.14
   case= 18          layer   below 20 MeV         proton      144.2    8.00061    1153.69
   case= 19          layer   below 20 MeV            ion    1156.26   0.491072    567.807
   case= 20          layer   below 20 MeV     otherMeson       0.37    6.28469    2.32533
   case= 21          layer   below 20 MeV    otherBaryon       0.11    12.1579    1.33737
   case= 22          layer   above 20 MeV            all    1092.26    196.677     214823
   case= 23          layer   above 20 MeV       electron     423.76    127.475    54018.9
   case= 24          layer   above 20 MeV          gamma      380.1    150.542    57220.9
   case= 25          layer   above 20 MeV           muon       0.47    171.529    80.6188
   case= 26          layer   above 20 MeV       neutrino      17.12    39.2029    671.154
   case= 27          layer   above 20 MeV           pion      56.11    1128.46    63317.7
   case= 28          layer   above 20 MeV        neutron     123.47    122.489    15123.7
   case= 29          layer   above 20 MeV         proton      73.09    164.635    12033.2
   case= 30          layer   above 20 MeV            ion      12.74    51.8028    659.968
   case= 31          layer   above 20 MeV     otherMeson       4.35    2470.22    10745.4
   case= 32          layer   above 20 MeV    otherBaryon       1.05    905.891    951.185
 ============================================================= 



 ------  DetectorConstruction::PrintParameters() ------ 
 Material         = G4_W
 Thickness        = 1000 mm
 Diameter         = 1000 mm
 ScoringThickness = 10 mm
 ------------------------------------------------------ 


PrimaryGenerationAction::SetGunPosition() : gun position along z = -550 mm 

Start re-initialization because 
  Geometry
has been modified since last Run.

DetectorConstruction::ConstructLayer() : 
	 World (box) size: 
	 	 x : -/+ 600 mm 	 y : -/+ 600 mm 	 z : -/+ 600 mm 
	 Target layer (cylinder) size: 
	 	 x : -/+ 500 mm 	 y : -/+ 500 mm 	 z : -/+ 500 mm 



========= Table of registered couples ============================

Index : 0     used in the geometry : Yes
 Material : G4_Galactic
 Range cuts        :  gamma  700 um     e-  700 um     e+  700 um  proton 700 um 
 Energy thresholds :  gamma  990 eV     e-  990 eV     e+  990 eV  proton 70 keV
 Region(s) which use this couple : 
    DefaultRegionForTheWorld

Index : 1     used in the geometry : No 
 Material : G4_POLYSTYRENE
 Range cuts        :  gamma  700 um     e-  700 um     e+  700 um  proton 700 um 
 Energy thresholds :  gamma  2.12507 keV    e-  285.029 keV    e+  278.025 keV proton 70 keV

Index : 2     used in the geometry : No 
 Material : G4_GRAPHITE
 Range cuts        :  gamma  700 um     e-  700 um     e+  700 um  proton 700 um 
 Energy thresholds :  gamma  2.8882 keV    e-  436.578 keV    e+  422.985 keV proton 70 keV

Index : 3     used in the geometry : No 
 Material : G4_Si
 Range cuts        :  gamma  700 um     e-  700 um     e+  700 um  proton 700 um 
 Energy thresholds :  gamma  5.85415 keV    e-  423.338 keV    e+  409.013 keV proton 70 keV

Index : 4     used in the geometry : No 
 Material : G4_lAr
 Range cuts        :  gamma  700 um     e-  700 um     e+  700 um  proton 700 um 
 Energy thresholds :  gamma  5.20503 keV    e-  273.977 keV    e+  266.18 keV proton 70 keV

Index : 5     used in the geometry : No 
 Material : G4_Fe
 Range cuts        :  gamma  700 um     e-  700 um     e+  700 um  proton 700 um 
 Energy thresholds :  gamma  17.2487 keV    e-  954.642 keV    e+  906.513 keV proton 70 keV

Index : 6     used in the geometry : No 
 Material : G4_Cu
 Range cuts        :  gamma  700 um     e-  700 um     e+  700 um  proton 700 um 
 Energy thresholds :  gamma  20.5458 keV    e-  1.03403 MeV    e+  979.823 keV proton 70 keV

Index : 7     used in the geometry : Yes
 Material : G4_W
 Range cuts        :  gamma  700 um     e-  700 um     e+  700 um  proton 700 um 
 Energy thresholds :  gamma  97.7189 keV    e-  1.64904 MeV    e+  1.53897 MeV proton 70 keV
 Region(s) which use this couple : 
    DefaultRegionForTheWorld

==================================================================

### Run 6 starts.
### Run 6 starts.
 Event#=0
 Event#=10
 Event#=20
 Event#=30
 Event#=40
 Event#=50
 Event#=60
 Event#=70
 Event#=80
 Event#=90
 Run terminated.
Run Summary
  Number of events processed : 100
  User=52.980000s Real=53.871131s Sys=0.080000s


 ===============  Run::PrintInfo()  =============== 	 RunID = 6
 Primary particle PDG code = -211
 Primary particle kinetic energy = 50 GeV
 Primary particle direction = (0,0,1)
 Target material = G4_W
 Cubic-volume scoring up-down = 7.85398e+06 mm^3
 Cubic-volume scoring side    = 3.17301e+07 mm^3
 Number of events = 100
 Conversion factor: fluence from mm^-2 to cm^-2 = 100
 Particle fluence in unit of cm^-2 :
   case=  0     downstream                           all   0.00113783
   case=  1     downstream                      electron          0
   case=  2     downstream                         gamma   9.61377e-05
   case=  3     downstream                          muon   1.37145e-06
   case=  4     downstream                      neutrino   0.000222218
   case=  5     downstream                          pion          0
   case=  6     downstream                       neutron   0.000815034
   case=  7     downstream                        proton   3.07225e-06
   case=  8     downstream                           ion          0
   case=  9     downstream                    otherMeson          0
   case= 10     downstream                   otherBaryon          0
   case= 11     downstream   below 20 MeV            all   0.000876729
   case= 12     downstream   below 20 MeV       electron          0
   case= 13     downstream   below 20 MeV          gamma   9.61377e-05
   case= 14     downstream   below 20 MeV           muon          0
   case= 15     downstream   below 20 MeV       neutrino   1.78931e-05
   case= 16     downstream   below 20 MeV           pion          0
   case= 17     downstream   below 20 MeV        neutron   0.000762698
   case= 18     downstream   below 20 MeV         proton          0
   case= 19     downstream   below 20 MeV            ion          0
   case= 20     downstream   below 20 MeV     otherMeson          0
   case= 21     downstream   below 20 MeV    otherBaryon          0
   case= 22     downstream   above 20 MeV            all   0.000261105
   case= 23     downstream   above 20 MeV       electron          0
   case= 24     downstream   above 20 MeV          gamma          0
   case= 25     downstream   above 20 MeV           muon   1.37145e-06
   case= 26     downstream   above 20 MeV       neutrino   0.000204325
   case= 27     downstream   above 20 MeV           pion          0
   case= 28     downstream   above 20 MeV        neutron   5.23365e-05
   case= 29     downstream   above 20 MeV         proton   3.07225e-06
   case= 30     downstream   above 20 MeV            ion          0
   case= 31     downstream   above 20 MeV     otherMeson          0
   case= 32     downstream   above 20 MeV    otherBaryon          0
   case= 33           side                           all   0.000810365
   case= 34           side                      electron   1.55015e-06
   case= 35           side                         gamma   4.68262e-05
   case= 36           side                          muon          0
   case= 37           side                      neutrino   0.000359061
   case= 38           side                          pion          0
   case= 39           side                       neutron   0.00040249
   case= 40           side                        proton   4.37232e-07
   case= 41           side                           ion          0
   case= 42           side                    otherMeson          0
   case= 43           side                   otherBaryon          0
   case= 44           side   below 20 MeV            all   0.000458249
   case= 45           side   below 20 MeV       electron   1.55015e-06
   case= 46           side   below 20 MeV          gamma   4.68262e-05
   case= 47           side   below 20 MeV           muon          0
   case= 48           side   below 20 MeV       neutrino   3.04002e-05
   case= 49           side   below 20 MeV           pion          0
   case= 50           side   below 20 MeV        neutron   0.000379472
   case= 51           side   below 20 MeV         proton          0
   case= 52           side   below 20 MeV            ion          0
   case= 53           side   below 20 MeV     otherMeson          0
   case= 54           side   below 20 MeV    otherBaryon          0
   case= 55           side   above 20 MeV            all   0.000352117
   case= 56           side   above 20 MeV       electron          0
   case= 57           side   above 20 MeV          gamma          0
   case= 58           side   above 20 MeV           muon          0
   case= 59           side   above 20 MeV       neutrino   0.000328661
   case= 60           side   above 20 MeV           pion          0
   case= 61           side   above 20 MeV        neutron   2.30181e-05
   case= 62           side   above 20 MeV         proton   4.37232e-07
   case= 63           side   above 20 MeV            ion          0
   case= 64           side   above 20 MeV     otherMeson          0
   case= 65           side   above 20 MeV    otherBaryon          0
   case= 66       upstream                           all   0.0297042
   case= 67       upstream                      electron   8.0857e-05
   case= 68       upstream                         gamma   0.00374682
   case= 69       upstream                          muon          0
   case= 70       upstream                      neutrino   0.00112632
   case= 71       upstream                          pion   3.43644e-05
   case= 72       upstream                       neutron   0.0247107
   case= 73       upstream                        proton   5.19358e-06
   case= 74       upstream                           ion          0
   case= 75       upstream                    otherMeson          0
   case= 76       upstream                   otherBaryon          0
   case= 77       upstream   below 20 MeV            all   0.0277495
   case= 78       upstream   below 20 MeV       electron   7.35744e-05
   case= 79       upstream   below 20 MeV          gamma   0.00372346
   case= 80       upstream   below 20 MeV           muon          0
   case= 81       upstream   below 20 MeV       neutrino   9.35282e-05
   case= 82       upstream   below 20 MeV           pion          0
   case= 83       upstream   below 20 MeV        neutron   0.0238589
   case= 84       upstream   below 20 MeV         proton          0
   case= 85       upstream   below 20 MeV            ion          0
   case= 86       upstream   below 20 MeV     otherMeson          0
   case= 87       upstream   below 20 MeV    otherBaryon          0
   case= 88       upstream   above 20 MeV            all   0.00195474
   case= 89       upstream   above 20 MeV       electron   7.28261e-06
   case= 90       upstream   above 20 MeV          gamma   2.3356e-05
   case= 91       upstream   above 20 MeV           muon          0
   case= 92       upstream   above 20 MeV       neutrino   0.00103279
   case= 93       upstream   above 20 MeV           pion   3.43644e-05
   case= 94       upstream   above 20 MeV        neutron   0.000851749
   case= 95       upstream   above 20 MeV         proton   5.19358e-06
   case= 96       upstream   above 20 MeV            ion          0
   case= 97       upstream   above 20 MeV     otherMeson          0
   case= 98       upstream   above 20 MeV    otherBaryon          0
 ------------------------------------------------------------- 
 Extra information: particle production 	 	      <N>      <E_kin> <Sum_Ekin> [MeV]
   case=  0          layer                           all    73519.2    3.50818     257918
   case=  1          layer                      electron    43112.9    1.82957    78878.2
   case=  2          layer                         gamma    23447.5    3.42389    80281.6
   case=  3          layer                          muon        5.5    21.5027    118.265
   case=  4          layer                      neutrino      16.45     37.793    621.695
   case=  5          layer                          pion      52.97    1001.71    53060.8
   case=  6          layer                       neutron    3377.66     5.6717    19157.1
   case=  7          layer                        proton      118.5    99.2238      11758
   case=  8          layer                           ion    3381.83   0.471293    1593.83
   case=  9          layer                    otherMeson       4.51    2531.03      11415
   case= 10          layer                   otherBaryon       1.42    728.131    1033.95
   case= 11          layer   below 20 MeV            all      72401   0.832846    60298.9
   case= 12          layer   below 20 MeV       electron    42699.6    0.66848    28543.8
   case= 13          layer   below 20 MeV          gamma    23059.3    1.14893    26493.5
   case= 14          layer   below 20 MeV           muon       5.09    4.12557    20.9992
   case= 15          layer   below 20 MeV       neutrino       1.33    14.2219    18.9152
   case= 16          layer   below 20 MeV           pion       1.25    12.8471    16.0588
   case= 17          layer   below 20 MeV        neutron    3230.32    1.30457    4214.19
   case= 18          layer   below 20 MeV         proton      43.49    12.3905    538.863
   case= 19          layer   below 20 MeV            ion    3360.14   0.133411    448.279
   case= 20          layer   below 20 MeV     otherMeson       0.34    5.84441     1.9871
   case= 21          layer   below 20 MeV    otherBaryon       0.19    12.2636    2.33009
   case= 22          layer   above 20 MeV            all    1118.19    176.732     197619
   case= 23          layer   above 20 MeV       electron     413.36    121.769    50334.4
   case= 24          layer   above 20 MeV          gamma     388.14    138.579    53788.1
   case= 25          layer   above 20 MeV           muon       0.41    237.234    97.2658
   case= 26          layer   above 20 MeV       neutrino      15.12    39.8664     602.78
   case= 27          layer   above 20 MeV           pion      51.72    1025.61    53044.7
   case= 28          layer   above 20 MeV        neutron     147.34    101.418    14942.9
   case= 29          layer   above 20 MeV         proton      75.01    149.569    11219.2
   case= 30          layer   above 20 MeV            ion      21.69    52.8149    1145.56
   case= 31          layer   above 20 MeV     otherMeson       4.17    2736.92      11413
   case= 32          layer   above 20 MeV    otherBaryon       1.23    838.712    1031.62
 ============================================================= 



 ------  DetectorConstruction::PrintParameters() ------ 
 Material         = G4_Pb
 Thickness        = 1000 mm
 Diameter         = 1000 mm
 ScoringThickness = 10 mm
 ------------------------------------------------------ 


PrimaryGenerationAction::SetGunPosition() : gun position along z = -550 mm 

Start re-initialization because 
  Geometry
has been modified since last Run.

DetectorConstruction::ConstructLayer() : 
	 World (box) size: 
	 	 x : -/+ 600 mm 	 y : -/+ 600 mm 	 z : -/+ 600 mm 
	 Target layer (cylinder) size: 
	 	 x : -/+ 500 mm 	 y : -/+ 500 mm 	 z : -/+ 500 mm 



========= Table of registered couples ============================

Index : 0     used in the geometry : Yes
 Material : G4_Galactic
 Range cuts        :  gamma  700 um     e-  700 um     e+  700 um  proton 700 um 
 Energy thresholds :  gamma  990 eV     e-  990 eV     e+  990 eV  proton 70 keV
 Region(s) which use this couple : 
    DefaultRegionForTheWorld

Index : 1     used in the geometry : No 
 Material : G4_POLYSTYRENE
 Range cuts        :  gamma  700 um     e-  700 um     e+  700 um  proton 700 um 
 Energy thresholds :  gamma  2.12507 keV    e-  285.029 keV    e+  278.025 keV proton 70 keV

Index : 2     used in the geometry : No 
 Material : G4_GRAPHITE
 Range cuts        :  gamma  700 um     e-  700 um     e+  700 um  proton 700 um 
 Energy thresholds :  gamma  2.8882 keV    e-  436.578 keV    e+  422.985 keV proton 70 keV

Index : 3     used in the geometry : No 
 Material : G4_Si
 Range cuts        :  gamma  700 um     e-  700 um     e+  700 um  proton 700 um 
 Energy thresholds :  gamma  5.85415 keV    e-  423.338 keV    e+  409.013 keV proton 70 keV

Index : 4     used in the geometry : No 
 Material : G4_lAr
 Range cuts        :  gamma  700 um     e-  700 um     e+  700 um  proton 700 um 
 Energy thresholds :  gamma  5.20503 keV    e-  273.977 keV    e+  266.18 keV proton 70 keV

Index : 5     used in the geometry : No 
 Material : G4_Fe
 Range cuts        :  gamma  700 um     e-  700 um     e+  700 um  proton 700 um 
 Energy thresholds :  gamma  17.2487 keV    e-  954.642 keV    e+  906.513 keV proton 70 keV

Index : 6     used in the geometry : No 
 Material : G4_Cu
 Range cuts        :  gamma  700 um     e-  700 um     e+  700 um  proton 700 um 
 Energy thresholds :  gamma  20.5458 keV    e-  1.03403 MeV    e+  979.823 keV proton 70 keV

Index : 7     used in the geometry : No 
 Material : G4_W
 Range cuts        :  gamma  700 um     e-  700 um     e+  700 um  proton 700 um 
 Energy thresholds :  gamma  97.7189 keV    e-  1.64904 MeV    e+  1.53897 MeV proton 70 keV

Index : 8     used in the geometry : Yes
 Material : G4_Pb
 Range cuts        :  gamma  700 um     e-  700 um     e+  700 um  proton 700 um 
 Energy thresholds :  gamma  94.6952 keV    e-  1.00699 MeV    e+  946.936 keV proton 70 keV
 Region(s) which use this couple : 
    DefaultRegionForTheWorld

==================================================================

### Run 7 starts.
### Run 7 starts.
 Event#=0
 Event#=10
 Event#=20
 Event#=30
 Event#=40
 Event#=50
 Event#=60
 Event#=70
 Event#=80
 Event#=90
 Run terminated.
Run Summary
  Number of events processed : 100
  User=34.390000s Real=34.862484s Sys=0.030000s


 ===============  Run::PrintInfo()  =============== 	 RunID = 7
 Primary particle PDG code = -211
 Primary particle kinetic energy = 50 GeV
 Primary particle direction = (0,0,1)
 Target material = G4_Pb
 Cubic-volume scoring up-down = 7.85398e+06 mm^3
 Cubic-volume scoring side    = 3.17301e+07 mm^3
 Number of events = 100
 Conversion factor: fluence from mm^-2 to cm^-2 = 100
 Particle fluence in unit of cm^-2 :
   case=  0     downstream                           all   0.0334263
   case=  1     downstream                      electron   4.10115e-05
   case=  2     downstream                         gamma   0.000917212
   case=  3     downstream                          muon          0
   case=  4     downstream                      neutrino   0.000333285
   case=  5     downstream                          pion   7.39469e-05
   case=  6     downstream                       neutron   0.0320206
   case=  7     downstream                        proton   3.49333e-05
   case=  8     downstream                           ion          0
   case=  9     downstream                    otherMeson   5.3161e-06
   case= 10     downstream                   otherBaryon          0
   case= 11     downstream   below 20 MeV            all   0.0323543
   case= 12     downstream   below 20 MeV       electron   3.04285e-05
   case= 13     downstream   below 20 MeV          gamma   0.000897935
   case= 14     downstream   below 20 MeV           muon          0
   case= 15     downstream   below 20 MeV       neutrino   3.11134e-05
   case= 16     downstream   below 20 MeV           pion          0
   case= 17     downstream   below 20 MeV        neutron   0.0313948
   case= 18     downstream   below 20 MeV         proton          0
   case= 19     downstream   below 20 MeV            ion          0
   case= 20     downstream   below 20 MeV     otherMeson          0
   case= 21     downstream   below 20 MeV    otherBaryon          0
   case= 22     downstream   above 20 MeV            all   0.00107201
   case= 23     downstream   above 20 MeV       electron   1.05831e-05
   case= 24     downstream   above 20 MeV          gamma   1.92771e-05
   case= 25     downstream   above 20 MeV           muon          0
   case= 26     downstream   above 20 MeV       neutrino   0.000302172
   case= 27     downstream   above 20 MeV           pion   7.39469e-05
   case= 28     downstream   above 20 MeV        neutron   0.000625786
   case= 29     downstream   above 20 MeV         proton   3.49333e-05
   case= 30     downstream   above 20 MeV            ion          0
   case= 31     downstream   above 20 MeV     otherMeson   5.3161e-06
   case= 32     downstream   above 20 MeV    otherBaryon          0
   case= 33           side                           all   0.0294522
   case= 34           side                      electron   1.55527e-06
   case= 35           side                         gamma   0.000142686
   case= 36           side                          muon          0
   case= 37           side                      neutrino   0.000342615
   case= 38           side                          pion          0
   case= 39           side                       neutron   0.0289654
   case= 40           side                        proton          0
   case= 41           side                           ion          0
   case= 42           side                    otherMeson          0
   case= 43           side                   otherBaryon          0
   case= 44           side   below 20 MeV            all   0.0289839
   case= 45           side   below 20 MeV       electron   1.55527e-06
   case= 46           side   below 20 MeV          gamma   0.000142686
   case= 47           side   below 20 MeV           muon          0
   case= 48           side   below 20 MeV       neutrino   2.67095e-05
   case= 49           side   below 20 MeV           pion          0
   case= 50           side   below 20 MeV        neutron   0.028813
   case= 51           side   below 20 MeV         proton          0
   case= 52           side   below 20 MeV            ion          0
   case= 53           side   below 20 MeV     otherMeson          0
   case= 54           side   below 20 MeV    otherBaryon          0
   case= 55           side   above 20 MeV            all   0.000468306
   case= 56           side   above 20 MeV       electron          0
   case= 57           side   above 20 MeV          gamma          0
   case= 58           side   above 20 MeV           muon          0
   case= 59           side   above 20 MeV       neutrino   0.000315905
   case= 60           side   above 20 MeV           pion          0
   case= 61           side   above 20 MeV        neutron   0.0001524
   case= 62           side   above 20 MeV         proton          0
   case= 63           side   above 20 MeV            ion          0
   case= 64           side   above 20 MeV     otherMeson          0
   case= 65           side   above 20 MeV    otherBaryon          0
   case= 66       upstream                           all   0.0686408
   case= 67       upstream                      electron   0.000151109
   case= 68       upstream                         gamma   0.00176791
   case= 69       upstream                          muon          0
   case= 70       upstream                      neutrino   0.000638692
   case= 71       upstream                          pion   2.33166e-05
   case= 72       upstream                       neutron   0.0660433
   case= 73       upstream                        proton   1.65176e-05
   case= 74       upstream                           ion          0
   case= 75       upstream                    otherMeson          0
   case= 76       upstream                   otherBaryon          0
   case= 77       upstream   below 20 MeV            all   0.0669628
   case= 78       upstream   below 20 MeV       electron   0.000139259
   case= 79       upstream   below 20 MeV          gamma   0.00175362
   case= 80       upstream   below 20 MeV           muon          0
   case= 81       upstream   below 20 MeV       neutrino   5.98581e-05
   case= 82       upstream   below 20 MeV           pion   1.72747e-06
   case= 83       upstream   below 20 MeV        neutron   0.065007
   case= 84       upstream   below 20 MeV         proton   1.36111e-06
   case= 85       upstream   below 20 MeV            ion          0
   case= 86       upstream   below 20 MeV     otherMeson          0
   case= 87       upstream   below 20 MeV    otherBaryon          0
   case= 88       upstream   above 20 MeV            all   0.001678
   case= 89       upstream   above 20 MeV       electron   1.18508e-05
   case= 90       upstream   above 20 MeV          gamma   1.42924e-05
   case= 91       upstream   above 20 MeV           muon          0
   case= 92       upstream   above 20 MeV       neutrino   0.000578833
   case= 93       upstream   above 20 MeV           pion   2.15891e-05
   case= 94       upstream   above 20 MeV        neutron   0.00103628
   case= 95       upstream   above 20 MeV         proton   1.51565e-05
   case= 96       upstream   above 20 MeV            ion          0
   case= 97       upstream   above 20 MeV     otherMeson          0
   case= 98       upstream   above 20 MeV    otherBaryon          0
 ------------------------------------------------------------- 
 Extra information: particle production 	 	      <N>      <E_kin> <Sum_Ekin> [MeV]
   case=  0          layer                           all      47884     5.1299     245640
   case=  1          layer                      electron    28352.1    2.63846    74805.9
   case=  2          layer                         gamma    16347.5    4.61788    75490.8
   case=  3          layer                          muon       4.81    18.4956    88.9638
   case=  4          layer                      neutrino       14.4    38.0381    547.749
   case=  5          layer                          pion      47.44    1084.03    51426.4
   case=  6          layer                       neutron    1956.61    9.69343    18966.3
   case=  7          layer                        proton     106.27    100.721    10703.6
   case=  8          layer                           ion    1050.17     1.7482    1835.91
   case=  9          layer                    otherMeson       3.86    2693.83    10398.2
   case= 10          layer                   otherBaryon        0.9    1529.18    1376.26
   case= 11          layer   below 20 MeV            all    46769.6    1.00049    46792.5
   case= 12          layer   below 20 MeV       electron    27935.3   0.808217    22577.8
   case= 13          layer   below 20 MeV          gamma    15951.8    1.22572    19552.5
   case= 14          layer   below 20 MeV           muon       4.42    4.11981    18.2096
   case= 15          layer   below 20 MeV       neutrino       1.15    14.4923    16.6661
   case= 16          layer   below 20 MeV           pion        1.1     12.847    14.1317
   case= 17          layer   below 20 MeV        neutron    1817.49    2.07157    3765.06
   case= 18          layer   below 20 MeV         proton      36.21    12.4856    452.105
   case= 19          layer   below 20 MeV            ion    1021.71    0.38564    394.012
   case= 20          layer   below 20 MeV     otherMeson       0.26    5.05782    1.31503
   case= 21          layer   below 20 MeV    otherBaryon       0.08    9.06532   0.725226
   case= 22          layer   above 20 MeV            all    1114.46    178.425     198848
   case= 23          layer   above 20 MeV       electron     416.72    125.331    52228.1
   case= 24          layer   above 20 MeV          gamma      395.7    141.366    55938.4
   case= 25          layer   above 20 MeV           muon       0.39    181.421    70.7542
   case= 26          layer   above 20 MeV       neutrino      13.25    40.0817    531.083
   case= 27          layer   above 20 MeV           pion      46.34    1109.46    51412.3
   case= 28          layer   above 20 MeV        neutron     139.12    109.267    15201.2
   case= 29          layer   above 20 MeV         proton      70.06    146.324    10251.5
   case= 30          layer   above 20 MeV            ion      28.46     50.664     1441.9
   case= 31          layer   above 20 MeV     otherMeson        3.6    2888.02    10396.9
   case= 32          layer   above 20 MeV    otherBaryon       0.82    1677.48    1375.54
 ============================================================= 



 ------  DetectorConstruction::PrintParameters() ------ 
 Material         = G4_PbWO4
 Thickness        = 1000 mm
 Diameter         = 1000 mm
 ScoringThickness = 10 mm
 ------------------------------------------------------ 


PrimaryGenerationAction::SetGunPosition() : gun position along z = -550 mm 

Start re-initialization because 
  Geometry
has been modified since last Run.

DetectorConstruction::ConstructLayer() : 
	 World (box) size: 
	 	 x : -/+ 600 mm 	 y : -/+ 600 mm 	 z : -/+ 600 mm 
	 Target layer (cylinder) size: 
	 	 x : -/+ 500 mm 	 y : -/+ 500 mm 	 z : -/+ 500 mm 



========= Table of registered couples ============================

Index : 0     used in the geometry : Yes
 Material : G4_Galactic
 Range cuts        :  gamma  700 um     e-  700 um     e+  700 um  proton 700 um 
 Energy thresholds :  gamma  990 eV     e-  990 eV     e+  990 eV  proton 70 keV
 Region(s) which use this couple : 
    DefaultRegionForTheWorld

Index : 1     used in the geometry : No 
 Material : G4_POLYSTYRENE
 Range cuts        :  gamma  700 um     e-  700 um     e+  700 um  proton 700 um 
 Energy thresholds :  gamma  2.12507 keV    e-  285.029 keV    e+  278.025 keV proton 70 keV

Index : 2     used in the geometry : No 
 Material : G4_GRAPHITE
 Range cuts        :  gamma  700 um     e-  700 um     e+  700 um  proton 700 um 
 Energy thresholds :  gamma  2.8882 keV    e-  436.578 keV    e+  422.985 keV proton 70 keV

Index : 3     used in the geometry : No 
 Material : G4_Si
 Range cuts        :  gamma  700 um     e-  700 um     e+  700 um  proton 700 um 
 Energy thresholds :  gamma  5.85415 keV    e-  423.338 keV    e+  409.013 keV proton 70 keV

Index : 4     used in the geometry : No 
 Material : G4_lAr
 Range cuts        :  gamma  700 um     e-  700 um     e+  700 um  proton 700 um 
 Energy thresholds :  gamma  5.20503 keV    e-  273.977 keV    e+  266.18 keV proton 70 keV

Index : 5     used in the geometry : No 
 Material : G4_Fe
 Range cuts        :  gamma  700 um     e-  700 um     e+  700 um  proton 700 um 
 Energy thresholds :  gamma  17.2487 keV    e-  954.642 keV    e+  906.513 keV proton 70 keV

Index : 6     used in the geometry : No 
 Material : G4_Cu
 Range cuts        :  gamma  700 um     e-  700 um     e+  700 um  proton 700 um 
 Energy thresholds :  gamma  20.5458 keV    e-  1.03403 MeV    e+  979.823 keV proton 70 keV

Index : 7     used in the geometry : No 
 Material : G4_W
 Range cuts        :  gamma  700 um     e-  700 um     e+  700 um  proton 700 um 
 Energy thresholds :  gamma  97.7189 keV    e-  1.64904 MeV    e+  1.53897 MeV proton 70 keV

Index : 8     used in the geometry : No 
 Material : G4_Pb
 Range cuts        :  gamma  700 um     e-  700 um     e+  700 um  proton 700 um 
 Energy thresholds :  gamma  94.6952 keV    e-  1.00699 MeV    e+  946.936 keV proton 70 keV

Index : 9     used in the geometry : Yes
 Material : G4_PbWO4
 Range cuts        :  gamma  700 um     e-  700 um     e+  700 um  proton 700 um 
 Energy thresholds :  gamma  75.7749 keV    e-  842.468 keV    e+  797.806 keV proton 70 keV
 Region(s) which use this couple : 
    DefaultRegionForTheWorld

==================================================================

### Run 8 starts.
### Run 8 starts.
 Event#=0
 Event#=10
 Event#=20
 Event#=30
 Event#=40
 Event#=50
 Event#=60
 Event#=70
 Event#=80
 Event#=90
 Run terminated.
Run Summary
  Number of events processed : 100
  User=31.290000s Real=31.541567s Sys=0.030000s


 ===============  Run::PrintInfo()  =============== 	 RunID = 8
 Primary particle PDG code = -211
 Primary particle kinetic energy = 50 GeV
 Primary particle direction = (0,0,1)
 Target material = G4_PbWO4
 Cubic-volume scoring up-down = 7.85398e+06 mm^3
 Cubic-volume scoring side    = 3.17301e+07 mm^3
 Number of events = 100
 Conversion factor: fluence from mm^-2 to cm^-2 = 100
 Particle fluence in unit of cm^-2 :
   case=  0     downstream                           all    0.01856
   case=  1     downstream                      electron   0.000313089
   case=  2     downstream                         gamma   0.00465286
   case=  3     downstream                          muon   6.38613e-06
   case=  4     downstream                      neutrino   0.00052265
   case=  5     downstream                          pion   0.000162247
   case=  6     downstream                       neutron   0.012785
   case=  7     downstream                        proton   9.49687e-05
   case=  8     downstream                           ion   6.81986e-06
   case=  9     downstream                    otherMeson   1.47247e-05
   case= 10     downstream                   otherBaryon   1.31394e-06
   case= 11     downstream   below 20 MeV            all   0.0166378
   case= 12     downstream   below 20 MeV       electron   0.000238164
   case= 13     downstream   below 20 MeV          gamma   0.00448764
   case= 14     downstream   below 20 MeV           muon          0
   case= 15     downstream   below 20 MeV       neutrino   4.32302e-05
   case= 16     downstream   below 20 MeV           pion   1.62343e-06
   case= 17     downstream   below 20 MeV        neutron   0.0118645
   case= 18     downstream   below 20 MeV         proton   2.59506e-06
   case= 19     downstream   below 20 MeV            ion          0
   case= 20     downstream   below 20 MeV     otherMeson          0
   case= 21     downstream   below 20 MeV    otherBaryon          0
   case= 22     downstream   above 20 MeV            all   0.00192224
   case= 23     downstream   above 20 MeV       electron   7.49245e-05
   case= 24     downstream   above 20 MeV          gamma   0.000165225
   case= 25     downstream   above 20 MeV           muon   6.38613e-06
   case= 26     downstream   above 20 MeV       neutrino   0.00047942
   case= 27     downstream   above 20 MeV           pion   0.000160624
   case= 28     downstream   above 20 MeV        neutron   0.000920431
   case= 29     downstream   above 20 MeV         proton   9.23736e-05
   case= 30     downstream   above 20 MeV            ion   6.81986e-06
   case= 31     downstream   above 20 MeV     otherMeson   1.47247e-05
   case= 32     downstream   above 20 MeV    otherBaryon   1.31394e-06
   case= 33           side                           all   0.00511375
   case= 34           side                      electron   4.20735e-06
   case= 35           side                         gamma   0.000522668
   case= 36           side                          muon          0
   case= 37           side                      neutrino   0.00039143
   case= 38           side                          pion   1.46019e-06
   case= 39           side                       neutron   0.00419208
   case= 40           side                        proton   1.45533e-06
   case= 41           side                           ion          0
   case= 42           side                    otherMeson   4.55629e-07
   case= 43           side                   otherBaryon          0
   case= 44           side   below 20 MeV            all   0.00453554
   case= 45           side   below 20 MeV       electron   4.20735e-06
   case= 46           side   below 20 MeV          gamma   0.000522668
   case= 47           side   below 20 MeV           muon          0
   case= 48           side   below 20 MeV       neutrino   2.7381e-05
   case= 49           side   below 20 MeV           pion   3.78467e-07
   case= 50           side   below 20 MeV        neutron   0.00398013
   case= 51           side   below 20 MeV         proton   3.17515e-07
   case= 52           side   below 20 MeV            ion          0
   case= 53           side   below 20 MeV     otherMeson   4.55629e-07
   case= 54           side   below 20 MeV    otherBaryon          0
   case= 55           side   above 20 MeV            all   0.000578213
   case= 56           side   above 20 MeV       electron          0
   case= 57           side   above 20 MeV          gamma          0
   case= 58           side   above 20 MeV           muon          0
   case= 59           side   above 20 MeV       neutrino   0.000364049
   case= 60           side   above 20 MeV           pion   1.08173e-06
   case= 61           side   above 20 MeV        neutron   0.000211944
   case= 62           side   above 20 MeV         proton   1.13782e-06
   case= 63           side   above 20 MeV            ion          0
   case= 64           side   above 20 MeV     otherMeson          0
   case= 65           side   above 20 MeV    otherBaryon          0
   case= 66       upstream                           all   0.0200057
   case= 67       upstream                      electron   3.30024e-05
   case= 68       upstream                         gamma   0.00239063
   case= 69       upstream                          muon   3.41969e-07
   case= 70       upstream                      neutrino   0.000627252
   case= 71       upstream                          pion   2.96062e-05
   case= 72       upstream                       neutron   0.016916
   case= 73       upstream                        proton   6.39413e-06
   case= 74       upstream                           ion   2.4866e-06
   case= 75       upstream                    otherMeson          0
   case= 76       upstream                   otherBaryon          0
   case= 77       upstream   below 20 MeV            all     0.0187
   case= 78       upstream   below 20 MeV       electron   3.11754e-05
   case= 79       upstream   below 20 MeV          gamma   0.00237153
   case= 80       upstream   below 20 MeV           muon          0
   case= 81       upstream   below 20 MeV       neutrino   3.8852e-05
   case= 82       upstream   below 20 MeV           pion   1.65048e-06
   case= 83       upstream   below 20 MeV        neutron   0.0162552
   case= 84       upstream   below 20 MeV         proton   1.64025e-06
   case= 85       upstream   below 20 MeV            ion          0
   case= 86       upstream   below 20 MeV     otherMeson          0
   case= 87       upstream   below 20 MeV    otherBaryon          0
   case= 88       upstream   above 20 MeV            all   0.00130567
   case= 89       upstream   above 20 MeV       electron   1.82701e-06
   case= 90       upstream   above 20 MeV          gamma   1.91033e-05
   case= 91       upstream   above 20 MeV           muon   3.41969e-07
   case= 92       upstream   above 20 MeV       neutrino   0.0005884
   case= 93       upstream   above 20 MeV           pion   2.79557e-05
   case= 94       upstream   above 20 MeV        neutron   0.000660805
   case= 95       upstream   above 20 MeV         proton   4.75389e-06
   case= 96       upstream   above 20 MeV            ion   2.4866e-06
   case= 97       upstream   above 20 MeV     otherMeson          0
   case= 98       upstream   above 20 MeV    otherBaryon          0
 ------------------------------------------------------------- 
 Extra information: particle production 	 	      <N>      <E_kin> <Sum_Ekin> [MeV]
   case=  0          layer                           all    54743.6    4.49221     245920
   case=  1          layer                      electron    32315.8     2.2098    71411.3
   case=  2          layer                         gamma    17486.3    4.12095    72060.2
   case=  3          layer                          muon       5.65     17.346    98.0051
   case=  4          layer                      neutrino       16.8    37.3796    627.978
   case=  5          layer                          pion      53.97    1084.78    58545.4
   case=  6          layer                       neutron    1678.51    10.1084    16967.1
   case=  7          layer                        proton     121.47    90.6613    11012.6
   case=  8          layer                           ion    3059.47   0.664503    2033.03
   case=  9          layer                    otherMeson       4.63    2571.73    11907.1
   case= 10          layer                   otherBaryon       1.07    1175.01    1257.26
   case= 11          layer   below 20 MeV            all    53682.1   0.900559    48343.9
   case= 12          layer   below 20 MeV       electron    31916.7   0.730922    23328.6
   case= 13          layer   below 20 MeV          gamma    17115.2    1.19804    20504.7
   case= 14          layer   below 20 MeV           muon       5.18    4.15923    21.5448
   case= 15          layer   below 20 MeV       neutrino        1.2     15.004    18.0048
   case= 16          layer   below 20 MeV           pion       1.19    11.9229    14.1882
   case= 17          layer   below 20 MeV        neutron    1549.93    1.94245    3010.67
   case= 18          layer   below 20 MeV         proton       53.9    9.60592    517.759
   case= 19          layer   below 20 MeV            ion    3038.59   0.304987     926.73
   case= 20          layer   below 20 MeV     otherMeson        0.2    5.98511    1.19702
   case= 21          layer   below 20 MeV    otherBaryon       0.05    10.0824   0.504122
   case= 22          layer   above 20 MeV            all    1061.48    186.133     197576
   case= 23          layer   above 20 MeV       electron     399.04    120.496    48082.7
   case= 24          layer   above 20 MeV          gamma     371.11    138.922    51555.5
   case= 25          layer   above 20 MeV           muon       0.47    162.682    76.4603
   case= 26          layer   above 20 MeV       neutrino       15.6    39.1008    609.973
   case= 27          layer   above 20 MeV           pion      52.78    1108.96    58531.2
   case= 28          layer   above 20 MeV        neutron     128.58    108.543    13956.4
   case= 29          layer   above 20 MeV         proton      67.57    155.319    10494.9
   case= 30          layer   above 20 MeV            ion      20.88    52.9835     1106.3
   case= 31          layer   above 20 MeV     otherMeson       4.43    2687.56    11905.9
   case= 32          layer   above 20 MeV    otherBaryon       1.02    1232.11    1256.75
 ============================================================= 

================== Deleting memory pools ===================
Number of memory pools allocated: 11 of which, static: 0
Dynamic pools deleted: 11 / Total memory freed: 0.15 MB
============================================================
