Environment variable "G4FORCE_RUN_MANAGER_TYPE" enabled with value == Serial. Forcing G4RunManager type...

        ############################################
        !!! WARNING - FPE detection is activated !!!
        ############################################


          ################################
          !!! G4Backtrace is activated !!!
          ################################


**************************************************************
 Geant4 version Name: geant4-11-04-patch-03    (01-October-2026)
                       Copyright : Geant4 Collaboration
                      References : NIM A 506 (2003), 250-303
                                 : IEEE-TNS 53 (2006), 270-278
                                 : NIM A 835 (2016), 186-225
                             WWW : http://geant4.org/
**************************************************************

Visualization Manager instantiating with verbosity "warnings (3)"...
Visualization Manager initialising...
Registering graphics systems...

You have successfully registered the following graphics systems.
Registered graphics systems are:
  ASCIITree (ATree)
  DAWNFILE (DAWNFILE)
  RayTracer (RT)
  VRML2FILE (VRML2FILE)
  gMocrenFile (gMocrenFile)
  TOOLSSG_OFFSCREEN (TSG_OFFSCREEN, TSG_FILE)
  OpenGLImmediateQt (OGLIQt, OGLI)
  OpenGLStoredQt (OGLSQt, OGLS)
  OpenGLImmediateXm (OGLIXm, OGLIQt_FALLBACK)
  OpenGLStoredXm (OGLSXm, OGLSQt_FALLBACK)
  OpenGLImmediateX (OGLIX, OGLIQt_FALLBACK, OGLIXm_FALLBACK)
  OpenGLStoredX (OGLSX, OGLSQt_FALLBACK, OGLSXm_FALLBACK)
  RayTracerX (RTX)
  RayTracerQt (RTQt)
  TOOLSSG_X11_GLES (TSG_X11_GLES, TSGX11, TSG_XT_GLES_FALLBACK)
  TOOLSSG_X11_ZB (TSG_X11_ZB, TSGX11ZB)
  TOOLSSG_XT_GLES (TSG_XT_GLES, TSGXt, TSG_QT_GLES_FALLBACK)
  TOOLSSG_XT_ZB (TSG_XT_ZB, TSGXtZB)
  TOOLSSG_QT_GLES (TSG_QT_GLES, TSGQt, TSG, OGL)
  TOOLSSG_QT_ZB (TSG_QT_ZB, TSGQtZB, TSGZB)
You may choose a graphics system (driver) with a parameter of
the command "/vis/open" or "/vis/sceneHandler/create",
or you may omit the driver parameter and choose at run time:
- by argument in the construction of G4VisExecutive
- by environment variable "G4VIS_DEFAULT_DRIVER"
- by entry in "~/.g4session"
- by build flags.
- Note: This feature is not allowed in batch mode.
For further information see "examples/basic/B1/exampleB1.cc"
and "vis.mac".

Registering model factories...

You have successfully registered the following model factories.
Registered model factories:
  generic
  drawByAttribute
  drawByCharge
  drawByOriginVolume
  drawByParticleID
  drawByEncounteredVolume

Registered models:
  None

Registered filter factories:
  attributeFilter
  chargeFilter
  originVolumeFilter
  particleFilter
  encounteredVolumeFilter

Registered filters:
  None

You have successfully registered the following user vis actions.
Run Duration User Vis Actions: none
End of Event User Vis Actions: none
End of Run User Vis Actions: none

Some /vis commands (optionally) take a string to specify colour.
"/vis/list" to see available colours.
/control/saveHistory
/run/verbose 1
/control/execute physics.mac
/physics/addPhysics LowE_Livermore
THE FOLLOWING ELECTROMAGNETIC PHYSICS LIST HAS BEEN ACTIVATED: G4EmLivermorePhysics
/physics/addPhysics HPElastic
/physics/addPhysics binary
THE FOLLOWING HADRONIC INELASTIC PHYSICS LIST HAS BEEN ACTIVATED: HadronPhysicsQGSP_BIC_HP
/physics/addPhysics binary_ion
THE FOLLOWING HADRONIC INELASTIC PHYSICS LIST HAS BEEN ACTIVATED: G4IonBinaryCascadePhysics
/physics/addPhysics radioactive_decay
THE FOLLOWING HADRONIC INELASTIC PHYSICS LIST HAS BEEN ACTIVATED: G4RadioactiveDecayPhysics
/run/initialize

***** Table : Nb of materials = 10 *****

 Material: Tungsten    density: 19.300 g/cm3   RadL:   3.504 mm   Nucl.Int.Length:  10.312 cm 
                       Imean: 727.000 eV   temperature: 293.15 K  pressure:   1.00 atm

   --->  Element: W (W)   Z = 74.0   N =   184   A = 183.842 g/mole
         --->  Isotope:  W180   Z = 74   N = 180   A = 179.95 g/mole   abundance:  0.120 %
         --->  Isotope:  W182   Z = 74   N = 182   A = 181.95 g/mole   abundance: 26.500 %
         --->  Isotope:  W183   Z = 74   N = 183   A = 182.95 g/mole   abundance: 14.310 %
         --->  Isotope:  W184   Z = 74   N = 184   A = 183.95 g/mole   abundance: 30.640 %
         --->  Isotope:  W186   Z = 74   N = 186   A = 185.95 g/mole   abundance: 28.430 %
          ElmMassFraction: 100.00 %  ElmAbundance 100.00 % 


 Material: Scintillator    density:  1.032 g/cm3   RadL:  42.549 cm   Nucl.Int.Length:  69.955 cm 
                       Imean:  64.684 eV   temperature: 293.15 K  pressure:   1.00 atm

   --->  Element: Carbon (C)   Z =  6.0   N =    12   A = 12.010 g/mole
         --->  Isotope:   C12   Z =  6   N =  12   A =  12.00 g/mole   abundance: 98.930 %
         --->  Isotope:   C13   Z =  6   N =  13   A =  13.00 g/mole   abundance:  1.070 %
          ElmMassFraction:  91.45 %  ElmAbundance  47.37 % 

   --->  Element: Hydrogen (H)   Z =  1.0   N =     1   A =  1.010 g/mole
         --->  Isotope:    H1   Z =  1   N =   1   A =   1.01 g/mole   abundance: 99.989 %
         --->  Isotope:    H2   Z =  1   N =   2   A =   2.01 g/mole   abundance:  0.011 %
          ElmMassFraction:   8.55 %  ElmAbundance  52.63 % 


 Material: CesiumIodide    density:  4.530 g/cm3   RadL:   1.852 cm   Nucl.Int.Length:  39.132 cm 
                       Imean: 489.470 eV   temperature: 293.15 K  pressure:   1.00 atm

   --->  Element: Cesium (Cs)   Z = 55.0   N =   133   A = 132.905 g/mole
         --->  Isotope: Cs133   Z = 55   N = 133   A = 132.91 g/mole   abundance: 100.000 %
          ElmMassFraction:  51.15 %  ElmAbundance  50.00 % 

   --->  Element: Iodine (I)   Z = 53.0   N =   127   A = 126.904 g/mole
         --->  Isotope:  I127   Z = 53   N = 127   A = 126.90 g/mole   abundance: 100.000 %
          ElmMassFraction:  48.85 %  ElmAbundance  50.00 % 


 Material:      Air    density:  1.290 mg/cm3  RadL: 285.049 m    Nucl.Int.Length: 662.595 m  
                       Imean:  85.704 eV   temperature: 293.15 K  pressure:   1.00 atm

   --->  Element: Nitrogen (N)   Z =  7.0   N =    14   A = 14.006 g/mole
         --->  Isotope:   N14   Z =  7   N =  14   A =  14.00 g/mole   abundance: 99.632 %
         --->  Isotope:   N15   Z =  7   N =  15   A =  15.00 g/mole   abundance:  0.368 %
          ElmMassFraction:  70.00 %  ElmAbundance  72.71 % 

   --->  Element: Oxygen (O)   Z =  8.0   N =    16   A = 15.990 g/mole
         --->  Isotope:   O16   Z =  8   N =  16   A =  15.99 g/mole   abundance: 99.757 %
         --->  Isotope:   O17   Z =  8   N =  17   A =  17.00 g/mole   abundance:  0.038 %
         --->  Isotope:   O18   Z =  8   N =  18   A =  18.00 g/mole   abundance:  0.205 %
          ElmMassFraction:  30.00 %  ElmAbundance  27.29 % 


 Material: Aluminum    density:  2.700 g/cm3   RadL:   8.893 cm   Nucl.Int.Length:  38.879 cm 
                       Imean: 166.000 eV   temperature: 293.15 K  pressure:   1.00 atm

   --->  Element: Aluminum (Al)   Z = 13.0   N =    27   A = 26.980 g/mole
         --->  Isotope:  Al27   Z = 13   N =  27   A =  26.98 g/mole   abundance: 100.000 %
          ElmMassFraction: 100.00 %  ElmAbundance 100.00 % 


 Material:  Silicon    density:  2.333 g/cm3   RadL:   9.356 cm   Nucl.Int.Length:  45.604 cm 
                       Imean: 173.000 eV   temperature: 293.15 K  pressure:   1.00 atm

   --->  Element: Silicon (Si)   Z = 14.0   N =    28   A = 28.090 g/mole
         --->  Isotope:  Si28   Z = 14   N =  28   A =  27.98 g/mole   abundance: 92.230 %
         --->  Isotope:  Si29   Z = 14   N =  29   A =  28.98 g/mole   abundance:  4.683 %
         --->  Isotope:  Si30   Z = 14   N =  30   A =  29.97 g/mole   abundance:  3.087 %
          ElmMassFraction: 100.00 %  ElmAbundance 100.00 % 


 Material:     Iron    density:  7.870 g/cm3   RadL:   1.758 cm   Nucl.Int.Length:  16.999 cm 
                       Imean: 286.000 eV   temperature: 293.15 K  pressure:   1.00 atm

   --->  Element: Iron (Fe)   Z = 26.0   N =    56   A = 55.845 g/mole
         --->  Isotope:  Fe54   Z = 26   N =  54   A =  53.94 g/mole   abundance:  5.845 %
         --->  Isotope:  Fe56   Z = 26   N =  56   A =  55.93 g/mole   abundance: 91.754 %
         --->  Isotope:  Fe57   Z = 26   N =  57   A =  56.94 g/mole   abundance:  2.119 %
         --->  Isotope:  Fe58   Z = 26   N =  58   A =  57.93 g/mole   abundance:  0.282 %
          ElmMassFraction: 100.00 %  ElmAbundance 100.00 % 


 Material:     Lead    density: 11.350 g/cm3   RadL:   5.612 mm   Nucl.Int.Length:  18.247 cm 
                       Imean: 823.000 eV   temperature: 293.15 K  pressure:   1.00 atm

   --->  Element: Lead (Pb)   Z = 82.0   N =   207   A = 207.190 g/mole
         --->  Isotope: Pb204   Z = 82   N = 204   A = 203.97 g/mole   abundance:  1.400 %
         --->  Isotope: Pb206   Z = 82   N = 206   A = 205.97 g/mole   abundance: 24.100 %
         --->  Isotope: Pb207   Z = 82   N = 207   A = 206.98 g/mole   abundance: 22.100 %
         --->  Isotope: Pb208   Z = 82   N = 208   A = 207.98 g/mole   abundance: 52.400 %
          ElmMassFraction: 100.00 %  ElmAbundance 100.00 % 


 Material: Galactic    density:  0.000 mg/cm3  RadL: 204310098.490 pc   Nucl.Int.Length: 3240.779 pc 
                       Imean:  19.200 eV   temperature:   2.73 K  pressure:   0.00 atm

   --->  Element: H (H)   Z =  1.0   N =     1   A =  1.008 g/mole
         --->  Isotope:    H1   Z =  1   N =   1   A =   1.01 g/mole   abundance: 99.989 %
         --->  Isotope:    H2   Z =  1   N =   2   A =   2.01 g/mole   abundance:  0.011 %
          ElmMassFraction: 100.00 %  ElmAbundance 100.00 % 


 Material:     Beam    density:  0.010 mg/cm3  RadL:  36.771 km   Nucl.Int.Length:  85.475 km 
                       Imean:  85.704 eV   temperature: 273.15 K  pressure:   0.02 atm

   --->  Element: Nitrogen (N)   Z =  7.0   N =    14   A = 14.006 g/mole
         --->  Isotope:   N14   Z =  7   N =  14   A =  14.00 g/mole   abundance: 99.632 %
         --->  Isotope:   N15   Z =  7   N =  15   A =  15.00 g/mole   abundance:  0.368 %
          ElmMassFraction:  70.00 %  ElmAbundance  72.71 % 

   --->  Element: Oxygen (O)   Z =  8.0   N =    16   A = 15.990 g/mole
         --->  Isotope:   O16   Z =  8   N =  16   A =  15.99 g/mole   abundance: 99.757 %
         --->  Isotope:   O17   Z =  8   N =  17   A =  17.00 g/mole   abundance:  0.038 %
         --->  Isotope:   O18   Z =  8   N =  18   A =  18.00 g/mole   abundance:  0.205 %
          ElmMassFraction:  30.00 %  ElmAbundance  27.29 % 




---------------------------------------------------------------------------------
---> The tracker is composed by 15 layers, each made of Tungsten and 0.3 mm long.
---------------------------------------------------------------------------------
2 LATERAL 
1 TOP 

 hInelastic QGSP_BIC_HP  Thresholds: 
    0) between BIC and BERT for p, n over the interval 1 to 1.5 GeV. 
    1) between BERT  and FTF/P over the interval 3 to 6 GeV. 
    2) between FTF/P and QGS/P over the interval 12 to 25 GeV. 
  -- quasiElastic: 1 for QGS  and 0 for FTF
@@@ G4ParticleHPInelasticData instantiated for particle neutron data directory variable is G4NEUTRONHPDATA pointing to /cvmfs/geant4.cern.ch/share/data/G4NDL4.7.1
/gun/sourceGen true
/gun/particle proton
/gun/energy 1 GeV
/gun/sourceType 2
/run/beamOn 100
=======================================================================
======                 Electromagnetic Physics Parameters      ========
=======================================================================
LPM effect enabled                                 1
Enable creation and use of sampling tables         0
Apply cuts on all EM processes                     0
Use combined TransportationWithMsc                 Disabled
Use general process                                0
Enable linear polarisation for gamma               0
Enable photoeffect sampling below K-shell          1
Enable sampling of quantum entanglement            0
X-section factor for integral approach             0.8
Min kinetic energy for tables                      100 eV 
Max kinetic energy for tables                      100 TeV
Number of bins per decade of a table               20
Verbose level                                      1
Verbose level for worker thread                    0
Bremsstrahlung energy threshold above which 
  primary e+- is added to the list of secondary    100 TeV
Bremsstrahlung energy threshold above which primary
  muon/hadron is added to the list of secondary    100 TeV
Positron annihilation at rest model                AllisonPositronium
Enable 3 gamma annihilation on fly                 0
Lowest triplet kinetic energy                      1 MeV
Enable sampling of gamma linear polarisation       0
5D gamma conversion model type                     0
5D gamma conversion model on isolated ion          0
Use RiGe 5D e+e- pair production model by muons    0
Livermore data directory                           epics_2017
=======================================================================
======                 Ionisation Parameters                   ========
=======================================================================
Step function for e+-                              (0.2, 0.01 mm)
Step function for muons/hadrons                    (0.1, 0.05 mm)
Step function for light ions                       (0.1, 0.02 mm)
Step function for general ions                     (0.1, 0.001 mm)
Lowest e+e- kinetic energy                         100 eV 
Lowest muon/hadron kinetic energy                  1 keV
Use ICRU90 data                                    1
Fluctuations of dE/dx are enabled                  1
Type of fluctuation model for leptons and hadrons  Urban
Use built-in Birks saturation                      0
Build CSDA range enabled                           0
Use cut as a final range enabled                   0
Enable angular generator interface                 1
Max kinetic energy for CSDA tables                 1 GeV
Max kinetic energy for NIEL computation            1 MeV
Linear loss limit                                  0.01
Read data from file for e+e- pair production by mu 0
=======================================================================
======                 Multiple Scattering Parameters          ========
=======================================================================
Type of msc step limit algorithm for e+-           2
Type of msc step limit algorithm for muons/hadrons 0
Msc lateral displacement for e+- enabled           1
Msc lateral displacement for muons and hadrons     1
Urban msc model lateral displacement alg96         1
Range factor for msc step limit for e+-            0.08
Range factor for msc step limit for muons/hadrons  0.2
Geometry factor for msc step limitation of e+-     2.5
Safety factor for msc step limit for e+-           0.6
Skin parameter for msc step limitation of e+-      3
Lambda limit for msc step limit for e+-            1 mm
Use Mott correction for e- scattering              1
Factor used for dynamic computation of angular 
  limit between single and multiple scattering     1
Fixed angular limit between single 
  and multiple scattering                          3.1416 rad
Upper energy limit for e+- multiple scattering     100 MeV
Type of electron single scattering model           0
Type of nuclear form-factor                        1
Screening factor                                   1
=======================================================================
======                 Atomic Deexcitation Parameters          ========
=======================================================================
Fluorescence enabled                               1
Directory in G4LEDATA for fluorescence data files  fluor
Auger electron cascade enabled                     1
PIXE atomic de-excitation enabled                  0
De-excitation module ignores cuts                  1
Type of PIXE cross section for hadrons             Empirical
Type of PIXE cross section for e+-                 Livermore
=======================================================================

### ===  Deexcitation model UAtomDeexcitation is activated for 1 region:
          DefaultRegionForTheWorld  1  1  0
### ===  Auger flag: 1
### ===  Ignore cuts flag:   1

phot:  for gamma SubType=12 BuildTable=0
      LambdaPrime table from 200 keV to 100 TeV in 174 bins 
      ===== EM models for the G4Region  DefaultRegionForTheWorld ======
 LivermorePhElectric : Emin=    0 eV  Emax=  100 TeV  SauterGavrila Fluo

compt:  for gamma SubType=13 BuildTable=1
      Lambda table from 100 eV  to 1 MeV, 20 bins/decade, spline: 1
      LambdaPrime table from 1 MeV to 100 TeV in 160 bins 
      ===== EM models for the G4Region  DefaultRegionForTheWorld ======
    LivermoreCompton : Emin=    0 eV  Emax=    1 GeV Fluo
        KleinNishina : Emin=    1 GeV Emax=  100 TeV Fluo

conv:  for gamma SubType=14 BuildTable=1
      Lambda table from 1.022 MeV to 100 TeV, 20 bins/decade, spline: 1
      ===== EM models for the G4Region  DefaultRegionForTheWorld ======
Livermore5DConversion : Emin=    0 eV  Emax=  100 TeV  ModifiedTsai

Rayl:  for gamma SubType=11 BuildTable=1
      Lambda table from 100 eV  to 150 keV, 20 bins/decade, spline: 0
      LambdaPrime table from 150 keV to 100 TeV in 176 bins 
      ===== EM models for the G4Region  DefaultRegionForTheWorld ======
   LivermoreRayleigh : Emin=    0 eV  Emax=  100 TeV  CullenGenerator

msc:  for e-  SubType= 10
      ===== EM models for the G4Region  DefaultRegionForTheWorld ======
  GoudsmitSaunderson : Emin=    0 eV  Emax=  100 MeV Nbins=120 100 eV  - 100 MeV
          StepLim=SafetyPlus Rfact=0.08 Gfact=2.5 Sfact=0.6 DispFlag:1 Skin=3 Llim=1 mm
        WentzelVIUni : Emin=  100 MeV Emax=  100 TeV Nbins=120 100 MeV - 100 TeV
          StepLim=SafetyPlus Rfact=0.08 Gfact=2.5 Sfact=0.6 DispFlag:1 Skin=3 Llim=1 mm

eIoni:  for e-  XStype:3  SubType=2
      dE/dx and range tables from 100 eV  to 100 TeV in 240 bins
      Lambda tables from threshold to 100 TeV, 20 bins/decade, spline: 1
      StepFunction=(0.2, 0.01 mm), integ: 3, fluct: 1, linLossLim= 0.01
      ===== EM models for the G4Region  DefaultRegionForTheWorld ======
       LowEnergyIoni : Emin=    0 eV  Emax=  100 keV  deltaVI
        MollerBhabha : Emin=  100 keV Emax=  100 TeV  deltaVI

eBrem:  for e-  XStype:4  SubType=3
      dE/dx and range tables from 100 eV  to 100 TeV in 240 bins
      Lambda tables from threshold to 100 TeV, 20 bins/decade, spline: 1
      LPM flag: 1 for E > 1 GeV,  VertexHighEnergyTh(GeV)= 100000
      ===== EM models for the G4Region  DefaultRegionForTheWorld ======
             eBremSB : Emin=    0 eV  Emax=    1 GeV  AngularGen2BS
            eBremLPM : Emin=    1 GeV Emax=  100 TeV  AngularGen2BS

ePairProd:  for e-  XStype:1  SubType=4
      dE/dx and range tables from 100 eV  to 100 TeV in 240 bins
      Lambda tables from threshold to 100 TeV, 20 bins/decade, spline: 0
      Sampling table 25x1001 from 0.1 GeV to 100 TeV 
      ===== EM models for the G4Region  DefaultRegionForTheWorld ======
           ePairProd : Emin=    0 eV  Emax=  100 TeV  ModifiedMephi

CoulombScat:  for e- XStype:1 SubType=1 BuildTable=1
      Lambda table from 100 MeV to 100 TeV, 20 bins/decade, spline: 0
      ThetaMin(p) < Theta(degree) < 180, pLimit(GeV^1)= 0.139531
      ===== EM models for the G4Region  DefaultRegionForTheWorld ======
  eCoulombScattering : Emin=  100 MeV Emax=  100 TeV

msc:  for e+  SubType= 10
      ===== EM models for the G4Region  DefaultRegionForTheWorld ======
  GoudsmitSaunderson : Emin=    0 eV  Emax=  100 MeV Nbins=120 100 eV  - 100 MeV
          StepLim=SafetyPlus Rfact=0.08 Gfact=2.5 Sfact=0.6 DispFlag:1 Skin=3 Llim=1 mm
        WentzelVIUni : Emin=  100 MeV Emax=  100 TeV Nbins=120 100 MeV - 100 TeV
          StepLim=SafetyPlus Rfact=0.08 Gfact=2.5 Sfact=0.6 DispFlag:1 Skin=3 Llim=1 mm

eIoni:  for e+  XStype:3  SubType=2
      dE/dx and range tables from 100 eV  to 100 TeV in 240 bins
      Lambda tables from threshold to 100 TeV, 20 bins/decade, spline: 1
      StepFunction=(0.2, 0.01 mm), integ: 3, fluct: 1, linLossLim= 0.01
      ===== EM models for the G4Region  DefaultRegionForTheWorld ======
        MollerBhabha : Emin=    0 eV  Emax=  100 TeV  deltaVI

eBrem:  for e+  XStype:4  SubType=3
      dE/dx and range tables from 100 eV  to 100 TeV in 240 bins
      Lambda tables from threshold to 100 TeV, 20 bins/decade, spline: 1
      LPM flag: 1 for E > 1 GeV,  VertexHighEnergyTh(GeV)= 100000
      ===== EM models for the G4Region  DefaultRegionForTheWorld ======
             eBremSB : Emin=    0 eV  Emax=    1 GeV  AngularGen2BS
            eBremLPM : Emin=    1 GeV Emax=  100 TeV  AngularGen2BS

ePairProd:  for e+  XStype:1  SubType=4
      dE/dx and range tables from 100 eV  to 100 TeV in 240 bins
      Lambda tables from threshold to 100 TeV, 20 bins/decade, spline: 0
      Sampling table 25x1001 from 0.1 GeV to 100 TeV 
      ===== EM models for the G4Region  DefaultRegionForTheWorld ======
           ePairProd : Emin=    0 eV  Emax=  100 TeV  ModifiedMephi

annihil:  for e+ XStype:2 SubType=5 AtRestModel:Allison BuildTable=0
      ===== EM models for the G4Region  DefaultRegionForTheWorld ======
            eplus2gg : Emin=    0 eV  Emax=  100 TeV

CoulombScat:  for e+ XStype:1 SubType=1 BuildTable=1
      Lambda table from 100 MeV to 100 TeV, 20 bins/decade, spline: 0
      ThetaMin(p) < Theta(degree) < 180, pLimit(GeV^1)= 0.139531
      ===== EM models for the G4Region  DefaultRegionForTheWorld ======
  eCoulombScattering : Emin=  100 MeV Emax=  100 TeV

msc:  for proton  SubType= 10
      ===== EM models for the G4Region  DefaultRegionForTheWorld ======
        WentzelVIUni : Emin=    0 eV  Emax=  100 TeV Nbins=240 100 eV  - 100 TeV
          StepLim=Minimal Rfact=0.2 Gfact=2.5 Sfact=0.6 DispFlag:1 Skin=3 Llim=1 mm

hIoni:  for proton  XStype:3  SubType=2
      dE/dx and range tables from 100 eV  to 100 TeV in 240 bins
      Lambda tables from threshold to 100 TeV, 20 bins/decade, spline: 1
      StepFunction=(0.1, 0.05 mm), integ: 3, fluct: 1, linLossLim= 0.01
      ===== EM models for the G4Region  DefaultRegionForTheWorld ======
               Bragg : Emin=    0 eV  Emax=    2 MeV  deltaVI
          BetheBloch : Emin=    2 MeV Emax=  100 TeV  deltaVI

hBrems:  for proton  XStype:1  SubType=3
      dE/dx and range tables from 100 eV  to 100 TeV in 240 bins
      Lambda tables from threshold to 100 TeV, 20 bins/decade, spline: 1
      ===== EM models for the G4Region  DefaultRegionForTheWorld ======
               hBrem : Emin=    0 eV  Emax=  100 TeV  ModifiedMephi
      ===== Limit on energy threshold has been applied 

hPairProd:  for proton  XStype:1  SubType=4
      dE/dx and range tables from 100 eV  to 100 TeV in 240 bins
      Lambda tables from threshold to 100 TeV, 20 bins/decade, spline: 1
      Sampling table 17x1001, from 7.50618 GeV to 100 TeV 
      ===== EM models for the G4Region  DefaultRegionForTheWorld ======
           hPairProd : Emin=    0 eV  Emax=  100 TeV  ModifiedMephi

CoulombScat:  for proton XStype:1 SubType=1 BuildTable=1
      Lambda table from threshold  to 100 TeV, 20 bins/decade, spline: 0
      ThetaMin(p) < Theta(degree) < 180, pLimit(GeV^1)= 0.139531
      ===== EM models for the G4Region  DefaultRegionForTheWorld ======
  eCoulombScattering : Emin=    0 eV  Emax=  100 TeV

nuclearStopping:  for proton SubType=8 BuildTable=0
      ===== EM models for the G4Region  DefaultRegionForTheWorld ======
   ICRU49NucStopping : Emin=    0 eV  Emax=    1 MeV

msc:  for GenericIon  SubType= 10
      ===== EM models for the G4Region  DefaultRegionForTheWorld ======
            UrbanMsc : Emin=    0 eV  Emax=  100 TeV
          StepLim=Minimal Rfact=0.2 Gfact=2.5 Sfact=0.6 DispFlag:1 Skin=3 Llim=1 mm

ionIoni:  for GenericIon  XStype:3  SubType=2
      dE/dx and range tables from 100 eV  to 100 TeV in 240 bins
      Lambda tables from threshold to 100 TeV, 20 bins/decade, spline: 1
      StepFunction=(0.1, 0.001 mm), integ: 3, fluct: 1, linLossLim= 0.02
      ===== EM models for the G4Region  DefaultRegionForTheWorld ======
    LindhardSorensen : Emin=    0 eV  Emax=  100 TeV  deltaVI

nuclearStopping:  for GenericIon SubType=8 BuildTable=0
      ===== EM models for the G4Region  DefaultRegionForTheWorld ======
   ICRU49NucStopping : Emin=    0 eV  Emax=    1 MeV
======================================================================
======          Radioactive Decay Physics Parameters           =======
======================================================================
min MeanLife (from G4NuclideTable)                1 ns 
Max life time (from G4DeexPrecoParameters)        1000 ps 
Internal e- conversion flag                       1
Stored internal conversion coefficients           1
Enabled atomic relaxation mode                    1
Enable correlated gamma emission                  0
Max 2J for sampling of angular correlations       10
Atomic de-excitation enabled                      1
Auger electron emission enabled                   1
Check EM cuts disabled for atomic de-excitation   1
Use Bearden atomic level energies                 0
Use ANSTO fluorescence model                      0
Threshold for very long decay time at rest        1 y  
======================================================================

msc:  for alpha  SubType= 10
      ===== EM models for the G4Region  DefaultRegionForTheWorld ======
            UrbanMsc : Emin=    0 eV  Emax=  100 TeV
          StepLim=Minimal Rfact=0.2 Gfact=2.5 Sfact=0.6 DispFlag:1 Skin=3 Llim=1 mm

ionIoni:  for alpha  XStype:3  SubType=2
      dE/dx and range tables from 100 eV  to 100 TeV in 240 bins
      Lambda tables from threshold to 100 TeV, 20 bins/decade, spline: 1
      StepFunction=(0.1, 0.02 mm), integ: 3, fluct: 1, linLossLim= 0.02
      ===== EM models for the G4Region  DefaultRegionForTheWorld ======
            BraggIon : Emin=    0 eV  Emax=7.9452 MeV  deltaVI
          BetheBloch : Emin=7.9452 MeV Emax=  100 TeV  deltaVI

nuclearStopping:  for alpha SubType=8 BuildTable=0
      ===== EM models for the G4Region  DefaultRegionForTheWorld ======
   ICRU49NucStopping : Emin=    0 eV  Emax=    1 MeV

msc:  for anti_proton  SubType= 10
      ===== EM models for the G4Region  DefaultRegionForTheWorld ======
        WentzelVIUni : Emin=    0 eV  Emax=  100 TeV Nbins=240 100 eV  - 100 TeV
          StepLim=Minimal Rfact=0.2 Gfact=2.5 Sfact=0.6 DispFlag:1 Skin=3 Llim=1 mm

hIoni:  for anti_proton  XStype:3  SubType=2
      dE/dx and range tables from 100 eV  to 100 TeV in 240 bins
      Lambda tables from threshold to 100 TeV, 20 bins/decade, spline: 1
      StepFunction=(0.1, 0.05 mm), integ: 3, fluct: 1, linLossLim= 0.01
      ===== EM models for the G4Region  DefaultRegionForTheWorld ======
            ICRU73QO : Emin=    0 eV  Emax=    2 MeV  deltaVI
          BetheBloch : Emin=    2 MeV Emax=  100 TeV  deltaVI

hBrems:  for anti_proton  XStype:1  SubType=3
      dE/dx and range tables from 100 eV  to 100 TeV in 240 bins
      Lambda tables from threshold to 100 TeV, 20 bins/decade, spline: 1
      ===== EM models for the G4Region  DefaultRegionForTheWorld ======
               hBrem : Emin=    0 eV  Emax=  100 TeV  ModifiedMephi
      ===== Limit on energy threshold has been applied 

hPairProd:  for anti_proton  XStype:1  SubType=4
      dE/dx and range tables from 100 eV  to 100 TeV in 240 bins
      Lambda tables from threshold to 100 TeV, 20 bins/decade, spline: 1
      Sampling table 17x1001, from 7.50618 GeV to 100 TeV 
      ===== EM models for the G4Region  DefaultRegionForTheWorld ======
           hPairProd : Emin=    0 eV  Emax=  100 TeV  ModifiedMephi

CoulombScat:  for anti_proton XStype:1 SubType=1 BuildTable=1
      Lambda table from threshold  to 100 TeV, 20 bins/decade, spline: 0
      ThetaMin(p) < Theta(degree) < 180, pLimit(GeV^1)= 0.139531
      ===== EM models for the G4Region  DefaultRegionForTheWorld ======
  eCoulombScattering : Emin=    0 eV  Emax=  100 TeV

msc:  for kaon+  SubType= 10
      ===== EM models for the G4Region  DefaultRegionForTheWorld ======
        WentzelVIUni : Emin=    0 eV  Emax=  100 TeV Nbins=240 100 eV  - 100 TeV
          StepLim=Minimal Rfact=0.2 Gfact=2.5 Sfact=0.6 DispFlag:1 Skin=3 Llim=1 mm

hIoni:  for kaon+  XStype:3  SubType=2
      dE/dx and range tables from 100 eV  to 100 TeV in 240 bins
      Lambda tables from threshold to 100 TeV, 20 bins/decade, spline: 1
      StepFunction=(0.1, 0.05 mm), integ: 3, fluct: 1, linLossLim= 0.01
      ===== EM models for the G4Region  DefaultRegionForTheWorld ======
               Bragg : Emin=    0 eV  Emax=1.05231 MeV  deltaVI
          BetheBloch : Emin=1.05231 MeV Emax=  100 TeV  deltaVI

hBrems:  for kaon+  XStype:1  SubType=3
      dE/dx and range tables from 100 eV  to 100 TeV in 240 bins
      Lambda tables from threshold to 100 TeV, 20 bins/decade, spline: 1
      ===== EM models for the G4Region  DefaultRegionForTheWorld ======
               hBrem : Emin=    0 eV  Emax=  100 TeV  ModifiedMephi
      ===== Limit on energy threshold has been applied 

hPairProd:  for kaon+  XStype:1  SubType=4
      dE/dx and range tables from 100 eV  to 100 TeV in 240 bins
      Lambda tables from threshold to 100 TeV, 20 bins/decade, spline: 1
      Sampling table 18x1001, from 3.94942 GeV to 100 TeV 
      ===== EM models for the G4Region  DefaultRegionForTheWorld ======
           hPairProd : Emin=    0 eV  Emax=  100 TeV  ModifiedMephi

CoulombScat:  for kaon+ XStype:1 SubType=1 BuildTable=1
      Lambda table from threshold  to 100 TeV, 20 bins/decade, spline: 0
      ThetaMin(p) < Theta(degree) < 180, pLimit(GeV^1)= 0.139531
      ===== EM models for the G4Region  DefaultRegionForTheWorld ======
  eCoulombScattering : Emin=    0 eV  Emax=  100 TeV

msc:  for kaon-  SubType= 10
      ===== EM models for the G4Region  DefaultRegionForTheWorld ======
        WentzelVIUni : Emin=    0 eV  Emax=  100 TeV Nbins=240 100 eV  - 100 TeV
          StepLim=Minimal Rfact=0.2 Gfact=2.5 Sfact=0.6 DispFlag:1 Skin=3 Llim=1 mm

hIoni:  for kaon-  XStype:3  SubType=2
      dE/dx and range tables from 100 eV  to 100 TeV in 240 bins
      Lambda tables from threshold to 100 TeV, 20 bins/decade, spline: 1
      StepFunction=(0.1, 0.05 mm), integ: 3, fluct: 1, linLossLim= 0.01
      ===== EM models for the G4Region  DefaultRegionForTheWorld ======
            ICRU73QO : Emin=    0 eV  Emax=1.05231 MeV  deltaVI
          BetheBloch : Emin=1.05231 MeV Emax=  100 TeV  deltaVI

hBrems:  for kaon-  XStype:1  SubType=3
      dE/dx and range tables from 100 eV  to 100 TeV in 240 bins
      Lambda tables from threshold to 100 TeV, 20 bins/decade, spline: 1
      ===== EM models for the G4Region  DefaultRegionForTheWorld ======
               hBrem : Emin=    0 eV  Emax=  100 TeV  ModifiedMephi
      ===== Limit on energy threshold has been applied 

hPairProd:  for kaon-  XStype:1  SubType=4
      dE/dx and range tables from 100 eV  to 100 TeV in 240 bins
      Lambda tables from threshold to 100 TeV, 20 bins/decade, spline: 1
      Sampling table 18x1001, from 3.94942 GeV to 100 TeV 
      ===== EM models for the G4Region  DefaultRegionForTheWorld ======
           hPairProd : Emin=    0 eV  Emax=  100 TeV  ModifiedMephi

CoulombScat:  for kaon- XStype:1 SubType=1 BuildTable=1
      Used Lambda table of kaon+
      ThetaMin(p) < Theta(degree) < 180, pLimit(GeV^1)= 0.139531
      ===== EM models for the G4Region  DefaultRegionForTheWorld ======
  eCoulombScattering : Emin=    0 eV  Emax=  100 TeV

msc:  for mu+  SubType= 10
      ===== EM models for the G4Region  DefaultRegionForTheWorld ======
        WentzelVIUni : Emin=    0 eV  Emax=  100 TeV Nbins=240 100 eV  - 100 TeV
          StepLim=Minimal Rfact=0.2 Gfact=2.5 Sfact=0.6 DispFlag:1 Skin=3 Llim=1 mm

muIoni:  for mu+  XStype:3  SubType=2
      dE/dx and range tables from 100 eV  to 100 TeV in 240 bins
      Lambda tables from threshold to 100 TeV, 20 bins/decade, spline: 1
      StepFunction=(0.1, 0.05 mm), integ: 3, fluct: 1, linLossLim= 0.01
      ===== EM models for the G4Region  DefaultRegionForTheWorld ======
               Bragg : Emin=    0 eV  Emax=  200 keV  deltaVI
        MuBetheBloch : Emin=  200 keV Emax=  100 TeV  deltaVI

muBrems:  for mu+  XStype:1  SubType=3
      dE/dx and range tables from 100 eV  to 100 TeV in 240 bins
      Lambda tables from threshold to 100 TeV, 20 bins/decade, spline: 1
      ===== EM models for the G4Region  DefaultRegionForTheWorld ======
              MuBrem : Emin=    0 eV  Emax=  100 TeV  ModifiedMephi
      ===== Limit on energy threshold has been applied 

muPairProd:  for mu+  XStype:1  SubType=4
      dE/dx and range tables from 100 eV  to 100 TeV in 240 bins
      Lambda tables from threshold to 100 TeV, 20 bins/decade, spline: 1
      Sampling table 21x1001, from 0.85 GeV to 100 TeV 
      ===== EM models for the G4Region  DefaultRegionForTheWorld ======
          muPairProd : Emin=    0 eV  Emax=  100 TeV  ModifiedMephi

CoulombScat:  for mu+ XStype:1 SubType=1 BuildTable=1
      Lambda table from threshold  to 100 TeV, 20 bins/decade, spline: 0
      ThetaMin(p) < Theta(degree) < 180, pLimit(GeV^1)= 0.139531
      ===== EM models for the G4Region  DefaultRegionForTheWorld ======
  eCoulombScattering : Emin=    0 eV  Emax=  100 TeV

msc:  for mu-  SubType= 10
      ===== EM models for the G4Region  DefaultRegionForTheWorld ======
        WentzelVIUni : Emin=    0 eV  Emax=  100 TeV Nbins=240 100 eV  - 100 TeV
          StepLim=Minimal Rfact=0.2 Gfact=2.5 Sfact=0.6 DispFlag:1 Skin=3 Llim=1 mm

muIoni:  for mu-  XStype:3  SubType=2
      dE/dx and range tables from 100 eV  to 100 TeV in 240 bins
      Lambda tables from threshold to 100 TeV, 20 bins/decade, spline: 1
      StepFunction=(0.1, 0.05 mm), integ: 3, fluct: 1, linLossLim= 0.01
      ===== EM models for the G4Region  DefaultRegionForTheWorld ======
            ICRU73QO : Emin=    0 eV  Emax=  200 keV  deltaVI
        MuBetheBloch : Emin=  200 keV Emax=  100 TeV  deltaVI

muBrems:  for mu-  XStype:1  SubType=3
      dE/dx and range tables from 100 eV  to 100 TeV in 240 bins
      Lambda tables from threshold to 100 TeV, 20 bins/decade, spline: 1
      ===== EM models for the G4Region  DefaultRegionForTheWorld ======
              MuBrem : Emin=    0 eV  Emax=  100 TeV  ModifiedMephi
      ===== Limit on energy threshold has been applied 

muPairProd:  for mu-  XStype:1  SubType=4
      dE/dx and range tables from 100 eV  to 100 TeV in 240 bins
      Lambda tables from threshold to 100 TeV, 20 bins/decade, spline: 1
      Sampling table 21x1001, from 0.85 GeV to 100 TeV 
      ===== EM models for the G4Region  DefaultRegionForTheWorld ======
          muPairProd : Emin=    0 eV  Emax=  100 TeV  ModifiedMephi

CoulombScat:  for mu- XStype:1 SubType=1 BuildTable=1
      Used Lambda table of mu+
      ThetaMin(p) < Theta(degree) < 180, pLimit(GeV^1)= 0.139531
      ===== EM models for the G4Region  DefaultRegionForTheWorld ======
  eCoulombScattering : Emin=    0 eV  Emax=  100 TeV

=======================================================
======       ParticleHP Physics Parameters     ========
=======================================================
 Use only photo-evaporation      0
 Skip missing isotopes           0
 Neglect Doppler                 0
 Do not adjust final state       0
 Produce fission fragments       0
 Use WendtFissionModel           0
 Use NRESP71Model                0
 Use DBRC                        0
 PHP use Poisson                 0
 PHP check                       1
 CHECK HP NAMES                  0
 Enable DEBUG                    0
 Use probability tables from     
=======================================================

@@@ G4ParticleHPInelastic instantiated for particle neutron/n    data directory is /cvmfs/geant4.cern.ch/share/data/G4NDL4.7.1/Inelastic

msc:  for pi+  SubType= 10
      ===== EM models for the G4Region  DefaultRegionForTheWorld ======
        WentzelVIUni : Emin=    0 eV  Emax=  100 TeV Nbins=240 100 eV  - 100 TeV
          StepLim=Minimal Rfact=0.2 Gfact=2.5 Sfact=0.6 DispFlag:1 Skin=3 Llim=1 mm

hIoni:  for pi+  XStype:3  SubType=2
      dE/dx and range tables from 100 eV  to 100 TeV in 240 bins
      Lambda tables from threshold to 100 TeV, 20 bins/decade, spline: 1
      StepFunction=(0.1, 0.05 mm), integ: 3, fluct: 1, linLossLim= 0.01
      ===== EM models for the G4Region  DefaultRegionForTheWorld ======
               Bragg : Emin=    0 eV  Emax=297.505 keV  deltaVI
          BetheBloch : Emin=297.505 keV Emax=  100 TeV  deltaVI

hBrems:  for pi+  XStype:1  SubType=3
      dE/dx and range tables from 100 eV  to 100 TeV in 240 bins
      Lambda tables from threshold to 100 TeV, 20 bins/decade, spline: 1
      ===== EM models for the G4Region  DefaultRegionForTheWorld ======
               hBrem : Emin=    0 eV  Emax=  100 TeV  ModifiedMephi
      ===== Limit on energy threshold has been applied 

hPairProd:  for pi+  XStype:1  SubType=4
      dE/dx and range tables from 100 eV  to 100 TeV in 240 bins
      Lambda tables from threshold to 100 TeV, 20 bins/decade, spline: 1
      Sampling table 20x1001, from 1.11656 GeV to 100 TeV 
      ===== EM models for the G4Region  DefaultRegionForTheWorld ======
           hPairProd : Emin=    0 eV  Emax=  100 TeV  ModifiedMephi

CoulombScat:  for pi+ XStype:1 SubType=1 BuildTable=1
      Lambda table from threshold  to 100 TeV, 20 bins/decade, spline: 0
      ThetaMin(p) < Theta(degree) < 180, pLimit(GeV^1)= 0.139531
      ===== EM models for the G4Region  DefaultRegionForTheWorld ======
  eCoulombScattering : Emin=    0 eV  Emax=  100 TeV

msc:  for pi-  SubType= 10
      ===== EM models for the G4Region  DefaultRegionForTheWorld ======
        WentzelVIUni : Emin=    0 eV  Emax=  100 TeV Nbins=240 100 eV  - 100 TeV
          StepLim=Minimal Rfact=0.2 Gfact=2.5 Sfact=0.6 DispFlag:1 Skin=3 Llim=1 mm

hIoni:  for pi-  XStype:3  SubType=2
      dE/dx and range tables from 100 eV  to 100 TeV in 240 bins
      Lambda tables from threshold to 100 TeV, 20 bins/decade, spline: 1
      StepFunction=(0.1, 0.05 mm), integ: 3, fluct: 1, linLossLim= 0.01
      ===== EM models for the G4Region  DefaultRegionForTheWorld ======
            ICRU73QO : Emin=    0 eV  Emax=297.505 keV  deltaVI
          BetheBloch : Emin=297.505 keV Emax=  100 TeV  deltaVI

hBrems:  for pi-  XStype:1  SubType=3
      dE/dx and range tables from 100 eV  to 100 TeV in 240 bins
      Lambda tables from threshold to 100 TeV, 20 bins/decade, spline: 1
      ===== EM models for the G4Region  DefaultRegionForTheWorld ======
               hBrem : Emin=    0 eV  Emax=  100 TeV  ModifiedMephi
      ===== Limit on energy threshold has been applied 

hPairProd:  for pi-  XStype:1  SubType=4
      dE/dx and range tables from 100 eV  to 100 TeV in 240 bins
      Lambda tables from threshold to 100 TeV, 20 bins/decade, spline: 1
      Sampling table 20x1001, from 1.11656 GeV to 100 TeV 
      ===== EM models for the G4Region  DefaultRegionForTheWorld ======
           hPairProd : Emin=    0 eV  Emax=  100 TeV  ModifiedMephi

CoulombScat:  for pi- XStype:1 SubType=1 BuildTable=1
      Used Lambda table of pi+
      ThetaMin(p) < Theta(degree) < 180, pLimit(GeV^1)= 0.139531
      ===== EM models for the G4Region  DefaultRegionForTheWorld ======
  eCoulombScattering : Emin=    0 eV  Emax=  100 TeV

====================================================================
                  HADRONIC PROCESSES SUMMARY (verbose level 1)
-----------------------------------------------------------------------
                           Hadronic Processes for GenericIon
  Process: ionInelastic
        Model:  Binary Light Ion Cascade: 0 eV /n ---> 6 GeV/n
        Model:                      FTFP: 3 GeV/n ---> 100 TeV/n
     Cr_sctns:  Glauber-Gribov Nucl-nucl: 0 eV  ---> 25.6 PeV
  Process: RadioactiveDecay
-----------------------------------------------------------------------
                           Hadronic Processes for He3
  Process: hadElastic
        Model:              hElasticLHEP: 0 eV /n ---> 100 TeV/n
     Cr_sctns:  Glauber-Gribov Nucl-nucl: 0 eV  ---> 25.6 PeV
  Process: He3Inelastic
        Model:  Binary Light Ion Cascade: 0 eV /n ---> 6 GeV/n
        Model:                      FTFP: 3 GeV/n ---> 100 TeV/n
     Cr_sctns:  Glauber-Gribov Nucl-nucl: 0 eV  ---> 25.6 PeV
-----------------------------------------------------------------------
                           Hadronic Processes for alpha
  Process: hadElastic
        Model:              hElasticLHEP: 0 eV /n ---> 100 TeV/n
     Cr_sctns:  Glauber-Gribov Nucl-nucl: 0 eV  ---> 25.6 PeV
  Process: alphaInelastic
        Model:  Binary Light Ion Cascade: 0 eV /n ---> 6 GeV/n
        Model:                      FTFP: 3 GeV/n ---> 100 TeV/n
     Cr_sctns:  Glauber-Gribov Nucl-nucl: 0 eV  ---> 25.6 PeV
-----------------------------------------------------------------------
                           Hadronic Processes for anti_He3
  Process: hadElastic
        Model:              hElasticLHEP: 0 eV /n ---> 100.1 MeV/n
        Model:              AntiAElastic: 100 MeV/n ---> 100 TeV/n
     Cr_sctns:              AntiAGlauber: 0 eV  ---> 25.6 PeV
  Process: anti_He3Inelastic
        Model:                      FTFP: 0 eV /n ---> 100 TeV/n
     Cr_sctns:              AntiAGlauber: 0 eV  ---> 25.6 PeV
-----------------------------------------------------------------------
                           Hadronic Processes for anti_alpha
  Process: hadElastic
        Model:              hElasticLHEP: 0 eV /n ---> 100.1 MeV/n
        Model:              AntiAElastic: 100 MeV/n ---> 100 TeV/n
     Cr_sctns:              AntiAGlauber: 0 eV  ---> 25.6 PeV
  Process: anti_alphaInelastic
        Model:                      FTFP: 0 eV /n ---> 100 TeV/n
     Cr_sctns:              AntiAGlauber: 0 eV  ---> 25.6 PeV
-----------------------------------------------------------------------
                           Hadronic Processes for anti_deuteron
  Process: hadElastic
        Model:              hElasticLHEP: 0 eV /n ---> 100.1 MeV/n
        Model:              AntiAElastic: 100 MeV/n ---> 100 TeV/n
     Cr_sctns:              AntiAGlauber: 0 eV  ---> 25.6 PeV
  Process: anti_deuteronInelastic
        Model:                      FTFP: 0 eV /n ---> 100 TeV/n
     Cr_sctns:              AntiAGlauber: 0 eV  ---> 25.6 PeV
-----------------------------------------------------------------------
                           Hadronic Processes for anti_lambda
  Process: hadElastic
        Model:              hElasticLHEP: 0 eV  ---> 100 TeV
     Cr_sctns:            Glauber-Gribov: 0 eV  ---> 100 TeV
  Process: anti_lambdaInelastic
        Model:                      QGSP: 12 GeV ---> 100 TeV
        Model:                      FTFP: 0 eV  ---> 25 GeV
     Cr_sctns:            Glauber-Gribov: 0 eV  ---> 100 TeV
-----------------------------------------------------------------------
                           Hadronic Processes for anti_neutron
  Process: hadElastic
        Model:              hElasticLHEP: 0 eV  ---> 100.1 MeV
        Model:              AntiAElastic: 100 MeV ---> 100 TeV
     Cr_sctns:              AntiAGlauber: 0 eV  ---> 25.6 PeV
  Process: anti_neutronInelastic
        Model:                      FTFP: 0 eV  ---> 100 TeV
     Cr_sctns:              AntiAGlauber: 0 eV  ---> 25.6 PeV
-----------------------------------------------------------------------
                           Hadronic Processes for anti_proton
  Process: hadElastic
        Model:              hElasticLHEP: 0 eV  ---> 100.1 MeV
        Model:              AntiAElastic: 100 MeV ---> 100 TeV
     Cr_sctns:              AntiAGlauber: 0 eV  ---> 25.6 PeV
  Process: anti_protonInelastic
        Model:                      FTFP: 0 eV  ---> 100 TeV
     Cr_sctns:              AntiAGlauber: 0 eV  ---> 25.6 PeV
-----------------------------------------------------------------------
                           Hadronic Processes for anti_triton
  Process: hadElastic
        Model:              hElasticLHEP: 0 eV /n ---> 100.1 MeV/n
        Model:              AntiAElastic: 100 MeV/n ---> 100 TeV/n
     Cr_sctns:              AntiAGlauber: 0 eV  ---> 25.6 PeV
  Process: anti_tritonInelastic
        Model:                      FTFP: 0 eV /n ---> 100 TeV/n
     Cr_sctns:              AntiAGlauber: 0 eV  ---> 25.6 PeV
-----------------------------------------------------------------------
                           Hadronic Processes for deuteron
  Process: hadElastic
        Model:              hElasticLHEP: 0 eV /n ---> 100 TeV/n
     Cr_sctns:  Glauber-Gribov Nucl-nucl: 0 eV  ---> 25.6 PeV
  Process: dInelastic
        Model:  Binary Light Ion Cascade: 0 eV /n ---> 6 GeV/n
        Model:                      FTFP: 3 GeV/n ---> 100 TeV/n
     Cr_sctns:  Glauber-Gribov Nucl-nucl: 0 eV  ---> 25.6 PeV
-----------------------------------------------------------------------
                           Hadronic Processes for kaon+
  Process: hadElastic
        Model:              hElasticLHEP: 0 eV  ---> 100 TeV
     Cr_sctns:            Glauber-Gribov: 0 eV  ---> 100 TeV
  Process: kaon+Inelastic
        Model:                      QGSP: 12 GeV ---> 100 TeV
        Model:                      FTFP: 3 GeV ---> 25 GeV
        Model:            BertiniCascade: 0 eV  ---> 6 GeV
     Cr_sctns:            Glauber-Gribov: 0 eV  ---> 100 TeV
-----------------------------------------------------------------------
                           Hadronic Processes for kaon-
  Process: hadElastic
        Model:              hElasticLHEP: 0 eV  ---> 100 TeV
     Cr_sctns:            Glauber-Gribov: 0 eV  ---> 100 TeV
  Process: kaon-Inelastic
        Model:                      QGSP: 12 GeV ---> 100 TeV
        Model:                      FTFP: 3 GeV ---> 25 GeV
        Model:            BertiniCascade: 0 eV  ---> 6 GeV
     Cr_sctns:            Glauber-Gribov: 0 eV  ---> 100 TeV
-----------------------------------------------------------------------
                           Hadronic Processes for lambda
  Process: hadElastic
        Model:              hElasticLHEP: 0 eV  ---> 100 TeV
     Cr_sctns:            Glauber-Gribov: 0 eV  ---> 100 TeV
  Process: lambdaInelastic
        Model:                      QGSP: 12 GeV ---> 100 TeV
        Model:                      FTFP: 3 GeV ---> 25 GeV
        Model:            BertiniCascade: 0 eV  ---> 6 GeV
     Cr_sctns:            Glauber-Gribov: 0 eV  ---> 100 TeV
-----------------------------------------------------------------------
                           Hadronic Processes for neutron
  Process: hadElastic
        Model:             hElasticCHIPS: 19.5 MeV ---> 100 TeV
        Model:          NeutronHPElastic: 0 eV  ---> 20 MeV
     Cr_sctns:        NeutronHPElasticXS: 0 eV  ---> 20 MeV
     Cr_sctns:        G4NeutronElasticXS: 0 eV  ---> 100 TeV
  Process: neutronInelastic
        Model:                      QGSP: 12 GeV ---> 100 TeV
        Model:                      FTFP: 3 GeV ---> 25 GeV
        Model:            BertiniCascade: 1 GeV ---> 6 GeV
        Model:            Binary Cascade: 19.9 MeV ---> 1.5 GeV
        Model:        NeutronHPInelastic: 0 eV  ---> 20 MeV
     Cr_sctns:      NeutronHPInelasticXS: 0 eV  ---> 20 MeV
     Cr_sctns:      G4NeutronInelasticXS: 0 eV  ---> 100 TeV
  Process: nCaptureHP
        Model:             nRadCaptureHP: 0 eV  ---> 100 TeV
     Cr_sctns:        NeutronHPCaptureXS: 0 eV  ---> 100 TeV
     Cr_sctns:        G4NeutronCaptureXS: 0 eV  ---> 100 TeV
  Process: nFissionHP
        Model:          NeutronHPFission: 0 eV  ---> 20 MeV
     Cr_sctns:        NeutronHPFissionXS: 0 eV  ---> 20 MeV
     Cr_sctns:                    ZeroXS: 0 eV  ---> 100 TeV
-----------------------------------------------------------------------
                           Hadronic Processes for pi+
  Process: hadElastic
        Model:           hElasticGlauber: 0 eV  ---> 100 TeV
     Cr_sctns:  BarashenkovGlauberGribov: 0 eV  ---> 100 TeV
  Process: pi+Inelastic
        Model:                      QGSP: 12 GeV ---> 100 TeV
        Model:                      FTFP: 3 GeV ---> 25 GeV
        Model:            BertiniCascade: 0 eV  ---> 6 GeV
     Cr_sctns:  BarashenkovGlauberGribov: 0 eV  ---> 100 TeV
-----------------------------------------------------------------------
                           Hadronic Processes for pi-
  Process: hadElastic
        Model:           hElasticGlauber: 0 eV  ---> 100 TeV
     Cr_sctns:  BarashenkovGlauberGribov: 0 eV  ---> 100 TeV
  Process: pi-Inelastic
        Model:                      QGSP: 12 GeV ---> 100 TeV
        Model:                      FTFP: 3 GeV ---> 25 GeV
        Model:            BertiniCascade: 0 eV  ---> 6 GeV
     Cr_sctns:  BarashenkovGlauberGribov: 0 eV  ---> 100 TeV
-----------------------------------------------------------------------
                           Hadronic Processes for proton
  Process: hadElastic
        Model:             hElasticCHIPS: 0 eV  ---> 100 TeV
     Cr_sctns:  BarashenkovGlauberGribov: 0 eV  ---> 100 TeV
  Process: protonInelastic
        Model:                      QGSP: 12 GeV ---> 100 TeV
        Model:                      FTFP: 3 GeV ---> 25 GeV
        Model:            BertiniCascade: 1 GeV ---> 6 GeV
        Model:            Binary Cascade: 0 eV  ---> 1.5 GeV
     Cr_sctns:  BarashenkovGlauberGribov: 0 eV  ---> 100 TeV
-----------------------------------------------------------------------
                           Hadronic Processes for sigma-
  Process: hadElastic
        Model:              hElasticLHEP: 0 eV  ---> 100 TeV
     Cr_sctns:            Glauber-Gribov: 0 eV  ---> 100 TeV
  Process: sigma-Inelastic
        Model:                      QGSP: 12 GeV ---> 100 TeV
        Model:                      FTFP: 3 GeV ---> 25 GeV
        Model:            BertiniCascade: 0 eV  ---> 6 GeV
     Cr_sctns:            Glauber-Gribov: 0 eV  ---> 100 TeV
-----------------------------------------------------------------------
                           Hadronic Processes for triton
  Process: hadElastic
        Model:              hElasticLHEP: 0 eV /n ---> 100 TeV/n
     Cr_sctns:  Glauber-Gribov Nucl-nucl: 0 eV  ---> 25.6 PeV
  Process: tInelastic
        Model:  Binary Light Ion Cascade: 0 eV /n ---> 6 GeV/n
        Model:                      FTFP: 3 GeV/n ---> 100 TeV/n
     Cr_sctns:  Glauber-Gribov Nucl-nucl: 0 eV  ---> 25.6 PeV
  Process: RadioactiveDecay
=======================================================================
======       Geant4 Native Pre-compound Model Parameters       ========
=======================================================================
Type of pre-compound model                          0
Type of pre-compound inverse x-section              1
Pre-compound model active                           1
Pre-compound excitation low energy                  0.1 MeV 
Pre-compound excitation high energy                 15 MeV 
Angular generator for pre-compound model            1
Use NeverGoBack option for pre-compound model       0
Use SoftCutOff option for pre-compound model        0
Use CEM transitions for pre-compound model          1
Use GNASH transitions for pre-compound model        0
Use HETC submodel for pre-compound model            0
=======================================================================
======       Nuclear De-excitation Module Parameters           ========
=======================================================================
Type of de-excitation inverse x-section             3
Type of de-excitation factory                       Evaporation+GEM
Number of de-excitation channels                    68
Type of Fermi BreakUp model                         ModelVI
Min excitation energy                               0.01 keV 
Min energy per nucleon for multifragmentation       2e+05 MeV
Level density (1/MeV)                               0.075
Use simple level density model                      1
Use discrete excitation energy of the residual      0
Time limit for long lived isomeres                  1 ns 
Isomer production flag                              1
Internal e- conversion flag                         1
Store e- internal conversion data                   1
Correlated gamma emission flag                      0
Max 2J for sampling of angular correlations         10
=======================================================================

========= Table of registered couples ============================

Index : 0     used in the geometry : Yes
 Material : Galactic
 Range cuts        :  gamma  100 um     e-  100 um     e+  100 um  proton 100 um 
 Energy thresholds :  gamma  250 eV     e-  250 eV     e+  250 eV  proton 10 keV
 Region(s) which use this couple : 
    DefaultRegionForTheWorld

Index : 1     used in the geometry : Yes
 Material : CesiumIodide
 Range cuts        :  gamma  100 um     e-  100 um     e+  100 um  proton 100 um 
 Energy thresholds :  gamma  9.28719 keV    e-  144.613 keV    e+  141.078 keV proton 10 keV
 Region(s) which use this couple : 
    DefaultRegionForTheWorld

Index : 2     used in the geometry : Yes
 Material : Silicon
 Range cuts        :  gamma  100 um     e-  100 um     e+  100 um  proton 100 um 
 Energy thresholds :  gamma  2.32189 keV    e-  121.99 keV    e+  119.775 keV proton 10 keV
 Region(s) which use this couple : 
    DefaultRegionForTheWorld

Index : 3     used in the geometry : Yes
 Material : Tungsten
 Range cuts        :  gamma  100 um     e-  100 um     e+  100 um  proton 100 um 
 Energy thresholds :  gamma  36.2769 keV    e-  351.944 keV    e+  338.136 keV proton 10 keV
 Region(s) which use this couple : 
    DefaultRegionForTheWorld

Index : 4     used in the geometry : Yes
 Material : Scintillator
 Range cuts        :  gamma  100 um     e-  100 um     e+  100 um  proton 100 um 
 Energy thresholds :  gamma  1.00819 keV    e-  86.3911 keV    e+  85.2484 keV proton 10 keV
 Region(s) which use this couple : 
    DefaultRegionForTheWorld

==================================================================

### Run 0 starts.
### Run 0 starts (master).
/vis/scene/notifyHandlers
WARNING: Scene "none" not found.
  /vis/scene/list to see scenes.
Opening output file gammaraytel ...  done
Using G4ParticleGun... 
Particle energy: 8.53858 LIN
Particle: proton
Event: 0
Number of tracker hits in this event: 23
      0 100.889 1245 10 1 69.2404 74.1904 95.55 
      0 113.308 1270 10 0 69.2398 74.1902 94.15 
      0 153.177 1245 9 1 69.2269 74.1875 65.55 
      0 137.609 1270 9 0 69.2257 74.1868 64.15 
      0 128.988 1245 8 1 69.1981 74.1714 35.55 
      0 109.165 1270 8 0 69.1953 74.1712 34.15 
      0 229.824 1245 7 1 69.1373 74.1648 5.55 
      0 119.409 1270 7 0 69.1346 74.1643 4.15 
      0 134.673 1245 6 1 69.0846 74.1484 -24.45 
      0 117.861 1270 6 0 69.0819 74.1485 -25.85 
      0 246.764 1244 5 1 69.0244 74.1545 -54.45 
      0 151.332 1270 5 0 69.0209 74.1551 -55.85 
      0 135.776 1244 4 1 68.9498 74.1712 -84.45 
      0 110.524 1270 4 0 68.9463 74.1713 -85.85 
      0 100.548 1244 3 1 68.8735 74.1724 -114.45 
      0 110.314 1270 3 0 68.87 74.1726 -115.85 
      0 101.681 1243 2 1 68.8009 74.1774 -144.45 
      0 167.723 1270 2 0 68.7982 74.1778 -145.85 
      0 105.366 1243 1 1 68.7412 74.1899 -174.45 
      0 92.4033 1270 1 0 68.7385 74.1914 -175.85 
      0 107.804 1243 0 1 68.6832 74.2248 -204.45 
      0 158.72 1270 0 0 68.68 74.2268 -205.85 
      0 107.987 1271 9 0 69.2394 74.2504 63.8123 
Number of digits in this event: 11
Using G4ParticleGun... 
Particle energy: 3.05329 LIN
Particle: proton
Event: 1
Number of tracker hits in this event: 24
      1 110.192 408 10 1 -98.4134 53.9669 95.55 
      1 120.439 1169 10 0 -98.4161 53.9676 94.15 
      1 110.158 408 9 1 -98.4685 53.9814 65.55 
      1 92.3768 1169 9 0 -98.4712 53.9799 64.15 
      1 202.06 408 8 1 -98.5255 53.9558 35.55 
      1 120.653 1169 8 0 -98.5285 53.9544 34.15 
      1 97.0864 407 7 1 -98.5839 53.9162 5.55 
      1 110.185 1169 7 0 -98.5868 53.9136 4.15 
      1 103.196 407 6 1 -98.6508 53.8689 -24.45 
      1 113.506 1169 6 0 -98.6563 53.8669 -25.85 
      1 126.293 406 5 1 -98.7741 53.8277 -54.45 
      1 179.803 1168 5 0 -98.7796 53.828 -55.85 
      1 228.135 406 4 1 -98.8969 53.8279 -84.45 
      1 108.95 1168 4 0 -98.9012 53.8292 -85.85 
      1 102.371 405 3 1 -98.9935 53.8492 -114.45 
      1 112.878 1169 3 0 -98.997 53.8513 -115.85 
      1 146.156 405 2 1 -99.0697 53.8929 -144.45 
      1 105.45 1169 2 0 -99.0731 53.8969 -145.85 
      1 90.2595 405 1 1 -99.143 53.9858 -174.45 
      1 156.169 1169 1 0 -99.1486 53.9915 -175.85 
      1 170.516 404 0 1 -99.2621 54.1084 -204.45 
      1 159.749 1170 0 0 -99.2666 54.1145 -205.85 
      1 28.4455 1169 0 0 -99.2958 54.05 -206.166 
      1 109.963 1197 0 0 -121.315 59.483 -206.25 
Number of digits in this event: 11
Using G4ParticleGun... 
Particle energy: 8.57381 LIN
Particle: proton
Event: 2
Number of tracker hits in this event: 24
      2 107.196 590 9 1 -62.0178 114.799 65.55 
      2 233.263 1473 9 0 -62.0173 114.801 64.15 
      2 92.3356 590 8 1 -62.0071 114.822 35.55 
      2 119.513 1473 8 0 -62.0065 114.824 34.15 
      2 99.907 590 7 1 -61.9919 114.857 5.55 
      2 111.942 1473 7 0 -61.9921 114.859 4.15 
      2 161.571 590 6 1 -61.9982 114.886 -24.45 
      2 134.401 1473 6 0 -61.9987 114.888 -25.85 
      2 121.311 590 5 1 -62.0128 114.927 -54.45 
      2 113.552 1473 5 0 -62.0138 114.929 -55.85 
      2 240.5 590 4 1 -62.0359 114.974 -84.45 
      2 91.241 1474 4 0 -62.0378 114.976 -85.85 
      2 113.314 589 3 1 -62.0752 115.012 -114.45 
      2 113.948 1474 3 0 -62.0767 115.013 -115.85 
      2 119.981 589 2 1 -62.1047 115.048 -144.45 
      2 135.939 1474 2 0 -62.1059 115.05 -145.85 
      2 94.2395 589 1 1 -62.1284 115.09 -174.45 
      2 123.747 1474 1 0 -62.1295 115.092 -175.85 
      2 129.285 589 0 1 -62.152 115.135 -204.45 
      2 112.807 1474 0 0 -62.1535 115.137 -205.85 
      2 44.9059 591 4 1 -61.85 114.98 -84.7363 
      2 65.1921 1469 4 0 -60.954 114.06 -85.8502 
      2 191.443 1468 4 0 -60.8396 113.95 -85.9774 
      2 34.358 1467 4 0 -60.394 113.75 -86.2346 
Number of digits in this event: 11
Using G4ParticleGun... 
Particle energy: 9.1095 LIN
Particle: proton
Event: 3
Number of tracker hits in this event: 28
      3 128.249 1186 11 1 57.2646 -26.3289 125.55 
      3 213.969 768 11 0 57.2635 -26.3297 124.15 
      3 159.788 1185 10 1 57.2399 -26.3451 95.55 
      3 171.937 768 10 0 57.2376 -26.3463 94.15 
      3 125.449 1185 9 1 57.1918 -26.3717 65.55 
      3 128.187 768 9 0 57.1899 -26.3729 64.15 
      3 125.894 1185 8 1 57.1528 -26.3946 35.55 
      3 119.965 768 8 0 57.1509 -26.3955 34.15 
      3 138.143 1185 7 1 57.107 -26.4142 5.55 
      3 205.265 768 7 0 57.1053 -26.4143 4.15 
      3 139.592 1185 6 1 57.0692 -26.4174 -24.45 
      3 103.874 768 6 0 57.068 -26.4186 -25.85 
      3 109.526 1184 5 1 57.044 -26.4423 -54.45 
      3 106.962 768 5 0 57.0429 -26.4442 -55.85 
      3 105.577 1184 4 1 57.0204 -26.4821 -84.45 
      3 120.453 767 4 0 57.0203 -26.4832 -85.85 
      3 105.696 1184 3 1 57.0173 -26.5057 -114.45 
      3 111.099 767 3 0 57.0165 -26.5062 -115.85 
      3 237.972 1184 2 1 57.0012 -26.5182 -144.45 
      3 104.826 767 2 0 57.0003 -26.5189 -145.85 
      3 93.3272 1184 1 1 56.9797 -26.5296 -174.45 
      3 95.3539 767 1 0 56.9783 -26.5307 -175.85 
      3 173.653 1184 0 1 56.9517 -26.5541 -204.45 
      3 101.969 767 0 0 56.951 -26.5543 -205.85 
      3 169.857 1390 0 0 55.4745 98.3394 -206.222 
      3 50.1907 768 2 0 57.6392 -26.3 -145.85 
      3 132.63 769 2 0 57.6953 -26.25 -145.945 
      3 116.878 769 11 0 57.3387 -26.25 123.965 
Number of digits in this event: 19
Using G4ParticleGun... 
Particle energy: 8.8608 LIN
Particle: proton
Event: 4
Number of tracker hits in this event: 75
      4 106.396 1129 11 1 45.985 48.163 125.55 
      4 106.908 1140 11 0 45.9861 48.1613 124.15 
      4 174.423 1129 10 1 46.0081 48.1252 95.55 
      4 118.197 1140 10 0 46.0092 48.1233 94.15 
      4 128.765 1129 9 1 46.0296 48.0837 65.55 
      4 206.913 1140 9 0 46.0305 48.0825 64.15 
      4 100.049 1130 8 1 46.0563 48.0705 35.55 
      4 124.578 1140 8 0 46.0574 48.07 34.15 
      4 180.944 1130 7 1 46.0779 48.0572 5.55 
      4 141.174 1140 7 0 46.0787 48.0562 4.15 
      4 219.987 1130 6 1 46.0908 48.0376 -24.45 
      4 182.946 1139 6 0 46.0921 48.0365 -25.85 
      4 115.382 1130 5 1 46.1163 48.0196 -54.45 
      4 113.882 1139 5 0 46.1172 48.0193 -55.85 
      4 111.246 1130 4 1 46.1371 48.0143 -84.45 
      4 113.36 1139 4 0 46.1379 48.0135 -85.85 
      4 120.003 1130 3 1 46.1577 47.9978 -114.45 
      4 104.608 1139 3 0 46.1596 47.9967 -115.85 
      4 130.505 1130 2 1 46.1973 47.9726 -144.45 
      4 119.524 1139 2 0 46.1985 47.9715 -145.85 
      4 102.586 1130 1 1 46.2254 47.9497 -174.45 
      4 115.923 1139 1 0 46.2269 47.9508 -175.85 
      4 132.8 1131 0 1 46.2587 47.9728 -204.45 
      4 98.7933 1139 0 0 46.2598 47.9734 -205.85 
      4 243.438 1016 0 0 75.1899 23.3203 -206.25 
      4 712.25 1015 0 0 75.2742 23.25 -206.19 
      4 784.267 1014 0 0 75.5117 23.05 -206.02 
      4 4.04754 1013 0 0 75.747 22.85 -205.851 
      4 397.299 1285 0 1 77.1239 21.6606 -204.85 
      4 574.919 1286 0 1 77.25 21.5517 -204.758 
      4 579.178 1287 0 1 77.45 21.3773 -204.615 
      4 115.149 1288 0 1 77.65 21.2011 -204.474 
      4 315.365 847 1 0 118.438 -10.5832 -176.25 
      4 967.242 846 1 0 118.524 -10.65 -176.191 
      4 723.038 845 1 0 118.78 -10.85 -176.011 
      4 526.286 1501 1 1 120.406 -12.1033 -174.85 
      4 744.205 1502 1 1 120.55 -12.2147 -174.747 
      4 621.207 1503 1 1 120.75 -12.3735 -174.604 
      4 53.883 1504 1 1 120.95 -12.5323 -174.462 
      4 920.729 652 2 0 162.311 -49.4978 -146.25 
      4 1186.48 651 2 0 162.481 -49.65 -146.134 
      4 944.666 650 2 0 162.706 -49.85 -145.983 
      4 890.067 1721 2 1 164.372 -51.3438 -144.85 
      4 932.062 1722 2 1 164.55 -51.5032 -144.729 
      4 925.847 1723 2 1 164.75 -51.6777 -144.598 
      4 128.762 1724 2 1 164.95 -51.8497 -144.467 
      4 32.7829 1682 4 0 -60.0691 156.598 -85.9889 
      4 36.1214 1197 1 0 -36.3733 59.6296 -176.25 
      4 13.8653 1198 1 0 -36.4854 59.65 -176.227 
      4 47.3253 1127 1 0 -70.7942 45.5912 -176.25 
      4 171.924 1126 1 0 -70.7429 45.45 -176.148 
      4 22.3906 1125 1 0 -70.4458 45.25 -175.86 
      4 28.3865 554 1 1 -69.1096 44.2544 -174.85 
      4 164.295 555 1 1 -69.05 44.2146 -174.785 
      4 10.4069 541 1 1 -71.85 44.9306 -174.619 
      4 1109.76 1129 0 0 37.7368 45.9448 -206.25 
      4 311.326 1085 0 1 37.1051 45.8091 -204.85 
      4 676.41 1084 0 1 37.05 45.7973 -204.727 
      4 1100.85 1116 1 0 23.7302 43.3334 -176.25 
      4 200.372 1015 1 1 23.085 43.2371 -174.85 
      4 902.182 1014 1 1 23.05 43.2324 -174.774 
      4 1411.59 1113 2 0 7.53454 42.6864 -146.25 
      4 791.133 933 2 1 6.77798 42.6689 -144.85 
      4 570.231 932 2 1 6.65 42.6665 -144.612 
      4 1544.05 1109 3 0 -7.53678 41.9997 -116.25 
      4 273.634 859 3 1 -8.22025 41.9815 -114.85 
      4 1326.27 858 3 1 -8.25 41.981 -114.788 
      4 2140.23 1115 4 0 -21.5871 43.2057 -86.25 
      4 803.331 789 4 1 -22.19 43.2913 -84.85 
      4 1446.28 788 4 1 -22.25 43.3001 -84.7088 
      4 1336.19 1090 5 0 -44.1455 38.1603 -56.25 
      4 9.84286 1083 3 0 -27.7724 36.7692 -116.25 
      4 63.4484 1138 6 0 46.0292 47.8493 -26.0326 
      4 21.2731 1137 6 0 45.9419 47.6499 -26.1824 
      4 159.696 1062 6 0 38.861 32.5002 -26.25 
Number of digits in this event: 53
Using G4ParticleGun... 
Particle energy: 6.37293 LIN
Particle: proton
Event: 5
Number of tracker hits in this event: 29
      5 130.811 630 10 1 -54.0125 -101.434 95.55 
      5 98.891 393 10 0 -54.0122 -101.435 94.15 
      5 423.786 630 9 1 -54.0086 -101.45 65.55 
      5 114.067 393 9 0 -54.0091 -101.453 64.15 
      5 122.033 630 8 1 -54.0189 -101.52 35.55 
      5 119.338 393 8 0 -54.0194 -101.523 34.15 
      5 134.233 630 7 1 -54.0263 -101.593 5.55 
      5 110.818 392 7 0 -54.0263 -101.597 4.15 
      5 89.4359 630 6 1 -54.0223 -101.669 -24.45 
      5 120.721 392 6 0 -54.0216 -101.673 -25.85 
      5 140.194 630 5 1 -54.0116 -101.75 -54.45 
      5 107.342 391 5 0 -54.0116 -101.754 -55.85 
      5 177.11 630 4 1 -54.0107 -101.838 -84.45 
      5 175.443 391 4 0 -54.0108 -101.841 -85.85 
      5 103.293 630 3 1 -54.0139 -101.921 -114.45 
      5 96.3597 391 3 0 -54.0139 -101.925 -115.85 
      5 105.246 630 2 1 -54.0148 -101.995 -144.45 
      5 117.452 390 2 0 -54.0151 -101.998 -145.85 
      5 106.334 630 1 1 -54.022 -102.056 -174.45 
      5 141.371 390 1 0 -54.0227 -102.058 -175.85 
      5 162.119 630 0 1 -54.0408 -102.098 -204.45 
      5 123.939 390 0 0 -54.0407 -102.1 -205.85 
      5 39.002 387 4 0 -53.6973 -102.661 -85.8501 
      5 65.418 386 4 0 -53.6564 -102.75 -85.9845 
      5 112.344 385 4 0 -53.6034 -102.95 -86.1326 
      5 148.893 161 4 0 2.359 -147.802 -86.25 
      5 25.1655 160 4 0 2.4128 -147.95 -85.8975 
      5 258.521 909 4 1 1.99532 -148.637 -84.85 
      5 205.276 908 4 1 1.85 -149.032 -84.5697 
Number of digits in this event: 15
Using G4ParticleGun... 
Particle energy: 6.49753 LIN
Particle: proton
Event: 6
Number of tracker hits in this event: 24
      6 145.979 995 11 1 19.0667 -39.0951 125.55 
      6 119.037 704 11 0 19.0665 -39.0955 124.15 
      6 106.747 995 10 1 19.0625 -39.1027 95.55 
      6 104.091 704 10 0 19.0625 -39.103 94.15 
      6 135.469 995 9 1 19.0611 -39.1091 65.55 
      6 116.316 704 9 0 19.0594 -39.1111 64.15 
      6 119.994 994 8 1 19.0247 -39.1443 35.55 
      6 111.88 704 8 0 19.0234 -39.1465 34.15 
      6 93.5983 994 7 1 18.996 -39.1902 5.55 
      6 129.966 704 7 0 18.9947 -39.1927 4.15 
      6 124.173 994 6 1 18.9659 -39.2478 -24.45 
      6 98.4417 703 6 0 18.9644 -39.2505 -25.85 
      6 94.8646 994 5 1 18.9382 -39.3003 -54.45 
      6 197.12 703 5 0 18.9358 -39.3015 -55.85 
      6 136.704 994 4 1 18.8849 -39.3201 -84.45 
      6 157.212 703 4 0 18.8862 -39.3256 -85.85 
      6 166.615 994 3 1 18.9151 -39.4359 -114.45 
      6 122.159 703 3 0 18.9163 -39.4416 -115.85 
      6 113.081 994 2 1 18.9409 -39.5633 -144.45 
      6 207.882 702 2 0 18.9417 -39.5687 -145.85 
      6 108.631 994 1 1 18.9538 -39.6804 -174.45 
      6 90.384 701 1 0 18.9532 -39.6862 -175.85 
      6 110.524 994 0 1 18.9409 -39.7959 -204.45 
      6 92.1791 701 0 0 18.94 -39.8008 -205.85 
Number of digits in this event: 11
Using G4ParticleGun... 
Particle energy: 6.59038 LIN
Particle: proton
Event: 7
Number of tracker hits in this event: 21
      7 4.57731 846 9 1 -10.7107 -134.682 65.1625 
      7 132.466 227 9 0 -10.7107 -134.682 64.15 
      7 244.302 846 8 1 -10.7124 -134.686 35.55 
      7 117.133 227 8 0 -10.7119 -134.686 34.15 
      7 114.733 846 7 1 -10.6965 -134.678 5.55 
      7 109.336 227 7 0 -10.695 -134.678 4.15 
      7 143.816 846 6 1 -10.6613 -134.687 -24.45 
      7 114.911 227 6 0 -10.66 -134.687 -25.85 
      7 132.64 847 5 1 -10.6356 -134.691 -54.45 
      7 153.067 227 5 0 -10.6349 -134.691 -55.85 
      7 107.804 847 4 1 -10.6224 -134.699 -84.45 
      7 122.955 227 4 0 -10.6216 -134.701 -85.85 
      7 121.036 847 3 1 -10.6078 -134.74 -114.45 
      7 116.8 227 3 0 -10.6074 -134.742 -115.85 
      7 82.6066 847 2 1 -10.6007 -134.775 -144.45 
      7 99.5817 226 2 0 -10.5993 -134.777 -145.85 
      7 102.181 847 1 1 -10.5694 -134.815 -174.45 
      7 109.857 226 1 0 -10.5677 -134.816 -175.85 
      7 136.382 847 0 1 -10.5351 -134.835 -204.45 
      7 124.668 226 0 0 -10.534 -134.835 -205.85 
      7 89.0923 847 8 1 -10.65 -134.628 35.2167 
Number of digits in this event: 10
Using G4ParticleGun... 
Particle energy: 5.26363 LIN
Particle: proton
Event: 8
Number of tracker hits in this event: 29
      8 112.336 1009 10 1 22.0498 -106.191 95.55 
      8 134.139 369 10 0 22.0484 -106.188 94.15 
      8 123.429 1009 9 1 22.021 -106.118 65.55 
      8 95.228 370 9 0 22.0199 -106.115 64.15 
      8 140.924 1009 8 1 22.0004 -106.05 35.55 
      8 135.033 370 8 0 21.9996 -106.047 34.15 
      8 135.557 1009 7 1 21.9852 -105.978 5.55 
      8 222.85 370 7 0 21.9843 -105.974 4.15 
      8 117.382 1009 6 1 21.9655 -105.87 -24.45 
      8 107.919 371 6 0 21.9642 -105.866 -25.85 
      8 133.962 1009 5 1 21.9388 -105.791 -54.45 
      8 111.138 371 5 0 21.9356 -105.787 -55.85 
      8 114.825 1009 4 1 21.8756 -105.704 -84.45 
      8 128.441 372 4 0 21.8715 -105.7 -85.85 
      8 109.188 1008 3 1 21.7875 -105.628 -114.45 
      8 136.504 372 3 0 21.7851 -105.626 -115.85 
      8 158.721 1008 2 1 21.7358 -105.574 -144.45 
      8 181.886 372 2 0 21.7297 -105.57 -145.85 
      8 98.62 1007 1 1 21.6044 -105.485 -174.45 
      8 251.945 373 1 0 21.5989 -105.482 -175.85 
      8 99.3118 1007 0 1 21.4774 -105.404 -204.45 
      8 147.858 373 0 0 21.4704 -105.401 -205.85 
      8 0.00365876 244 9 1 -131.15 37.3844 65.3456 
      8 4.66693 351 5 0 83.194 -109.799 -56.25 
      8 82.8913 208 2 0 -24.5806 -138.413 -146.25 
      8 27.8872 207 2 0 -24.6833 -138.55 -146.229 
      8 49.7514 373 2 0 22.6845 -105.384 -145.85 
      8 121.416 374 2 0 22.6926 -105.35 -145.928 
      8 212.327 375 2 0 22.5156 -105.15 -145.983 
Number of digits in this event: 18
Using G4ParticleGun... 
Particle energy: 7.0991 LIN
Particle: proton
Event: 9
Number of tracker hits in this event: 37
      9 196.313 383 9 1 -103.376 56.4805 65.55 
      9 188.983 1182 9 0 -103.376 56.4796 64.15 
      9 102.918 383 8 1 -103.36 56.4599 35.55 
      9 124.238 1182 8 0 -103.36 56.4604 34.15 
      9 155.177 384 7 1 -103.338 56.4704 5.55 
      9 93.0923 1182 7 0 -103.335 56.4704 4.15 
      9 105.109 384 6 1 -103.272 56.4681 -24.45 
      9 149.245 1182 6 0 -103.269 56.4675 -25.85 
      9 115.864 384 5 1 -103.203 56.4546 -54.45 
      9 143.635 1182 5 0 -103.2 56.4542 -55.85 
      9 110.037 385 4 1 -103.131 56.4442 -84.45 
      9 122.128 1181 4 0 -103.127 56.4439 -85.85 
      9 136.049 385 3 1 -103.049 56.4361 -114.45 
      9 120.461 1181 3 0 -103.045 56.437 -115.85 
      9 137.945 385 2 1 -102.972 56.4564 -144.45 
      9 125.406 1182 2 0 -102.969 56.457 -145.85 
      9 235.935 386 1 1 -102.918 56.4732 -174.45 
      9 109.583 1182 1 0 -102.916 56.4738 -175.85 
      9 287.495 386 0 1 -102.874 56.485 -204.45 
      9 110.04 1182 0 0 -102.872 56.4873 -205.85 
      9 99.4793 1137 3 0 -88.0648 47.5286 -116.178 
      9 191.244 939 3 0 -143.858 8.02338 -116.25 
      9 32.5288 940 3 0 -143.852 8.05042 -116.17 
      9 18.1697 967 0 1 13.5433 -142.952 -204.823 
      9 20.6951 528 10 1 -74.4153 -163.357 95.2107 
      9 136.265 408 2 0 11.6285 -98.55 -145.964 
      9 24.3159 802 0 0 -122.396 -19.5936 -206.211 
      9 4.97957 472 12 1 -85.5812 112.38 155.15 
      9 49.6976 1058 6 1 31.7052 -152.43 -24.8309 
      9 13.957 311 2 0 113.155 -117.779 -146.18 
      9 62.7132 881 2 1 -3.76557 17.5221 -144.85 
      9 20.6447 303 4 0 -118.557 -119.412 -86.25 
      9 71.3751 302 4 0 -118.515 -119.55 -86.079 
      9 124.884 309 4 1 -118.176 -119.88 -84.85 
      9 61.3318 157 0 1 -148.638 11.5743 -204.85 
      9 336.333 156 0 1 -148.75 11.4799 -204.501 
      9 157.614 1182 3 0 -103.034 56.45 -116.149 
Number of digits in this event: 22
Using G4ParticleGun... 
Particle energy: 2.08592 LIN
Particle: proton
Event: 10
Number of tracker hits in this event: 21
     10 102.91 432 9 1 -93.6672 94.0855 65.55 
     10 103.424 1369 9 0 -93.6656 94.0845 64.15 
     10 120.099 432 8 1 -93.638 94.0682 35.55 
     10 157.168 1369 8 0 -93.6331 94.0692 34.15 
     10 236.798 433 7 1 -93.5285 94.0803 5.55 
     10 133.668 1369 7 0 -93.5282 94.083 4.15 
     10 116.796 433 6 1 -93.5269 94.1459 -24.45 
     10 98.7263 1369 6 0 -93.5262 94.1491 -25.85 
     10 152.205 433 5 1 -93.507 94.2035 -54.45 
     10 111.904 1370 5 0 -93.508 94.2069 -55.85 
     10 110.819 433 4 1 -93.5314 94.2962 -84.45 
     10 112.609 1370 4 0 -93.5321 94.2992 -85.85 
     10 164.436 433 3 1 -93.5427 94.3687 -114.45 
     10 109.297 1371 3 0 -93.5412 94.3716 -115.85 
     10 152.486 433 2 1 -93.5186 94.4371 -144.45 
     10 154.13 1371 2 0 -93.5212 94.4387 -145.85 
     10 113.779 432 1 1 -93.5773 94.4719 -174.45 
     10 107.556 1371 1 0 -93.5808 94.4735 -175.85 
     10 175.255 432 0 1 -93.6579 94.496 -204.45 
     10 125.403 1371 0 0 -93.6637 94.4982 -205.85 
     10 221.666 859 0 0 -105.653 -8.05 -206.124 
Number of digits in this event: 12
Using G4ParticleGun... 
Particle energy: 1.88621 LIN
Particle: proton
Event: 11
Number of tracker hits in this event: 24
     11 126.737 1438 7 1 107.948 -103.845 5.55 
     11 128.972 381 7 0 107.948 -103.846 4.15 
     11 97.7977 1438 6 1 107.944 -103.878 -24.45 
     11 118.979 381 6 0 107.943 -103.879 -25.85 
     11 183.444 1438 5 1 107.92 -103.924 -54.45 
     11 96.4982 381 5 0 107.919 -103.926 -55.85 
     11 399.271 1438 4 1 107.905 -103.966 -84.45 
     11 121.593 380 4 0 107.902 -103.965 -85.85 
     11 119.261 1438 3 1 107.837 -103.947 -114.45 
     11 106.209 381 3 0 107.834 -103.949 -115.85 
     11 139.733 1438 2 1 107.77 -103.985 -144.45 
     11 108.826 380 2 0 107.768 -103.988 -145.85 
     11 93.7975 1437 1 1 107.732 -104.052 -174.45 
     11 105.783 380 1 0 107.73 -104.06 -175.85 
     11 82.8259 1437 0 1 107.689 -104.213 -204.45 
     11 195.964 379 0 0 107.689 -104.219 -205.85 
     11 12.895 537 3 1 -72.45 16.8514 -114.806 
     11 282.067 536 3 1 -72.65 16.9724 -114.661 
     11 222.456 535 3 1 -72.85 17.2104 -114.511 
     11 5.85755 984 3 0 -72.6816 16.8527 -115.85 
     11 107.696 983 3 0 -72.6784 16.85 -115.862 
     11 163.824 1437 2 1 107.75 -103.876 -144.763 
     11 249.144 1436 2 1 107.55 -103.651 -144.657 
     11 230.692 380 3 0 107.835 -103.95 -115.968 
Number of digits in this event: 15
Using G4ParticleGun... 
Particle energy: 4.8951 LIN
Particle: proton
Event: 12
Number of tracker hits in this event: 16
     12 101.97 192 7 1 -141.565 -39.0431 5.55 
     12 264.614 705 7 0 -141.563 -39.0429 4.15 
     12 97.1273 193 6 1 -141.54 -39.0372 -24.45 
     12 108.517 705 6 0 -141.54 -39.0367 -25.85 
     12 108.163 193 5 1 -141.528 -39.0258 -54.45 
     12 176.239 705 5 0 -141.529 -39.0268 -55.85 
     12 142.557 193 4 1 -141.544 -39.0517 -84.45 
     12 106.388 704 4 0 -141.543 -39.0525 -85.85 
     12 108.532 193 3 1 -141.534 -39.0665 -114.45 
     12 106.771 704 3 0 -141.532 -39.0675 -115.85 
     12 147.994 193 2 1 -141.504 -39.0919 -144.45 
     12 107.255 704 2 0 -141.504 -39.0923 -145.85 
     12 97.0268 193 1 1 -141.492 -39.1053 -174.45 
     12 103.015 704 1 0 -141.491 -39.1054 -175.85 
     12 107.368 193 0 1 -141.466 -39.1074 -204.45 
     12 114.495 704 0 0 -141.465 -39.1078 -205.85 
Number of digits in this event: 5
Using G4ParticleGun... 
Particle energy: 9.18957 LIN
Particle: proton
Event: 13
Number of tracker hits in this event: 21
     13 27.5116 1135 10 0 -107.076 47.2249 93.8327 
     13 109.33 365 9 1 -107.076 47.2244 65.55 
     13 122.71 1135 9 0 -107.075 47.2236 64.15 
     13 100.202 365 8 1 -107.069 47.2097 35.55 
     13 95.2758 1135 8 0 -107.068 47.2093 34.15 
     13 115.75 365 7 1 -107.053 47.2014 5.55 
     13 109.501 1135 7 0 -107.053 47.201 4.15 
     13 126.2 365 6 1 -107.041 47.1891 -24.45 
     13 136.234 1135 6 0 -107.04 47.1882 -25.85 
     13 110.569 365 5 1 -107.013 47.1729 -54.45 
     13 529.398 1135 5 0 -107.012 47.1721 -55.85 
     13 146.792 365 4 1 -106.992 47.1527 -84.45 
     13 106.028 1135 4 0 -106.991 47.1518 -85.85 
     13 121.15 365 3 1 -106.979 47.1334 -114.45 
     13 90.7539 1135 3 0 -106.979 47.1326 -115.85 
     13 99.9607 365 2 1 -106.982 47.113 -144.45 
     13 129.293 1135 2 0 -106.983 47.1117 -145.85 
     13 133.116 365 1 1 -106.993 47.0843 -174.45 
     13 164.297 1135 1 0 -106.992 47.0835 -175.85 
     13 123.519 365 0 1 -106.988 47.0656 -204.45 
     13 136.723 1135 0 0 -106.988 47.0642 -205.85 
Number of digits in this event: 12
Using G4ParticleGun... 
Particle energy: 4.45224 LIN
Particle: proton
Event: 14
Number of tracker hits in this event: 21
     14 116.089 419 10 0 65.6285 -96.2125 94.15 
     14 165.029 1227 9 1 65.6282 -96.2163 65.55 
     14 120.876 419 9 0 65.6294 -96.2165 64.15 
     14 104.286 1228 8 1 65.6618 -96.2252 35.55 
     14 108.921 419 8 0 65.6619 -96.2272 34.15 
     14 117.667 1228 7 1 65.6574 -96.2661 5.55 
     14 127.503 419 7 0 65.6572 -96.2683 4.15 
     14 167.665 1228 6 1 65.6581 -96.3158 -24.45 
     14 118.472 419 6 0 65.6577 -96.3195 -25.85 
     14 118.016 1227 5 1 65.6387 -96.3985 -54.45 
     14 113.377 418 5 0 65.6381 -96.4009 -55.85 
     14 101.943 1227 4 1 65.6296 -96.4493 -84.45 
     14 123.646 418 4 0 65.6284 -96.452 -85.85 
     14 96.7512 1227 3 1 65.6028 -96.508 -114.45 
     14 138.961 418 3 0 65.6004 -96.51 -115.85 
     14 116.308 1227 2 1 65.5515 -96.5427 -144.45 
     14 134.5 418 2 0 65.5494 -96.5427 -145.85 
     14 140.037 1227 1 1 65.5013 -96.5468 -174.45 
     14 136.276 418 1 0 65.5005 -96.5473 -175.85 
     14 153.607 1227 0 1 65.4822 -96.5484 -204.45 
     14 130.29 418 0 0 65.4801 -96.5492 -205.85 
Number of digits in this event: 12
Using G4ParticleGun... 
Particle energy: 7.66045 LIN
Particle: proton
Event: 15
Number of tracker hits in this event: 25
     15 122.973 1415 10 1 103.171 -45.7314 95.55 
     15 100.827 671 10 0 103.171 -45.7313 94.15 
     15 116.27 1415 9 1 103.162 -45.7254 65.55 
     15 110.278 671 9 0 103.162 -45.7241 64.15 
     15 115.309 1414 8 1 103.147 -45.6942 35.55 
     15 101.133 671 8 0 103.148 -45.6933 34.15 
     15 214.453 1415 7 1 103.153 -45.6815 5.55 
     15 163.557 671 7 0 103.156 -45.6808 4.15 
     15 116.929 1415 6 1 103.208 -45.6659 -24.45 
     15 126.036 671 6 0 103.21 -45.6648 -25.85 
     15 111.312 1415 5 1 103.255 -45.6408 -54.45 
     15 222.798 672 5 0 103.256 -45.6391 -55.85 
     15 106.412 1415 4 1 103.291 -45.6035 -84.45 
     15 111.922 672 4 0 103.292 -45.6017 -85.85 
     15 126.637 1415 3 1 103.309 -45.5661 -114.45 
     15 93.6208 672 3 0 103.31 -45.5641 -115.85 
     15 123.178 1415 2 1 103.316 -45.5227 -144.45 
     15 140.593 672 2 0 103.315 -45.5204 -145.85 
     15 115.871 1415 1 1 103.285 -45.4717 -174.45 
     15 99.0049 672 1 0 103.284 -45.4694 -175.85 
     15 101.274 1415 0 1 103.258 -45.4281 -204.45 
     15 98.9562 673 0 0 103.257 -45.4255 -205.85 
     15 57.5401 1416 7 1 103.35 -45.6983 5.47721 
     15 90.7638 1417 7 1 103.55 -45.7315 5.4866 
     15 161.73 1418 7 1 103.75 -45.6842 5.5445 
Number of digits in this event: 10
Using G4ParticleGun... 
Particle energy: 6.67227 LIN
Particle: proton
Event: 16
Number of tracker hits in this event: 41
     16 131.657 1027 11 1 25.4994 73.0595 125.55 
     16 175.473 1265 11 0 25.4995 73.0595 124.15 
     16 142.753 1027 10 1 25.4996 73.0612 95.55 
     16 143.93 1265 10 0 25.4997 73.0618 94.15 
     16 239.027 1027 9 1 25.4998 73.0807 65.55 
     16 176.703 1265 9 0 25.4996 73.0814 64.15 
     16 142.938 1027 8 1 25.4963 73.0964 35.55 
     16 119.102 1265 8 0 25.4963 73.0995 34.15 
     16 149.691 1027 7 1 25.4939 73.1641 5.55 
     16 121.242 1265 7 0 25.494 73.1668 4.15 
     16 243.569 1027 6 1 25.5 73.2262 -24.45 
     16 109.087 1265 6 0 25.5004 73.23 -25.85 
     16 108.848 1027 5 1 25.5047 73.3064 -54.45 
     16 119.279 1266 5 0 25.5046 73.3116 -55.85 
     16 98.3421 1027 4 1 25.5011 73.4172 -84.45 
     16 160.301 1266 4 0 25.5025 73.4219 -85.85 
     16 231.256 1027 3 1 25.5286 73.5213 -114.45 
     16 109.222 1267 3 0 25.53 73.5266 -115.85 
     16 96.3854 1027 2 1 25.561 73.6365 -144.45 
     16 117.524 1267 2 0 25.5636 73.6429 -145.85 
     16 107.108 1027 1 1 25.62 73.7706 -174.45 
     16 119.708 1268 1 0 25.6223 73.7781 -175.85 
     16 113.4 1028 0 1 25.6675 73.9314 -204.45 
     16 124.604 1269 0 0 25.6697 73.9391 -205.85 
     16 263.243 1262 3 0 25.2352 72.5296 -115.85 
     16 61.8754 1261 3 0 25.2122 72.45 -115.939 
     16 54.8741 1260 3 0 25.1619 72.25 -116.127 
     16 161.896 998 2 1 19.7461 45.9903 -144.45 
     16 22.8582 999 2 1 19.8501 46.3265 -144.823 
     16 14.3066 1148 2 0 20.6325 49.7873 -145.85 
     16 65.0681 1149 2 0 20.6416 49.85 -145.871 
     16 75.7634 1150 2 0 20.6869 50.05 -145.931 
     16 89.6313 1151 2 0 20.7843 50.25 -146.053 
     16 102.806 1152 2 0 20.8591 50.45 -146.19 
     16 236.619 1789 2 0 41.5737 178.023 -146.25 
     16 38.4834 1790 2 0 41.7626 178.15 -146.114 
     16 30.0574 1788 2 0 42.068 177.95 -146.229 
     16 42.3912 1123 2 0 17.621 44.85 -145.964 
     16 169.464 1532 3 0 4.26445 126.615 -116.25 
     16 214.307 1257 6 0 24.7969 71.5797 -25.85 
     16 290.119 1264 10 0 25.5333 73.05 93.9386 
Number of digits in this event: 21
Using G4ParticleGun... 
Particle energy: 2.86963 LIN
Particle: proton
Event: 17
Number of tracker hits in this event: 32
     17 270.329 258 8 1 -128.483 55.2282 35.55 
     17 120.008 1175 8 0 -128.483 55.2292 34.15 
     17 119.363 258 7 1 -128.463 55.2341 5.55 
     17 134.419 1175 7 0 -128.462 55.2336 4.15 
     17 133.865 258 6 1 -128.433 55.2264 -24.45 
     17 112.11 1175 6 0 -128.431 55.2294 -25.85 
     17 139.578 258 5 1 -128.381 55.2927 -54.45 
     17 358.179 1176 5 0 -128.378 55.2964 -55.85 
     17 97.7372 259 4 1 -128.322 55.3738 -84.45 
     17 153.988 1176 4 0 -128.324 55.3768 -85.85 
     17 106.426 258 3 1 -128.355 55.4383 -114.45 
     17 102.701 1176 3 0 -128.359 55.4418 -115.85 
     17 116.827 258 2 1 -128.444 55.5085 -144.45 
     17 115.651 1177 2 0 -128.446 55.5123 -145.85 
     17 168.444 258 1 1 -128.501 55.5857 -174.45 
     17 100.595 1177 1 0 -128.504 55.5917 -175.85 
     17 96.7664 257 0 1 -128.582 55.7135 -204.45 
     17 126.983 1178 0 0 -128.587 55.7212 -205.85 
     17 4.92401 1175 5 0 -128.384 55.25 -56.2401 
     17 71.7766 1011 5 0 -126.788 22.3338 -56.25 
     17 228.432 1010 5 0 -126.912 22.2498 -56.1352 
     17 124.402 266 5 1 -126.844 23.4705 -54.85 
     17 47.9475 1177 5 0 -128.385 55.45 -56.2082 
     17 93.0081 1169 8 0 -128.169 54.0305 34.15 
     17 74.922 1168 8 0 -128.118 53.85 33.901 
     17 186.963 1088 8 0 -126.984 37.8032 33.7501 
     17 150.963 264 8 1 -127.276 37.6086 35.15 
     17 101.043 263 8 1 -127.383 37.5571 35.55 
     17 37.1361 262 8 1 -127.55 37.7575 35.3069 
     17 46.3939 1089 8 0 -127.514 37.85 33.9204 
     17 57.5802 652 3 1 -49.6256 2.35515 -114.45 
     17 224.958 651 3 1 -49.65 2.34576 -114.618 
Number of digits in this event: 15
Using G4ParticleGun... 
Particle energy: 5.73802 LIN
Particle: proton
Event: 18
Number of tracker hits in this event: 23
     18 126.256 400 10 1 -99.9533 0.783623 95.55 
     18 177.104 903 10 0 -99.9536 0.783961 94.15 
     18 211.202 400 9 1 -99.9639 0.788722 65.55 
     18 160.179 903 9 0 -99.9635 0.789188 64.15 
     18 125.834 400 8 1 -99.9564 0.796774 35.55 
     18 105.695 903 8 0 -99.9569 0.798205 34.15 
     18 126.782 400 7 1 -99.9709 0.824948 5.55 
     18 121.564 903 7 0 -99.972 0.826549 4.15 
     18 156.169 400 6 1 -99.9974 0.861657 -24.45 
     18 147.363 904 6 0 -99.9984 0.862683 -25.85 
     18 147.423 400 5 1 -100.02 0.882645 -54.45 
     18 115.303 904 5 0 -100.021 0.881948 -55.85 
     18 102.42 400 4 1 -100.06 0.868865 -84.45 
     18 210.267 904 4 0 -100.062 0.869052 -85.85 
     18 128.912 400 3 1 -100.104 0.876645 -114.45 
     18 105.547 904 3 0 -100.106 0.877806 -115.85 
     18 106.685 400 2 1 -100.148 0.902172 -144.45 
     18 110.931 904 2 0 -100.151 0.903404 -145.85 
     18 138.757 399 1 1 -100.214 0.925553 -174.45 
     18 184.811 904 1 0 -100.217 0.926337 -175.85 
     18 120.191 399 0 1 -100.281 0.944127 -204.45 
     18 126.101 904 0 0 -100.284 0.945466 -205.85 
     18 144.223 903 6 0 -99.9517 0.849982 -25.9261 
Number of digits in this event: 18
Using G4ParticleGun... 
Particle energy: 8.33607 LIN
Particle: proton
Event: 19
Number of tracker hits in this event: 29
     19 44.5353 1291 11 0 31.4639 78.3924 123.954 
     19 130.908 1057 10 1 31.4645 78.392 95.55 
     19 112.463 1291 10 0 31.4646 78.3911 94.15 
     19 111.626 1057 9 1 31.4645 78.3683 65.55 
     19 96.0877 1291 9 0 31.4642 78.3675 64.15 
     19 124.321 1057 8 1 31.4621 78.3522 35.55 
     19 113.868 1291 8 0 31.4615 78.3513 34.15 
     19 125.182 1056 7 1 31.4493 78.3329 5.55 
     19 117.176 1291 7 0 31.4502 78.3315 4.15 
     19 128.616 1057 6 1 31.47 78.3036 -24.45 
     19 115.776 1291 6 0 31.4702 78.3014 -25.85 
     19 115.659 1057 5 1 31.4756 78.2597 -54.45 
     19 103.485 1291 5 0 31.4762 78.2569 -55.85 
     19 95.6472 1057 4 1 31.4923 78.2015 -84.45 
     19 189.223 1290 4 0 31.4921 78.1993 -85.85 
     19 261.222 1057 3 1 31.4839 78.152 -114.45 
     19 116.435 1290 3 0 31.4838 78.1502 -115.85 
     19 118.967 1057 2 1 31.4834 78.1155 -144.45 
     19 101.846 1290 2 0 31.4847 78.1131 -145.85 
     19 136.935 1057 1 1 31.5103 78.069 -174.45 
     19 144.304 1290 1 0 31.5115 78.0666 -175.85 
     19 132.672 1057 0 1 31.5366 78.021 -204.45 
     19 180.805 1289 0 0 31.5375 78.018 -205.85 
     19 33.5383 185 1 0 -35.7825 -143.029 -176.111 
     19 78.7029 1786 0 1 177.428 16.9706 -204.543 
     19 16.846 1185 0 1 57.1245 41.5427 -204.45 
     19 87.7306 959 0 1 12.05 20.8549 -204.545 
     19 62.6908 1057 7 1 31.45 78.3323 5.17244 
     19 67.89 1296 7 0 31.9328 79.2849 4.15 
Number of digits in this event: 13
Using G4ParticleGun... 
Particle energy: 7.81771 LIN
Particle: proton
Event: 20
Number of tracker hits in this event: 18
     20 112.928 1589 8 1 137.981 6.5721 35.55 
     20 139.966 932 8 0 137.98 6.57211 34.15 
     20 129.459 1589 7 1 137.964 6.57432 5.55 
     20 176.311 932 7 0 137.962 6.57468 4.15 
     20 121.012 1588 6 1 137.939 6.58131 -24.45 
     20 116.689 932 6 0 137.938 6.58239 -25.85 
     20 111.431 1588 5 1 137.917 6.60118 -54.45 
     20 107.351 932 5 0 137.916 6.60099 -55.85 
     20 103.295 1588 4 1 137.898 6.59895 -84.45 
     20 98.9083 932 4 0 137.896 6.59978 -85.85 
     20 106.645 1588 3 1 137.858 6.61614 -114.45 
     20 124.944 932 3 0 137.857 6.61665 -115.85 
     20 117.645 1588 2 1 137.825 6.63167 -144.45 
     20 118.24 932 2 0 137.824 6.63185 -145.85 
     20 95.2127 1588 1 1 137.81 6.63898 -174.45 
     20 83.7663 932 1 0 137.81 6.63895 -175.85 
     20 121.339 1588 0 1 137.812 6.64099 -204.45 
     20 107.698 932 0 0 137.811 6.64124 -205.85 
Number of digits in this event: 7
Using G4ParticleGun... 
Particle energy: 9.29438 LIN
Particle: proton
Event: 21
Number of tracker hits in this event: 34
     21 150.179 821 11 1 -15.6518 -26.3614 125.55 
     21 227.609 768 11 0 -15.6516 -26.361 124.15 
     21 116.122 822 10 1 -15.646 -26.3517 95.55 
     21 124.716 768 10 0 -15.6457 -26.3509 94.15 
     21 121.523 822 9 1 -15.6431 -26.3342 65.55 
     21 143.189 768 9 0 -15.6429 -26.3332 64.15 
     21 115.366 822 8 1 -15.6386 -26.3139 35.55 
     21 144.37 768 8 0 -15.6384 -26.3133 34.15 
     21 134.312 822 7 1 -15.6336 -26.3018 5.55 
     21 154.562 768 7 0 -15.6337 -26.3007 4.15 
     21 100.927 822 6 1 -15.6368 -26.2792 -24.45 
     21 115.171 768 6 0 -15.6373 -26.279 -25.85 
     21 92.0264 822 5 1 -15.6454 -26.2755 -54.45 
     21 145.884 768 5 0 -15.6464 -26.2755 -55.85 
     21 107.625 821 4 1 -15.6654 -26.2733 -84.45 
     21 196.725 768 4 0 -15.6666 -26.274 -85.85 
     21 164.576 821 3 1 -15.6905 -26.2859 -114.45 
     21 112.449 768 3 0 -15.6915 -26.2867 -115.85 
     21 222.861 821 2 1 -15.7149 -26.2972 -144.45 
     21 122.137 768 2 0 -15.7159 -26.2975 -145.85 
     21 112.459 821 1 1 -15.7395 -26.3024 -174.45 
     21 101.705 768 1 0 -15.7408 -26.303 -175.85 
     21 149.162 821 0 1 -15.7692 -26.3127 -204.45 
     21 116.018 768 0 0 -15.7692 -26.3133 -205.85 
     21 238.274 820 0 1 -15.85 -26.2892 -204.541 
     21 223.159 767 2 0 -16.2301 -26.45 -145.891 
     21 128.875 822 2 1 -15.65 -26.3133 -144.654 
     21 225.632 821 8 1 -15.6501 -26.3009 35.5159 
     21 14.0914 820 8 1 -15.85 -26.277 35.1686 
     21 38.6066 766 8 0 -17.2142 -26.7122 34.1498 
     21 156.543 809 8 1 -18.2283 -25.7006 35.15 
     21 84.9919 808 8 1 -18.25 -25.7269 35.1913 
     21 78.053 496 11 0 16.6098 -80.7689 123.75 
     21 310.449 495 11 0 16.626 -80.8504 123.821 
Number of digits in this event: 21
Using G4ParticleGun... 
Particle energy: 7.79823 LIN
Particle: proton
Event: 22
Number of tracker hits in this event: 25
     22 110.776 1415 10 1 103.287 8.42358 95.55 
     22 106.523 941 10 0 103.287 8.42383 94.15 
     22 239.907 1415 9 1 103.285 8.4283 65.55 
     22 113.814 941 9 0 103.283 8.42955 64.15 
     22 132.057 1415 8 1 103.242 8.45607 35.55 
     22 134.658 942 8 0 103.24 8.45801 34.15 
     22 123.9 1415 7 1 103.211 8.49936 5.55 
     22 168.635 942 7 0 103.209 8.50219 4.15 
     22 145.701 1415 6 1 103.166 8.56227 -24.45 
     22 107.402 942 6 0 103.164 8.56564 -25.85 
     22 121.465 1414 5 1 103.124 8.63339 -54.45 
     22 144.764 942 5 0 103.123 8.63612 -55.85 
     22 137.874 1414 4 1 103.103 8.69316 -84.45 
     22 143.604 943 4 0 103.103 8.69643 -85.85 
     22 107.698 1414 3 1 103.085 8.76664 -114.45 
     22 121.247 943 3 0 103.083 8.76888 -115.85 
     22 105.953 1414 2 1 103.045 8.81459 -144.45 
     22 90.5231 943 2 0 103.042 8.81648 -145.85 
     22 107.86 1414 1 1 102.986 8.85518 -174.45 
     22 94.7115 944 1 0 102.984 8.85617 -175.85 
     22 344.944 1414 0 1 102.951 8.87528 -204.45 
     22 336.922 944 0 0 102.95 8.87635 -205.85 
     22 11.7228 1413 0 1 102.95 8.87549 -204.815 
     22 51.0161 943 5 0 103.187 8.6502 -55.8972 
     22 114.74 1415 5 1 103.335 8.57863 -54.85 
Number of digits in this event: 14
Using G4ParticleGun... 
Particle energy: 7.4465 LIN
Particle: proton
Event: 23
Number of tracker hits in this event: 22
     23 123.811 793 8 1 -21.302 -136.301 35.55 
     23 109.329 219 8 0 -21.3017 -136.301 34.15 
     23 145.638 793 7 1 -21.2944 -136.295 5.55 
     23 237 219 7 0 -21.2947 -136.295 4.15 
     23 116.51 793 6 1 -21.2585 -136.3 -24.45 
     23 108.408 219 6 0 -21.2567 -136.299 -25.85 
     23 107.81 794 5 1 -21.2213 -136.281 -54.45 
     23 106.255 219 5 0 -21.2197 -136.281 -55.85 
     23 110.426 794 4 1 -21.185 -136.27 -84.45 
     23 114.469 219 4 0 -21.1846 -136.269 -85.85 
     23 120.016 794 3 1 -21.1763 -136.255 -114.45 
     23 110.077 219 3 0 -21.1745 -136.255 -115.85 
     23 117.286 794 2 1 -21.1386 -136.254 -144.45 
     23 122.847 219 2 0 -21.1371 -136.254 -145.85 
     23 163.038 794 1 1 -21.1026 -136.259 -174.45 
     23 136.025 219 1 0 -21.1019 -136.259 -175.85 
     23 215.979 794 0 1 -21.0883 -136.273 -204.45 
     23 121.798 219 0 0 -21.0877 -136.274 -205.85 
     23 65.8481 216 0 0 -21.3495 -136.889 -205.85 
     23 81.9232 215 0 0 -21.3914 -136.95 -205.972 
     23 122.286 794 7 1 -21.25 -136.27 5.43418 
     23 48.12 218 7 0 -20.7738 -136.35 3.94475 
Number of digits in this event: 12
Using G4ParticleGun... 
Particle energy: 9.84908 LIN
Particle: proton
Event: 24
Number of tracker hits in this event: 22
     24 140.121 785 10 1 -22.9216 -100.759 95.55 
     24 128.91 396 10 0 -22.9227 -100.759 94.15 
     24 94.2985 785 9 1 -22.9452 -100.762 65.55 
     24 111.897 396 9 0 -22.946 -100.762 64.15 
     24 152.578 785 8 1 -22.9626 -100.764 35.55 
     24 107.689 396 8 0 -22.9622 -100.764 34.15 
     24 114.573 785 7 1 -22.9523 -100.766 5.55 
     24 143.055 396 7 0 -22.9517 -100.766 4.15 
     24 112.51 785 6 1 -22.9396 -100.776 -24.45 
     24 106.672 396 6 0 -22.9397 -100.777 -25.85 
     24 114.255 785 5 1 -22.942 -100.78 -54.45 
     24 94.4193 396 5 0 -22.9426 -100.78 -55.85 
     24 120.968 785 4 1 -22.9531 -100.778 -84.45 
     24 103.12 396 4 0 -22.9543 -100.778 -85.85 
     24 116.215 785 3 1 -22.9781 -100.778 -114.45 
     24 114.543 396 3 0 -22.9791 -100.778 -115.85 
     24 97.5719 785 2 1 -22.9932 -100.773 -144.45 
     24 129.47 396 2 0 -22.9938 -100.773 -145.85 
     24 122.583 785 1 1 -23.0057 -100.76 -174.45 
     24 95.6292 396 1 0 -23.0061 -100.758 -175.85 
     24 118.185 785 0 1 -23.0137 -100.725 -204.45 
     24 265.589 397 0 0 -23.0148 -100.723 -205.85 
Number of digits in this event: 9
Using G4ParticleGun... 
Particle energy: 7.34307 LIN
Particle: proton
Event: 25
Number of tracker hits in this event: 22
     25 127.546 927 10 1 5.60104 104.174 95.55 
     25 103.894 1420 10 0 5.60174 104.175 94.15 
     25 146.053 927 9 1 5.6168 104.177 65.55 
     25 112.793 1420 9 0 5.61823 104.177 64.15 
     25 133.213 927 8 1 5.64547 104.179 35.55 
     25 103.973 1420 8 0 5.64543 104.178 34.15 
     25 223.405 927 7 1 5.64581 104.17 5.55 
     25 110.24 1420 7 0 5.64518 104.171 4.15 
     25 145.312 927 6 1 5.63687 104.175 -24.45 
     25 120.74 1420 6 0 5.63567 104.177 -25.85 
     25 112.553 927 5 1 5.61192 104.209 -54.45 
     25 108.932 1420 5 0 5.61133 104.212 -55.85 
     25 90.4746 927 4 1 5.60025 104.25 -84.45 
     25 144.597 1420 4 0 5.60027 104.252 -85.85 
     25 115.869 927 3 1 5.5993 104.28 -114.45 
     25 165.259 1420 3 0 5.59918 104.282 -115.85 
     25 137.607 927 2 1 5.5958 104.314 -144.45 
     25 158.068 1420 2 0 5.59502 104.317 -145.85 
     25 119.441 927 1 1 5.57801 104.37 -174.45 
     25 111.847 1421 1 0 5.57654 104.372 -175.85 
     25 104.532 927 0 1 5.54984 104.419 -204.45 
     25 104.588 1421 0 0 5.54915 104.42 -205.85 
Number of digits in this event: 13
Using G4ParticleGun... 
Particle energy: 4.12001 LIN
Particle: proton
Event: 26
Number of tracker hits in this event: 22
     26 233.605 243 9 1 -131.505 9.87071 65.55 
     26 102.553 949 9 0 -131.506 9.86916 64.15 
     26 168.206 243 8 1 -131.528 9.82944 35.55 
     26 107.074 948 8 0 -131.531 9.82808 34.15 
     26 120.528 242 7 1 -131.576 9.80156 5.55 
     26 165.63 948 7 0 -131.577 9.80086 4.15 
     26 118.575 242 6 1 -131.6 9.78537 -24.45 
     26 108.939 948 6 0 -131.601 9.78794 -25.85 
     26 116.588 242 5 1 -131.62 9.84111 -54.45 
     26 95.5516 948 5 0 -131.621 9.84289 -55.85 
     26 119.481 242 4 1 -131.647 9.87969 -84.45 
     26 90.9945 949 4 0 -131.646 9.87954 -85.85 
     26 103.053 242 3 1 -131.635 9.85644 -114.45 
     26 122.475 949 3 0 -131.635 9.85493 -115.85 
     26 140.488 242 2 1 -131.63 9.83069 -144.45 
     26 91.5416 948 2 0 -131.63 9.8315 -145.85 
     26 124.942 242 1 1 -131.631 9.84299 -174.45 
     26 133.145 948 1 0 -131.633 9.8435 -175.85 
     26 120.302 242 0 1 -131.661 9.85235 -204.45 
     26 101.184 949 0 0 -131.662 9.85175 -205.85 
     26 96.1296 950 8 0 -131.828 10.1736 34.15 
     26 44.849 951 8 0 -131.875 10.2501 34.1308 
Number of digits in this event: 12
Using G4ParticleGun... 
Particle energy: 3.46627 LIN
Particle: proton
Event: 27
Number of tracker hits in this event: 41
     27 247.751 1288 11 1 77.8353 20.3061 125.55 
     27 102.129 1001 11 0 77.8367 20.3094 124.15 
     27 171.469 1289 10 1 77.8724 20.3759 95.55 
     27 113.992 1001 10 0 77.875 20.3806 94.15 
     27 115.293 1289 9 1 77.9287 20.4741 65.55 
     27 104.569 1002 9 0 77.9301 20.4786 64.15 
     27 155.628 1289 8 1 77.9627 20.5734 35.55 
     27 138.511 1002 8 0 77.966 20.5782 34.15 
     27 320.175 1289 7 1 78.0353 20.6742 5.55 
     27 130.635 1003 7 0 78.0392 20.6774 4.15 
     27 116.459 1290 6 1 78.1241 20.7393 -24.45 
     27 99.1613 1003 6 0 78.126 20.7429 -25.85 
     27 178.945 1290 5 1 78.168 20.8218 -54.45 
     27 103.84 1003 5 0 78.1702 20.826 -55.85 
     27 108.388 1290 4 1 78.2173 20.9229 -84.45 
     27 91.4234 1004 4 0 78.2191 20.9274 -85.85 
     27 150.61 1291 3 1 78.2577 21.0147 -114.45 
     27 114.163 1004 3 0 78.2598 21.0202 -115.85 
     27 148.767 1291 2 1 78.2994 21.1319 -144.45 
     27 103.862 1005 2 0 78.3014 21.1379 -145.85 
     27 269.298 1291 1 1 78.3408 21.2614 -174.45 
     27 269.927 1006 1 0 78.3419 21.2674 -175.85 
     27 196.665 1291 0 1 78.3669 21.393 -204.45 
     27 134.802 1006 0 0 78.3661 21.399 -205.85 
     27 57.2622 1005 1 0 78.2609 21.25 -175.925 
     27 2.05084 1290 1 1 78.25 21.2148 -174.766 
     27 16.0163 996 7 0 77.7283 19.3024 4.15 
     27 94.2383 995 7 0 77.7182 19.25 4.10831 
     27 85.3211 994 7 0 77.6286 19.0497 3.91918 
     27 143.007 1209 6 1 61.977 -3.12485 -24.45 
     27 96.6923 1210 6 1 62.0502 -3.22504 -24.7037 
     27 55.4484 881 6 0 63.9766 -3.76151 -25.8501 
     27 11.582 880 6 0 64.1611 -3.85015 -25.8635 
     27 24.7454 1236 6 1 67.3586 -4.44055 -24.8499 
     27 63.5513 1237 6 1 67.45 -4.4338 -24.8209 
     27 147.213 1238 6 1 67.65 -4.48751 -24.7276 
     27 169.446 1239 6 1 67.8501 -4.53696 -24.694 
     27 66.1889 1240 6 1 68.05 -4.52893 -24.5949 
     27 96.9212 1289 11 1 77.85 20.3005 125.459 
     27 63.4775 1000 11 0 78.1772 20.0723 124.15 
     27 114.112 999 11 0 78.206 20.05 124.048 
Number of digits in this event: 18
Using G4ParticleGun... 
Particle energy: 1.38163 LIN
Particle: proton
Event: 28
Number of tracker hits in this event: 25
     28 122.87 905 11 1 1.08301 40.7276 125.55 
     28 114.428 1103 11 0 1.08242 40.7273 124.15 
     28 156.914 905 10 1 1.06007 40.7166 95.55 
     28 125.393 1103 10 0 1.06036 40.714 94.15 
     28 116.706 905 9 1 1.06201 40.6446 65.55 
     28 127.724 1102 9 0 1.0673 40.6377 64.15 
     28 128.047 905 8 1 1.22986 40.4334 35.55 
     28 131.404 1101 8 0 1.23742 40.4248 34.15 
     28 108.301 906 7 1 1.38219 40.2574 5.55 
     28 9.61628 1101 7 0 1.39062 40.2502 4.15 
     28 320.166 1100 7 0 1.39082 40.25 4.11559 
     28 100.73 907 6 1 1.55435 40.1133 -24.45 
     28 132.201 1100 6 0 1.5605 40.1102 -25.85 
     28 128.237 908 5 1 1.7024 40.0339 -54.45 
     28 111.416 1099 5 0 1.704 40.0239 -55.85 
     28 169.61 908 4 1 1.73705 39.8288 -84.45 
     28 161.239 1098 4 0 1.73853 39.8219 -85.85 
     28 127.063 908 3 1 1.7839 39.6908 -114.45 
     28 154.964 1098 3 0 1.78502 39.6815 -115.85 
     28 128.857 908 2 1 1.8092 39.475 -144.45 
     28 148.563 1097 2 0 1.81225 39.4662 -145.85 
     28 98.9892 909 1 1 1.88937 39.2904 -174.45 
     28 120.931 1096 1 0 1.89225 39.281 -175.85 
     28 129.357 909 0 1 1.92437 39.1158 -204.45 
     28 134.438 1095 0 0 1.93145 39.1096 -205.85 
Number of digits in this event: 19
Using G4ParticleGun... 
Particle energy: 5.46206 LIN
Particle: proton
Event: 29
Number of tracker hits in this event: 78
     29 166.955 912 11 1 2.53034 -27.1795 125.55 
     29 235.535 764 11 0 2.53062 -27.1792 124.15 
     29 400.706 912 10 1 2.53728 -27.1751 95.55 
     29 232.235 764 10 0 2.5378 -27.1756 94.15 
     29 114.49 912 9 1 2.54988 -27.1876 65.55 
     29 102.688 764 9 0 2.55065 -27.1876 64.15 
     29 101.65 912 8 1 2.59445 -27.1554 35.55 
     29 147.722 764 8 0 2.59505 -27.153 34.15 
     29 165.405 912 7 1 2.60339 -27.1045 5.55 
     29 100.547 764 7 0 2.60375 -27.1007 4.15 
     29 108.396 912 6 1 2.60931 -27.0194 -24.45 
     29 87.5134 765 6 0 2.61009 -27.0148 -25.85 
     29 102.751 912 5 1 2.62731 -26.9226 -54.45 
     29 113.408 765 5 0 2.62731 -26.9187 -55.85 
     29 150.65 912 4 1 2.62469 -26.8425 -84.45 
     29 130.226 766 4 0 2.62538 -26.8393 -85.85 
     29 216.485 912 3 1 2.64483 -26.7725 -114.45 
     29 134.029 766 3 0 2.64588 -26.7697 -115.85 
     29 106.654 913 2 1 2.67212 -26.7115 -144.45 
     29 100.679 766 2 0 2.67243 -26.709 -145.85 
     29 108.937 913 1 1 2.67566 -26.6551 -174.45 
     29 170.542 766 1 0 2.6759 -26.6519 -175.85 
     29 113.27 913 0 1 2.67905 -26.5858 -204.45 
     29 156.113 767 0 0 2.67902 -26.5813 -205.85 
     29 40.4631 1012 0 1 22.65 88.5993 -204.631 
     29 2105.93 786 0 0 0.896287 -22.7883 -206.25 
     29 2213.78 903 0 1 0.81689 -22.5884 -204.85 
     29 3707.38 844 1 0 -8.64062 -11.1699 -176.25 
     29 83.424 1240 5 0 -58.1778 68.1986 -56.25 
     29 14.6802 424 6 1 -95.3324 65.806 -24.45 
     29 179.642 423 6 1 -95.35 65.8297 -24.459 
     29 8.93554 1376 1 0 -100.805 95.4401 -176.25 
     29 168.303 613 0 0 -47.5051 -57.2701 -206.25 
     29 117.069 661 0 1 -47.7667 -57.7591 -204.85 
     29 75.2783 710 1 0 -45.0945 -37.9956 -176.25 
     29 92.1723 711 1 0 -45.0811 -37.85 -176.031 
     29 184.1 675 1 1 -44.9808 -37.0206 -174.85 
     29 79.6154 819 2 0 -31.5383 -16.2168 -146.25 
     29 90.7393 820 2 0 -31.4421 -16.0493 -146.038 
     29 138.997 745 2 1 -31.0068 -14.962 -144.85 
     29 69.7382 999 3 0 -24.711 19.8519 -116.25 
     29 87.9176 1000 3 0 -24.6731 20.05 -116.095 
     29 25.0961 1001 3 0 -24.6202 20.25 -115.92 
     29 98.8302 778 3 1 -24.308 21.4204 -114.85 
     29 144.855 779 3 1 -24.2499 21.6204 -114.668 
     29 66.2319 906 4 0 -30.6013 1.31981 -86.2498 
     29 154.214 905 4 0 -30.6198 1.24953 -86.1617 
     29 26.7061 904 4 0 -30.6447 1.05 -85.9298 
     29 0.0571372 746 4 1 -30.8498 0.0711717 -84.8498 
     29 151.079 745 4 1 -30.85 0.0703271 -84.8489 
     29 2.52114 776 5 0 -21.5182 -24.8487 -56.2489 
     29 96.1575 775 5 0 -21.5177 -24.85 -56.2474 
     29 34.0587 774 5 0 -21.387 -25.05 -55.9629 
     29 158.882 796 5 1 -20.7911 -25.2683 -54.85 
     29 140.558 797 5 1 -20.65 -25.3034 -54.5269 
     29 17.3518 615 6 0 -11.9983 -56.9988 -26.25 
     29 89.8603 614 6 0 -11.9844 -57.05 -26.206 
     29 22.7442 613 6 0 -11.9493 -57.25 -25.9412 
     29 126.281 841 6 1 -11.8152 -58.1167 -24.8499 
     29 169.919 798 5 1 -20.45 -25.295 -54.7118 
     29 134.251 388 12 0 103.925 -102.365 154.021 
     29 14.6572 927 8 0 6.4602 5.63099 33.8746 
     29 55.9722 1682 11 0 132.262 156.62 123.75 
     29 98.8981 1681 11 0 132.196 156.55 123.841 
     29 202.385 1550 11 1 130.199 156.933 125.15 
     29 177.211 1551 11 1 130.35 156.939 125.541 
     29 4.80689 1552 11 1 130.55 156.753 125.538 
     29 37.003 307 14 0 163.369 -118.559 213.75 
     29 110.831 308 14 0 163.466 -118.55 213.862 
     29 33.6351 1721 14 1 164.472 -118.366 215.15 
     29 200.457 1722 14 1 164.55 -118.35 215.249 
     29 26.8923 1723 14 1 164.75 -118.309 215.497 
     29 40.482 1213 5 1 62.8389 145.582 -54.5969 
     29 46.3676 1119 1 1 43.85 -29.6516 -174.562 
     29 114.131 901 7 0 -26.3282 0.431059 3.75 
     29 127.669 769 7 1 -26.2038 0.235783 5.15034 
     29 46.2789 368 0 1 -106.363 93.3128 -204.646 
     29 5.01694 763 10 0 2.20884 -27.25 94.0393 
Number of digits in this event: 35
Using G4ParticleGun... 
Particle energy: 7.26331 LIN
Particle: proton
Event: 30
Number of tracker hits in this event: 20
     30 184.982 1155 9 1 51.0561 122.535 65.55 
     30 103.058 1511 9 0 51.0569 122.535 64.15 
     30 102.984 1155 8 1 51.0721 122.53 35.55 
     30 114.119 1511 8 0 51.0741 122.53 34.15 
     30 106.151 1155 7 1 51.1176 122.53 5.55 
     30 113.568 1511 7 0 51.1189 122.53 4.15 
     30 110.88 1155 6 1 51.1442 122.534 -24.45 
     30 86.7694 1511 6 0 51.1459 122.534 -25.85 
     30 124.314 1155 5 1 51.1782 122.534 -54.45 
     30 114.715 1511 5 0 51.1789 122.533 -55.85 
     30 136.672 1155 4 1 51.1897 122.521 -84.45 
     30 187.301 1511 4 0 51.1893 122.521 -85.85 
     30 207.18 1155 3 1 51.1801 122.527 -114.45 
     30 116.634 1511 3 0 51.1802 122.528 -115.85 
     30 220.626 1155 2 1 51.1819 122.54 -144.45 
     30 127.574 1511 2 0 51.1823 122.539 -145.85 
     30 112.465 1155 1 1 51.1905 122.511 -174.45 
     30 188.894 1511 1 0 51.1909 122.509 -175.85 
     30 98.7158 1155 0 1 51.1986 122.468 -204.45 
     30 151.7 1511 0 0 51.1991 122.466 -205.85 
Number of digits in this event: 10
Using G4ParticleGun... 
Particle energy: 3.74802 LIN
Particle: proton
Event: 31
Number of tracker hits in this event: 25
     31 162.069 873 11 1 -5.27437 -20.407 125.55 
     31 117.962 798 11 0 -5.27442 -20.406 124.15 
     31 109.984 873 10 1 -5.27835 -20.376 95.55 
     31 136.991 798 10 0 -5.27917 -20.3736 94.15 
     31 101.244 873 9 1 -5.29083 -20.3269 65.55 
     31 125.182 798 9 0 -5.28516 -20.3248 64.15 
     31 107.274 874 8 1 -5.16548 -20.2758 35.55 
     31 303.514 798 8 0 -5.15978 -20.274 34.15 
     31 231.377 875 7 1 -5.0383 -20.2321 5.55 
     31 128.191 799 7 0 -5.03146 -20.2299 4.15 
     31 115.535 875 6 1 -4.89232 -20.1888 -24.45 
     31 129.531 799 6 0 -4.8864 -20.1871 -25.85 
     31 114.787 876 5 1 -4.77019 -20.1517 -54.45 
     31 101.286 799 5 0 -4.76396 -20.149 -55.85 
     31 125.333 877 4 1 -4.62788 -20.0987 -84.45 
     31 165.399 799 4 0 -4.62161 -20.0952 -85.85 
     31 111.168 877 3 1 -4.50271 -20.027 -114.45 
     31 117.222 800 3 0 -4.49707 -20.0233 -115.85 
     31 101.685 878 2 1 -4.37415 -19.9466 -144.45 
     31 225.449 800 2 0 -4.3677 -19.9421 -145.85 
     31 138.133 879 1 1 -4.23411 -19.8535 -174.45 
     31 118.641 801 1 0 -4.22776 -19.848 -175.85 
     31 136.752 879 0 1 -4.09532 -19.742 -204.45 
     31 107.275 801 0 0 -4.08994 -19.7364 -205.85 
     31 127.812 878 1 1 -4.25 -19.8528 -174.728 
Number of digits in this event: 14
Using G4ParticleGun... 
Particle energy: 6.37834 LIN
Particle: proton
Event: 32
Number of tracker hits in this event: 27
     32 91.1046 313 9 1 -117.536 46.4377 65.55 
     32 102.262 1131 9 0 -117.539 46.4393 64.15 
     32 111.802 312 8 1 -117.601 46.4705 35.55 
     32 149.263 1132 8 0 -117.604 46.4716 34.15 
     32 114.562 312 7 1 -117.657 46.4936 5.55 
     32 94.0102 1132 7 0 -117.659 46.4948 4.15 
     32 148.159 312 6 1 -117.701 46.5244 -24.45 
     32 174.603 1132 6 0 -117.704 46.5249 -25.85 
     32 107.199 311 5 1 -117.76 46.5347 -54.45 
     32 142.61 1132 5 0 -117.764 46.5345 -55.85 
     32 105.248 311 4 1 -117.847 46.5298 -84.45 
     32 104.148 1132 4 0 -117.852 46.5286 -85.85 
     32 124.736 310 3 1 -117.966 46.5129 -114.45 
     32 125.369 1132 3 0 -117.973 46.5131 -115.85 
     32 124.662 310 2 1 -118.107 46.5175 -144.45 
     32 99.6299 1132 2 0 -118.114 46.5179 -145.85 
     32 115.707 309 1 1 -118.271 46.5288 -174.45 
     32 122.211 1132 1 0 -118.277 46.5284 -175.85 
     32 100.133 308 0 1 -118.415 46.5162 -204.45 
     32 137.013 1132 0 0 -118.422 46.5147 -205.85 
     32 89.5063 311 6 1 -117.75 46.4211 -24.6798 
     32 186.153 1128 6 0 -118.323 45.8055 -25.85 
     32 138.192 1134 6 0 -124.588 46.9187 -26.25 
     32 10.8801 275 6 1 -125.137 47.3648 -24.85 
     32 104.66 274 6 1 -125.15 47.3752 -24.818 
     32 106.368 273 6 1 -125.35 47.3765 -24.6535 
     32 290.321 272 6 1 -125.55 47.2644 -24.5889 
Number of digits in this event: 13
Using G4ParticleGun... 
Particle energy: 4.66025 LIN
Particle: proton
Event: 33
Number of tracker hits in this event: 25
     33 129.086 713 11 1 -37.2921 -21.0513 125.55 
     33 110.199 794 11 0 -37.2908 -21.0521 124.15 
     33 108.216 713 10 1 -37.2624 -21.0701 95.55 
     33 135.343 794 10 0 -37.26 -21.0714 94.15 
     33 131.237 714 9 1 -37.2194 -21.0923 65.55 
     33 112.048 794 9 0 -37.2182 -21.0934 64.15 
     33 182.247 714 8 1 -37.1914 -21.1107 35.55 
     33 91.1011 794 8 0 -37.1898 -21.1115 34.15 
     33 114.134 714 7 1 -37.1521 -21.1313 5.55 
     33 114.696 794 7 0 -37.152 -21.1308 4.15 
     33 119.495 714 6 1 -37.1561 -21.1157 -24.45 
     33 127.724 794 6 0 -37.1547 -21.1171 -25.85 
     33 228.607 714 5 1 -37.1249 -21.144 -54.45 
     33 175.24 794 5 0 -37.1233 -21.1478 -55.85 
     33 120.812 714 4 1 -37.0947 -21.2249 -84.45 
     33 108.651 794 4 0 -37.0929 -21.2284 -85.85 
     33 105.323 714 3 1 -37.0555 -21.3073 -114.45 
     33 86.1091 793 3 0 -37.0545 -21.3099 -115.85 
     33 104.826 715 2 1 -37.0376 -21.3744 -144.45 
     33 100.175 793 2 0 -37.0362 -21.3769 -145.85 
     33 113.528 715 1 1 -37.0284 -21.4112 -174.45 
     33 118.459 793 1 0 -37.0289 -21.4119 -175.85 
     33 115.363 715 0 1 -37.0423 -21.4296 -204.45 
     33 126.57 793 0 0 -37.0431 -21.4304 -205.85 
     33 307.677 807 12 0 -38.7427 -18.4648 153.75 
Number of digits in this event: 11
Using G4ParticleGun... 
Particle energy: 6.9175 LIN
Particle: proton
Event: 34
Number of tracker hits in this event: 25
     34 121.598 647 11 1 -50.6104 -14.7323 125.55 
     34 123.625 826 11 0 -50.6107 -14.7315 124.15 
     34 96.7482 647 10 1 -50.6123 -14.7114 95.55 
     34 102.927 826 10 0 -50.6116 -14.7113 94.15 
     34 104.882 647 9 1 -50.5989 -14.7082 65.55 
     34 100.904 826 9 0 -50.5984 -14.7095 64.15 
     34 574.253 647 8 1 -50.59 -14.7377 35.55 
     34 135.227 826 8 0 -50.5889 -14.7397 34.15 
     34 226.263 647 7 1 -50.5611 -14.7799 5.55 
     34 92.0419 826 7 0 -50.5591 -14.7807 4.15 
     34 135.613 647 6 1 -50.517 -14.7976 -24.45 
     34 121.702 826 6 0 -50.5151 -14.7988 -25.85 
     34 126.047 647 5 1 -50.4725 -14.8237 -54.45 
     34 144.91 826 5 0 -50.4707 -14.8251 -55.85 
     34 103.408 648 4 1 -50.4355 -14.8522 -84.45 
     34 174.395 825 4 0 -50.4336 -14.8531 -85.85 
     34 279.608 648 3 1 -50.3941 -14.8734 -114.45 
     34 118.107 825 3 0 -50.3919 -14.8737 -115.85 
     34 85.5124 648 2 1 -50.3486 -14.8739 -144.45 
     34 159.814 825 2 0 -50.3454 -14.8737 -145.85 
     34 126.316 648 1 1 -50.2808 -14.8676 -174.45 
     34 103.454 825 1 0 -50.2773 -14.8676 -175.85 
     34 123.301 649 0 1 -50.2073 -14.8683 -204.45 
     34 178.804 825 0 0 -50.2044 -14.8685 -205.85 
     34 133.041 828 8 0 -50.7184 -14.4388 34.15 
Number of digits in this event: 17
Using G4ParticleGun... 
Particle energy: 5.36038 LIN
Particle: proton
Event: 35
Number of tracker hits in this event: 19
     35 116.849 1563 8 1 132.918 30.4136 35.55 
     35 99.3353 1051 8 0 132.917 30.4136 34.15 
     35 202.868 1563 7 1 132.913 30.4168 5.55 
     35 111.329 1051 7 0 132.913 30.4185 4.15 
     35 140.737 1563 6 1 132.908 30.4495 -24.45 
     35 120.5 1052 6 0 132.908 30.4513 -25.85 
     35 115.461 1563 5 1 132.913 30.4884 -54.45 
     35 103.505 1052 5 0 132.913 30.4909 -55.85 
     35 125.965 1563 4 1 132.918 30.5448 -84.45 
     35 125.437 1052 4 0 132.918 30.5462 -85.85 
     35 93.7961 1563 3 1 132.912 30.573 -114.45 
     35 138.112 1052 3 0 132.911 30.5746 -115.85 
     35 273.693 1563 2 1 132.91 30.6091 -144.45 
     35 106.636 1052 2 0 132.909 30.6113 -145.85 
     35 136.278 1563 1 1 132.888 30.6533 -174.45 
     35 108.296 1053 1 0 132.887 30.655 -175.85 
     35 175.683 1563 0 1 132.86 30.6897 -204.45 
     35 115.197 1053 0 0 132.858 30.69 -205.85 
     35 24.3716 1559 2 1 132.15 29.8108 -144.654 
Number of digits in this event: 10
Using G4ParticleGun... 
Particle energy: 7.34555 LIN
Particle: proton
Event: 36
Number of tracker hits in this event: 18
     36 92.6904 1205 8 1 61.0994 -122.984 35.55 
     36 147.988 285 8 0 61.0977 -122.983 34.15 
     36 166.499 1205 7 1 61.0621 -122.972 5.55 
     36 78.8425 285 7 0 61.0613 -122.971 4.15 
     36 98.4902 1204 6 1 61.0475 -122.936 -24.45 
     36 120.406 286 6 0 61.0477 -122.935 -25.85 
     36 118.752 1205 5 1 61.0538 -122.917 -54.45 
     36 192.112 286 5 0 61.0536 -122.916 -55.85 
     36 140.702 1204 4 1 61.0472 -122.894 -84.45 
     36 102.159 286 4 0 61.0478 -122.893 -85.85 
     36 104.29 1205 3 1 61.0584 -122.877 -114.45 
     36 442.616 286 3 0 61.0591 -122.875 -115.85 
     36 110.244 1205 2 1 61.0734 -122.838 -144.45 
     36 143.097 286 2 0 61.0744 -122.837 -145.85 
     36 115.405 1205 1 1 61.0928 -122.801 -174.45 
     36 159.896 286 1 0 61.0931 -122.8 -175.85 
     36 110.774 1205 0 1 61.0979 -122.771 -204.45 
     36 130.2 286 0 0 61.0981 -122.769 -205.85 
Number of digits in this event: 10
Using G4ParticleGun... 
Particle energy: 2.37879 LIN
Particle: proton
Event: 37
Number of tracker hits in this event: 24
     37 92.7034 537 11 1 -72.6325 20.1323 125.55 
     37 143.836 1000 11 0 -72.6298 20.1325 124.15 
     37 148.891 537 10 1 -72.5697 20.129 95.55 
     37 123.826 1000 10 0 -72.5678 20.1279 94.15 
     37 119.197 537 9 1 -72.529 20.1057 65.55 
     37 149.133 1000 9 0 -72.5255 20.1058 64.15 
     37 216.686 537 8 1 -72.4607 20.1059 35.55 
     37 125.795 1000 8 0 -72.4569 20.1064 34.15 
     37 138.218 538 7 1 -72.3787 20.12 5.55 
     37 141.591 1000 7 0 -72.3768 20.1185 4.15 
     37 108.394 538 6 1 -72.3409 20.0811 -24.45 
     37 116.072 1000 6 0 -72.3422 20.0812 -25.85 
     37 124.586 538 5 1 -72.3767 20.0756 -54.45 
     37 127.643 1000 5 0 -72.3796 20.0755 -55.85 
     37 203.423 538 4 1 -72.4386 20.0732 -84.45 
     37 126.733 1000 4 0 -72.4403 20.0731 -85.85 
     37 137.157 538 3 1 -72.4415 20.0536 -114.45 
     37 160.634 1000 3 0 -72.442 20.0523 -115.85 
     37 98.7223 537 2 1 -72.4618 20.0264 -144.45 
     37 104.048 999 2 0 -72.4617 20.0263 -145.85 
     37 95.8902 537 1 1 -72.4751 20.0241 -174.45 
     37 101.145 999 1 0 -72.4739 20.0239 -175.85 
     37 150.029 538 0 1 -72.4488 20.0191 -204.45 
     37 109.601 999 0 0 -72.4478 20.0176 -205.85 
Number of digits in this event: 16
Using G4ParticleGun... 
Particle energy: 4.93293 LIN
Particle: proton
Event: 38
Number of tracker hits in this event: 25
     38 122.737 938 11 1 7.77776 62.0772 125.55 
     38 97.0961 1210 11 0 7.77943 62.0776 124.15 
     38 123.991 938 10 1 7.81569 62.0851 95.55 
     38 163.315 1210 10 0 7.81743 62.085 94.15 
     38 104.113 939 9 1 7.85269 62.0846 65.55 
     38 234.762 1210 9 0 7.85476 62.0848 64.15 
     38 100.929 939 8 1 7.90052 62.0894 35.55 
     38 101.088 1210 8 0 7.90383 62.0887 34.15 
     38 122.88 939 7 1 7.97186 62.0675 5.55 
     38 109.152 1210 7 0 7.97406 62.0667 4.15 
     38 92.5845 939 6 1 8.01412 62.0535 -24.45 
     38 83.8713 1210 6 0 8.01641 62.0542 -25.85 
     38 132.873 940 5 1 8.0684 62.0664 -54.45 
     38 226.893 1210 5 0 8.07008 62.0689 -55.85 
     38 141.612 940 4 1 8.10955 62.1172 -84.45 
     38 123.011 1210 4 0 8.11277 62.1185 -85.85 
     38 110.832 940 3 1 8.2152 62.1565 -114.45 
     38 105.548 1210 3 0 8.21986 62.1592 -115.85 
     38 174.296 941 2 1 8.31375 62.2121 -144.45 
     38 140.235 1210 2 0 8.31892 62.2131 -145.85 
     38 118.724 941 1 1 8.42502 62.2381 -174.45 
     38 123.014 1210 1 0 8.4278 62.2403 -175.85 
     38 102.585 942 0 1 8.48879 62.2886 -204.45 
     38 209.072 1211 0 0 8.49225 62.2903 -205.85 
     38 49.7816 898 5 0 51.3827 -0.296323 -56.25 
Number of digits in this event: 14
Using G4ParticleGun... 
Particle energy: 6.37493 LIN
Particle: proton
Event: 39
Number of tracker hits in this event: 60
     39 136.101 795 11 1 -20.8722 6.53784 125.55 
     39 94.9445 932 11 0 -20.873 6.53783 124.15 
     39 238.795 795 10 1 -20.8918 6.53311 95.55 
     39 117.071 932 10 0 -20.8927 6.5331 94.15 
     39 133.238 795 9 1 -20.9095 6.53026 65.55 
     39 171.293 932 9 0 -20.9116 6.52925 64.15 
     39 133.701 795 8 1 -20.9558 6.51042 35.55 
     39 128.395 932 8 0 -20.9586 6.51021 34.15 
     39 104.039 795 7 1 -21.0104 6.50714 5.55 
     39 122.879 932 7 0 -21.0125 6.50639 4.15 
     39 112.134 794 6 1 -21.0549 6.49223 -24.45 
     39 351.665 932 6 0 -21.0559 6.49101 -25.85 
     39 111.537 794 5 1 -21.0702 6.46487 -54.45 
     39 112.768 932 5 0 -21.0709 6.46283 -55.85 
     39 124.056 794 4 1 -21.0841 6.41999 -84.45 
     39 137.068 931 4 0 -21.0851 6.41831 -85.85 
     39 131.465 794 3 1 -21.1034 6.38291 -114.45 
     39 115.433 931 3 0 -21.1053 6.38052 -115.85 
     39 92.2358 794 2 1 -21.1424 6.33163 -144.45 
     39 267.804 931 2 0 -21.144 6.32937 -145.85 
     39 126.017 794 1 1 -21.1757 6.28277 -174.45 
     39 97.3007 931 1 0 -21.1775 6.28082 -175.85 
     39 112.991 794 0 1 -21.2135 6.23892 -204.45 
     39 141.811 930 0 0 -21.2146 6.2357 -205.85 
     39 20.4376 380 8 1 -103.958 -105.722 35.2968 
     39 244.349 1754 8 1 171.042 -14.188 35.2696 
     39 152.525 970 8 0 171.286 14.208 33.8093 
     39 1.31879 1288 13 0 76.2873 77.6591 183.75 
     39 310.781 876 0 0 55.3598 -4.81455 -206.25 
     39 112.804 1183 0 1 56.7412 -4.81548 -204.85 
     39 147.916 1184 0 1 56.85 -4.81553 -204.739 
     39 100.809 1185 0 1 57.05 -4.81538 -204.538 
     39 235.734 875 1 0 85.5241 -4.99949 -176.25 
     39 65.6557 1334 1 1 86.9344 -5.01266 -174.85 
     39 158.106 1335 1 1 87.05 -5.01387 -174.735 
     39 51.8508 1336 1 1 87.25 -5.01459 -174.539 
     39 516.02 875 2 0 111.498 -5.04805 -146.25 
     39 21.1071 1462 2 1 112.701 -5.03833 -144.85 
     39 122.996 1463 2 1 112.75 -5.03771 -144.793 
     39 46.1777 1464 2 1 112.95 -5.0357 -144.56 
     39 185.191 885 3 0 137.376 -2.87711 -116.25 
     39 31.9345 886 3 0 137.679 -2.85 -115.9 
     39 105.716 1592 3 1 138.564 -2.78295 -114.85 
     39 153.058 1593 3 1 138.75 -2.76885 -114.63 
     39 366.088 886 4 0 163.192 -2.81894 -86.25 
     39 131.542 1721 4 1 164.382 -2.81364 -84.85 
     39 119.939 1722 4 1 164.55 -2.81234 -84.651 
     39 181.93 1594 3 1 138.95 -2.78065 -114.457 
     39 294.458 874 2 0 111.557 -5.05 -146.201 
     39 143.98 876 2 0 102.185 -4.84986 -146.099 
     39 54.7338 293 8 0 10.3638 -121.36 33.8776 
     39 61.5674 578 4 0 -103.617 -64.2802 -86.2153 
     39 37.6667 1612 0 0 -95.2605 142.722 -206.25 
     39 317.12 1613 0 0 -95.2752 142.75 -206.226 
     39 381.696 1614 0 0 -95.3811 142.95 -206.057 
     39 138.767 1615 0 0 -95.4955 143.15 -205.896 
     39 141.392 419 0 1 -96.2859 144.409 -204.85 
     39 558.911 418 0 1 -96.35 144.511 -204.765 
     39 203.446 417 0 1 -96.55 144.847 -204.5 
     39 153.121 795 3 1 -21.05 6.38193 -114.678 
Number of digits in this event: 39
Using G4ParticleGun... 
Particle energy: 5.55221 LIN
Particle: proton
Event: 40
Number of tracker hits in this event: 28
     40 112.15 250 9 1 -130.04 15.749 65.55 
     40 131.557 978 9 0 -130.039 15.7475 64.15 
     40 147.516 250 8 1 -130.039 15.7158 35.55 
     40 103.14 978 8 0 -130.039 15.7148 34.15 
     40 187.213 250 7 1 -130.038 15.6992 5.55 
     40 134.327 978 7 0 -130.039 15.6988 4.15 
     40 125.421 250 6 1 -130.055 15.6932 -24.45 
     40 163.034 978 6 0 -130.056 15.6927 -25.85 
     40 91.9894 250 5 1 -130.069 15.6815 -54.45 
     40 121.668 978 5 0 -130.07 15.6797 -55.85 
     40 97.1802 250 4 1 -130.083 15.6391 -84.45 
     40 122.45 977 4 0 -130.083 15.6352 -85.85 
     40 186.352 250 3 1 -130.095 15.554 -114.45 
     40 119.123 977 3 0 -130.095 15.5505 -115.85 
     40 129.009 250 2 1 -130.109 15.4779 -144.45 
     40 120.672 977 2 0 -130.11 15.4751 -145.85 
     40 105.599 250 1 1 -130.132 15.4202 -174.45 
     40 118.668 976 1 0 -130.132 15.4193 -175.85 
     40 172.036 250 0 1 -130.14 15.4043 -204.45 
     40 104.946 976 0 0 -130.142 15.403 -205.85 
     40 48.6041 500 2 0 -22.3862 -79.9452 -146.196 
     40 72.7333 369 10 0 97.2636 -106.29 93.75 
     40 97.336 368 10 0 97.2416 -106.35 93.9421 
     40 96.7167 367 10 0 97.2238 -106.55 94.0959 
     40 160.722 366 10 0 97.3317 -106.75 94.0633 
     40 96.998 1392 10 1 98.6895 -106.578 95.1502 
     40 106.681 979 3 0 -130.424 16.0127 -115.85 
     40 13.0593 587 7 1 -62.65 72.8122 5.1768 
Number of digits in this event: 17
Using G4ParticleGun... 
Particle energy: 4.84384 LIN
Particle: proton
Event: 41
Number of tracker hits in this event: 20
     41 119.229 503 8 1 -79.2975 118.433 35.55 
     41 174.581 1491 8 0 -79.297 118.431 34.15 
     41 142.956 503 7 1 -79.287 118.392 5.55 
     41 103.528 1491 7 0 -79.287 118.388 4.15 
     41 105.93 503 6 1 -79.2883 118.316 -24.45 
     41 109.315 1490 6 0 -79.2872 118.313 -25.85 
     41 101.023 503 5 1 -79.2684 118.258 -54.45 
     41 101.882 1490 5 0 -79.2683 118.254 -55.85 
     41 114.085 503 4 1 -79.2696 118.184 -84.45 
     41 170.574 1490 4 0 -79.2687 118.18 -85.85 
     41 148.489 504 3 1 -79.2418 118.115 -114.45 
     41 114.989 1489 3 0 -79.2398 118.109 -115.85 
     41 118.073 504 2 1 -79.1939 117.999 -144.45 
     41 104.269 1489 2 0 -79.1918 117.995 -145.85 
     41 133 504 1 1 -79.1498 117.902 -174.45 
     41 284.29 1488 1 0 -79.1469 117.897 -175.85 
     41 123.071 504 0 1 -79.0852 117.808 -204.45 
     41 96.1147 1488 0 0 -79.0832 117.803 -205.85 
     41 43.9025 876 7 1 -4.69311 160.473 5.55 
     41 131.013 1489 4 0 -79.3065 118.15 -86.2141 
Number of digits in this event: 11
Using G4ParticleGun... 
Particle energy: 1.78921 LIN
Particle: proton
Event: 42
Number of tracker hits in this event: 49
     42 123.915 753 11 1 -29.4035 -54.3411 125.55 
     42 147.82 628 11 0 -29.4053 -54.3406 124.15 
     42 90.6975 753 10 1 -29.4371 -54.32 95.55 
     42 107.47 628 10 0 -29.4345 -54.3172 94.15 
     42 151.349 753 9 1 -29.3767 -54.2545 65.55 
     42 94.0043 628 9 0 -29.3741 -54.2534 64.15 
     42 123.226 753 8 1 -29.3167 -54.2248 35.55 
     42 155.334 629 8 0 -29.3103 -54.2227 34.15 
     42 131.056 754 7 1 -29.1937 -54.1787 5.55 
     42 211.443 629 7 0 -29.1913 -54.1803 4.15 
     42 121.675 754 6 1 -29.1451 -54.2005 -24.45 
     42 219.228 629 6 0 -29.1403 -54.2025 -25.85 
     42 92.8909 755 5 1 -29.0476 -54.2492 -54.45 
     42 110.795 628 5 0 -29.0448 -54.2544 -55.85 
     42 198.708 755 4 1 -29.0023 -54.3558 -84.45 
     42 112.104 628 4 0 -29.001 -54.3629 -85.85 
     42 118.195 755 3 1 -28.9744 -54.5148 -114.45 
     42 118.564 627 3 0 -28.9702 -54.5239 -115.85 
     42 143.974 755 2 1 -28.8827 -54.73 -144.45 
     42 323.622 626 2 0 -28.8772 -54.7455 -145.85 
     42 162.14 756 1 1 -28.7599 -55.0555 -174.45 
     42 176.08 624 1 0 -28.7487 -55.0703 -175.85 
     42 200.795 757 0 1 -28.5173 -55.3682 -204.45 
     42 106.541 623 0 0 -28.5031 -55.384 -205.85 
     42 57.7291 766 0 0 33.2458 -26.7129 -206.25 
     42 104.607 767 0 0 33.0703 -26.65 -206.117 
     42 20.4788 1062 0 1 32.4843 -26.2236 -204.85 
     42 79.091 1061 0 1 32.45 -26.1973 -204.77 
     42 168.079 1063 0 1 32.7013 -25.7672 -204.45 
     42 33.4072 779 0 0 33.4597 -24.1213 -205.85 
     42 104.749 780 0 0 33.5072 -24.05 -205.914 
     42 39.4839 781 0 0 33.6854 -23.85 -206.156 
     42 102.951 627 6 0 -28.9301 -54.488 -25.8502 
     42 28.7155 664 6 0 3.60658 -47.0983 -26.2498 
     42 81.7172 665 6 0 3.65663 -47.05 -26.1288 
     42 42.4687 666 6 0 3.69419 -46.8498 -25.9268 
     42 41.6648 920 6 1 4.19584 -45.6838 -24.85 
     42 178.959 921 6 1 4.25 -45.5674 -24.7282 
     42 54.6836 922 6 1 4.45 -44.9318 -24.5359 
     42 108.619 923 6 1 4.65059 -44.7752 -24.5748 
     42 84.1027 924 6 1 4.85016 -44.6177 -24.6579 
     42 73.344 680 6 0 5.3577 -44.0254 -25.85 
     42 64.2468 681 6 0 5.48084 -43.85 -26.0984 
     42 86.9094 1058 6 0 32.666 31.6737 -26.25 
     42 145.834 1059 6 0 32.7018 31.8504 -26.0639 
     42 18.0521 1060 6 0 32.7267 32.05 -25.8815 
     42 5.5009 1067 6 1 33.6393 32.7852 -24.85 
     42 235.838 1068 6 1 33.65 32.7936 -24.839 
     42 194.317 1069 6 1 33.85 32.9341 -24.4725 
Number of digits in this event: 22
Using G4ParticleGun... 
Particle energy: 4.54224 LIN
Particle: proton
Event: 43
Number of tracker hits in this event: 20
     43 132.019 651 9 1 -49.7914 -124.187 65.55 
     43 102.479 279 9 0 -49.7911 -124.187 64.15 
     43 107.084 651 8 1 -49.782 -124.167 35.55 
     43 117.98 279 8 0 -49.7809 -124.167 34.15 
     43 107.205 651 7 1 -49.7557 -124.165 5.55 
     43 113.358 279 7 0 -49.7539 -124.166 4.15 
     43 103.495 651 6 1 -49.7215 -124.186 -24.45 
     43 138.364 279 6 0 -49.7174 -124.187 -25.85 
     43 109.439 652 5 1 -49.6395 -124.226 -54.45 
     43 232.637 279 5 0 -49.638 -124.229 -55.85 
     43 135.588 652 4 1 -49.6066 -124.278 -84.45 
     43 164.285 279 4 0 -49.6051 -124.28 -85.85 
     43 133.518 652 3 1 -49.5778 -124.329 -114.45 
     43 103.854 279 3 0 -49.5763 -124.333 -115.85 
     43 119.71 652 2 1 -49.5456 -124.402 -144.45 
     43 156.671 278 2 0 -49.5454 -124.405 -145.85 
     43 102.421 652 1 1 -49.5499 -124.471 -174.45 
     43 88.5708 278 1 0 -49.55 -124.476 -175.85 
     43 100.218 652 0 1 -49.5523 -124.581 -204.45 
     43 113.749 277 0 0 -49.5519 -124.586 -205.85 
Number of digits in this event: 9
Using G4ParticleGun... 
Particle energy: 1.16957 LIN
Particle: proton
Event: 44
Number of tracker hits in this event: 25
     44 111.838 1221 9 1 64.3636 117.501 65.55 
     44 134.53 1486 9 0 64.36 117.502 64.15 
     44 137.306 1221 8 1 64.2802 117.526 35.55 
     44 105.365 1486 8 0 64.2692 117.536 34.15 
     44 130.094 1220 7 1 64.0593 117.756 5.55 
     44 120.332 1488 7 0 64.0498 117.768 4.15 
     44 147.496 1218 6 1 63.8409 118.003 -24.45 
     44 105.067 1489 6 0 63.8314 118.015 -25.85 
     44 110.167 1217 5 1 63.6167 118.24 -54.45 
     44 129.493 1490 5 0 63.5989 118.25 -55.85 
     44 126.619 1215 4 1 63.2255 118.436 -84.45 
     44 145.123 1491 4 0 63.2005 118.451 -85.85 
     44 196.425 1213 3 1 62.6843 118.762 -114.45 
     44 118.243 1493 3 0 62.6546 118.778 -115.85 
     44 130.171 1210 2 1 62.0558 119.13 -144.45 
     44 19.4813 1209 2 1 62.05 119.134 -144.807 
     44 135.45 1494 2 0 62.033 119.146 -145.85 
     44 7.8681 1495 2 0 62.027 119.15 -146.217 
     44 308.557 1207 1 1 61.5585 119.449 -174.45 
     44 195.105 1496 1 0 61.5358 119.462 -175.85 
     44 99.5112 1205 0 1 61.0846 119.729 -204.45 
     44 110.585 1497 0 0 61.065 119.745 -205.85 
     44 89.3948 1667 2 0 85.4556 153.566 -146.25 
     44 236.564 1214 3 1 62.85 118.816 -114.579 
     44 89.637 1215 3 1 63.05 118.852 -114.479 
Number of digits in this event: 15
Using G4ParticleGun... 
Particle energy: 2.84279 LIN
Particle: proton
Event: 45
Number of tracker hits in this event: 53
     45 112.642 869 10 1 -6.05018 114.357 95.55 
     45 369.54 1471 10 0 -6.05113 114.353 94.15 
     45 103.944 869 9 1 -6.06575 114.271 65.55 
     45 112.365 1470 9 0 -6.06615 114.266 64.15 
     45 109.622 869 8 1 -6.06933 114.175 35.55 
     45 177.55 1470 8 0 -6.06951 114.171 34.15 
     45 140.131 869 7 1 -6.0845 114.035 5.55 
     45 275.381 1469 7 0 -6.08258 114.028 4.15 
     45 98.0808 870 6 1 -6.04864 113.905 -24.45 
     45 106.644 1468 6 0 -6.04719 113.902 -25.85 
     45 141.434 870 5 1 -6.00832 113.842 -54.45 
     45 116.8 1468 5 0 -6.0062 113.84 -55.85 
     45 104.95 870 4 1 -5.96487 113.787 -84.45 
     45 137.013 1468 4 0 -5.96264 113.784 -85.85 
     45 326.483 870 3 1 -5.91782 113.732 -114.45 
     45 100.826 1467 3 0 -5.91373 113.732 -115.85 
     45 113.617 871 2 1 -5.8182 113.714 -144.45 
     45 125.193 1467 2 0 -5.81176 113.713 -145.85 
     45 118.252 871 1 1 -5.68096 113.697 -174.45 
     45 150.783 1467 1 0 -5.6735 113.694 -175.85 
     45 110.832 872 0 1 -5.532 113.623 -204.45 
     45 128.783 1467 0 0 -5.52662 113.619 -205.85 
     45 12.3158 1216 10 0 -48.2091 63.3771 93.8654 
     45 36.6866 373 5 1 -105.447 -59.9666 -54.45 
     45 101.17 372 5 1 -105.55 -59.9818 -54.5497 
     45 68.5002 600 5 0 -105.223 -59.9425 -55.85 
     45 67.7197 601 5 0 -105.143 -59.85 -56.0384 
     45 98.8908 774 5 0 -118.698 -25.2488 -56.25 
     45 89.3821 775 5 0 -118.755 -25.05 -56.0861 
     45 151.743 299 5 1 -120.158 -23.9566 -54.8499 
     45 352.966 298 5 1 -120.35 -23.6083 -54.7457 
     45 85.6307 1610 4 0 59.8048 142.163 -86.2265 
     45 24.554 1372 5 0 -166.449 94.6795 -56.25 
     45 181.421 1373 5 0 -166.521 94.75 -56.197 
     45 70.4046 1374 5 0 -166.852 94.9505 -56.1024 
     45 1242.72 1410 0 0 -78.8066 102.271 -206.25 
     45 354.516 498 0 1 -80.3239 101.985 -204.85 
     45 713.339 497 0 1 -80.45 101.961 -204.734 
     45 406.029 496 0 1 -80.65 101.923 -204.551 
     45 1571.08 1385 1 0 -111.827 97.2433 -176.25 
     45 618.718 333 1 1 -113.375 97.0115 -174.85 
     45 702.423 332 1 1 -113.55 96.9852 -174.692 
     45 212.072 331 1 1 -113.75 96.9532 -174.507 
     45 2108.09 1376 2 0 -142.976 95.4585 -146.25 
     45 421.356 178 2 1 -144.445 95.3652 -144.85 
     45 938.153 177 2 1 -144.55 95.358 -144.751 
     45 516.463 176 2 1 -144.75 95.3445 -144.559 
     45 2646.77 1370 3 0 -172.288 94.2066 -116.25 
     45 1284.3 32 3 1 -173.585 94.2196 -114.85 
     45 1595.26 31 3 1 -173.75 94.2226 -114.67 
     45 21.1062 870 10 1 -6.04988 114.356 95.1892 
     45 631.371 1470 10 0 -4.82122 114.188 94.15 
     45 76.1851 1469 10 0 -4.736 114.15 94.0492 
Number of digits in this event: 33
Using G4ParticleGun... 
Particle energy: 2.35275 LIN
Particle: proton
Event: 46
Number of tracker hits in this event: 22
     46 122.184 973 10 1 14.845 -98.1973 95.55 
     46 137.902 409 10 0 14.8484 -98.1977 94.15 
     46 114.154 974 9 1 14.9199 -98.2026 65.55 
     46 125.477 409 9 0 14.9207 -98.2042 64.15 
     46 112.67 974 8 1 14.9399 -98.239 35.55 
     46 107.034 409 8 0 14.9396 -98.2388 34.15 
     46 108.076 974 7 1 14.9365 -98.2368 5.55 
     46 121.249 409 7 0 14.9365 -98.2371 4.15 
     46 102.997 974 6 1 14.9404 -98.2491 -24.45 
     46 85.698 409 6 0 14.9382 -98.2514 -25.85 
     46 254.847 974 5 1 14.8992 -98.2914 -54.45 
     46 117.05 409 5 0 14.8989 -98.2943 -55.85 
     46 119.619 974 4 1 14.8961 -98.3513 -84.45 
     46 171.169 408 4 0 14.8954 -98.3543 -85.85 
     46 115.109 974 3 1 14.8802 -98.4199 -114.45 
     46 111.897 408 3 0 14.8783 -98.424 -115.85 
     46 105.354 973 2 1 14.8372 -98.5022 -144.45 
     46 117.062 408 2 0 14.8357 -98.5082 -145.85 
     46 132.563 973 1 1 14.8018 -98.6333 -174.45 
     46 117.117 407 1 0 14.7978 -98.6404 -175.85 
     46 118.822 973 0 1 14.7187 -98.787 -204.45 
     46 129.442 406 0 0 14.7159 -98.7917 -205.85 
Number of digits in this event: 9
Using G4ParticleGun... 
Particle energy: 4.33306 LIN
Particle: proton
Event: 47
Number of tracker hits in this event: 41
     47 125.561 602 11 1 -59.6424 41.8015 125.55 
     47 121.681 1108 11 0 -59.6434 41.8001 124.15 
     47 145.396 601 10 1 -59.6717 41.7678 95.55 
     47 109.734 1108 10 0 -59.6724 41.7669 94.15 
     47 96.8334 601 9 1 -59.6945 41.7479 65.55 
     47 107.362 1108 9 0 -59.6945 41.7463 64.15 
     47 172.449 601 8 1 -59.6918 41.7176 35.55 
     47 205.875 1108 8 0 -59.6908 41.7153 34.15 
     47 81.3439 601 7 1 -59.6781 41.6645 5.55 
     47 118.371 1108 7 0 -59.6782 41.6618 4.15 
     47 187.45 601 6 1 -59.6775 41.603 -24.45 
     47 119.191 1107 6 0 -59.6779 41.5998 -25.85 
     47 307.658 601 5 1 -59.6878 41.5342 -54.45 
     47 102.033 1107 5 0 -59.7 41.5531 -55.85 
     47 212.251 600 4 1 -59.9577 41.9575 -84.45 
     47 128.789 1109 4 0 -59.966 41.9765 -85.85 
     47 108.53 599 3 1 -60.1389 42.3626 -114.45 
     47 93.1203 1111 3 0 -60.1463 42.3816 -115.85 
     47 107.425 598 2 1 -60.2947 42.7623 -144.45 
     47 113.916 1113 2 0 -60.3024 42.7826 -145.85 
     47 258.281 597 1 1 -60.46 43.1963 -174.45 
     47 134.254 1115 1 0 -60.4681 43.2155 -175.85 
     47 111.892 597 0 1 -60.6332 43.6066 -204.45 
     47 104.292 1117 0 0 -60.6399 43.6246 -205.85 
     47 30.6218 1059 0 0 -46.7557 31.85 -206.234 
     47 161.706 277 10 0 115.821 -124.55 93.8576 
     47 102.29 276 10 0 116.21 -124.75 93.9655 
     47 84.7408 275 10 0 116.506 -124.95 94.1077 
     47 46.9769 1511 10 1 122.399 -126.425 95.15 
     47 48.692 1512 10 1 122.55 -126.498 95.1631 
     47 177.9 249 10 0 135.547 -130.288 94.15 
     47 15.1806 248 10 0 136.078 -130.35 94.1321 
     47 0.916546 1586 10 1 137.545 -130.927 95.15 
     47 70.1024 1587 10 1 137.55 -130.929 95.154 
     47 87.2658 1588 10 1 137.75 -130.962 95.2744 
     47 76.6928 1589 10 1 137.95 -131.118 95.4279 
     47 71.1877 1590 10 1 138.15 -131.271 95.5335 
     47 232.465 1591 10 1 138.35 -131.375 95.4565 
     47 125.158 251 10 0 137.754 -129.852 94.15 
     47 434.235 252 10 0 137.502 -129.75 93.933 
     47 104.727 1117 1 0 -59.9545 43.4889 -175.85 
Number of digits in this event: 18
Using G4ParticleGun... 
Particle energy: 7.60477 LIN
Particle: proton
Event: 48
Number of tracker hits in this event: 23
     48 128.698 638 10 1 -52.3297 -98.6349 95.55 
     48 177.49 407 10 0 -52.3307 -98.6349 94.15 
     48 259.802 638 9 1 -52.3508 -98.638 65.55 
     48 141.784 407 9 0 -52.3522 -98.6386 64.15 
     48 131.642 638 8 1 -52.3834 -98.646 35.55 
     48 212.08 407 8 0 -52.3845 -98.6461 34.15 
     48 99.0767 638 7 1 -52.4079 -98.6512 5.55 
     48 142.422 407 7 0 -52.4088 -98.6523 4.15 
     48 107.045 638 6 1 -52.4252 -98.6748 -24.45 
     48 86.6468 407 6 0 -52.4257 -98.6759 -25.85 
     48 130.094 638 5 1 -52.4377 -98.6996 -54.45 
     48 117.544 407 5 0 -52.4382 -98.7004 -55.85 
     48 150.761 638 4 1 -52.4475 -98.7156 -84.45 
     48 113.55 407 4 0 -52.4475 -98.7153 -85.85 
     48 98.8897 638 3 1 -52.4478 -98.7061 -114.45 
     48 118.272 407 3 0 -52.4472 -98.7058 -115.85 
     48 92.9239 638 2 1 -52.4402 -98.697 -144.45 
     48 265.996 407 2 0 -52.4405 -98.6966 -145.85 
     48 61.8511 638 1 1 -52.4498 -98.6855 -174.45 
     48 50.0594 637 1 1 -52.45 -98.6855 -174.707 
     48 110.546 407 1 0 -52.4511 -98.6857 -175.85 
     48 144.516 637 0 1 -52.4784 -98.691 -204.45 
     48 105.185 407 0 0 -52.4801 -98.6913 -205.85 
Number of digits in this event: 12
Using G4ParticleGun... 
Particle energy: 5.32936 LIN
Particle: proton
Event: 49
Number of tracker hits in this event: 28
     49 122.952 1046 11 1 29.3821 -70.5832 125.55 
     49 97.0881 547 11 0 29.3812 -70.5821 124.15 
     49 171.937 1046 10 1 29.3674 -70.563 95.55 
     49 122.963 547 10 0 29.3659 -70.5614 94.15 
     49 136.242 1046 9 1 29.333 -70.5303 65.55 
     49 233.906 547 9 0 29.3311 -70.528 64.15 
     49 117.677 1046 8 1 29.2952 -70.4832 35.55 
     49 128.857 547 8 0 29.2941 -70.4806 34.15 
     49 163.769 1046 7 1 29.2656 -70.4255 5.55 
     49 114.053 548 7 0 29.2635 -70.4228 4.15 
     49 132.659 1045 6 1 29.2228 -70.3554 -24.45 
     49 258.284 548 6 0 29.2209 -70.3525 -25.85 
     49 216.035 1045 5 1 29.1752 -70.3005 -54.45 
     49 137.487 548 5 0 29.1743 -70.2973 -55.85 
     49 102.976 1045 4 1 29.1611 -70.2402 -84.45 
     49 93.1879 549 4 0 29.1602 -70.2385 -85.85 
     49 106.967 1045 3 1 29.1561 -70.1968 -114.45 
     49 139.664 549 3 0 29.1556 -70.1936 -115.85 
     49 121.304 1045 2 1 29.1543 -70.1227 -144.45 
     49 144.745 549 2 0 29.1549 -70.1193 -145.85 
     49 159.537 1045 1 1 29.165 -70.0522 -174.45 
     49 122.397 550 1 0 29.1658 -70.048 -175.85 
     49 128.274 1045 0 1 29.186 -69.9565 -204.45 
     49 97.444 550 0 0 29.186 -69.9524 -205.85 
     49 38.7163 549 6 0 29.2297 -70.25 -26.1117 
     49 126.69 1049 5 1 29.9326 -58.4133 -54.45 
     49 90.8322 606 5 0 29.758 -58.7779 -55.8502 
     49 40.8121 605 5 0 29.7049 -58.85 -56.0982 
Number of digits in this event: 19
Using G4ParticleGun... 
Particle energy: 1.26534 LIN
Particle: proton
Event: 50
Number of tracker hits in this event: 26
     50 153.673 927 11 1 5.52851 7.47065 125.55 
     50 109.456 937 11 0 5.52952 7.4763 124.15 
     50 115.969 927 10 1 5.55925 7.59459 95.55 
     50 146.69 937 10 0 5.56286 7.5986 94.15 
     50 27.5783 927 9 1 5.64955 7.67344 65.55 
     50 208.598 928 9 1 5.65 7.67343 65.4731 
     50 394.648 938 9 0 5.65706 7.67298 64.15 
     50 134.517 928 8 1 5.81391 7.65544 35.55 
     50 3.0774 938 8 0 5.81714 7.65004 34.15 
     50 110.141 937 8 0 5.81716 7.65 34.1397 
     50 172.875 929 7 1 5.87063 7.52355 5.55 
     50 118.286 937 7 0 5.86334 7.53318 4.15 
     50 110.618 928 6 1 5.7177 7.74165 -24.45 
     50 102.863 938 6 0 5.70288 7.75403 -25.85 
     50 202.907 926 5 1 5.40553 8.00422 -54.45 
     50 152.792 939 5 0 5.39408 8.0201 -55.85 
     50 117.863 925 4 1 5.15692 8.34339 -84.45 
     50 128.555 941 4 0 5.1477 8.35997 -85.85 
     50 129.366 924 3 1 4.95835 8.68862 -114.45 
     50 145.349 943 3 0 4.94893 8.70998 -115.85 
     50 115.465 923 2 1 4.7828 9.14475 -144.45 
     50 138.515 945 2 0 4.7717 9.16705 -145.85 
     50 128.889 922 1 1 4.52536 9.61072 -174.45 
     50 124.639 947 1 0 4.51113 9.63555 -175.85 
     50 148.16 920 0 1 4.22408 10.1267 -204.45 
     50 149.411 950 0 0 4.20808 10.1491 -205.85 
Number of digits in this event: 17
Using G4ParticleGun... 
Particle energy: 8.54329 LIN
Particle: proton
Event: 51
Number of tracker hits in this event: 41
     51 132.228 733 10 1 -33.2784 -102.164 95.55 
     51 120.124 389 10 0 -33.2782 -102.165 94.15 
     51 127.115 733 9 1 -33.2713 -102.183 65.55 
     51 161.402 389 9 0 -33.2706 -102.185 64.15 
     51 146.051 733 8 1 -33.2577 -102.229 35.55 
     51 121.801 389 8 0 -33.2574 -102.231 34.15 
     51 134.977 734 7 1 -33.2496 -102.261 5.55 
     51 136.065 389 7 0 -33.25 -102.262 4.15 
     51 102.028 733 6 1 -33.2595 -102.289 -24.45 
     51 130.886 389 6 0 -33.2599 -102.29 -25.85 
     51 115.63 733 5 1 -33.2693 -102.301 -54.45 
     51 180.293 389 5 0 -33.2694 -102.301 -55.85 
     51 102.152 733 4 1 -33.2662 -102.305 -84.45 
     51 277.119 389 4 0 -33.2661 -102.306 -85.85 
     51 209.099 733 3 1 -33.2618 -102.318 -114.45 
     51 138.193 389 3 0 -33.2619 -102.32 -115.85 
     51 227.886 733 2 1 -33.2629 -102.348 -144.45 
     51 241.189 389 2 0 -33.2629 -102.349 -145.85 
     51 101.933 733 1 1 -33.2642 -102.358 -174.45 
     51 96.8846 388 1 0 -33.2644 -102.358 -175.85 
     51 109.267 733 0 1 -33.2696 -102.373 -204.45 
     51 135.29 388 0 0 -33.2699 -102.373 -205.85 
     51 144.235 109 14 0 149.682 -158.266 213.75 
     51 186.187 108 14 0 149.623 -158.35 214.019 
     51 208.456 734 2 1 -33.25 -102.358 -144.503 
     51 177.724 388 4 0 -33.4328 -102.35 -86.2074 
     51 111.954 734 4 1 -33.25 -102.322 -84.4617 
     51 55.4062 383 4 0 -32.3302 -103.403 -85.85 
     51 153.762 382 4 0 -32.2003 -103.55 -85.9779 
     51 67.846 381 4 0 -32.1105 -103.75 -86.0535 
     51 112.495 380 4 0 -31.9414 -103.95 -86.0035 
     51 285.012 379 4 0 -31.612 -104.15 -86.1188 
     51 32.4712 378 4 0 -31.2104 -104.35 -86.191 
     51 263.977 743 4 1 -31.3699 -104.22 -84.8497 
     51 5.15077 744 4 1 -31.25 -104.252 -84.72 
     51 113.461 390 9 0 -33.3695 -102.15 63.9904 
     51 201.85 391 9 0 -33.4464 -101.949 64.0587 
     51 58.7958 731 9 1 -33.7675 -101.996 65.15 
     51 55.721 730 9 1 -33.85 -102.015 65.1598 
     51 20.1494 737 9 1 -32.5841 -102.772 65.1503 
     51 58.5898 387 9 0 -32.4989 -102.657 64.1499 
Number of digits in this event: 27
Using G4ParticleGun... 
Particle energy: 2.10667 LIN
Particle: proton
Event: 52
Number of tracker hits in this event: 40
     52 102.647 658 11 1 -48.4435 -1.88033 125.55 
     52 288.683 890 11 0 -48.4439 -1.88216 124.15 
     52 118.94 658 10 1 -48.4423 -1.91691 95.55 
     52 151.977 890 10 0 -48.4422 -1.91901 94.15 
     52 101.59 658 9 1 -48.4464 -1.95103 65.55 
     52 107.042 890 9 0 -48.4492 -1.94983 64.15 
     52 129.878 657 8 1 -48.5077 -1.93126 35.55 
     52 172.79 890 8 0 -48.5129 -1.93414 34.15 
     52 166.74 657 7 1 -48.6133 -2.00899 5.55 
     52 182.624 890 7 0 -48.6215 -2.00958 4.15 
     52 99.3269 656 6 1 -48.7893 -2.02689 -24.45 
     52 110.655 890 6 0 -48.7976 -2.02499 -25.85 
     52 202.479 655 5 1 -48.9625 -1.99269 -54.45 
     52 102.443 890 5 0 -48.9728 -1.98892 -55.85 
     52 136.973 654 4 1 -49.1705 -1.92506 -84.45 
     52 105.23 890 4 0 -49.1797 -1.9259 -85.85 
     52 219.162 653 3 1 -49.3691 -1.95291 -114.45 
     52 134.684 890 3 0 -49.3802 -1.95504 -115.85 
     52 109.973 652 2 1 -49.6038 -1.9817 -144.45 
     52 106.247 890 2 0 -49.6122 -1.98227 -145.85 
     52 126.342 651 1 1 -49.7853 -1.99292 -174.45 
     52 95.1722 890 1 0 -49.793 -1.99291 -175.85 
     52 170.617 650 0 1 -49.942 -1.98431 -204.45 
     52 177.272 890 0 0 -49.9491 -1.9829 -205.85 
     52 69.4716 44 2 1 -171.15 -76.6247 -144.652 
     52 10.8753 43 2 1 -171.35 -76.6107 -144.586 
     52 79.8772 605 10 1 -58.9163 32.8012 95.15 
     52 172.059 606 10 1 -58.8496 32.8766 95.5324 
     52 140.363 1051 0 0 -82.6219 30.3089 -206.035 
     52 27.2892 899 0 0 -48.8538 -0.0849905 -205.85 
     52 71.9285 900 0 0 -48.7506 0.0501336 -205.961 
     52 123.348 901 0 0 -48.7467 0.25 -206.038 
     52 52.1288 902 0 0 -48.6623 0.45 -206.166 
     52 49.3093 1097 0 0 48.0734 39.6203 -206.25 
     52 190.485 1098 0 0 48.1222 39.65 -206.206 
     52 171.944 654 3 1 -49.25 -2.11342 -114.573 
     52 101.514 657 11 1 -48.45 -1.85662 125.528 
     52 246.882 656 11 1 -48.6505 -1.84688 125.393 
     52 1.1309 655 11 1 -48.85 -1.86355 125.154 
     52 111.688 889 11 0 -49.5852 -2.05 123.859 
Number of digits in this event: 23
Using G4ParticleGun... 
Particle energy: 5.07217 LIN
Particle: proton
Event: 53
Number of tracker hits in this event: 51
     53 250.245 853 9 1 -9.3682 -123.104 65.55 
     53 133.143 285 9 0 -9.36888 -123.103 64.15 
     53 133.544 853 8 1 -9.38077 -123.103 35.55 
     53 108.028 285 8 0 -9.38144 -123.103 34.15 
     53 172.147 853 7 1 -9.39384 -123.117 5.55 
     53 94.65 285 7 0 -9.39473 -123.119 4.15 
     53 111.775 853 6 1 -9.41179 -123.148 -24.45 
     53 217.237 285 6 0 -9.4132 -123.15 -25.85 
     53 7.64741 284 6 0 -9.41356 -123.15 -26.2184 
     53 177.08 853 5 1 -9.43975 -123.182 -54.45 
     53 126.783 284 5 0 -9.44161 -123.184 -55.85 
     53 228.42 852 4 1 -9.4804 -123.221 -84.45 
     53 143.985 284 4 0 -9.48196 -123.222 -85.85 
     53 121.013 852 3 1 -9.51682 -123.222 -114.45 
     53 118.636 284 3 0 -9.5189 -123.224 -115.85 
     53 147.961 852 2 1 -9.56554 -123.25 -144.45 
     53 122.965 284 2 0 -9.56707 -123.252 -145.85 
     53 89.7684 852 1 1 -9.60127 -123.287 -174.45 
     53 104.889 284 1 0 -9.60255 -123.289 -175.85 
     53 111.913 852 0 1 -9.62788 -123.336 -204.45 
     53 110.5 284 0 0 -9.62772 -123.338 -205.85 
     53 3.12554 122 3 1 -155.574 -85.609 -114.85 
     53 13.234 657 1 1 -48.4805 -171.48 -174.729 
     53 61.9782 435 1 0 -23.1446 -93.0373 -176.228 
     53 389.433 851 4 1 -9.65 -123.321 -84.5435 
     53 26.7296 277 5 0 -9.06277 -124.674 -55.85 
     53 216.812 276 5 0 -9.05391 -124.75 -55.8991 
     53 20.0121 275 5 0 -8.78422 -124.95 -55.9413 
     53 137.907 859 5 1 -8.18933 -125.357 -54.8498 
     53 119.473 860 5 1 -8.05 -125.438 -54.7222 
     53 0.484692 861 5 1 -7.85 -125.535 -54.5533 
     53 129.127 858 5 1 -8.25 -125.57 -54.5186 
     53 18.4247 857 5 1 -8.45 -125.443 -54.8149 
     53 225.366 274 5 0 -9.487 -125.343 -55.85 
     53 9.37042 358 5 0 27.0766 -108.549 -56.25 
     53 29.3587 357 5 0 27.0899 -108.55 -56.2306 
     53 6.78349 316 5 0 113.163 -116.851 -56.25 
     53 24.554 855 5 1 -8.85 -125.351 -54.5856 
     53 99.8508 852 7 1 -9.45017 -123.071 5.32843 
     53 226.497 851 7 1 -9.65 -122.967 5.3833 
     53 87.3804 284 9 0 -9.39904 -123.15 64.1038 
     53 130.384 283 9 0 -9.46849 -123.35 64.1135 
     53 92.2924 861 9 1 -7.75127 -118.295 65.15 
     53 68.7809 852 9 1 -9.45008 -123.092 65.4963 
     53 56.965 851 9 1 -9.65016 -123.104 65.4492 
     53 65.4004 850 9 1 -9.85059 -123.17 65.383 
     53 140.273 849 9 1 -10.0501 -123.252 65.3245 
     53 63.8026 848 9 1 -10.2504 -123.262 65.2948 
     53 379.874 847 9 1 -10.45 -123.34 65.2876 
     53 135.477 846 9 1 -10.65 -123.926 65.354 
     53 429.611 277 9 0 -10.968 -124.581 64.15 
Number of digits in this event: 26
Using G4ParticleGun... 
Particle energy: 5.11464 LIN
Particle: proton
Event: 54
Number of tracker hits in this event: 24
     54 127.864 485 10 1 -82.9492 62.7639 95.55 
     54 196.484 1213 10 0 -82.9508 62.7646 94.15 
     54 125.6 485 9 1 -82.983 62.7781 65.55 
     54 92.8278 1213 9 0 -82.9856 62.7783 64.15 
     54 144.474 485 8 1 -83.0372 62.7786 35.55 
     54 172.54 1213 8 0 -83.0401 62.7785 34.15 
     54 196.863 484 7 1 -83.1007 62.7767 5.55 
     54 153.009 1213 7 0 -83.103 62.7756 4.15 
     54 152.392 484 6 1 -83.1522 62.7504 -24.45 
     54 114.049 1213 6 0 -83.1546 62.7498 -25.85 
     54 90.8885 484 5 1 -83.1932 62.7306 -54.45 
     54 115.23 1213 5 0 -83.194 62.731 -55.85 
     54 106.822 484 4 1 -83.2164 62.7367 -84.45 
     54 113.918 1213 4 0 -83.2173 62.7361 -85.85 
     54 87.1454 484 3 1 -83.2331 62.7234 -114.45 
     54 101.601 1213 3 0 -83.2335 62.7232 -115.85 
     54 117.666 484 2 1 -83.2421 62.7139 -144.45 
     54 102.123 1213 2 0 -83.2425 62.7136 -145.85 
     54 110.194 484 1 1 -83.2491 62.7145 -174.45 
     54 164.313 1213 1 0 -83.2489 62.7143 -175.85 
     54 92.1603 484 0 1 -83.2407 62.7133 -204.45 
     54 106.163 1213 0 0 -83.2401 62.7131 -205.85 
     54 43.9847 933 1 0 -135.479 6.85 -176.177 
     54 62.6852 932 1 0 -135.547 6.65 -176.11 
Number of digits in this event: 12
Using G4ParticleGun... 
Particle energy: 3.47809 LIN
Particle: proton
Event: 55
Number of tracker hits in this event: 25
     55 97.5536 1336 10 1 87.3476 71.7177 95.55 
     55 93.1904 1258 10 0 87.3475 71.718 94.15 
     55 125.154 1336 9 1 87.3421 71.7244 65.55 
     55 120.961 1258 9 0 87.3419 71.7256 64.15 
     55 103.686 1336 8 1 87.3319 71.7406 35.55 
     55 132.172 1258 8 0 87.3302 71.7416 34.15 
     55 109.018 1336 7 1 87.2955 71.7664 5.55 
     55 140.394 1258 7 0 87.2957 71.7681 4.15 
     55 127.525 1336 6 1 87.2986 71.8012 -24.45 
     55 113.077 1258 6 0 87.2981 71.8025 -25.85 
     55 171.235 1336 5 1 87.2922 71.8372 -54.45 
     55 114.126 1258 5 0 87.2911 71.8404 -55.85 
     55 115.306 1336 4 1 87.2725 71.9028 -84.45 
     55 114.971 1259 4 0 87.2714 71.9049 -85.85 
     55 101.72 1335 3 1 87.2412 71.9463 -114.45 
     55 115.793 1259 3 0 87.2386 71.9472 -115.85 
     55 110.228 1335 2 1 87.1877 71.9644 -144.45 
     55 107.091 1259 2 0 87.1852 71.9658 -145.85 
     55 106.516 1335 1 1 87.13 71.9866 -174.45 
     55 104.323 1259 1 0 87.1272 71.9869 -175.85 
     55 107.78 1335 0 1 87.0642 71.9988 -204.45 
     55 91.8531 1259 0 0 87.0634 71.9986 -205.85 
     55 366.07 1208 10 0 71.4999 61.6858 93.75 
     55 376.177 1207 10 0 71.4167 61.65 93.871 
     55 17.1799 1209 10 0 72.1949 61.85 94.0997 
Number of digits in this event: 9
Using G4ParticleGun... 
Particle energy: 6.42451 LIN
Particle: proton
Event: 56
Number of tracker hits in this event: 22
     56 214.201 403 9 1 -99.3874 87.2074 65.55 
     56 291.687 1335 9 0 -99.3877 87.2079 64.15 
     56 103.696 403 8 1 -99.3999 87.2207 35.55 
     56 82.9991 1335 8 0 -99.4 87.2199 34.15 
     56 126.052 403 7 1 -99.4015 87.1993 5.55 
     56 156.534 1335 7 0 -99.4027 87.1974 4.15 
     56 99.7907 403 6 1 -99.422 87.159 -24.45 
     56 101.955 1335 6 0 -99.4244 87.156 -25.85 
     56 139.127 403 5 1 -99.4732 87.0897 -54.45 
     56 110.346 1335 5 0 -99.4756 87.0869 -55.85 
     56 104.696 403 4 1 -99.5191 87.0271 -84.45 
     56 131.368 1334 4 0 -99.5209 87.0235 -85.85 
     56 124.517 402 3 1 -99.5595 86.9458 -114.45 
     56 180.613 1334 3 0 -99.5612 86.94 -115.85 
     56 111.263 402 2 1 -99.5954 86.8224 -144.45 
     56 108.216 1333 2 0 -99.598 86.8171 -145.85 
     56 167.959 402 1 1 -99.6488 86.7057 -174.45 
     56 105.383 1333 1 0 -99.6521 86.7003 -175.85 
     56 99.0276 402 0 1 -99.7157 86.5912 -204.45 
     56 98.8754 1332 0 0 -99.7161 86.5857 -205.85 
     56 126.939 1334 9 0 -99.2292 87.0499 63.8215 
     56 189.885 1333 9 0 -99.3084 86.85 63.8734 
Number of digits in this event: 12
Using G4ParticleGun... 
Particle energy: 5.2912 LIN
Particle: proton
Event: 57
Number of tracker hits in this event: 21
     57 140.592 1558 9 1 131.832 -8.3303 65.55 
     57 182.686 858 9 0 131.832 -8.3314 64.15 
     57 163.782 1558 8 1 131.852 -8.35893 35.55 
     57 137.795 858 8 0 131.854 -8.3614 34.15 
     57 89.9004 1558 7 1 131.9 -8.40927 5.55 
     57 118.543 858 7 0 131.902 -8.41257 4.15 
     57 209.194 1558 6 1 131.94 -8.48143 -24.45 
     57 95.7905 857 6 0 131.941 -8.48555 -25.85 
     57 97.9502 1559 5 1 131.964 -8.57112 -54.45 
     57 100.472 857 5 0 131.965 -8.57512 -55.85 
     57 180.673 1559 4 1 131.987 -8.65717 -84.45 
     57 86.1719 856 4 0 131.991 -8.66378 -85.85 
     57 104.426 1559 3 1 132.066 -8.80456 -114.45 
     57 101.764 856 3 0 132.07 -8.81186 -115.85 
     57 108.142 1560 2 1 132.153 -8.95959 -144.45 
     57 118.484 855 2 0 132.159 -8.96572 -145.85 
     57 209.818 1560 1 1 132.275 -9.09111 -174.45 
     57 121.769 854 1 0 132.282 -9.09861 -175.85 
     57 112.335 1561 0 1 132.415 -9.24981 -204.45 
     57 97.3222 853 0 0 132.421 -9.25724 -205.85 
     57 103.018 1559 1 1 132.15 -9.12114 -174.658 
Number of digits in this event: 9
Using G4ParticleGun... 
Particle energy: 8.45621 LIN
Particle: proton
Event: 58
Number of tracker hits in this event: 27
     58 133.325 532 8 1 -73.5995 -124.621 35.55 
     58 111.463 277 8 0 -73.5993 -124.621 34.15 
     58 104.566 532 7 1 -73.5982 -124.625 5.55 
     58 102.601 277 7 0 -73.5977 -124.627 4.15 
     58 154.645 532 6 1 -73.5893 -124.652 -24.45 
     58 104.601 277 6 0 -73.5893 -124.653 -25.85 
     58 201.414 532 5 1 -73.5886 -124.67 -54.45 
     58 104.927 277 5 0 -73.5885 -124.672 -55.85 
     58 206.559 532 4 1 -73.5838 -124.7 -84.45 
     58 101.846 277 4 0 -73.584 -124.701 -85.85 
     58 107.336 532 3 1 -73.5898 -124.714 -114.45 
     58 108.914 277 3 0 -73.5902 -124.714 -115.85 
     58 137.373 532 2 1 -73.6018 -124.717 -144.45 
     58 135.213 277 2 0 -73.6027 -124.719 -145.85 
     58 100.227 532 1 1 -73.6241 -124.757 -174.45 
     58 136.934 276 1 0 -73.6248 -124.76 -175.85 
     58 172.289 532 0 1 -73.6382 -124.804 -204.45 
     58 107.574 276 0 0 -73.6385 -124.806 -205.85 
     58 113.88 278 5 0 -74.0188 -124.418 -55.8505 
     58 7.36313 590 5 0 -110.132 -62.0371 -56.25 
     58 179.847 589 5 0 -110.132 -62.05 -56.2209 
     58 8.43021 588 5 0 -110.151 -62.25 -55.881 
     58 0.530657 348 5 1 -110.549 -63.1516 -54.85 
     58 147.886 347 5 1 -110.55 -63.1533 -54.848 
     58 43.5154 668 5 0 -103.462 -46.3176 -56.25 
     58 92.7016 669 5 0 -103.477 -46.2499 -56.1466 
     58 184.447 670 5 0 -103.509 -46.05 -56.1459 
Number of digits in this event: 12
Using G4ParticleGun... 
Particle energy: 8.55561 LIN
Particle: proton
Event: 59
Number of tracker hits in this event: 23
     59 109.702 1041 9 1 28.3651 114.818 65.55 
     59 108.969 1473 9 0 28.3643 114.818 64.15 
     59 109.93 1041 8 1 28.3476 114.82 35.55 
     59 107.814 1473 8 0 28.3474 114.821 34.15 
     59 95.3257 1041 7 1 28.3441 114.846 5.55 
     59 110.841 1473 7 0 28.343 114.848 4.15 
     59 177.295 1041 6 1 28.3219 114.888 -24.45 
     59 382.147 1473 6 0 28.3207 114.891 -25.85 
     59 113.693 1041 5 1 28.2976 114.953 -54.45 
     59 104.323 1474 5 0 28.296 114.956 -55.85 
     59 133.943 1041 4 1 28.2626 115.006 -84.45 
     59 123.73 1474 4 0 28.2612 115.008 -85.85 
     59 235.473 1040 3 1 28.2314 115.051 -114.45 
     59 89.126 1474 3 0 28.2307 115.054 -115.85 
     59 207.73 1040 2 1 28.2206 115.114 -144.45 
     59 113.285 1474 2 0 28.2209 115.116 -145.85 
     59 136.225 1040 1 1 28.2248 115.166 -174.45 
     59 118.732 1475 1 0 28.2255 115.168 -175.85 
     59 124.111 1040 0 1 28.2396 115.211 -204.45 
     59 112.438 1475 0 0 28.2402 115.213 -205.85 
     59 112.234 1040 6 1 28.25 114.89 -24.7726 
     59 73.0139 1039 6 1 28.05 114.841 -24.7437 
     59 58.8127 1474 6 0 28.1969 115.025 -25.8502 
Number of digits in this event: 9
Using G4ParticleGun... 
Particle energy: 7.92582 LIN
Particle: proton
Event: 60
Number of tracker hits in this event: 41
     60 118.899 1041 11 1 28.3507 8.6925 125.55 
     60 105.792 943 11 0 28.351 8.69309 124.15 
     60 129.975 1041 10 1 28.3544 8.70563 95.55 
     60 163.307 943 10 0 28.3545 8.70646 94.15 
     60 109.755 1041 9 1 28.3538 8.72658 65.55 
     60 123.108 943 9 0 28.3537 8.72942 64.15 
     60 105.319 1041 8 1 28.3507 8.78693 35.55 
     60 123.339 943 8 0 28.3506 8.79006 34.15 
     60 112.882 1041 7 1 28.3494 8.85624 5.55 
     60 114.24 944 7 0 28.349 8.859 4.15 
     60 113.077 1041 6 1 28.3402 8.91655 -24.45 
     60 125.682 944 6 0 28.3388 8.91936 -25.85 
     60 96.9109 1041 5 1 28.3114 8.97533 -54.45 
     60 158.212 944 5 0 28.3107 8.97709 -55.85 
     60 128.228 1041 4 1 28.298 9.01251 -84.45 
     60 132.116 944 4 0 28.2975 9.01477 -85.85 
     60 521.768 1041 3 1 28.2896 9.06061 -114.45 
     60 122.436 945 3 0 28.289 9.06264 -115.85 
     60 149.806 1041 2 1 28.2754 9.104 -144.45 
     60 119.245 945 2 0 28.2749 9.10651 -145.85 
     60 120.724 1041 1 1 28.2593 9.15927 -174.45 
     60 123.406 945 1 0 28.2582 9.16225 -175.85 
     60 179.154 1040 0 1 28.2375 9.22486 -204.45 
     60 144.488 945 0 0 28.2375 9.22754 -205.85 
     60 1409.9 223 6 0 121.797 -135.525 -26.05 
     60 2630.86 222 6 0 121.822 -135.55 -26.0204 
     60 32.3283 1576 2 1 135.44 -160.538 -144.523 
     60 194.48 481 0 0 51.8744 -83.65 -206.242 
     60 94.5992 480 0 0 52.1129 -83.8504 -206.058 
     60 80.4734 1542 1 1 128.666 60.7105 -174.45 
     60 103.599 1543 1 1 128.75 60.6336 -174.595 
     60 114.794 1200 1 0 127.931 60.0782 -175.85 
     60 44.0395 1199 1 0 127.898 60.05 -175.892 
     60 57.0657 292 4 1 -121.635 99.0653 -84.5194 
     60 45.4204 1421 4 0 -117.763 104.496 -85.96 
     60 20.4402 1136 0 0 5.13359 47.3755 -206.25 
     60 89.6484 1202 0 0 -34.9874 60.6169 -206.25 
     60 16.7897 1203 0 0 -35.1213 60.65 -206.229 
     60 86.4883 1354 0 0 -21.3932 91.0844 -206.25 
     60 264.453 942 0 0 27.9324 8.55681 -205.85 
     60 163.555 990 5 0 49.2557 18.2007 -56.25 
Number of digits in this event: 23
Using G4ParticleGun... 
Particle energy: 3.1554 LIN
Particle: proton
Event: 61
Number of tracker hits in this event: 31
     61 98.0075 833 9 1 -13.3106 -124.218 65.55 
     61 147.42 279 9 0 -13.311 -124.218 64.15 
     61 114.442 833 8 1 -13.3192 -124.219 35.55 
     61 130.205 279 8 0 -13.3071 -124.223 34.15 
     61 114.245 834 7 1 -13.0556 -124.298 5.55 
     61 152.963 279 7 0 -13.0431 -124.3 4.15 
     61 137.358 836 6 1 -12.7891 -124.35 -24.45 
     61 123.592 278 6 0 -12.7783 -124.351 -25.85 
     61 121.46 837 5 1 -12.5343 -124.385 -54.45 
     61 210.946 278 5 0 -12.5171 -124.387 -55.85 
     61 201.978 839 4 1 -12.1215 -124.446 -84.45 
     61 105.488 278 4 0 -12.1047 -124.45 -85.85 
     61 118.275 841 3 1 -11.7708 -124.507 -114.45 
     61 209.969 278 3 0 -11.753 -124.509 -115.85 
     61 123.616 843 2 1 -11.3962 -124.546 -144.45 
     61 99.0229 278 2 0 -11.3788 -124.546 -145.85 
     61 123.481 845 1 1 -11.0248 -124.546 -174.45 
     61 228.359 278 1 0 -11.0088 -124.544 -175.85 
     61 99.0666 846 0 1 -10.6883 -124.519 -204.45 
     61 106.501 278 0 0 -10.6761 -124.517 -205.85 
     61 90.8795 280 8 0 -13.3879 -124.15 33.8802 
     61 18.8287 281 8 0 -13.4622 -123.95 33.8023 
     61 100.898 340 8 0 -41.8309 -111.981 33.7502 
     61 150.31 339 8 0 -41.9771 -112.15 33.8898 
     61 552.366 687 8 1 -42.4547 -112.197 35.15 
     61 62.811 686 8 1 -42.65 -111.946 35.547 
     61 71.554 235 9 0 -56.9391 -133.125 63.7502 
     61 200.235 234 9 0 -57.1164 -133.15 63.8668 
     61 134.513 608 9 1 -58.4226 -134.164 65.15 
     61 172.883 607 9 1 -58.4501 -134.616 65.1774 
     61 70.1185 606 9 1 -58.65 -135.079 65.3893 
Number of digits in this event: 19
Using G4ParticleGun... 
Particle energy: 8.26772 LIN
Particle: proton
Event: 62
Number of tracker hits in this event: 41
     62 165.331 346 10 1 -110.847 -25.288 95.55 
     62 113.266 773 10 0 -110.848 -25.2877 94.15 
     62 116.267 346 9 1 -110.854 -25.2798 65.55 
     62 113.809 773 9 0 -110.854 -25.2798 64.15 
     62 246.883 346 8 1 -110.856 -25.2775 35.55 
     62 107.107 773 8 0 -110.855 -25.2775 34.15 
     62 113.464 346 7 1 -110.839 -25.2772 5.55 
     62 109.819 773 7 0 -110.839 -25.2773 4.15 
     62 101.544 346 6 1 -110.837 -25.2741 -24.45 
     62 108.867 773 6 0 -110.837 -25.2742 -25.85 
     62 108.837 346 5 1 -110.848 -25.2802 -54.45 
     62 116.355 773 5 0 -110.849 -25.2791 -55.85 
     62 102.231 346 4 1 -110.851 -25.255 -84.45 
     62 136.306 773 4 0 -110.852 -25.2542 -85.85 
     62 147.27 346 3 1 -110.871 -25.2365 -114.45 
     62 113.599 774 3 0 -110.871 -25.2359 -115.85 
     62 108.764 346 2 1 -110.877 -25.2261 -144.45 
     62 124.751 774 2 0 -110.878 -25.2247 -145.85 
     62 113.852 346 1 1 -110.89 -25.195 -174.45 
     62 113.097 774 1 0 -110.89 -25.1929 -175.85 
     62 316.651 346 0 1 -110.884 -25.1512 -204.45 
     62 108.436 774 0 0 -110.884 -25.1495 -205.85 
     62 42.0871 768 8 0 -110.84 -26.3825 34.1499 
     62 111.095 767 8 0 -110.83 -26.45 34.05 
     62 25.7121 583 8 0 -91.6063 -63.3955 33.75 
     62 93.0297 582 8 0 -91.5586 -63.4501 33.8281 
     62 73.9579 581 8 0 -91.3801 -63.65 34.0699 
     62 188.253 452 8 1 -89.6253 -66.2074 35.15 
     62 124.346 453 8 1 -89.45 -66.426 35.3198 
     62 124.012 454 8 1 -89.2244 -66.7222 35.55 
     62 20.584 564 8 0 -88.7063 -67.2262 34.15 
     62 124.812 563 8 0 -88.6796 -67.25 34.0924 
     62 50.9361 351 8 0 -84.5184 -109.791 33.75 
     62 86.7934 350 8 0 -84.5406 -109.95 33.8848 
     62 24.8219 349 8 0 -84.5018 -110.15 34.0831 
     62 158.426 478 8 1 -84.4283 -110.735 35.1501 
     62 116.925 345 10 1 -110.95 -25.1294 95.4558 
     62 25.0549 344 10 1 -111.15 -24.9526 95.2334 
     62 45.4268 779 10 0 -112.286 -24.1708 94.15 
     62 92.877 780 10 0 -112.351 -24.05 94.0267 
     62 27.4552 781 10 0 -112.428 -23.85 93.8101 
Number of digits in this event: 14
Using G4ParticleGun... 
Particle energy: 2.58558 LIN
Particle: proton
Event: 63
Number of tracker hits in this event: 28
     63 104.158 1035 11 1 27.1963 22.051 125.55 
     63 138.104 1010 11 0 27.1911 22.0512 124.15 
     63 142.173 1035 10 1 27.0937 22.0509 95.55 
     63 101.363 1010 10 0 27.0931 22.0572 94.15 
     63 171.575 1035 9 1 27.086 22.1868 65.55 
     63 225.846 1010 9 0 27.0839 22.1926 64.15 
     63 112.628 1034 8 1 27.0437 22.3095 35.55 
     63 136.014 1011 8 0 27.041 22.3144 34.15 
     63 144.302 1034 7 1 26.9948 22.4133 5.55 
     63 100.312 1011 7 0 26.9909 22.4185 4.15 
     63 115.289 1034 6 1 26.9066 22.5363 -24.45 
     63 156.559 1012 6 0 26.9027 22.5413 -25.85 
     63 120.478 1033 5 1 26.8433 22.66 -54.45 
     63 103.662 1013 5 0 26.8391 22.6682 -55.85 
     63 131.044 1033 4 1 26.749 22.8292 -84.45 
     63 117.743 1013 4 0 26.7462 22.8343 -85.85 
     63 119.046 1033 3 1 26.7004 22.9392 -114.45 
     63 141.054 1014 3 0 26.6995 22.9463 -115.85 
     63 122.861 1033 2 1 26.6555 23.1157 -144.45 
     63 96.0626 1015 2 0 26.6526 23.1234 -145.85 
     63 217.01 1032 1 1 26.5938 23.2733 -174.45 
     63 121.172 1016 1 0 26.5917 23.2805 -175.85 
     63 242.073 1032 0 1 26.5488 23.4367 -204.45 
     63 135.228 1016 0 0 26.5473 23.4422 -205.85 
     63 272.528 1019 0 0 26.9333 23.9237 -205.85 
     63 6.92182 1032 2 1 26.65 23.1145 -144.833 
     63 205.09 1013 2 0 25.9434 22.6721 -145.85 
     63 111.713 1012 2 0 25.9223 22.65 -145.907 
Number of digits in this event: 18
Using G4ParticleGun... 
Particle energy: 2.70234 LIN
Particle: proton
Event: 64
Number of tracker hits in this event: 18
     64 116.033 1278 8 1 75.7254 -112.721 35.55 
     64 158.891 337 8 0 75.7257 -112.721 34.15 
     64 106.696 1278 7 1 75.7435 -112.729 5.55 
     64 101.571 337 7 0 75.7447 -112.727 4.15 
     64 111.699 1278 6 1 75.7656 -112.691 -24.45 
     64 125.344 337 6 0 75.7669 -112.69 -25.85 
     64 173.146 1278 5 1 75.7965 -112.679 -54.45 
     64 133.483 337 5 0 75.8006 -112.679 -55.85 
     64 115.748 1279 4 1 75.8876 -112.686 -84.45 
     64 109.807 337 4 0 75.8914 -112.687 -85.85 
     64 118.57 1279 3 1 75.9687 -112.704 -114.45 
     64 202.095 337 3 0 75.972 -112.705 -115.85 
     64 147.379 1279 2 1 76.042 -112.725 -144.45 
     64 119.548 337 2 0 76.0457 -112.727 -145.85 
     64 99.1062 1280 1 1 76.1281 -112.769 -174.45 
     64 130.597 336 1 0 76.1324 -112.773 -175.85 
     64 103.306 1280 0 1 76.2166 -112.851 -204.45 
     64 161.619 336 0 0 76.2203 -112.855 -205.85 
Number of digits in this event: 9
Using G4ParticleGun... 
Particle energy: 2.78273 LIN
Particle: proton
Event: 65
Number of tracker hits in this event: 20
     65 141.214 1584 8 1 137.041 -43.7761 35.55 
     65 155.672 681 8 0 137.04 -43.7793 34.15 
     65 110.518 1584 7 1 137.017 -43.8446 5.55 
     65 14.8518 681 7 0 137.014 -43.8498 4.15 
     65 148.8 680 7 0 137.013 -43.85 4.10805 
     65 325.888 1583 6 1 136.924 -43.9488 -24.45 
     65 133.776 680 6 0 136.92 -43.9567 -25.85 
     65 134.264 1583 5 1 136.849 -44.1265 -54.45 
     65 119.262 679 5 0 136.845 -44.1362 -55.85 
     65 111.935 1582 4 1 136.743 -44.3367 -84.45 
     65 142.708 678 4 0 136.737 -44.3476 -85.85 
     65 123.016 1582 3 1 136.604 -44.5753 -114.45 
     65 100.76 677 3 0 136.598 -44.5845 -115.85 
     65 111.968 1581 2 1 136.49 -44.772 -144.45 
     65 133.823 676 2 0 136.486 -44.7812 -145.85 
     65 297.627 1581 1 1 136.408 -44.9681 -174.45 
     65 108.867 675 1 0 136.406 -44.9781 -175.85 
     65 116.148 1581 0 1 136.377 -45.1838 -204.45 
     65 119.849 674 0 0 136.375 -45.1933 -205.85 
     65 80.9066 1584 6 1 136.95 -44.0874 -24.4937 
Number of digits in this event: 11
Using G4ParticleGun... 
Particle energy: 3.91403 LIN
Particle: proton
Event: 66
Number of tracker hits in this event: 28
     66 173.877 1267 9 1 73.5158 103.454 65.55 
     66 244.136 1416 9 0 73.5157 103.455 64.15 
     66 137.975 1267 8 1 73.5107 103.479 35.55 
     66 84.7726 1416 8 0 73.5111 103.48 34.15 
     66 117.938 1267 7 1 73.5229 103.496 5.55 
     66 104.409 1416 7 0 73.5246 103.498 4.15 
     66 135.572 1267 6 1 73.5579 103.542 -24.45 
     66 112.254 1416 6 0 73.5601 103.542 -25.85 
     66 93.1268 1267 5 1 73.6054 103.544 -54.45 
     66 113.568 1416 5 0 73.6082 103.544 -55.85 
     66 113.456 1268 4 1 73.6667 103.553 -84.45 
     66 112.69 1417 4 0 73.6698 103.555 -85.85 
     66 229.189 1268 3 1 73.7348 103.614 -114.45 
     66 118.011 1417 3 0 73.7383 103.619 -115.85 
     66 110.617 1268 2 1 73.815 103.715 -144.45 
     66 150.411 1417 2 0 73.8179 103.718 -145.85 
     66 99.4099 1269 1 1 73.8723 103.794 -174.45 
     66 182.724 1418 1 0 73.8749 103.797 -175.85 
     66 111.098 1269 0 1 73.9271 103.873 -204.45 
     66 125.563 1418 0 0 73.9291 103.877 -205.85 
     66 123.274 1267 4 1 73.6414 103.56 -84.45 
     66 72.5159 1266 4 1 73.45 103.765 -84.7142 
     66 9.6292 1422 4 0 71.6591 104.736 -85.85 
     66 104.579 1423 4 0 71.6327 104.75 -85.8671 
     66 72.6801 1424 4 0 71.3754 104.95 -86.0829 
     66 2.11785 1181 3 1 56.2572 121.609 -114.45 
     66 84.0405 1180 3 1 56.25 121.607 -114.455 
     66 287.897 1179 3 1 56.05 121.579 -114.564 
Number of digits in this event: 12
Using G4ParticleGun... 
Particle energy: 9.30367 LIN
Particle: proton
Event: 67
Number of tracker hits in this event: 27
     67 107.02 616 11 1 -56.7437 23.6536 125.55 
     67 137.768 1018 11 0 -56.7438 23.6541 124.15 
     67 126.083 616 10 1 -56.7467 23.6611 95.55 
     67 109.672 1018 10 0 -56.7465 23.6612 94.15 
     67 101.281 616 9 1 -56.7444 23.6617 65.55 
     67 149.837 1018 9 0 -56.7416 23.6584 64.15 
     67 112.279 616 8 1 -56.682 23.5895 35.55 
     67 95.83 1017 8 0 -56.6787 23.5873 34.15 
     67 116.17 617 7 1 -56.6148 23.5415 5.55 
     67 104.679 1017 7 0 -56.6121 23.539 4.15 
     67 258.314 617 6 1 -56.5589 23.4881 -24.45 
     67 133.566 1017 6 0 -56.5573 23.4862 -25.85 
     67 97.3152 617 5 1 -56.5273 23.4484 -54.45 
     67 138.876 1016 5 0 -56.5243 23.4455 -55.85 
     67 112.785 617 4 1 -56.4614 23.3885 -84.45 
     67 118.257 1016 4 0 -56.4592 23.3863 -85.85 
     67 153.595 618 3 1 -56.4161 23.3434 -114.45 
     67 152.023 1016 3 0 -56.4139 23.3412 -115.85 
     67 124.011 618 2 1 -56.3667 23.2996 -144.45 
     67 112.676 1016 2 0 -56.3655 23.2967 -145.85 
     67 157.082 618 1 1 -56.3404 23.2374 -174.45 
     67 161.619 1015 1 0 -56.34 23.234 -175.85 
     67 110.919 618 0 1 -56.3316 23.1679 -204.45 
     67 188.623 1015 0 0 -56.3306 23.1648 -205.85 
     67 9.07374 616 6 1 -56.6502 23.8351 -24.8389 
     67 188.269 1032 6 0 -57.6484 26.5794 -25.85 
     67 371.213 1033 6 0 -57.678 26.65 -25.8969 
Number of digits in this event: 15
Using G4ParticleGun... 
Particle energy: 3.72336 LIN
Particle: proton
Event: 68
Number of tracker hits in this event: 18
     68 154.336 839 8 1 -12.2129 142.764 35.55 
     68 91.5662 1613 8 0 -12.2138 142.764 34.15 
     68 152.77 839 7 1 -12.2305 142.772 5.55 
     68 108.365 1613 7 0 -12.2309 142.773 4.15 
     68 286 839 6 1 -12.2324 142.772 -24.45 
     68 97.0664 1613 6 0 -12.2325 142.772 -25.85 
     68 111.862 839 5 1 -12.239 142.759 -54.45 
     68 159.786 1613 5 0 -12.2406 142.757 -55.85 
     68 141.336 838 4 1 -12.2824 142.721 -84.45 
     68 102.273 1612 4 0 -12.285 142.718 -85.85 
     68 115.938 838 3 1 -12.3401 142.668 -114.45 
     68 120.034 1612 3 0 -12.3442 142.663 -115.85 
     68 121.52 838 2 1 -12.4296 142.549 -144.45 
     68 135.222 1611 2 0 -12.4339 142.543 -145.85 
     68 116.752 837 1 1 -12.5283 142.415 -174.45 
     68 121.616 1611 1 0 -12.5315 142.404 -175.85 
     68 254.713 837 0 1 -12.5989 142.172 -204.45 
     68 129.942 1610 0 0 -12.6012 142.161 -205.85 
Number of digits in this event: 12
Using G4ParticleGun... 
Particle energy: 9.66402 LIN
Particle: proton
Event: 69
Number of tracker hits in this event: 26
     69 115.812 813 11 1 -17.2506 -76.9749 125.55 
     69 94.799 515 11 0 -17.2504 -76.9742 124.15 
     69 98.8481 814 10 1 -17.2485 -76.9605 95.55 
     69 110.61 515 10 0 -17.2484 -76.9591 94.15 
     69 106.05 813 9 1 -17.2503 -76.9297 65.55 
     69 149.359 515 9 0 -17.2513 -76.9293 64.15 
     69 106.222 813 8 1 -17.2727 -76.9211 35.55 
     69 113.556 515 8 0 -17.2731 -76.9203 34.15 
     69 110.788 813 7 1 -17.2834 -76.9058 5.55 
     69 108.528 515 7 0 -17.2842 -76.9056 4.15 
     69 121.129 813 6 1 -17.301 -76.8994 -24.45 
     69 150.946 515 6 0 -17.3022 -76.8991 -25.85 
     69 138.09 813 5 1 -17.3234 -76.8907 -54.45 
     69 100.881 515 5 0 -17.3244 -76.8903 -55.85 
     69 112.919 813 4 1 -17.3461 -76.8837 -84.45 
     69 118.569 515 4 0 -17.3474 -76.8833 -85.85 
     69 135.004 813 3 1 -17.3728 -76.8749 -114.45 
     69 106.797 515 3 0 -17.3746 -76.8753 -115.85 
     69 182.769 813 2 1 -17.4105 -76.8845 -144.45 
     69 228.397 515 2 0 -17.4117 -76.8852 -145.85 
     69 108.499 813 1 1 -17.4337 -76.8988 -174.45 
     69 161.137 515 1 0 -17.4346 -76.8994 -175.85 
     69 158.723 812 0 1 -17.456 -76.9108 -204.45 
     69 110.94 515 0 0 -17.4573 -76.9112 -205.85 
     69 123.003 814 11 1 -17.25 -76.9754 125.225 
     69 174.855 512 11 0 -16.6222 -77.5089 124.15 
Number of digits in this event: 12
Using G4ParticleGun... 
Particle energy: 5.79976 LIN
Particle: proton
Event: 70
Number of tracker hits in this event: 20
     70 157.916 1062 9 1 32.6421 -127.693 65.55 
     70 105.579 262 9 0 32.6432 -127.693 64.15 
     70 161.18 1063 8 1 32.6645 -127.689 35.55 
     70 116.142 262 8 0 32.6655 -127.689 34.15 
     70 142.821 1063 7 1 32.6887 -127.669 5.55 
     70 119.718 262 7 0 32.6891 -127.667 4.15 
     70 101.859 1063 6 1 32.695 -127.629 -24.45 
     70 110.139 262 6 0 32.696 -127.629 -25.85 
     70 102.568 1063 5 1 32.7174 -127.629 -54.45 
     70 225.197 262 5 0 32.7183 -127.63 -55.85 
     70 268.651 1063 4 1 32.7424 -127.655 -84.45 
     70 112.028 262 4 0 32.7442 -127.656 -85.85 
     70 91.4707 1063 3 1 32.7835 -127.678 -114.45 
     70 162.949 262 3 0 32.7861 -127.677 -115.85 
     70 138.769 1063 2 1 32.8409 -127.669 -144.45 
     70 140.578 262 2 0 32.8432 -127.668 -145.85 
     70 246.33 1064 1 1 32.8868 -127.665 -174.45 
     70 105.825 262 1 0 32.8884 -127.663 -175.85 
     70 127.019 1064 0 1 32.9231 -127.62 -204.45 
     70 100.365 262 0 0 32.9256 -127.619 -205.85 
Number of digits in this event: 11
Using G4ParticleGun... 
Particle energy: 5.48876 LIN
Particle: proton
Event: 71
Number of tracker hits in this event: 33
     71 142.322 613 11 1 -57.4379 -19.6973 125.55 
     71 182.146 801 11 0 -57.4371 -19.6983 124.15 
     71 176.348 613 10 1 -57.4186 -19.7134 95.55 
     71 104.921 801 10 0 -57.4183 -19.7147 94.15 
     71 125.571 613 9 1 -57.4131 -19.744 65.55 
     71 128.567 801 9 0 -57.4128 -19.7449 64.15 
     71 723.507 613 8 1 -57.4062 -19.7682 35.55 
     71 130.807 801 8 0 -57.4361 -19.7914 34.15 
     71 100.496 609 7 1 -58.1048 -20.3045 5.55 
     71 181.574 798 7 0 -58.1371 -20.3297 4.15 
     71 95.0976 606 6 1 -58.7953 -20.8372 -24.45 
     71 103.526 795 6 0 -58.8274 -20.8614 -25.85 
     71 113.771 602 5 1 -59.4867 -21.3523 -54.45 
     71 118.557 793 5 0 -59.519 -21.3777 -55.85 
     71 95.637 599 4 1 -60.1807 -21.8996 -84.45 
     71 113.231 790 4 0 -60.2118 -21.9258 -85.85 
     71 96.8948 595 3 1 -60.851 -22.4629 -114.45 
     71 105.749 787 3 0 -60.8825 -22.4901 -115.85 
     71 122.729 592 2 1 -61.5299 -23.0478 -144.45 
     71 103.514 784 2 0 -61.56 -23.0749 -145.85 
     71 327.547 589 1 1 -62.1741 -23.6297 -174.45 
     71 116.726 781 1 0 -62.2051 -23.6563 -175.85 
     71 108.089 586 0 1 -62.8326 -24.1905 -204.45 
     71 150.338 779 0 0 -62.863 -24.2174 -205.85 
     71 46.5599 769 1 0 -61.4217 -26.1238 -175.85 
     71 91.4074 768 1 0 -61.3815 -26.25 -175.913 
     71 103.504 767 1 0 -61.2718 -26.45 -176.014 
     71 16.5711 766 1 0 -61.0853 -26.65 -176.23 
     71 12.2895 307 1 0 -27.3595 -118.71 -176.25 
     71 62.9742 306 1 0 -27.3483 -118.75 -176.228 
     71 72.9655 305 1 0 -27.3005 -118.95 -176.063 
     71 113.98 764 1 1 -27.0853 -119.244 -174.85 
     71 275.15 799 7 0 -58.0153 -20.2499 3.9438 
Number of digits in this event: 13
Using G4ParticleGun... 
Particle energy: 2.19603 LIN
Particle: proton
Event: 72
Number of tracker hits in this event: 33
     72 299.812 626 11 1 -54.7882 23.8684 125.55 
     72 111.029 1019 11 0 -54.7875 23.8689 124.15 
     72 101.398 626 10 1 -54.7597 23.8764 95.55 
     72 102.74 1019 10 0 -54.7582 23.875 94.15 
     72 149.269 626 9 1 -54.7236 23.8584 65.55 
     72 95.1239 1019 9 0 -54.7207 23.8563 64.15 
     72 150.249 626 8 1 -54.6616 23.8066 35.55 
     72 142.207 1018 8 0 -54.6553 23.8061 34.15 
     72 91.4531 627 7 1 -54.5292 23.7824 5.55 
     72 104.554 1018 7 0 -54.5253 23.7834 4.15 
     72 188.331 628 6 1 -54.4446 23.801 -24.45 
     72 95.33 1018 6 0 -54.4399 23.8024 -25.85 
     72 100.508 628 5 1 -54.3523 23.8316 -54.45 
     72 95.7462 1018 5 0 -54.3491 23.8356 -55.85 
     72 99.939 628 4 1 -54.2743 23.9086 -84.45 
     72 112.096 1019 4 0 -54.2712 23.9127 -85.85 
     72 421.982 629 3 1 -54.2029 23.9929 -114.45 
     72 135.07 1019 3 0 -54.2034 23.9973 -115.85 
     72 109.058 629 2 1 -54.2236 24.0792 -144.45 
     72 176.134 1020 2 0 -54.2269 24.0864 -145.85 
     72 116.949 628 1 1 -54.2977 24.2393 -174.45 
     72 124.284 1020 1 0 -54.2991 24.243 -175.85 
     72 153.895 628 0 1 -54.3246 24.3244 -204.45 
     72 125.659 1021 0 0 -54.3308 24.3266 -205.85 
     72 150.614 627 8 1 -54.6415 23.7987 35.5496 
     72 145.867 1019 8 0 -54.5796 23.8968 34.15 
     72 8.3898 492 8 1 -81.5916 -34.491 35.55 
     72 145.296 1021 11 0 -54.8798 24.394 124.15 
     72 5.49336 1026 11 0 -54.8032 25.4389 124.15 
     72 184.7 1027 11 0 -54.8032 25.45 124.139 
     72 62.9079 1028 11 0 -54.7931 25.6501 123.977 
     72 62.005 1029 11 0 -54.8249 25.8505 123.916 
     72 19.1167 1030 11 0 -54.8441 26.0501 123.817 
Number of digits in this event: 16
Using G4ParticleGun... 
Particle energy: 1.84216 LIN
Particle: proton
Event: 73
Number of tracker hits in this event: 20
     73 141.134 575 9 1 -65.0385 -104.325 65.55 
     73 102.543 379 9 0 -65.0349 -104.325 64.15 
     73 120.015 575 8 1 -64.9666 -104.326 35.55 
     73 133.11 379 8 0 -64.9599 -104.322 34.15 
     73 98.5057 576 7 1 -64.8194 -104.26 5.55 
     73 102.972 379 7 0 -64.8103 -104.256 4.15 
     73 118.282 577 6 1 -64.6186 -104.17 -24.45 
     73 140.552 379 6 0 -64.6084 -104.162 -25.85 
     73 131.196 578 5 1 -64.3986 -104.008 -54.45 
     73 117.27 380 5 0 -64.3888 -103.999 -55.85 
     73 92.4914 579 4 1 -64.1869 -103.83 -84.45 
     73 229.471 381 4 0 -64.1771 -103.821 -85.85 
     73 120.258 580 3 1 -63.9861 -103.65 -114.45 
     73 147.578 382 3 0 -63.9769 -103.643 -115.85 
     73 194.912 581 2 1 -63.7843 -103.509 -144.45 
     73 118.311 383 2 0 -63.7669 -103.506 -145.85 
     73 103.82 583 1 1 -63.4141 -103.45 -174.45 
     73 293.441 383 1 0 -63.4042 -103.448 -175.85 
     73 112.005 584 0 1 -63.207 -103.421 -204.45 
     73 172.584 383 0 0 -63.1951 -103.416 -205.85 
Number of digits in this event: 12
Using G4ParticleGun... 
Particle energy: 3.06901 LIN
Particle: proton
Event: 74
Number of tracker hits in this event: 25
     74 91.4831 659 9 1 -48.1324 107.545 65.55 
     74 140.067 1436 9 0 -48.1325 107.542 64.15 
     74 155.233 659 8 1 -48.1306 107.485 35.55 
     74 310.235 1436 8 0 -48.1275 107.483 34.15 
     74 166.638 659 7 1 -48.064 107.439 5.55 
     74 134.991 1436 7 0 -48.0622 107.436 4.15 
     74 107.403 660 6 1 -48.0357 107.387 -24.45 
     74 222.972 1436 6 0 -48.0339 107.383 -25.85 
     74 95.1428 660 5 1 -48.0051 107.31 -54.45 
     74 248.454 1435 5 0 -48.005 107.307 -55.85 
     74 214.795 660 4 1 -48.0238 107.218 -84.45 
     74 332.669 1435 4 0 -48.0235 107.216 -85.85 
     74 99.8531 660 3 1 -48.0143 107.176 -114.45 
     74 126.967 1435 3 0 -48.0147 107.171 -115.85 
     74 93.4788 660 2 1 -48.027 107.077 -144.45 
     74 98.1609 1434 2 0 -48.0327 107.066 -145.85 
     74 105.426 659 1 1 -48.2014 106.794 -174.45 
     74 125.76 1433 1 0 -48.2154 106.779 -175.85 
     74 94.1068 657 0 1 -48.499 106.496 -204.45 
     74 101 1431 0 0 -48.5144 106.481 -205.85 
     74 11.5424 659 4 1 -48.0503 107.254 -84.7474 
     74 74.397 1460 5 0 -27.4063 112.345 -56.2499 
     74 59.9712 1461 5 0 -27.4005 112.35 -56.2334 
     74 60.0043 765 5 1 -26.942 112.153 -54.85 
     74 64.1035 766 5 1 -26.8497 112.114 -54.6443 
Number of digits in this event: 12
Using G4ParticleGun... 
Particle energy: 9.86732 LIN
Particle: proton
Event: 75
Number of tracker hits in this event: 32
     75 121.066 630 11 1 -53.9939 -7.32715 125.55 
     75 113.287 863 11 0 -53.9948 -7.32801 124.15 
     75 140.464 630 10 1 -54.0128 -7.34509 95.55 
     75 156.322 863 10 0 -54.0145 -7.34614 94.15 
     75 127.752 629 9 1 -54.0506 -7.36502 65.55 
     75 137.517 863 9 0 -54.0523 -7.36647 64.15 
     75 105.7 629 8 1 -54.0868 -7.39605 35.55 
     75 165.534 863 8 0 -54.0888 -7.39635 34.15 
     75 122.59 629 7 1 -54.1334 -7.40272 5.55 
     75 176.472 863 7 0 -54.1353 -7.40385 4.15 
     75 103.165 629 6 1 -54.1706 -7.42837 -24.45 
     75 151.609 863 6 0 -54.172 -7.42937 -25.85 
     75 128.889 629 5 1 -54.1942 -7.44794 -54.45 
     75 200.536 863 5 0 -54.1954 -7.4487 -55.85 
     75 100.281 629 4 1 -54.2215 -7.46449 -84.45 
     75 134.616 862 4 0 -54.2232 -7.46532 -85.85 
     75 110.226 628 3 1 -54.2578 -7.48277 -114.45 
     75 89.5847 862 3 0 -54.2598 -7.48459 -115.85 
     75 225.309 628 2 1 -54.3025 -7.52155 -144.45 
     75 207.693 862 2 0 -54.3039 -7.52257 -145.85 
     75 117.415 628 1 1 -54.3408 -7.54737 -174.45 
     75 118.301 862 1 0 -54.3424 -7.54851 -175.85 
     75 115.272 628 0 1 -54.3793 -7.57488 -204.45 
     75 107.773 862 0 0 -54.3813 -7.5759 -205.85 
     75 75.7626 577 6 1 -64.621 4.89223 -24.45 
     75 280.115 578 6 1 -64.4499 4.93237 -24.6736 
     75 13.6094 579 6 1 -64.25 4.96627 -24.8239 
     75 243.799 917 6 0 -62.6542 3.56677 -25.85 
     75 599.247 916 6 0 -62.5371 3.44987 -25.9298 
     75 162.151 602 6 1 -59.5718 2.91302 -24.85 
     75 6.08109 601 6 1 -59.65 3.092 -24.4565 
     75 8.71411 923 6 0 -63.9313 4.70272 -25.85 
Number of digits in this event: 19
Using G4ParticleGun... 
Particle energy: 8.77367 LIN
Particle: proton
Event: 76
Number of tracker hits in this event: 176
     76 137.169 250 8 1 -130.136 46.8218 35.55 
     76 100.33 1133 8 0 -130.136 46.8214 34.15 
     76 121.05 250 7 1 -130.14 46.809 5.55 
     76 102.539 1133 7 0 -130.14 46.8087 4.15 
     76 161.225 250 6 1 -130.141 46.8021 -24.45 
     76 95.3504 1133 6 0 -130.142 46.801 -25.85 
     76 129.157 249 5 1 -130.166 46.7753 -54.45 
     76 120.978 1133 5 0 -130.167 46.7739 -55.85 
     76 99.6541 249 4 1 -130.197 46.7465 -84.45 
     76 93.0951 1133 4 0 -130.198 46.7454 -85.85 
     76 140.029 249 3 1 -130.219 46.7225 -114.45 
     76 112.843 1133 3 0 -130.221 46.721 -115.85 
     76 112.468 249 2 1 -130.254 46.689 -144.45 
     76 113.315 1133 2 0 -130.257 46.687 -145.85 
     76 102.863 249 1 1 -130.304 46.6524 -174.45 
     76 111.047 1133 1 0 -130.306 46.6511 -175.85 
     76 49.6812 238 0 1 -132.4 41.1156 -204.45 
     76 18.8218 237 0 1 -132.55 41.2164 -204.464 
     76 10731.8 249 0 1 -130.35 46.7441 -204.45 
     76 53.2878 1428 1 0 -135.347 105.944 -176.25 
     76 1864.39 1429 1 0 -135.347 105.95 -176.247 
     76 2004.85 1430 1 0 -135.366 106.15 -176.151 
     76 2135.08 1431 1 0 -135.384 106.35 -176.054 
     76 2566.52 1432 1 0 -135.4 106.55 -175.954 
     76 212.287 1433 1 0 -135.414 106.75 -175.857 
     76 11630.3 222 1 1 -135.551 108.827 -174.85 
     76 4664.48 250 0 1 -130.15 46.407 -204.67 
     76 791.295 1246 1 0 -116.91 69.3679 -176.25 
     76 2218.95 1247 1 0 -116.861 69.45 -176.149 
     76 498.53 1248 1 0 -116.733 69.65 -175.905 
     76 1564.19 319 1 1 -116.226 70.451 -174.85 
     76 2724.16 320 1 1 -116.15 70.5576 -174.693 
     76 981.562 248 0 1 -130.35 -30.3998 -204.573 
     76 8.9946 1137 0 0 -129.875 47.6479 -205.85 
     76 1322.18 1138 0 0 -129.874 47.65 -205.853 
     76 409.24 1139 0 0 -129.779 47.85 -206.165 
     76 799.383 1120 1 0 -101.572 44.2421 -176.25 
     76 509.054 400 1 1 -100.109 44.141 -174.85 
     76 370.761 401 1 1 -99.95 44.1301 -174.698 
     76 134.386 402 1 1 -99.75 44.1166 -174.508 
     76 996.427 1113 2 0 -71.5358 42.6843 -146.25 
     76 298.346 549 2 1 -70.1626 42.6168 -144.85 
     76 576.792 550 2 1 -70.05 42.6113 -144.734 
     76 170.563 551 2 1 -69.85 42.601 -144.529 
     76 1002.28 1108 3 0 -40.9779 41.8277 -116.25 
     76 178.696 702 3 1 -39.5376 41.7925 -114.85 
     76 555.013 703 3 1 -39.45 41.7904 -114.765 
     76 409.556 704 3 1 -39.25 41.785 -114.573 
     76 938.878 1113 4 0 -9.97079 42.6799 -86.25 
     76 141.767 857 4 1 -8.51934 42.7227 -84.85 
     76 517.197 858 4 1 -8.45 42.7247 -84.7832 
     76 384.858 859 4 1 -8.25 42.7299 -84.591 
     76 1173.12 1125 5 0 18.5866 45.1874 -56.25 
     76 319.798 999 5 1 19.929 45.3051 -54.85 
     76 592.184 1000 5 1 20.05 45.3154 -54.7245 
     76 184.584 1001 5 1 20.25 45.3314 -54.5151 
     76 967.564 1129 6 0 42.6606 45.8688 -26.25 
     76 299.356 1118 6 1 43.772 45.9018 -24.85 
     76 725.028 1119 6 1 43.85 45.9043 -24.7519 
     76 118.424 1120 6 1 44.05 45.9101 -24.4966 
     76 1063.91 1134 7 0 63.8288 46.9315 3.75 
     76 158.24 1223 7 1 64.8128 46.991 5.15 
     76 828.4 1224 7 1 64.85 46.9934 5.20281 
     76 262.661 1225 7 1 65.05 47.0055 5.49046 
     76 1439.77 1142 8 0 84.788 48.5535 33.75 
     76 512.231 1328 8 1 85.7644 48.6494 35.15 
     76 1010.06 1329 8 1 85.85 48.6584 35.2728 
     76 1803.77 1170 9 0 109.738 54.0521 63.75 
     76 156.285 1453 9 1 110.917 54.3202 65.15 
     76 1157.14 1454 9 1 110.95 54.3277 65.1893 
     76 749.944 1455 9 1 111.15 54.373 65.4274 
     76 106.265 1220 10 0 133.399 64.2453 93.75 
     76 2516.31 1221 10 0 133.41 64.25 93.7635 
     76 1948.16 1571 10 1 134.375 64.7116 95.15 
     76 1200.35 1572 10 1 134.55 64.799 95.4115 
     76 165.157 399 1 1 -100.34 44.7152 -174.85 
     76 46.8309 1129 1 0 -100.181 45.8917 -175.85 
     76 2.99904 1130 1 0 -99.9496 46.1628 -175.85 
     76 2.93817 397 1 1 -100.75 44.8805 -174.85 
     76 0.763282 396 1 1 -100.75 44.8793 -174.85 
     76 159.047 1173 1 0 -80.6572 54.7986 -176.25 
     76 217.113 1174 1 0 -80.3449 54.85 -176.074 
     76 60.0583 509 1 1 -78.162 55.2091 -174.85 
     76 122.445 510 1 1 -78.05 55.2275 -174.787 
     76 109.339 511 1 1 -77.85 55.2605 -174.675 
     76 99.9813 512 1 1 -77.65 55.2933 -174.563 
     76 0.965407 513 1 1 -77.45 55.326 -174.45 
     76 128.38 1215 2 0 -25.5402 63.2098 -146.25 
     76 309.144 1216 2 0 -25.275 63.25 -146.106 
     76 47.4444 785 2 1 -22.9448 63.6159 -144.85 
     76 165.087 786 2 1 -22.85 63.6309 -144.799 
     76 109.191 787 2 1 -22.65 63.6623 -144.691 
     76 124.493 788 2 1 -22.45 63.6936 -144.584 
     76 25.4452 789 2 1 -22.25 63.7248 -144.476 
     76 428.027 1260 3 0 29.3203 72.0844 -116.25 
     76 89.9127 1059 3 1 31.8749 72.4996 -114.85 
     76 114.111 1060 3 1 32.05 72.5281 -114.754 
     76 111.727 1061 3 1 32.25 72.5609 -114.644 
     76 90.0527 1062 3 1 32.45 72.5939 -114.535 
     76 359.343 1301 4 0 83.5514 80.3452 -86.25 
     76 20.0345 1302 4 0 84.2431 80.45 -85.867 
     76 100.874 1330 4 1 86.0599 80.7698 -84.85 
     76 212.238 1331 4 1 86.25 80.8033 -84.7436 
     76 108.891 1332 4 1 86.45 80.8382 -84.6314 
     76 66.3616 1333 4 1 86.65 80.8733 -84.5192 
     76 449.516 1347 5 0 134.378 89.5127 -56.25 
     76 4.13745 1582 5 1 136.739 89.933 -54.85 
     76 105.051 1583 5 1 136.75 89.9349 -54.8437 
     76 121.495 1584 5 1 136.95 89.9702 -54.7252 
     76 150.334 1585 5 1 137.15 90.0057 -54.6066 
     76 32.2224 1586 5 1 137.35 90.0411 -54.488 
     76 150.504 1044 1 0 -175.967 28.9945 -176.25 
     76 179.394 1043 1 0 -176.34 28.85 -176.021 
     76 62.2466 9 1 1 -178.244 28.1246 -174.85 
     76 71.9825 8 1 1 -178.35 28.0842 -174.785 
     76 91.8641 7 1 1 -178.55 28.0073 -174.662 
     76 54.8759 6 1 1 -178.75 27.9302 -174.539 
     76 300.247 1130 0 0 -130.224 46.2441 -205.85 
     76 51.3465 274 14 0 -175.44 -125.232 213.75 
     76 170.51 22 14 1 -175.56 -124.148 215.15 
     76 125.174 1144 0 0 -129.861 48.8691 -205.85 
     76 97.3831 1145 0 0 -129.822 49.05 -205.979 
     76 167.54 1146 0 0 -129.778 49.25 -206.121 
     76 65.7307 253 4 1 -129.511 -56.7041 -84.45 
     76 118.157 1255 1 0 -143.577 71.2055 -176.25 
     76 610.975 1256 1 0 -143.601 71.25 -176.199 
     76 325.499 1257 1 0 -143.709 71.45 -175.971 
     76 616.399 179 1 1 -144.235 72.4263 -174.85 
     76 408.491 178 1 1 -144.35 72.6405 -174.604 
     76 434.831 1387 2 0 -153.266 97.614 -146.25 
     76 563.782 1388 2 0 -153.315 97.75 -146.096 
     76 50.7994 1389 2 0 -153.386 97.95 -145.869 
     76 435.525 132 2 1 -153.705 98.8499 -144.85 
     76 676.783 131 2 1 -153.75 98.9754 -144.708 
     76 617.363 1504 3 0 -163.086 120.975 -116.25 
     76 476.385 1505 3 0 -163.161 121.15 -116.023 
     76 107.285 83 3 1 -163.536 122.059 -114.85 
     76 1018.45 82 3 1 -163.55 122.093 -114.807 
     76 104.395 1579 4 0 -168.309 136.127 -86.25 
     76 921.584 1580 4 0 -168.317 136.15 -86.2017 
     76 144.657 58 4 1 -168.54 136.809 -84.85 
     76 1002.39 57 4 1 -168.55 136.837 -84.7927 
     76 819.775 1660 5 0 -172.258 152.21 -56.25 
     76 370.79 1661 5 0 -172.292 152.35 -55.991 
     76 1356.14 38 5 1 -172.481 152.957 -54.85 
     76 921.622 1727 6 0 -178.43 165.645 -26.25 
     76 642.715 1728 6 0 -178.48 165.75 -26.0115 
     76 1568.95 6 6 1 -178.757 166.245 -24.85 
     76 908.28 251 0 1 -129.95 46.7367 -204.662 
     76 1780.46 1135 0 0 -128.774 47.0515 -205.85 
     76 2053.87 247 0 1 -130.55 46.6019 -204.551 
     76 3143.56 1131 0 0 -131.352 46.4293 -205.85 
     76 29.6159 1129 0 0 -131.255 46.05 -206.132 
     76 139.658 1128 0 0 -129.361 45.8025 -205.85 
     76 41.7832 1127 0 0 -129.176 45.65 -206.148 
     76 73.1631 246 0 1 -130.75 46.8483 -204.558 
     76 60.9959 245 0 1 -130.95 46.9603 -204.713 
     76 8.29304 1140 0 0 -132.905 48.05 -206.218 
     76 243.929 1133 0 0 -130.992 46.7687 -205.85 
     76 272.095 899 1 0 -136.854 -0.0663048 -176.25 
     76 278.038 898 1 0 -136.879 -0.25 -176.14 
     76 335.586 897 1 0 -136.905 -0.45 -176.024 
     76 169.317 896 1 0 -136.929 -0.65 -175.905 
     76 180.161 215 1 1 -137.135 -2.39523 -174.85 
     76 965.492 214 1 1 -137.15 -2.52563 -174.771 
     76 46.8246 212 1 1 -137.626 -4.02735 -174.45 
     76 72.7776 211 1 1 -137.75 -4.10917 -174.554 
     76 65.7462 210 1 1 -137.95 -4.23646 -174.726 
     76 123.263 874 1 0 -139.288 -5.06256 -175.85 
     76 73.0575 873 1 0 -139.577 -5.25052 -176.096 
     76 69.0274 48 0 1 -170.394 -26.2323 -204.45 
     76 101.39 47 0 1 -170.55 -26.3358 -204.602 
     76 27.2627 46 0 1 -170.75 -26.4751 -204.798 
     76 10.1778 764 0 0 -171.821 -27.2362 -205.85 
     76 150.541 763 0 0 -171.841 -27.2503 -205.869 
     76 43.2267 762 0 0 -172.123 -27.45 -206.144 
Number of digits in this event: 117
Using G4ParticleGun... 
Particle energy: 7.78827 LIN
Particle: proton
Event: 77
Number of tracker hits in this event: 61
     77 212.649 1348 8 1 89.6983 -104.913 35.55 
     77 89.1682 376 8 0 89.6984 -104.913 34.15 
     77 139.47 1348 7 1 89.6975 -104.911 5.55 
     77 115.613 376 7 0 89.6979 -104.911 4.15 
     77 103.057 1348 6 1 89.705 -104.903 -24.45 
     77 269.158 376 6 0 89.7041 -104.903 -25.85 
     77 97.1279 1348 5 1 89.6855 -104.892 -54.45 
     77 121.262 376 5 0 89.6842 -104.892 -55.85 
     77 164.892 1348 4 1 89.6551 -104.889 -84.45 
     77 115.795 376 4 0 89.6533 -104.888 -85.85 
     77 340.071 1347 3 1 89.6203 -104.864 -114.45 
     77 120.871 376 3 0 89.6189 -104.863 -115.85 
     77 121.575 1347 2 1 89.5907 -104.847 -144.45 
     77 95.695 376 2 0 89.5903 -104.845 -145.85 
     77 108.49 1347 1 1 89.5767 -104.815 -174.45 
     77 98.4355 376 1 0 89.5761 -104.813 -175.85 
     77 108.034 1347 0 1 89.5619 -104.785 -204.45 
     77 104.054 376 0 0 89.5604 -104.782 -205.85 
     77 62.6636 1280 2 1 76.146 -50.4405 -144.85 
     77 144.266 375 6 0 76.9552 -104.967 -25.8779 
     77 28.1633 1663 11 1 152.927 -74.9422 125.55 
     77 140.335 1664 11 1 152.95 -74.9555 125.541 
     77 172.82 623 8 0 -30.0062 -55.3781 33.75 
     77 10.5214 624 8 0 -29.9726 -55.25 33.8504 
     77 402.276 622 8 0 -29.7122 -55.45 33.9176 
     77 151.931 393 8 0 -58.9425 -101.477 33.75 
     77 55.2014 394 8 0 -59.308 -101.35 33.8216 
     77 285.921 278 8 0 -124.585 -124.381 33.7504 
     77 301.042 272 8 1 -125.551 -124.648 35.1501 
     77 70.8114 273 8 1 -125.55 -124.583 35.259 
     77 115.679 225 1 0 98.9923 -135.016 -176.25 
     77 87.6034 1397 1 1 99.6968 -135.157 -174.85 
     77 295.207 1398 1 1 99.7507 -135.136 -174.752 
     77 113.007 161 0 0 162.922 -147.768 -206.25 
     77 149.289 160 0 0 163.28 -147.95 -206.1 
     77 69.5697 159 0 0 163.705 -148.15 -205.948 
     77 36.6636 1731 0 1 166.422 -149.48 -204.85 
     77 161.621 1732 0 1 166.55 -149.538 -204.793 
     77 73.052 1733 0 1 166.75 -149.647 -204.683 
     77 78.0683 1734 0 1 166.95 -149.757 -204.575 
     77 2.97151 1735 0 1 167.15 -149.86 -204.46 
     77 124.94 143 1 0 157.73 -151.483 -176.25 
     77 143.068 1685 1 1 157.244 -151.549 -174.85 
     77 95.1892 1684 1 1 157.15 -151.576 -174.623 
     77 61.9856 113 2 0 131.005 -157.51 -146.25 
     77 74.4032 112 2 0 130.827 -157.55 -146.064 
     77 66.5794 1545 2 1 129.339 -158.521 -144.85 
     77 150.046 1544 2 1 129.15 -158.669 -144.68 
     77 12.142 1543 2 1 128.95 -158.832 -144.49 
     77 123.91 212 3 0 142.082 -137.743 -116.25 
     77 84.0869 213 3 0 142.176 -137.55 -116.018 
     77 7.55226 1612 3 1 142.738 -136.441 -114.85 
     77 222.005 1613 3 1 142.75 -136.419 -114.825 
     77 126.983 1614 3 1 142.95 -136.195 -114.553 
     77 63.9284 353 4 0 119.638 -109.458 -86.25 
     77 134.587 354 4 0 119.563 -109.349 -86.1624 
     77 46.1173 355 4 0 119.354 -109.15 -85.9413 
     77 265.211 1495 4 1 119.217 -108.702 -84.85 
     77 381.481 1496 4 1 119.35 -108.77 -84.5819 
     77 98.7762 1497 4 1 119.55 -108.847 -84.6193 
     77 103.516 357 4 0 119.918 -108.745 -85.8501 
Number of digits in this event: 31
Using G4ParticleGun... 
Particle energy: 3.80301 LIN
Particle: proton
Event: 78
Number of tracker hits in this event: 23
     78 113.635 519 9 1 -76.0661 -93.1919 65.55 
     78 103.297 434 9 0 -76.0644 -93.1894 64.15 
     78 118.83 520 8 1 -76.0282 -93.1364 35.55 
     78 152.205 435 8 0 -76.0271 -93.1336 34.15 
     78 105.205 520 7 1 -76.0025 -93.0683 5.55 
     78 106.472 435 7 0 -76.0022 -93.0639 4.15 
     78 143.531 520 6 1 -75.9863 -92.9778 -24.45 
     78 119.391 435 6 0 -75.9856 -92.9723 -25.85 
     78 108.246 520 5 1 -75.9845 -92.8623 -54.45 
     78 90.3361 436 5 0 -75.9871 -92.8582 -55.85 
     78 119.938 520 4 1 -76.0414 -92.7744 -84.45 
     78 98.6993 436 4 0 -76.043 -92.7701 -85.85 
     78 132.127 519 3 1 -76.0725 -92.6796 -114.45 
     78 125.59 437 3 0 -76.0736 -92.6795 -115.85 
     78 141.892 519 2 1 -76.0927 -92.6797 -144.45 
     78 167.361 437 2 0 -76.0937 -92.6779 -145.85 
     78 136.25 519 1 1 -76.1186 -92.6411 -174.45 
     78 104.85 437 1 0 -76.1189 -92.6403 -175.85 
     78 391.911 519 0 1 -76.1307 -92.6197 -204.45 
     78 110.902 437 0 0 -76.1265 -92.6149 -205.85 
     78 18.548 518 0 1 -76.2501 -92.5425 -204.6 
     78 53.9302 261 5 0 -91.3986 -127.933 -56.25 
     78 82.5829 260 5 0 -91.4048 -127.95 -56.2446 
Number of digits in this event: 9
Using G4ParticleGun... 
Particle energy: 5.47665 LIN
Particle: proton
Event: 79
Number of tracker hits in this event: 99
     79 103.977 609 11 1 -58.0927 -18.9826 125.55 
     79 151.151 805 11 0 -58.093 -18.9832 124.15 
     79 124.105 609 10 1 -58.1023 -18.9941 95.55 
     79 113.134 805 10 0 -58.1028 -18.9949 94.15 
     79 108.412 609 9 1 -58.1115 -19.0156 65.55 
     79 153.716 805 9 0 -58.1117 -19.0173 64.15 
     79 102.748 609 8 1 -58.1163 -19.052 35.55 
     79 121.134 804 8 0 -58.116 -19.0548 34.15 
     79 190.368 609 7 1 -58.1087 -19.11 5.55 
     79 87.9739 804 7 0 -58.1089 -19.1115 4.15 
     79 104.82 609 6 1 -58.1108 -19.1391 -24.45 
     79 102.46 804 6 0 -58.1116 -19.1391 -25.85 
     79 136.139 609 5 1 -58.1277 -19.1382 -54.45 
     79 102.679 804 5 0 -58.1283 -19.1374 -55.85 
     79 184.109 609 4 1 -58.1398 -19.1241 -84.45 
     79 135.293 804 4 0 -58.14 -19.1241 -85.85 
     79 119.376 609 3 1 -58.1482 -19.1237 -114.45 
     79 146.367 804 3 0 -58.1481 -19.1237 -115.85 
     79 148.527 609 2 1 -58.1401 -19.1255 -144.45 
     79 113.203 804 2 0 -58.1383 -19.1233 -145.85 
     79 110.441 609 1 1 -58.1078 -19.0663 -174.45 
     79 125.652 804 1 0 -58.1055 -19.0654 -175.85 
     79 22649.7 1463 1 0 -79.7304 112.802 -176.25 
     79 52320.2 1464 1 0 -79.7553 112.95 -176.218 
     79 11793.3 1465 1 0 -79.7885 113.15 -176.171 
     79 3365.58 721 1 0 45.7038 -35.7884 -176.25 
     79 324.847 150 7 0 38.637 -150.086 3.81413 
     79 11595 479 1 0 -119.949 -84.0709 -176.032 
     79 249.674 610 0 1 -57.8641 -18.895 -204.45 
     79 1970.95 611 0 1 -57.85 -18.8844 -204.467 
     79 1499.71 612 0 1 -57.65 -18.7301 -204.709 
     79 1163.78 810 0 0 -56.6622 -17.9217 -205.85 
     79 3236.17 811 0 0 -56.5754 -17.85 -205.95 
     79 955.809 812 0 0 -56.36 -17.65 -206.206 
     79 35.1926 1519 4 0 -108.591 124.11 -86.25 
     79 60.2014 306 5 1 -118.888 16.7178 -54.5314 
     79 81.0612 964 5 0 162.506 12.8853 -56.2495 
     79 330.586 613 0 1 -57.45 -19.1274 -204.727 
     79 1123.27 803 0 0 -56.1352 -19.3217 -205.85 
     79 787.45 609 0 1 -58.2464 -18.9817 -204.45 
     79 1774.33 608 0 1 -58.25 -18.9803 -204.455 
     79 438.362 607 0 1 -58.45 -18.907 -204.734 
     79 620.276 807 0 0 -59.2532 -18.6101 -205.85 
     79 131.91 606 0 1 -58.65 -19.2004 -204.663 
     79 29.3439 605 0 1 -58.85 -19.2553 -204.82 
     79 113.718 802 0 0 -60.1585 -19.6141 -205.85 
     79 393.127 801 0 0 -60.2896 -19.65 -205.953 
     79 1640.36 747 1 0 -73.8658 -30.462 -176.25 
     79 1248.77 526 1 1 -74.673 -31.0565 -174.85 
     79 440.797 525 1 1 -74.85 -31.1878 -174.545 
     79 2207.93 708 2 0 -88.5332 -38.3159 -146.25 
     79 363.148 454 2 1 -89.2144 -38.6515 -144.85 
     79 1813.99 453 2 1 -89.25 -38.669 -144.777 
     79 5392.03 719 3 0 -99.6082 -36.1865 -116.25 
     79 3114.97 399 3 1 -100.161 -35.9283 -114.85 
     79 1051.95 808 0 0 -58.8164 -18.3494 -205.85 
     79 667.269 809 0 0 -58.9251 -18.25 -206.087 
     79 23.0686 144 1 0 21.5864 -151.33 -176.25 
     79 234.204 143 1 0 21.5983 -151.35 -176.246 
     79 236.814 142 1 0 21.7186 -151.55 -176.204 
     79 232.878 141 1 0 21.839 -151.75 -176.162 
     79 235.109 140 1 0 21.9592 -151.95 -176.121 
     79 327.133 139 1 0 22.0796 -152.15 -176.08 
     79 355.489 138 1 0 22.2001 -152.35 -176.037 
     79 272.27 137 1 0 22.3211 -152.55 -175.995 
     79 274.456 136 1 0 22.4425 -152.75 -175.952 
     79 380.277 135 1 0 22.5637 -152.95 -175.909 
     79 236.225 134 1 0 22.6855 -153.15 -175.866 
     79 234.016 1027 1 1 25.574 -157.901 -174.85 
     79 384.927 1028 1 1 25.65 -158.026 -174.823 
     79 458.701 1029 1 1 25.85 -158.355 -174.753 
     79 444.21 1030 1 1 26.05 -158.678 -174.683 
     79 357.054 1031 1 1 26.25 -158.996 -174.613 
     79 436.348 1032 1 1 26.45 -159.314 -174.542 
     79 108.422 1033 1 1 26.65 -159.632 -174.472 
     79 121.266 1239 2 0 4.09208 67.9596 -146.25 
     79 189.462 1512 2 0 85.2444 122.604 -146.25 
     79 6437.38 807 1 0 -158.926 -18.5606 -176.25 
     79 770.049 82 1 1 -163.595 -18.5693 -174.85 
     79 1098.62 81 1 1 -163.75 -18.5698 -174.802 
     79 979.266 80 1 1 -163.95 -18.5703 -174.741 
     79 1067.78 79 1 1 -164.15 -18.5701 -174.682 
     79 987.141 78 1 1 -164.35 -18.5711 -174.622 
     79 1081.07 77 1 1 -164.55 -18.5721 -174.563 
     79 1109.07 76 1 1 -164.75 -18.5738 -174.505 
     79 0.545437 603 0 1 -59.4497 -20.0404 -204.45 
     79 251.175 602 0 1 -59.45 -20.0401 -204.45 
     79 284.918 601 0 1 -59.65 -19.9007 -204.545 
     79 312.343 600 0 1 -59.85 -19.7613 -204.639 
     79 282.139 599 0 1 -60.05 -19.6218 -204.734 
     79 49.883 598 0 1 -60.25 -19.4824 -204.829 
     79 99.6068 813 0 0 -63.1519 -17.45 -206.223 
     79 16.5903 800 0 0 -57.3245 -19.85 -206.185 
     79 191.189 559 2 1 -68.1627 -149.282 -144.85 
     79 46.4319 155 2 0 -68.4067 -149.092 -145.85 
     79 0.281556 562 2 1 -67.6122 -150.471 -144.85 
     79 118.418 147 2 0 -63.4944 -150.63 -145.85 
     79 19.1652 591 0 0 -143.74 -61.7023 -205.853 
     79 5.63727 805 1 1 -18.9744 12.1489 -174.85 
Number of digits in this event: 76
Using G4ParticleGun... 
Particle energy: 8.52571 LIN
Particle: proton
Event: 80
Number of tracker hits in this event: 28
     80 111.458 1038 11 1 27.6577 49.6399 125.55 
     80 253.617 1147 11 0 27.6576 49.6399 124.15 
     80 123.807 1038 10 1 27.6528 49.6394 95.55 
     80 95.6101 1147 10 0 27.6525 49.6399 94.15 
     80 232.702 1037 9 1 27.6482 49.6522 65.55 
     80 164.705 1148 9 0 27.6461 49.6531 64.15 
     80 111.373 1037 8 1 27.6025 49.6702 35.55 
     80 105.152 1148 8 0 27.6009 49.6707 34.15 
     80 114.797 1037 7 1 27.5696 49.6821 5.55 
     80 151.438 1148 7 0 27.5676 49.6834 4.15 
     80 117.394 1037 6 1 27.5218 49.7112 -24.45 
     80 127.77 1148 6 0 27.5192 49.7119 -25.85 
     80 128.849 1037 5 1 27.4638 49.7249 -54.45 
     80 123.204 1148 5 0 27.4609 49.7232 -55.85 
     80 102.564 1036 4 1 27.4041 49.6873 -84.45 
     80 135.411 1148 4 0 27.4012 49.6852 -85.85 
     80 158.616 1036 3 1 27.3423 49.6413 -114.45 
     80 110.019 1147 3 0 27.3387 49.639 -115.85 
     80 122.492 1036 2 1 27.267 49.5912 -144.45 
     80 128.478 1147 2 0 27.2622 49.5891 -145.85 
     80 112.328 1035 1 1 27.1617 49.5498 -174.45 
     80 96.5177 1147 1 0 27.1548 49.5474 -175.85 
     80 126.075 1034 0 1 27.0163 49.4989 -204.45 
     80 133.814 1147 0 0 27.0107 49.4982 -205.85 
     80 53.8678 1146 11 0 28.4544 49.45 123.94 
     80 156.058 1018 11 0 36.8477 23.8121 123.75 
     80 69.776 1017 11 0 36.8193 23.6496 123.975 
     80 110.559 1082 11 1 36.5765 23.1645 125.151 
Number of digits in this event: 16
Using G4ParticleGun... 
Particle energy: 7.68884 LIN
Particle: proton
Event: 81
Number of tracker hits in this event: 24
     81 103.232 798 11 1 -20.2649 -70.0107 125.55 
     81 130.884 550 11 0 -20.2659 -70.01 124.15 
     81 134.123 798 10 1 -20.2849 -69.9957 95.55 
     81 143.738 550 10 0 -20.2852 -69.9951 94.15 
     81 104.022 798 9 1 -20.2855 -69.9845 65.55 
     81 134.635 550 9 0 -20.2859 -69.9833 64.15 
     81 152.526 798 8 1 -20.2964 -69.9601 35.55 
     81 113.04 550 8 0 -20.297 -69.9586 34.15 
     81 229.94 798 7 1 -20.3034 -69.9271 5.55 
     81 126.991 550 7 0 -20.304 -69.926 4.15 
     81 143.198 798 6 1 -20.3183 -69.9064 -24.45 
     81 148.947 550 6 0 -20.3189 -69.9042 -25.85 
     81 114.096 798 5 1 -20.3334 -69.8633 -54.45 
     81 119.634 550 5 0 -20.3328 -69.8614 -55.85 
     81 134.118 798 4 1 -20.2851 -69.8339 -84.45 
     81 84.4967 551 4 0 -20.2797 -69.8288 -85.85 
     81 124.685 799 3 1 -20.1725 -69.7238 -114.45 
     81 106.063 551 3 0 -20.167 -69.7191 -115.85 
     81 153.833 799 2 1 -20.0552 -69.6234 -144.45 
     81 112.581 552 2 0 -20.0501 -69.6179 -145.85 
     81 104.194 800 1 1 -19.9457 -69.5058 -174.45 
     81 110.529 552 1 0 -19.941 -69.5007 -175.85 
     81 131.618 801 0 1 -19.8469 -69.3938 -204.45 
     81 208.731 553 0 0 -19.8427 -69.3887 -205.85 
Number of digits in this event: 15
Using G4ParticleGun... 
Particle energy: 9.46662 LIN
Particle: proton
Event: 82
Number of tracker hits in this event: 20
     82 92.3274 943 9 1 8.70931 -128.187 65.55 
     82 129.927 259 9 0 8.70943 -128.187 64.15 
     82 166.36 943 8 1 8.70966 -128.186 35.55 
     82 142.85 259 8 0 8.71018 -128.186 34.15 
     82 116.517 943 7 1 8.72264 -128.188 5.55 
     82 120.025 259 7 0 8.72419 -128.188 4.15 
     82 156.092 943 6 1 8.75702 -128.2 -24.45 
     82 136.882 259 6 0 8.75896 -128.201 -25.85 
     82 157.685 943 5 1 8.79616 -128.219 -54.45 
     82 96.1214 259 5 0 8.79736 -128.221 -55.85 
     82 121.194 943 4 1 8.81873 -128.246 -84.45 
     82 106.458 259 4 0 8.82056 -128.247 -85.85 
     82 193.199 944 3 1 8.86039 -128.268 -114.45 
     82 153.527 259 3 0 8.86261 -128.272 -115.85 
     82 149.031 944 2 1 8.90653 -128.364 -144.45 
     82 116.538 258 2 0 8.90863 -128.37 -145.85 
     82 116.482 944 1 1 8.9527 -128.477 -174.45 
     82 117.907 258 1 0 8.9552 -128.483 -175.85 
     82 192.579 944 0 1 9.00358 -128.593 -204.45 
     82 120.584 257 0 0 9.00675 -128.598 -205.85 
Number of digits in this event: 14
Using G4ParticleGun... 
Particle energy: 6.90212 LIN
Particle: proton
Event: 83
Number of tracker hits in this event: 20
     83 136.042 1044 9 1 29.0335 -117.872 65.55 
     83 157.278 311 9 0 29.0348 -117.873 64.15 
     83 102.606 1045 8 1 29.0568 -117.887 35.55 
     83 117.808 311 8 0 29.0581 -117.888 34.15 
     83 141.813 1045 7 1 29.0827 -117.902 5.55 
     83 116.656 311 7 0 29.0838 -117.902 4.15 
     83 112.318 1045 6 1 29.1065 -117.898 -24.45 
     83 132.336 311 6 0 29.1097 -117.898 -25.85 
     83 120.744 1045 5 1 29.1795 -117.896 -54.45 
     83 402.339 311 5 0 29.1833 -117.895 -55.85 
     83 155.512 1046 4 1 29.2622 -117.871 -84.45 
     83 108.002 311 4 0 29.2655 -117.87 -85.85 
     83 99.3178 1046 3 1 29.3316 -117.85 -114.45 
     83 108.167 311 3 0 29.3348 -117.849 -115.85 
     83 123.581 1046 2 1 29.3978 -117.814 -144.45 
     83 127.987 311 2 0 29.4019 -117.811 -145.85 
     83 120.406 1047 1 1 29.4859 -117.755 -174.45 
     83 93.5554 311 1 0 29.4903 -117.752 -175.85 
     83 92.6317 1047 0 1 29.5838 -117.689 -204.45 
     83 105.459 312 0 0 29.5888 -117.687 -205.85 
Number of digits in this event: 11
Using G4ParticleGun... 
Particle energy: 3.77889 LIN
Particle: proton
Event: 84
Number of tracker hits in this event: 27
     84 108.255 773 11 1 -25.3386 -52.9214 125.55 
     84 169.507 635 11 0 -25.3374 -52.9206 124.15 
     84 100.763 773 10 1 -25.3153 -52.9022 95.55 
     84 123.644 635 10 0 -25.3133 -52.9002 94.15 
     84 172.491 773 9 1 -25.2673 -52.8606 65.55 
     84 202.408 635 9 0 -25.2645 -52.8588 64.15 
     84 136.618 774 8 1 -25.2046 -52.8196 35.55 
     84 153.104 636 8 0 -25.2028 -52.8189 34.15 
     84 381.937 774 7 1 -25.1706 -52.8057 5.55 
     84 110.438 636 7 0 -25.1724 -52.8092 4.15 
     84 128.631 774 6 1 -25.2078 -52.8711 -24.45 
     84 104.391 635 6 0 -25.207 -52.8745 -25.85 
     84 122.376 774 5 1 -25.1865 -52.947 -54.45 
     84 212.06 635 5 0 -25.1862 -52.9515 -55.85 
     84 91.1124 774 4 1 -25.1736 -53.0342 -84.45 
     84 104.596 635 4 0 -25.1731 -53.039 -85.85 
     84 217.751 774 3 1 -25.1553 -53.1359 -114.45 
     84 105.574 634 3 0 -25.1549 -53.1403 -115.85 
     84 308.717 774 2 1 -25.1498 -53.2313 -144.45 
     84 90.1609 634 2 0 -25.1495 -53.235 -145.85 
     84 140.15 774 1 1 -25.1353 -53.3105 -174.45 
     84 118.579 633 1 0 -25.1336 -53.315 -175.85 
     84 172.202 774 0 1 -25.0911 -53.4144 -204.45 
     84 103.047 633 0 0 -25.0874 -53.4178 -205.85 
     84 82.8225 634 5 0 -25.2226 -53.05 -55.8982 
     84 24.7096 773 7 1 -25.2501 -53.0182 5.26847 
     84 88.3987 775 7 1 -25.05 -53.1395 5.26814 
Number of digits in this event: 15
Using G4ParticleGun... 
Particle energy: 7.49766 LIN
Particle: proton
Event: 85
Number of tracker hits in this event: 21
     85 116.017 900 9 1 0.234346 123.433 65.55 
     85 154.836 1516 9 0 0.232509 123.43 64.15 
     85 123.53 900 8 1 0.199492 123.381 35.55 
     85 194.113 1516 8 0 0.198676 123.378 34.15 
     85 97.233 900 7 1 0.179883 123.318 5.55 
     85 126.397 1515 7 0 0.179338 123.316 4.15 
     85 88.8585 900 6 1 0.165693 123.285 -24.45 
     85 99.5096 1515 6 0 0.164641 123.284 -25.85 
     85 101.025 900 5 1 0.141812 123.246 -54.45 
     85 121.875 1515 5 0 0.14068 123.245 -55.85 
     85 234.164 900 4 1 0.116419 123.216 -84.45 
     85 95.0356 1515 4 0 0.116039 123.213 -85.85 
     85 131.332 900 3 1 0.108895 123.165 -114.45 
     85 108.923 1515 3 0 0.108723 123.162 -115.85 
     85 94.8343 900 2 1 0.105928 123.118 -144.45 
     85 111.742 1514 2 0 0.105379 123.116 -145.85 
     85 116.401 900 1 1 0.0938202 123.078 -174.45 
     85 119.339 1514 1 0 0.0927321 123.076 -175.85 
     85 108.264 900 0 1 0.0682904 123.023 -204.45 
     85 111.121 1514 0 0 0.0660988 123.021 -205.85 
     85 183.792 685 5 0 -54.6971 -43.0223 -56.0534 
Number of digits in this event: 11
Using G4ParticleGun... 
Particle energy: 8.02182 LIN
Particle: proton
Event: 86
Number of tracker hits in this event: 28
     86 124.513 543 11 1 -71.2719 18.9812 125.55 
     86 93.9548 994 11 0 -71.2715 18.9826 124.15 
     86 100.839 543 10 1 -71.2643 19.0119 95.55 
     86 90.8149 994 10 0 -71.2638 19.0127 94.15 
     86 129.254 543 9 1 -71.2536 19.0271 65.55 
     86 122.73 994 9 0 -71.2539 19.0277 64.15 
     86 103.8 543 8 1 -71.2631 19.0416 35.55 
     86 128.906 994 8 0 -71.2641 19.0418 34.15 
     86 106.03 543 7 1 -71.2835 19.0414 5.55 
     86 132.483 994 7 0 -71.2846 19.0402 4.15 
     86 201.14 543 6 1 -71.307 19.014 -24.45 
     86 173.454 994 6 0 -71.306 19.011 -25.85 
     86 150.015 543 5 1 -71.2869 18.9532 -54.45 
     86 100.087 994 5 0 -71.2856 18.95 -55.85 
     86 240.199 543 4 1 -71.2582 18.8878 -84.45 
     86 104.381 994 4 0 -71.256 18.8854 -85.85 
     86 144.186 544 3 1 -71.2128 18.8332 -114.45 
     86 118.321 993 3 0 -71.2101 18.8307 -115.85 
     86 96.5075 544 2 1 -71.1531 18.7812 -144.45 
     86 121.571 993 2 0 -71.1498 18.7799 -145.85 
     86 139.076 544 1 1 -71.0641 18.7476 -174.45 
     86 95.6888 993 1 0 -71.0595 18.7459 -175.85 
     86 318.347 545 0 1 -70.9674 18.7104 -204.45 
     86 119.818 993 0 0 -70.9622 18.709 -205.85 
     86 448.402 623 6 1 -55.2939 114.162 -24.6691 
     86 173.605 633 3 0 -81.3253 -53.3041 -116.25 
     86 303.071 632 3 0 -81.4387 -53.4501 -116.036 
     86 152.642 992 0 0 -71.148 18.6217 -205.85 
Number of digits in this event: 21
Using G4ParticleGun... 
Particle energy: 7.84522 LIN
Particle: proton
Event: 87
Number of tracker hits in this event: 18
     87 122.738 244 8 1 -131.343 36.6667 35.55 
     87 222.719 1083 8 0 -131.341 36.667 34.15 
     87 113.572 244 7 1 -131.313 36.6758 5.55 
     87 116.28 1083 7 0 -131.311 36.6776 4.15 
     87 130.741 244 6 1 -131.275 36.7087 -24.45 
     87 103.2 1083 6 0 -131.272 36.7115 -25.85 
     87 122.753 244 5 1 -131.223 36.767 -54.45 
     87 219.729 1083 5 0 -131.22 36.7701 -55.85 
     87 98.0416 244 4 1 -131.176 36.833 -84.45 
     87 102.004 1083 4 0 -131.173 36.8353 -85.85 
     87 359.614 245 3 1 -131.118 36.8805 -114.45 
     87 117.442 1084 3 0 -131.116 36.8827 -115.85 
     87 105.789 245 2 1 -131.059 36.921 -144.45 
     87 114.228 1084 2 0 -131.056 36.9239 -145.85 
     87 133.394 245 1 1 -131.007 36.9845 -174.45 
     87 149.191 1084 1 0 -131.005 36.9873 -175.85 
     87 102.559 245 0 1 -130.962 37.0439 -204.45 
     87 125.207 1084 0 0 -130.961 37.0483 -205.85 
Number of digits in this event: 12
Using G4ParticleGun... 
Particle energy: 9.67372 LIN
Particle: proton
Event: 88
Number of tracker hits in this event: 28
     88 111.069 1157 10 1 51.5915 68.6092 95.55 
     88 105.555 1242 10 0 51.5919 68.6094 94.15 
     88 97.355 1157 9 1 51.6023 68.6176 65.55 
     88 106.605 1242 9 0 51.6028 68.6174 64.15 
     88 110.611 1157 8 1 51.61 68.6155 35.55 
     88 241.251 1242 8 0 51.6103 68.6167 34.15 
     88 174.731 1157 7 1 51.613 68.643 5.55 
     88 120.872 1242 7 0 51.6126 68.6441 4.15 
     88 131.025 1157 6 1 51.6054 68.666 -24.45 
     88 143.166 1243 6 0 51.6053 68.6675 -25.85 
     88 254.009 1157 5 1 51.6074 68.6994 -54.45 
     88 116.436 1243 5 0 51.6079 68.7009 -55.85 
     88 323.741 1157 4 1 51.6207 68.7291 -84.45 
     88 103.317 1243 4 0 51.6214 68.7308 -85.85 
     88 103.943 1157 3 1 51.6364 68.7624 -114.45 
     88 115.115 1243 3 0 51.6386 68.7634 -115.85 
     88 112.021 1158 2 1 51.6834 68.7838 -144.45 
     88 136.851 1243 2 0 51.6855 68.785 -145.85 
     88 104.605 1158 1 1 51.7319 68.8117 -174.45 
     88 344.577 1243 1 0 51.7338 68.8125 -175.85 
     88 245.557 1158 0 1 51.7691 68.83 -204.45 
     88 106.87 1243 0 0 51.7713 68.8299 -205.85 
     88 75.5652 1158 7 1 51.6501 68.7832 5.17844 
     88 17.4745 1159 7 1 51.85 68.964 5.18065 
     88 24.294 1250 7 0 53.3518 70.1831 4.15 
     88 66.0612 1251 7 0 53.3695 70.2509 4.09807 
     88 172.069 1252 7 0 53.2788 70.45 4.09982 
     88 350.467 1253 7 0 53.1455 70.65 4.11488 
Number of digits in this event: 13
Using G4ParticleGun... 
Particle energy: 8.84831 LIN
Particle: proton
Event: 89
Number of tracker hits in this event: 75
     89 37.9914 1359 10 0 72.3267 91.9696 93.864 
     89 110.981 1261 9 1 72.3253 91.968 65.55 
     89 94.2041 1359 9 0 72.3246 91.9686 64.15 
     89 160.515 1261 8 1 72.3078 91.9822 35.55 
     89 130.934 1359 8 0 72.3064 91.9832 34.15 
     89 116.353 1261 7 1 72.2741 92.0069 5.55 
     89 137.451 1359 7 0 72.2728 92.0077 4.15 
     89 196.283 1260 6 1 72.2454 92.0235 -24.45 
     89 100.729 1359 6 0 72.2441 92.0251 -25.85 
     89 124.533 1260 5 1 72.2132 92.0561 -54.45 
     89 127.712 1359 5 0 72.2115 92.058 -55.85 
     89 108.959 1260 4 1 72.1794 92.09 -84.45 
     89 154.08 1359 4 0 72.1779 92.0912 -85.85 
     89 104.014 1260 3 1 72.1466 92.1159 -114.45 
     89 99.9325 1359 3 0 72.1457 92.1182 -115.85 
     89 117.129 1260 2 1 72.1298 92.1636 -144.45 
     89 118.319 1360 2 0 72.1283 92.1654 -145.85 
     89 152.303 1260 1 1 72.0975 92.2003 -174.45 
     89 130.687 1360 1 0 72.0964 92.2018 -175.85 
     89 144.536 1260 0 1 72.0705 92.2358 -204.45 
     89 121.755 1360 0 0 72.069 92.2371 -205.85 
     89 569.114 1239 0 0 24.0783 67.87 -205.882 
     89 48.7711 1005 1 0 125.284 21.05 -176.192 
     89 603.237 1370 0 0 80.7049 94.1673 -206.25 
     89 534.521 1306 0 1 81.3099 94.3111 -204.85 
     89 147.698 1307 0 1 81.45 94.3442 -204.525 
     89 584.322 1384 1 0 93.9532 96.9642 -176.25 
     89 640.159 1372 1 1 94.5708 97.0978 -174.85 
     89 632.565 1398 2 0 106.112 99.8447 -146.25 
     89 444.355 1432 2 1 106.674 99.9768 -144.85 
     89 333.061 1433 2 1 106.75 99.9945 -144.661 
     89 901.021 1416 3 0 118.019 103.456 -116.25 
     89 697.93 1492 3 1 118.577 103.621 -114.85 
     89 729.348 1434 4 0 130.223 106.997 -86.25 
     89 670.99 1553 4 1 130.796 107.165 -84.85 
     89 30.3575 1554 4 1 130.95 107.211 -84.4728 
     89 379.59 1456 5 0 141.018 111.521 -56.25 
     89 387.843 1457 5 0 141.087 111.55 -56.058 
     89 202.967 1606 5 1 141.521 111.733 -54.85 
     89 643.643 1607 5 1 141.55 111.745 -54.7699 
     89 734.215 1479 6 0 152.456 115.991 -26.25 
     89 780.918 1664 6 1 152.984 116.194 -24.85 
     89 770.621 1502 7 0 163.761 120.694 3.75 
     89 76.1281 1503 7 0 163.895 120.75 4.1059 
     89 517.972 1720 7 1 164.276 120.914 5.15 
     89 413.103 1721 7 1 164.35 120.946 5.35202 
     89 848.509 1523 8 0 176.45 124.829 33.75 
     89 492.521 1784 8 1 177.039 125.017 35.15 
     89 361.922 1785 8 1 177.15 125.053 35.4159 
     89 622.984 1308 0 0 47.2987 81.749 -206.25 
     89 762.193 1307 0 0 47.0747 81.65 -206.065 
     89 12.0913 1128 0 1 45.6529 80.9998 -204.85 
     89 591.881 1127 0 1 45.65 80.9985 -204.848 
     89 744.959 1126 0 1 45.45 80.9069 -204.676 
     89 181.794 1125 0 1 45.25 80.8141 -204.503 
     89 94.1457 1232 1 0 14.0332 66.4636 -176.25 
     89 1315.71 1231 1 0 14.0037 66.45 -176.223 
     89 115.119 962 1 1 12.4814 65.7449 -174.85 
     89 756.045 961 1 1 12.45 65.7304 -174.822 
     89 737.971 960 1 1 12.25 65.6397 -174.641 
     89 116.384 959 1 1 12.05 65.5514 -174.463 
     89 1344.11 1159 2 0 -24.6441 51.951 -146.25 
     89 1117.89 1158 2 0 -24.9169 51.85 -146.04 
     89 855.811 767 2 1 -26.459 51.2534 -144.85 
     89 956.227 766 2 1 -26.65 51.179 -144.702 
     89 580.73 765 2 1 -26.85 51.1013 -144.551 
     89 1040.15 1064 3 0 -72.9166 32.9128 -116.25 
     89 3564.23 1063 3 0 -73.0756 32.85 -116.152 
     89 493.894 525 3 1 -74.9964 32.1778 -114.85 
     89 2068.2 524 3 1 -75.05 32.1596 -114.813 
     89 2021.81 523 3 1 -75.25 32.0935 -114.677 
     89 2517.64 522 3 1 -75.45 32.0382 -114.557 
     89 47.9149 521 3 1 -75.65 31.9901 -114.452 
     89 159.46 183 14 1 -143.544 153.827 215.38 
     89 10.2322 724 3 0 41.5094 -35.1389 -116.25 
Number of digits in this event: 59
Using G4ParticleGun... 
Particle energy: 7.93669 LIN
Particle: proton
Event: 90
Number of tracker hits in this event: 28
     90 148.327 1057 9 1 31.6008 -116.691 65.55 
     90 172.315 317 9 0 31.6002 -116.691 64.15 
     90 95.0371 1057 8 1 31.5914 -116.695 35.55 
     90 126.116 317 8 0 31.5917 -116.695 34.15 
     90 110.024 1057 7 1 31.599 -116.704 5.55 
     90 107.242 317 7 0 31.5996 -116.704 4.15 
     90 110.39 1057 6 1 31.6155 -116.703 -24.45 
     90 184.036 317 6 0 31.6169 -116.702 -25.85 
     90 153.256 1057 5 1 31.6423 -116.699 -54.45 
     90 180.509 317 5 0 31.6443 -116.7 -55.85 
     90 115.583 1058 4 1 31.6864 -116.707 -84.45 
     90 130.893 317 4 0 31.6887 -116.706 -85.85 
     90 153.266 1058 3 1 31.7343 -116.692 -114.45 
     90 110.888 317 3 0 31.7375 -116.691 -115.85 
     90 110.598 1058 2 1 31.8024 -116.685 -144.45 
     90 127.044 317 2 0 31.8063 -116.685 -145.85 
     90 80.7808 1059 1 1 31.8864 -116.671 -174.45 
     90 107.06 317 1 0 31.8911 -116.67 -175.85 
     90 103.444 1059 0 1 31.9862 -116.65 -204.45 
     90 114.376 317 0 0 31.9912 -116.651 -205.85 
     90 8.79409 1056 6 1 31.4127 -116.699 -24.8499 
     90 64.5526 327 6 0 26.188 -114.67 -25.85 
     90 28.4766 1029 6 1 25.9937 -114.544 -24.8499 
     90 62.8067 333 6 0 26.4035 -113.446 -25.8501 
     90 11.0823 316 9 0 31.463 -116.75 63.7734 
     90 82.8645 467 9 0 -33.7642 -86.4834 63.75 
     90 45.2064 468 9 0 -33.7853 -86.45 63.7615 
     90 23.3983 1415 9 0 19.6216 103.151 63.7501 
Number of digits in this event: 12
Using G4ParticleGun... 
Particle energy: 9.49486 LIN
Particle: proton
Event: 91
Number of tracker hits in this event: 27
     91 142.709 903 11 1 0.843768 61.0223 125.55 
     91 125.33 1204 11 0 0.843595 61.0221 124.15 
     91 110.921 903 10 1 0.841794 61.016 95.55 
     91 132.538 1204 10 0 0.842161 61.0156 94.15 
     91 134.876 903 9 1 0.849878 61.0062 65.55 
     91 115.08 1204 9 0 0.849986 61.0057 64.15 
     91 116.472 903 8 1 0.849013 60.9997 35.55 
     91 124.453 1204 8 0 0.849299 60.9998 34.15 
     91 109.516 904 7 1 0.856556 61.0048 5.55 
     91 123.637 1204 7 0 0.857101 61.0038 4.15 
     91 107.066 904 6 1 0.868495 60.9857 -24.45 
     91 122.235 1204 6 0 0.869127 60.984 -25.85 
     91 173.434 904 5 1 0.879547 60.9489 -54.45 
     91 89.5193 1204 5 0 0.880415 60.9468 -55.85 
     91 107.931 904 4 1 0.898716 60.9029 -84.45 
     91 116.028 1204 4 0 0.899666 60.9018 -85.85 
     91 143.068 904 3 1 0.919776 60.8782 -114.45 
     91 130.835 1204 3 0 0.920914 60.8775 -115.85 
     91 175.596 904 2 1 0.942825 60.8641 -144.45 
     91 105.484 1204 2 0 0.943749 60.8635 -145.85 
     91 93.786 904 1 1 0.961282 60.8506 -174.45 
     91 89.3153 1204 1 0 0.962113 60.8503 -175.85 
     91 111.625 904 0 1 0.979226 60.8453 -204.45 
     91 126.29 1203 0 0 0.980444 60.8453 -205.85 
     91 167.539 1205 11 0 0.874676 61.05 123.81 
     91 115.466 1239 11 0 13.72 68.0329 123.75 
     91 67.9923 1240 11 0 13.7238 68.05 123.822 
Number of digits in this event: 14
Using G4ParticleGun... 
Particle energy: 2.00933 LIN
Particle: proton
Event: 92
Number of tracker hits in this event: 30
     92 115.045 722 11 1 -35.5102 58.8435 125.55 
     92 108.436 1193 11 0 -35.5114 58.8467 124.15 
     92 118.314 722 10 1 -35.5367 58.9157 95.55 
     92 136.813 1194 10 0 -35.5377 58.9184 94.15 
     92 94.3718 722 9 1 -35.5521 58.9876 65.55 
     92 106.269 1194 9 0 -35.5518 58.9924 64.15 
     92 124.49 722 8 1 -35.5355 59.0877 35.55 
     92 162.731 1195 8 0 -35.5371 59.0946 34.15 
     92 150.346 722 7 1 -35.5686 59.2397 5.55 
     92 110.763 1195 7 0 -35.5742 59.2445 4.15 
     92 117.978 721 6 1 -35.68 59.3468 -24.45 
     92 114.226 1196 6 0 -35.6858 59.3477 -25.85 
     92 160.269 721 5 1 -35.7912 59.3811 -54.45 
     92 116.992 1196 5 0 -35.8008 59.3795 -55.85 
     92 234.416 720 4 1 -36.0123 59.3486 -84.45 
     92 250.423 1196 4 0 -36.0258 59.3473 -85.85 
     92 121.417 718 3 1 -36.3035 59.3169 -114.45 
     92 181.444 1196 3 0 -36.3181 59.3192 -115.85 
     92 203.508 717 2 1 -36.6303 59.3625 -144.45 
     92 90.0547 1196 2 0 -36.6417 59.3641 -145.85 
     92 120.854 715 1 1 -36.8751 59.3964 -174.45 
     92 147.504 1196 1 0 -36.8867 59.3966 -175.85 
     92 101.98 714 0 1 -37.1314 59.3924 -204.45 
     92 121.892 1196 0 0 -37.143 59.4008 -205.85 
     92 68.7285 1197 3 0 -36.2687 59.4501 -116.098 
     92 61.9657 1199 4 0 -35.9135 60.0046 -85.85 
     92 156.926 1200 4 0 -35.9252 60.0501 -85.9048 
     92 86.2517 719 4 1 -36.05 59.3449 -84.6981 
     92 103.934 1195 4 0 -36.0674 59.1829 -85.8503 
     92 99.4228 1194 8 0 -35.525 59.05 33.9042 
Number of digits in this event: 15
Using G4ParticleGun... 
Particle energy: 6.57237 LIN
Particle: proton
Event: 93
Number of tracker hits in this event: 16
     93 177.545 160 7 1 -148.072 0.282816 5.55 
     93 169.461 901 7 0 -148.072 0.284199 4.15 
     93 115.633 160 6 1 -148.06 0.311233 -24.45 
     93 100.28 901 6 0 -148.06 0.312029 -25.85 
     93 117.401 160 5 1 -148.057 0.322643 -54.45 
     93 120.082 901 5 0 -148.057 0.322268 -55.85 
     93 107.75 160 4 1 -148.069 0.311406 -84.45 
     93 109.616 901 4 0 -148.07 0.310857 -85.85 
     93 220.276 160 3 1 -148.077 0.302476 -114.45 
     93 106.584 901 3 0 -148.075 0.302284 -115.85 
     93 96.0849 160 2 1 -148.035 0.297821 -144.45 
     93 115.552 901 2 0 -148.033 0.298601 -145.85 
     93 114.419 160 1 1 -148.004 0.312724 -174.45 
     93 215.191 901 1 0 -148.002 0.313461 -175.85 
     93 93.3066 160 0 1 -147.973 0.332183 -204.45 
     93 123.706 901 0 0 -147.972 0.334339 -205.85 
Number of digits in this event: 7
Using G4ParticleGun... 
Particle energy: 6.34719 LIN
Particle: proton
Event: 94
Number of tracker hits in this event: 24
     94 133.925 1108 11 1 41.8377 -42.9278 125.55 
     94 101.096 685 11 0 41.8385 -42.9277 124.15 
     94 144.636 1109 10 1 41.855 -42.9277 95.55 
     94 109.947 685 10 0 41.8572 -42.9272 94.15 
     94 90.2243 1109 9 1 41.8981 -42.9181 65.55 
     94 118.984 685 9 0 41.8998 -42.917 64.15 
     94 103.931 1109 8 1 41.9364 -42.8935 35.55 
     94 165.415 685 8 0 41.938 -42.8936 34.15 
     94 111.09 1109 7 1 41.974 -42.8992 5.55 
     94 142.135 685 7 0 41.9759 -42.8997 4.15 
     94 258.423 1109 6 1 42.0231 -42.9079 -24.45 
     94 205.675 685 6 0 42.0264 -42.9089 -25.85 
     94 111.53 1110 5 1 42.092 -42.9282 -54.45 
     94 121.607 685 5 0 42.0961 -42.9292 -55.85 
     94 156.702 1110 4 1 42.1768 -42.9527 -84.45 
     94 122.066 685 4 0 42.1801 -42.9535 -85.85 
     94 94.5419 1110 3 1 42.2462 -42.9709 -114.45 
     94 109.607 685 3 0 42.2489 -42.9707 -115.85 
     94 90.8126 1111 2 1 42.3055 -42.9712 -144.45 
     94 119.739 685 2 0 42.3075 -42.9718 -145.85 
     94 103.872 1111 1 1 42.3485 -42.9874 -174.45 
     94 103.067 685 1 0 42.3498 -42.9881 -175.85 
     94 95.3772 1111 0 1 42.3783 -43.0021 -204.45 
     94 126.527 685 0 0 42.38 -43.0025 -205.85 
Number of digits in this event: 11
Using G4ParticleGun... 
Particle energy: 1.32069 LIN
Particle: proton
Event: 95
Number of tracker hits in this event: 18
     95 126.076 1517 8 1 123.628 71.0347 35.55 
     95 133.205 1254 8 0 123.622 71.034 34.15 
     95 128.412 1516 7 1 123.501 71.0169 5.55 
     95 129.125 1254 7 0 123.493 71.0234 4.15 
     95 141.015 1515 6 1 123.344 71.1523 -24.45 
     95 147.756 1255 6 0 123.336 71.1599 -25.85 
     95 114.741 1515 5 1 123.152 71.31 -54.45 
     95 127.188 1256 5 0 123.146 71.3167 -55.85 
     95 132.261 1514 4 1 123.021 71.4458 -84.45 
     95 173.291 1257 4 0 123.016 71.4521 -85.85 
     95 122.436 1513 3 1 122.885 71.5994 -114.45 
     95 179.849 1257 3 0 122.877 71.6063 -115.85 
     95 127.347 1512 2 1 122.711 71.7516 -144.45 
     95 109.86 1258 2 0 122.704 71.7559 -145.85 
     95 167.792 1512 1 1 122.567 71.8492 -174.45 
     95 220.796 1259 1 0 122.564 71.8537 -175.85 
     95 139.854 1511 0 1 122.49 71.9651 -204.45 
     95 111.036 1259 0 0 122.483 71.9747 -205.85 
Number of digits in this event: 16
Using G4ParticleGun... 
Particle energy: 5.0179 LIN
Particle: proton
Event: 96
Number of tracker hits in this event: 24
     96 140.342 918 11 1 3.73524 -29.6892 125.55 
     96 110.99 751 11 0 3.73665 -29.6892 124.15 
     96 123.367 918 10 1 3.76433 -29.6922 95.55 
     96 126.51 751 10 0 3.76485 -29.6914 94.15 
     96 95.0688 918 9 1 3.77108 -29.6743 65.55 
     96 118.489 751 9 0 3.77061 -29.6731 64.15 
     96 108.059 918 8 1 3.76189 -29.6469 35.55 
     96 112.219 752 8 0 3.76167 -29.6452 34.15 
     96 95.6794 918 7 1 3.758 -29.6075 5.55 
     96 103.449 752 7 0 3.75657 -29.6054 4.15 
     96 131.817 918 6 1 3.7264 -29.5564 -24.45 
     96 126.406 752 6 0 3.72504 -29.5534 -25.85 
     96 156.87 918 5 1 3.7007 -29.49 -54.45 
     96 107.173 752 5 0 3.70017 -29.4877 -55.85 
     96 126.137 918 4 1 3.68875 -29.4482 -84.45 
     96 112.174 753 4 0 3.68832 -29.4464 -85.85 
     96 131.801 918 3 1 3.67789 -29.4117 -114.45 
     96 105.187 753 3 0 3.67815 -29.4108 -115.85 
     96 136.14 918 2 1 3.68178 -29.3847 -144.45 
     96 133.67 753 2 0 3.68179 -29.3835 -145.85 
     96 139.12 918 1 1 3.67476 -29.3639 -174.45 
     96 122.935 753 1 0 3.67347 -29.3625 -175.85 
     96 176.329 917 0 1 3.64571 -29.3365 -204.45 
     96 120.38 753 0 0 3.64459 -29.3353 -205.85 
Number of digits in this event: 15
Using G4ParticleGun... 
Particle energy: 8.23438 LIN
Particle: proton
Event: 97
Number of tracker hits in this event: 113
     97 125.691 1175 11 1 55.116 -16.7189 125.55 
     97 208.368 816 11 0 55.1157 -16.7187 124.15 
     97 108.574 1175 10 1 55.113 -16.7149 95.55 
     97 95.9295 816 10 0 55.1133 -16.7144 94.15 
     97 120.538 1175 9 1 55.1204 -16.7059 65.55 
     97 167.849 816 9 0 55.1204 -16.7065 64.15 
     97 136.981 1175 8 1 55.115 -16.7194 35.55 
     97 105.825 816 8 0 55.1142 -16.72 34.15 
     97 121.095 1175 7 1 55.1001 -16.7277 5.55 
     97 100.488 816 7 0 55.0987 -16.7276 4.15 
     97 220.753 1175 6 1 55.0678 -16.7235 -24.45 
     97 157.285 816 6 0 55.0662 -16.723 -25.85 
     97 138.537 1174 5 1 55.0324 -16.7131 -54.45 
     97 304.039 816 5 0 55.0301 -16.7129 -55.85 
     97 395.589 1174 4 1 54.9894 -16.7085 -84.45 
     97 127.49 816 4 0 54.9872 -16.7088 -85.85 
     97 107.486 1174 3 1 54.9428 -16.7167 -114.45 
     97 123.335 816 3 0 54.9408 -16.7159 -115.85 
     97 136.753 1174 2 1 54.9004 -16.7048 -144.45 
     97 100.412 816 2 0 54.8978 -16.7027 -145.85 
     97 179.372 1173 1 1 54.8478 -16.6603 -174.45 
     97 135.196 816 1 0 54.8465 -16.6591 -175.85 
     97 114.312 1173 0 1 54.8186 -16.635 -204.45 
     97 136.629 817 0 0 54.817 -16.6342 -205.85 
     97 92.2933 1059 1 1 32.05 -92.352 -174.816 
     97 126.585 216 2 0 -135.751 -136.95 -146.146 
     97 29.4691 215 2 0 -135.948 -136.95 -145.97 
     97 81.1233 315 4 1 -117.05 164.805 -84.45 
     97 70.3111 314 4 1 -117.15 164.801 -84.5708 
     97 9.05682 1164 4 0 76.4141 52.85 -86.1234 
     97 63.5194 1283 4 1 76.7362 53.6271 -84.8499 
     97 125.836 1284 4 1 76.85 53.6808 -84.7381 
     97 41.9743 1285 4 1 77.05 53.6194 -84.784 
     97 40.8349 1166 4 0 77.17 53.4187 -85.85 
     97 138.563 1167 4 0 77.1766 53.45 -85.9275 
     97 11.4171 1036 0 0 71.8839 27.4267 -206.25 
     97 223.949 1037 0 0 71.8857 27.45 -206.211 
     97 9.99002 1038 0 0 71.9012 27.65 -205.88 
     97 161.796 1259 0 1 71.9567 28.2758 -204.85 
     97 85.5895 1126 1 0 72.7744 45.3392 -176.25 
     97 76.6843 1127 1 0 72.7795 45.45 -176.064 
     97 193.381 1263 1 1 72.8034 46.175 -174.85 
     97 97.6503 1209 2 0 74.0044 61.902 -146.25 
     97 74.973 1210 2 0 74.0159 62.05 -145.98 
     97 216.043 1270 2 1 74.0633 62.6607 -144.85 
     97 19.7973 1284 3 0 77.3688 77.0245 -116.25 
     97 145.227 1285 3 0 77.3748 77.05 -116.199 
     97 200.294 1287 3 1 77.5294 77.7274 -114.85 
     97 290.048 1357 4 0 82.0203 91.5935 -86.25 
     97 32.3465 1358 4 0 82.0715 91.75 -85.9269 
     97 177.037 1311 4 1 82.2526 92.267 -84.85 
     97 57.6358 1428 5 0 86.5376 105.918 -56.25 
     97 130.766 1429 5 0 86.5476 105.95 -56.1828 
     97 182.879 1333 5 1 86.7456 106.584 -54.85 
     97 28.9542 1497 6 0 92.1638 119.713 -26.25 
     97 111.855 1498 6 0 92.1794 119.75 -26.1683 
     97 338.143 1361 6 1 92.4175 120.355 -24.85 
     97 154.003 1566 7 0 98.1865 133.408 3.75 
     97 45.0327 1567 7 0 98.2495 133.55 4.06169 
     97 169.594 1391 7 1 98.4739 134.049 5.15 
     97 336.637 1392 7 1 98.55 134.218 5.51951 
     97 150.97 1631 8 0 105.5 146.402 33.75 
     97 19.4218 1632 8 0 105.585 146.55 34.0939 
     97 242.208 1428 8 1 105.846 147.006 35.15 
     97 54.1726 1698 9 0 112.834 159.883 63.75 
     97 97.7763 1699 9 0 112.87 159.95 63.8979 
     97 251.801 1465 9 1 113.178 160.516 65.15 
     97 44.3994 1765 10 0 119.534 173.299 93.75 
     97 97.1658 1766 10 0 119.56 173.35 93.8651 
     97 166.829 1498 10 1 119.848 173.93 95.15 
     97 101.819 1393 7 1 98.7503 134.245 5.33702 
     97 21.1816 1201 3 1 60.4106 -99.0998 -114.553 
     97 12.8514 1717 4 0 -26.6919 163.586 -86.1689 
     97 16.1803 665 0 0 75.5288 -46.8572 -206.25 
     97 633.465 666 0 0 75.5367 -46.85 -206.241 
     97 269.411 667 0 0 75.7586 -46.65 -205.993 
     97 99.5802 1283 0 1 76.7944 -45.7415 -204.85 
     97 504.373 1284 0 1 76.85 -45.6927 -204.789 
     97 250.751 1285 0 1 77.05 -45.5185 -204.568 
     97 99.1314 779 1 0 101.492 -24.0876 -176.25 
     97 554.402 780 1 0 101.535 -24.05 -176.2 
     97 144.974 781 1 0 101.763 -23.85 -175.937 
     97 92.9822 1412 1 1 102.708 -23.0107 -174.85 
     97 520.628 1413 1 1 102.75 -22.9732 -174.801 
     97 249.777 1414 1 1 102.95 -22.7948 -174.575 
     97 447.669 892 2 0 126.228 -1.60733 -146.25 
     97 396.452 893 2 0 126.401 -1.45 -146.04 
     97 496.25 1536 2 1 127.385 -0.568834 -144.85 
     97 456.577 1537 2 1 127.55 -0.420657 -144.65 
     97 58.0083 1001 3 0 151.462 20.4293 -116.25 
     97 627.172 1002 3 0 151.486 20.45 -116.222 
     97 211.231 1003 3 0 151.713 20.65 -115.951 
     97 338.098 1662 3 1 152.642 21.4815 -114.85 
     97 480.306 1663 3 1 152.75 21.5777 -114.723 
     97 78.6117 1664 3 1 152.95 21.7561 -114.482 
     97 234.999 1116 4 0 176.88 43.3795 -86.25 
     97 834.158 1117 4 0 176.958 43.45 -86.158 
     97 122.723 1118 4 0 177.178 43.65 -85.8994 
     97 285.73 1789 4 1 178.058 44.4521 -84.85 
     97 609.331 1790 4 1 178.15 44.5362 -84.7401 
     97 115.001 1791 4 1 178.35 44.719 -84.504 
     97 7.54841 818 1 0 53.5989 -16.2518 -175.85 
     97 119.655 819 1 0 53.5868 -16.25 -175.859 
     97 62.643 820 1 0 53.4345 -16.05 -176.099 
     97 128.995 583 1 0 -12.4253 -63.3213 -176.25 
     97 110.134 582 1 0 -12.3888 -63.45 -176.246 
     97 152.644 815 5 0 54.5634 -16.8504 -56.2048 
     97 157.847 814 5 0 54.7323 -17.05 -56.0033 
     97 99.9469 813 5 0 54.7996 -17.25 -56.0784 
     97 92.6935 900 5 0 25.4212 0.128725 -56.25 
     97 148.083 817 11 0 55.1119 -16.6499 123.975 
     97 36.6135 1173 11 1 54.7959 -16.7452 125.15 
     97 283.243 1174 11 1 54.85 -16.7809 125.225 
Number of digits in this event: 68
Using G4ParticleGun... 
Particle energy: 8.41725 LIN
Particle: proton
Event: 98
Number of tracker hits in this event: 109
     98 112.515 334 9 1 -113.32 43.0748 65.55 
     98 121.769 1115 9 0 -113.32 43.0747 64.15 
     98 104.249 334 8 1 -113.315 43.0717 35.55 
     98 138.091 1115 8 0 -113.315 43.0712 34.15 
     98 99.5811 334 7 1 -113.321 43.0647 5.55 
     98 108.448 1115 7 0 -113.321 43.0647 4.15 
     98 135.359 334 6 1 -113.33 43.0639 -24.45 
     98 104.383 1115 6 0 -113.33 43.0646 -25.85 
     98 97.8596 334 5 1 -113.33 43.0826 -54.45 
     98 151.753 1115 5 0 -113.329 43.0838 -55.85 
     98 116.325 334 4 1 -113.321 43.1117 -84.45 
     98 142.758 1115 4 0 -113.32 43.113 -85.85 
     98 160.125 334 3 1 -113.306 43.1417 -114.45 
     98 134.734 1115 3 0 -113.306 43.1422 -115.85 
     98 106.599 334 2 1 -113.292 43.1527 -144.45 
     98 176.482 1115 2 0 -113.291 43.1537 -145.85 
     98 134.42 334 1 1 -113.278 43.1762 -174.45 
     98 147.178 1115 1 0 -113.278 43.1772 -175.85 
     98 114.184 334 0 1 -113.275 43.1956 -204.45 
     98 106.424 1115 0 0 -113.274 43.1966 -205.85 
     98 88.9001 533 0 1 -73.45 -8.33234 -204.794 
     98 78.9187 532 0 1 -73.45 -8.29545 -204.68 
     98 82.0207 489 1 0 -102.449 -82.1379 -176.25 
     98 170.872 354 2 0 -22.2058 -109.305 -146.25 
     98 116.941 40 2 1 -172.112 -64.4576 -144.85 
     98 82.9975 45 2 1 -171.15 -63.8492 -144.471 
     98 63.1017 39 2 1 -172.15 -64.4803 -144.82 
     98 123.785 38 2 1 -172.35 -64.6285 -144.716 
     98 82.0583 37 2 1 -172.55 -64.838 -144.595 
     98 56.1778 36 2 1 -172.75 -65.026 -144.523 
     98 32.9496 35 2 1 -172.95 -65.1006 -144.493 
     98 17.7663 428 9 0 139.155 -94.3946 63.75 
     98 98.8804 25 5 1 -174.963 -51.1455 -54.85 
     98 295.497 1119 0 0 -98.2038 44.0258 -206.25 
     98 139.281 1120 0 0 -97.964 44.05 -205.971 
     98 107.397 415 0 1 -97.0238 44.1502 -204.85 
     98 505.058 416 0 1 -96.95 44.158 -204.762 
     98 129.473 417 0 1 -96.75 44.176 -204.523 
     98 466.261 1190 1 0 -61.3754 58.0962 -176.25 
     98 178.835 1191 1 0 -60.9867 58.25 -175.94 
     98 9.12337 601 1 1 -59.655 58.8484 -174.85 
     98 314.925 602 1 1 -59.65 58.8507 -174.846 
     98 249.571 603 1 1 -59.45 58.9414 -174.682 
     98 92.83 604 1 1 -59.25 59.032 -174.518 
     98 377.853 1332 2 0 -9.43459 86.4881 -146.25 
     98 285.556 1333 2 0 -9.40204 86.65 -146.146 
     98 267.788 1334 2 0 -9.46104 86.85 -146.036 
     98 208.161 1335 2 0 -9.50418 87.05 -145.929 
     98 323.08 850 2 1 -9.99691 88.8307 -144.85 
     98 1051.33 849 2 1 -10.05 89.0215 -144.734 
     98 205.653 1485 3 0 -17.3001 117.283 -116.25 
     98 717.918 1486 3 0 -17.3174 117.35 -116.181 
     98 570.677 1487 3 0 -17.3714 117.55 -116.001 
     98 23748.6 811 3 1 -17.7675 118.827 -114.85 
     98 157.425 1073 3 1 34.7379 77.2536 -114.787 
     98 389.871 810 3 1 -17.85 118.935 -114.826 
     98 583.33 812 3 1 -17.65 118.932 -114.806 
     98 5920.05 1491 3 0 -15.4883 118.476 -115.85 
     98 532.72 1490 3 0 -14.753 118.35 -116.223 
     98 149.384 777 4 1 -24.5887 138.736 -84.45 
     98 285.082 778 4 1 -24.45 138.797 -84.6809 
     98 81.0603 159 9 1 -148.171 178.425 65.15 
     98 109.75 158 9 1 -148.35 178.827 65.503 
     98 194.755 157 9 1 -148.55 178.954 65.4822 
     98 226.731 1787 9 0 -149.012 177.699 64.1498 
     98 674.251 1126 0 0 -113.041 45.2838 -206.25 
     98 903.576 335 0 1 -113.025 45.4325 -204.85 
     98 759.521 1138 1 0 -112.948 47.8059 -176.25 
     98 193.564 336 1 1 -112.95 47.9099 -174.85 
     98 555.249 335 1 1 -112.95 47.9165 -174.757 
     98 761.929 1139 2 0 -113.032 47.9344 -146.25 
     98 811.38 335 2 1 -113.033 47.9404 -144.85 
     98 863.637 1134 3 0 -113.12 47.0118 -116.25 
     98 836.248 335 3 1 -113.125 46.9678 -114.85 
     98 837.593 1144 4 0 -113.389 48.8557 -86.25 
     98 946.265 333 4 1 -113.411 48.9499 -84.85 
     98 923.067 1154 5 0 -113.107 50.8521 -56.25 
     98 1086.08 335 5 1 -113.095 50.9451 -54.85 
     98 360.839 1170 6 0 -112.765 54.2365 -26.25 
     98 734.285 1171 6 0 -112.763 54.25 -26.1332 
     98 1176.84 337 6 1 -112.737 54.3976 -24.85 
     98 306.377 1189 7 0 -115.571 58.0377 3.75 
     98 988.346 1190 7 0 -115.581 58.05 3.84631 
     98 1233.12 322 7 1 -115.716 58.2201 5.15 
     98 241.898 321 7 1 -115.75 58.2636 5.48107 
     98 1659.79 1209 8 0 -117.87 61.861 33.75 
     98 1733.25 310 8 1 -117.975 62.0279 35.15 
     98 122.959 1168 9 0 -118.826 53.6563 63.75 
     98 2545.68 1167 9 0 -118.827 53.65 63.7709 
     98 3469.89 306 9 1 -118.881 53.2356 65.15 
     98 48.0913 219 3 0 75.4144 -136.309 -116.25 
     98 107.592 218 3 0 75.4356 -136.35 -116.196 
     98 136.042 875 0 0 -71.5764 -4.92208 -206.25 
     98 120.86 541 0 1 -71.7185 -5.02884 -204.85 
     98 110.879 1150 0 0 -123.125 50.1453 -206.25 
     98 46.1075 1151 0 0 -123.278 50.25 -205.97 
     98 45.7778 281 0 1 -123.899 50.6569 -204.85 
     98 162.71 280 0 1 -123.95 50.6902 -204.758 
     98 87.1281 1205 1 0 -140.779 61.1823 -176.25 
     98 81.7758 1206 1 0 -140.888 61.25 -176.066 
     98 102.519 192 1 1 -141.597 61.692 -174.85 
     98 113.576 191 1 1 -141.75 61.7872 -174.588 
     98 206.474 1252 2 0 -156.237 70.4668 -146.25 
     98 145.531 115 2 1 -156.955 70.9075 -144.85 
     98 7.99026 114 2 1 -157.15 71.0286 -144.47 
     98 189.007 1303 3 0 -172.449 80.7191 -116.25 
     98 29.2794 1304 3 0 -172.656 80.85 -115.869 
     98 91.5267 34 3 1 -173.216 81.1962 -114.85 
     98 59.3509 33 3 1 -173.35 81.2786 -114.607 
Number of digits in this event: 74
Using G4ParticleGun... 
Particle energy: 6.97601 LIN
Particle: proton
Event: 99
Number of tracker hits in this event: 178
     99 193.875 780 11 1 -23.9251 33.112 125.55 
     99 116.469 1065 11 0 -23.9259 33.111 124.15 
     99 115.011 780 10 1 -23.9401 33.088 95.55 
     99 104.905 1065 10 0 -23.9401 33.0868 94.15 
     99 132.382 780 9 1 -23.9397 33.0685 65.55 
     99 136.16 1065 9 0 -23.938 33.0677 64.15 
     99 135.924 780 8 1 -23.9047 33.0474 35.55 
     99 199.464 1064 8 0 -23.9037 33.0466 34.15 
     99 127.069 780 7 1 -23.8804 33.0363 5.55 
     99 108.83 1064 7 0 -23.8798 33.0359 4.15 
     99 155.399 780 6 1 -23.8653 33.0273 -24.45 
     99 105.506 1064 6 0 -23.866 33.0271 -25.85 
     99 163.349 780 5 1 -23.88 33.0205 -54.45 
     99 125.848 1064 5 0 -23.8807 33.0202 -55.85 
     99 122.764 780 4 1 -23.8969 33.0135 -84.45 
     99 95.1698 1064 4 0 -23.8984 33.0129 -85.85 
     99 184.78 780 3 1 -23.9358 32.999 -114.45 
     99 143.401 1064 3 0 -23.9368 32.9977 -115.85 
     99 105.903 780 2 1 -23.9574 32.9708 -144.45 
     99 123.407 1064 2 0 -23.9575 32.9693 -145.85 
     99 107.312 780 1 1 -23.9584 32.9371 -174.45 
     99 378.171 1064 1 0 -23.9596 32.9366 -175.85 
     99 136.312 780 0 1 -23.9812 32.9258 -204.45 
     99 104.393 1064 0 0 -23.9824 32.9253 -205.85 
     99 104.28 574 2 0 -30.3788 -65.1662 -146.25 
     99 23.7336 793 2 1 -21.45 -62.4327 -144.766 
     99 53.2003 512 5 1 -77.45 -49.3523 -54.7496 
     99 160.701 794 2 1 -21.25 -62.3708 -144.764 
     99 193.774 573 2 0 -30.1241 -65.2506 -145.899 
     99 129.998 634 0 1 -53.1242 -53.374 -204.45 
     99 141.582 630 0 0 -53.098 -53.9087 -205.85 
     99 46.4483 629 0 0 -53.1928 -54.05 -206.148 
     99 4.5064 588 0 0 -44.1055 -62.2519 -206.25 
     99 196.852 589 0 0 -44.1019 -62.25 -206.243 
     99 34.9715 686 0 1 -42.7192 -60.562 -204.85 
     99 226.559 687 0 1 -42.6499 -60.5397 -204.783 
     99 23.7195 1678 5 0 -113.328 155.83 -56.1012 
     99 45.8351 1004 0 0 -74.9975 20.9147 -206.25 
     99 77.7282 1003 0 0 -74.9722 20.8498 -206.192 
     99 81.5024 1002 0 0 -74.9148 20.65 -206.025 
     99 20.9171 1001 0 0 -74.8841 20.45 -205.896 
     99 204.507 525 0 1 -74.8892 19.0529 -204.85 
     99 85.6119 929 1 0 -81.7948 6.0263 -176.249 
     99 114.759 928 1 0 -81.8432 5.85 -175.928 
     99 113.196 490 1 1 -81.9166 4.96009 -174.85 
     99 123.571 1001 2 0 -88.7405 20.42 -146.25 
     99 252.695 1082 0 0 -104.144 36.4915 -206.25 
     99 139.939 366 0 1 -106.78 36.667 -204.85 
     99 147.909 365 0 1 -106.95 36.6782 -204.761 
     99 172.562 364 0 1 -107.15 36.6917 -204.656 
     99 58.9387 363 0 1 -107.35 36.707 -204.555 
     99 4.2545 362 0 1 -107.55 36.7232 -204.458 
     99 79.9641 1112 1 0 -165.789 42.6221 -176.25 
     99 227.982 1113 1 0 -166.063 42.65 -176.122 
     99 3.79004 56 1 1 -168.937 43.037 -174.85 
     99 172.821 55 1 1 -168.95 43.0388 -174.844 
     99 221.385 54 1 1 -169.151 43.0671 -174.757 
     99 100.351 53 1 1 -169.35 43.0976 -174.673 
     99 56.3537 52 1 1 -169.55 43.1275 -174.586 
     99 31.0236 51 1 1 -169.75 43.1578 -174.498 
     99 215.433 1077 0 0 -103.651 35.501 -206.25 
     99 1.35027 371 0 1 -105.941 35.5871 -204.85 
     99 64.5925 370 0 1 -105.95 35.5874 -204.844 
     99 56.3187 369 0 1 -106.15 35.5941 -204.721 
     99 60.7955 368 0 1 -106.35 35.5997 -204.593 
     99 81.0491 367 0 1 -106.55 35.6052 -204.462 
     99 387.945 1077 1 0 -174.32 35.6453 -176.25 
     99 48.9269 14 1 1 -177.192 35.7037 -174.85 
     99 59.138 13 1 1 -177.35 35.709 -174.773 
     99 66.7744 12 1 1 -177.55 35.716 -174.673 
     99 73.5816 11 1 1 -177.75 35.7193 -174.572 
     99 9.76879 10 1 1 -177.95 35.7231 -174.473 
     99 48.1482 1345 2 0 -173.328 89.1002 -146.25 
     99 47.5768 1346 2 0 -173.31 89.25 -146.166 
     99 73.7597 1347 2 0 -173.298 89.45 -146.096 
     99 150.624 1348 2 0 -173.271 89.6501 -145.996 
     99 1.56129 1349 2 0 -173.218 89.85 -145.856 
     99 100.22 37 2 1 -172.721 91.0656 -144.85 
     99 77.7883 38 2 1 -172.55 91.3229 -144.65 
     99 20.7895 39 2 1 -172.35 91.5094 -144.477 
     99 11.7695 728 0 0 -48.8329 -34.4156 -206.25 
     99 69.1574 727 0 0 -48.8214 -34.45 -206.241 
     99 60.9988 726 0 0 -48.7733 -34.65 -206.235 
     99 40.4043 725 0 0 -48.7215 -34.85 -206.248 
     99 173.721 333 0 1 -113.467 36.2692 -204.45 
     99 11.5613 332 0 1 -113.55 35.9183 -204.817 
     99 55.3475 1076 0 0 -113.677 35.3196 -205.85 
     99 123.825 1075 0 0 -113.606 35.25 -206.03 
     99 169.379 1089 0 0 -90.3953 37.905 -206.249 
     99 37.6513 441 0 1 -91.9069 38.3812 -204.85 
     99 61.6952 440 0 1 -91.95 38.3953 -204.811 
     99 91.6332 439 0 1 -92.15 38.4672 -204.651 
     99 56.6759 438 0 1 -92.3503 38.5483 -204.512 
     99 64.7376 437 0 1 -92.5825 38.7013 -204.45 
     99 98.0143 436 0 1 -92.75 38.8172 -204.59 
     99 20.6597 435 0 1 -92.9501 39.0039 -204.807 
     99 55.4412 1100 0 0 -93.9012 40.1223 -205.85 
     99 91.8321 1101 0 0 -94.0215 40.25 -205.973 
     99 102.845 1102 0 0 -94.2475 40.45 -206.12 
     99 4.67548 1103 0 0 -94.4665 40.65 -206.244 
     99 246.934 1070 0 0 -98.5493 34.0872 -206.25 
     99 3.94204 398 0 1 -100.535 34.0585 -204.85 
     99 65.9518 397 0 1 -100.55 34.0581 -204.839 
     99 83.0847 396 0 1 -100.75 34.0533 -204.695 
     99 44.4457 395 0 1 -100.95 34.0488 -204.551 
     99 457.296 1050 1 0 -147.969 30.2015 -176.25 
     99 35.9151 148 1 1 -150.417 30.0877 -174.85 
     99 87.604 147 1 1 -150.55 30.0841 -174.774 
     99 68.7334 146 1 1 -150.75 30.0841 -174.662 
     99 79.3209 145 1 1 -150.95 30.0872 -174.553 
     99 116.38 1098 0 0 -94.9325 39.768 -206.25 
     99 81.8832 1099 0 0 -95.2776 39.85 -206.007 
     99 19.2186 416 0 1 -96.8867 40.2634 -204.85 
     99 89.5526 415 0 1 -96.95 40.2797 -204.805 
     99 79.7069 414 0 1 -97.15 40.3316 -204.659 
     99 26.2022 413 0 1 -97.35 40.3828 -204.512 
     99 621.188 1057 0 0 -121.4 31.6192 -206.25 
     99 14.4807 274 0 1 -125.291 31.4114 -204.85 
     99 60.0768 273 0 1 -125.35 31.4082 -204.829 
     99 51.9883 272 0 1 -125.55 31.3975 -204.755 
     99 65.4778 271 0 1 -125.75 31.386 -204.682 
     99 55.8498 270 0 1 -125.95 31.3749 -204.609 
     99 73.634 269 0 1 -126.15 31.3644 -204.534 
     99 5.30144 268 0 1 -126.35 31.3533 -204.459 
     99 671.796 264 0 1 -127.232 30.8237 -204.45 
     99 55.2532 263 0 1 -127.35 29.3759 -204.471 
     99 93.7714 1043 0 0 -126.035 28.7685 -205.85 
     99 123.771 1042 0 0 -125.758 28.65 -205.987 
     99 12.2148 1041 0 0 -125.399 28.4499 -206.213 
     99 79.9869 938 0 0 -109.885 7.84452 -206.25 
     99 47.7544 939 0 0 -109.839 7.85014 -205.964 
     99 114.279 351 0 1 -109.938 8.65762 -204.849 
     99 264.881 350 0 1 -109.95 8.68576 -204.803 
     99 30.2369 352 0 1 -109.75 9.08471 -204.767 
     99 124.832 942 0 0 -109.3 8.52455 -205.85 
     99 244.34 941 0 0 -109.238 8.45 -205.947 
     99 28.6095 1322 0 0 -105.37 84.45 -206.21 
     99 21.2072 1032 0 0 -127.061 26.65 -206.03 
     99 152.021 267 0 1 -126.575 31.3279 -204.45 
     99 110.925 1054 0 0 -126.818 30.9551 -205.85 
     99 216.282 1058 0 0 -121.543 31.6506 -206.206 
     99 221.018 1062 0 0 -104.011 32.5986 -206.25 
     99 2.39277 80 1 1 -164.14 32.9222 -174.85 
     99 68.9648 79 1 1 -164.15 32.9222 -174.845 
     99 79.9699 78 1 1 -164.35 32.9218 -174.742 
     99 91.3207 77 1 1 -164.55 32.9222 -174.639 
     99 50.6555 76 1 1 -164.75 32.9217 -174.535 
     99 191.82 1599 4 0 -163.025 140.003 -86.25 
     99 2.85428 239 1 1 -132.158 19.2439 -174.45 
     99 98.4121 240 1 1 -132.15 19.2452 -174.46 
     99 187.754 241 1 1 -131.95 19.2759 -174.62 
     99 219.414 242 1 1 -131.75 19.2734 -174.799 
     99 447.527 532 0 0 -134.98 -73.4866 -206.25 
     99 419.428 531 0 0 -135.273 -73.65 -206.049 
     99 305.293 214 0 1 -137.161 -74.7896 -204.85 
     99 384.448 213 0 1 -137.35 -74.9045 -204.731 
     99 431.712 212 0 1 -137.55 -75.0213 -204.619 
     99 271.822 211 0 1 -137.75 -75.1477 -204.504 
     99 1481.98 549 1 0 -174.516 -70.2065 -176.25 
     99 481.713 18 1 1 -176.386 -70.132 -174.85 
     99 614.821 17 1 1 -176.55 -70.1277 -174.728 
     99 674.579 16 1 1 -176.75 -70.1136 -174.587 
     99 69.6936 1176 0 0 12.4997 55.3452 -206.249 
     99 96.3368 1177 0 0 12.5916 55.45 -206.118 
     99 18.7225 1178 0 0 12.7525 55.65 -205.908 
     99 61.4838 966 0 1 13.3591 56.4247 -204.85 
     99 172.491 967 0 1 13.4501 56.5506 -204.683 
     99 163.58 968 0 1 13.65 56.8801 -204.649 
     99 88.7295 969 0 1 13.8501 57.0284 -204.684 
     99 190.889 970 0 1 14.05 57.1056 -204.669 
     99 1.43401 164 3 0 -58.9104 -147.347 -116.25 
     99 81.1626 163 3 0 -58.9148 -147.35 -116.248 
     99 44.9783 461 1 0 -15.7102 -87.7301 -176.25 
     99 23.319 896 0 1 -0.821818 -56.9508 -204.45 
     99 199.476 460 1 0 -15.7673 -87.8501 -176.131 
     99 71.7701 818 1 1 -16.4307 -87.5739 -174.85 
     99 106.776 817 1 1 -16.4501 -87.5411 -174.833 
     99 269.974 781 11 1 -23.85 33.1606 125.255 
Number of digits in this event: 69
 Run terminated.
Run Summary
  Number of events processed : 100
  User=2.320000s Real=2.850359s Sys=0.020000s
End of Run 0
/gun/particle gamma
/gun/energy 1 GeV
/gun/sourceType 2
/run/beamOn 100

========= Table of registered couples ============================

Index : 0     used in the geometry : Yes
 Material : Galactic
 Range cuts        :  gamma  100 um     e-  100 um     e+  100 um  proton 100 um 
 Energy thresholds :  gamma  250 eV     e-  250 eV     e+  250 eV  proton 10 keV
 Region(s) which use this couple : 
    DefaultRegionForTheWorld

Index : 1     used in the geometry : Yes
 Material : CesiumIodide
 Range cuts        :  gamma  100 um     e-  100 um     e+  100 um  proton 100 um 
 Energy thresholds :  gamma  9.28719 keV    e-  144.613 keV    e+  141.078 keV proton 10 keV
 Region(s) which use this couple : 
    DefaultRegionForTheWorld

Index : 2     used in the geometry : Yes
 Material : Silicon
 Range cuts        :  gamma  100 um     e-  100 um     e+  100 um  proton 100 um 
 Energy thresholds :  gamma  2.32189 keV    e-  121.99 keV    e+  119.775 keV proton 10 keV
 Region(s) which use this couple : 
    DefaultRegionForTheWorld

Index : 3     used in the geometry : Yes
 Material : Tungsten
 Range cuts        :  gamma  100 um     e-  100 um     e+  100 um  proton 100 um 
 Energy thresholds :  gamma  36.2769 keV    e-  351.944 keV    e+  338.136 keV proton 10 keV
 Region(s) which use this couple : 
    DefaultRegionForTheWorld

Index : 4     used in the geometry : Yes
 Material : Scintillator
 Range cuts        :  gamma  100 um     e-  100 um     e+  100 um  proton 100 um 
 Energy thresholds :  gamma  1.00819 keV    e-  86.3911 keV    e+  85.2484 keV proton 10 keV
 Region(s) which use this couple : 
    DefaultRegionForTheWorld

==================================================================

### Run 1 starts.
### Run 1 starts (master).
/vis/scene/notifyHandlers
WARNING: Scene "none" not found.
  /vis/scene/list to see scenes.
Opening output file gammaraytel ... 
-------- WWWW ------- G4Exception-START -------- WWWW -------
*** G4Exception : Analysis_W001
      issued by : G4BaseAnalysisManager::SetFirstId
Cannot set FirstId as its value was already used.
*** This is just a warning message. ***
-------- WWWW -------- G4Exception-END --------- WWWW -------


-------- WWWW ------- G4Exception-START -------- WWWW -------
*** G4Exception : Analysis_W001
      issued by : G4BaseAnalysisManager::SetFirstId
Cannot set FirstId as its value was already used.
*** This is just a warning message. ***
-------- WWWW -------- G4Exception-END --------- WWWW -------

 done
Using G4ParticleGun... 
Particle energy: 3.00694 LIN
Particle: gamma
Event: 0
Number of tracker hits in this event: 80
      0 270.745 1567 7 1 133.567 -28.9055 5.55 
      0 241.835 755 7 0 133.569 -28.9062 4.15 
      0 318.343 1567 6 1 133.612 -28.93 -24.45 
      0 304.23 755 6 0 133.613 -28.9306 -25.85 
      0 313.989 1567 5 1 133.629 -28.9368 -54.45 
      0 237.148 755 5 0 133.625 -28.9404 -55.85 
      0 130.996 1567 4 1 133.552 -29.034 -84.45 
      0 96.163 755 4 0 133.547 -29.0375 -85.85 
      0 136.395 1566 3 1 133.464 -29.1162 -114.45 
      0 147.972 754 3 0 133.459 -29.1172 -115.85 
      0 275.196 1566 2 1 133.353 -29.1223 -144.45 
      0 401.557 754 2 0 133.345 -29.1189 -145.85 
      0 141.51 1565 1 1 133.182 -29.0618 -174.45 
      0 97.1135 754 1 0 133.173 -29.0627 -175.85 
      0 106.049 1564 0 1 132.991 -29.0707 -204.45 
      0 106.378 754 0 0 132.979 -29.0665 -205.85 
      0 294.222 1565 2 1 133.35 -29.1572 -144.45 
      0 113.057 753 2 0 133.117 -29.429 -145.85 
      0 208.188 752 2 0 133.073 -29.4501 -146.011 
      0 71.0885 1520 1 1 124.222 -33.7264 -174.45 
      0 118.492 1521 1 1 124.35 -33.5576 -174.657 
      0 65.7616 738 1 0 125.2 -32.4136 -175.85 
      0 246.636 739 1 0 125.33 -32.25 -176.016 
      0 141.78 740 1 0 125.528 -32.05 -176.223 
      0 127.053 1562 1 1 132.636 -31.5349 -174.45 
      0 3.86039 1561 1 1 132.55 -31.5323 -174.834 
      0 112.921 742 1 0 132.304 -31.5219 -175.85 
      0 122.599 1523 0 1 124.936 -30.7716 -204.45 
      0 94.6616 746 0 0 124.789 -30.7189 -205.85 
      0 223.471 755 2 0 133.639 -28.987 -145.85 
      0 133.521 1579 1 1 135.991 -27.3553 -174.45 
      0 33.83 1580 1 1 136.15 -27.2201 -174.776 
      0 25.0768 765 1 0 136.735 -26.8668 -175.85 
      0 529.897 766 1 0 136.763 -26.85 -175.904 
      0 66.1539 1519 1 0 140.517 124.131 -176.25 
      0 83.0269 1520 1 0 140.713 124.15 -176.078 
      0 4.54181 1609 1 1 142.136 124.624 -174.85 
      0 60.2907 1610 1 1 142.15 124.629 -174.838 
      0 79.6026 1611 1 1 142.35 124.674 -174.657 
      0 11.9009 1612 1 1 142.551 124.675 -174.478 
      0 116.091 1568 4 1 133.829 -28.8325 -84.45 
      0 235.8 756 4 0 133.841 -28.8289 -85.85 
      0 369.73 1569 3 1 134.099 -28.7474 -114.45 
      0 390.557 756 3 0 134.104 -28.741 -115.85 
      0 239.429 1570 2 1 134.155 -28.6615 -144.45 
      0 134.589 757 2 0 134.163 -28.6318 -145.85 
      0 272.266 1570 1 1 134.333 -28.1212 -174.45 
      0 212.057 759 1 0 134.337 -28.1152 -175.85 
      0 400.529 1571 0 1 134.376 -28.0232 -204.45 
      0 134.666 760 0 0 134.382 -28.0193 -205.85 
      0 59.483 1572 2 1 134.55 -28.6192 -144.699 
      0 76.403 1009 8 0 100.461 21.8502 33.75 
      0 200.977 1010 8 0 100.43 22.05 33.8434 
      0 12.3118 1393 8 1 98.8434 20.8531 35.15 
      0 200.759 998 8 0 97.0283 19.6799 34.15 
      0 117.787 759 2 0 134.303 -28.1539 -145.85 
      0 113.075 761 0 0 134.382 -27.7228 -205.85 
      0 68.2136 750 0 0 135.376 -29.871 -205.85 
      0 81.081 749 0 0 135.472 -30.05 -205.906 
      0 77.2863 748 0 0 135.437 -30.25 -205.944 
      0 76.5969 747 0 0 135.391 -30.45 -205.929 
      0 177.148 1577 0 1 135.562 -30.568 -204.85 
      0 7.87182 1576 0 1 135.55 -30.5903 -204.803 
      0 125.418 1578 0 1 135.75 -30.5107 -204.736 
      0 164.075 1573 2 1 134.924 -28.5211 -144.45 
      0 103.786 758 2 0 134.95 -28.4274 -145.852 
      0 114.665 1576 1 1 135.527 -26.8768 -174.45 
      0 187.287 1577 1 1 135.55 -26.8642 -174.605 
      0 137.253 1607 0 1 141.673 -26.1109 -204.45 
      0 136.979 770 0 0 141.445 -26.0382 -205.85 
      0 65.8815 767 1 0 135.885 -26.65 -176.217 
      0 33.4073 1610 0 1 142.29 -22.1452 -204.45 
      0 115.356 1611 0 1 142.35 -22.1082 -204.558 
      0 55.8578 791 0 0 143.123 -21.7072 -205.85 
      0 60.3123 792 0 0 143.227 -21.65 -206.032 
      0 161.643 696 1 0 97.6126 -40.8365 -176.25 
      0 185.134 697 1 0 97.5242 -40.65 -176.181 
      0 37.9767 762 1 0 135.883 -27.5545 -175.85 
      0 141.4 761 1 0 135.899 -27.65 -175.972 
      0 27.2922 760 1 0 135.863 -27.8501 -176.168 
Number of digits in this event: 43
Using G4ParticleGun... 
Particle energy: 1.82211 LIN
Particle: gamma
Event: 1
Number of tracker hits in this event: 6
      1 39.5707 269 8 0 77.0069 -126.225 33.75 
      1 92.8277 1534 1 0 -126.926 127.107 -176.25 
      1 215.53 1533 1 0 -126.776 126.95 -176.009 
      1 2.13561 1532 1 0 -126.653 126.75 -175.854 
      1 4.00534 261 1 1 -127.941 125.243 -174.85 
      1 310.926 260 1 1 -127.95 125.239 -174.841 
Number of digits in this event: 4
Using G4ParticleGun... 
Particle energy: 6.70059 LIN
Particle: gamma
Event: 2
Number of tracker hits in this event: 0
Number of digits in this event: 1
Using G4ParticleGun... 
Particle energy: 2.39041 LIN
Particle: gamma
Event: 3
Number of tracker hits in this event: 22
      3 252.268 434 5 1 -93.1555 -32.3755 -54.45 
      3 336.907 738 5 0 -93.157 -32.3757 -55.85 
      3 123.189 434 4 1 -93.1974 -32.3753 -84.45 
      3 361.342 738 4 0 -93.1997 -32.3813 -85.85 
      3 157.12 434 3 1 -93.2337 -32.4955 -114.45 
      3 99.0626 737 3 0 -93.2381 -32.5058 -115.85 
      3 108.044 434 2 1 -93.3256 -32.7113 -144.45 
      3 237.721 736 2 0 -93.3315 -32.7197 -145.85 
      3 169.343 433 1 1 -93.4614 -32.9919 -174.45 
      3 117.106 735 1 0 -93.474 -33.0058 -175.85 
      3 103.656 431 0 1 -93.7516 -33.301 -204.45 
      3 149.639 733 0 0 -93.7615 -33.3181 -205.85 
      3 266.622 432 1 1 -93.55 -32.9185 -174.771 
      3 113.29 435 4 1 -93.1403 -32.4263 -84.45 
      3 104.751 435 3 1 -93.0945 -32.3095 -114.45 
      3 151.461 738 3 0 -93.0836 -32.2944 -115.85 
      3 266.195 436 2 1 -92.8883 -31.9897 -144.45 
      3 128.001 740 2 0 -92.8756 -31.9719 -145.85 
      3 127.208 437 1 1 -92.637 -31.6391 -174.45 
      3 114.907 742 1 0 -92.6196 -31.6207 -175.85 
      3 125.282 439 0 1 -92.2213 -31.2273 -204.45 
      3 139.884 744 0 0 -92.1776 -31.2089 -205.85 
Number of digits in this event: 17
Using G4ParticleGun... 
Particle energy: 1.19505 LIN
Particle: gamma
Event: 4
Number of tracker hits in this event: 0
Number of digits in this event: 2
Using G4ParticleGun... 
Particle energy: 5.79646 LIN
Particle: gamma
Event: 5
Number of tracker hits in this event: 4
      5 98.7309 705 0 0 -84.4742 -38.9669 -206.25 
      5 86.6633 706 0 0 -84.4573 -38.85 -206.058 
      5 203.379 477 0 1 -84.5672 -38.0643 -204.85 
      5 267.511 476 0 1 -84.65 -37.7049 -204.626 
Number of digits in this event: 4
Using G4ParticleGun... 
Particle energy: 3.18056 LIN
Particle: gamma
Event: 6
Number of tracker hits in this event: 24
      6 735.236 774 3 1 -25.2343 18.4012 -114.45 
      6 213.992 991 3 0 -25.2341 18.4009 -115.85 
      6 265.413 774 2 1 -25.2268 18.3801 -144.45 
      6 251.047 991 2 0 -25.232 18.387 -145.85 
      6 204.775 773 1 1 -25.3211 18.5589 -174.45 
      6 102.047 992 1 0 -25.3238 18.5676 -175.85 
      6 341.776 773 0 1 -25.3806 18.7145 -204.45 
      6 151.104 993 0 0 -25.3867 18.7264 -205.85 
      6 147.225 875 0 0 13.2825 -4.88045 -206.25 
      6 146.476 375 7 0 81.7443 -104.99 3.75 
      6 122.407 1310 7 1 82.1071 -105.452 5.15 
      6 9.07247 286 8 0 79.7443 -122.936 33.75 
      6 119.861 285 8 0 79.7426 -122.95 33.7737 
      6 31.9191 284 8 0 79.7323 -123.15 34.0807 
      6 228.751 1299 8 1 79.9366 -124.61 35.1503 
      6 75.2808 1300 8 1 80.0502 -125.296 35.548 
      6 54.0815 1301 8 1 80.2506 -125.468 35.5363 
      6 4.42352 773 3 1 -25.2502 18.3581 -114.672 
      6 154.611 775 3 1 -25.05 18.3839 -114.716 
      6 130.568 991 1 0 -25.3036 18.4005 -175.85 
      6 98.8139 992 0 0 -25.4303 18.4622 -205.85 
      6 52.1112 700 1 1 -39.935 113.815 -174.45 
      6 260.088 699 1 1 -40.05 113.91 -174.489 
      6 269.568 774 0 1 -25.25 18.4916 -204.623 
Number of digits in this event: 16
Using G4ParticleGun... 
Particle energy: 9.72589 LIN
Particle: gamma
Event: 7
Number of tracker hits in this event: 4
      7 284.798 1012 3 0 110.87 22.5785 -116.25 
      7 149.454 1013 3 0 110.868 22.65 -116.189 
      7 215.634 1633 2 0 112.98 146.812 -146.25 
      7 19.2496 1632 2 0 112.926 146.75 -146.205 
Number of digits in this event: 6
Using G4ParticleGun... 
Particle energy: 5.50306 LIN
Particle: gamma
Event: 8
Number of tracker hits in this event: 6
      8 154.597 448 2 0 -61.5341 -90.4652 -146.25 
      8 99.6963 449 2 0 -61.9867 -90.3499 -146.019 
      8 45.7726 575 2 1 -64.9436 -89.5172 -144.85 
      8 89.9808 574 2 1 -65.05 -89.5032 -144.767 
      8 308.685 573 2 1 -65.25 -89.5346 -144.651 
      8 439.122 572 2 1 -65.45 -89.6212 -144.582 
Number of digits in this event: 5
Using G4ParticleGun... 
Particle energy: 2.70897 LIN
Particle: gamma
Event: 9
Number of tracker hits in this event: 0
Number of digits in this event: 1
Using G4ParticleGun... 
Particle energy: 4.5602 LIN
Particle: gamma
Event: 10
Number of tracker hits in this event: 128
     10 210.842 640 11 1 -51.8621 -16.7224 125.55 
     10 284.523 817 11 0 -51.9267 -16.6439 124.149 
     10 9.73801 628 10 1 -54.2836 -15.3133 95.55 
     10 70.148 629 10 1 -54.25 -15.3473 95.523 
     10 88.749 630 10 1 -54.0498 -15.5263 95.3719 
     10 13.1484 631 10 1 -53.8495 -15.6934 95.1856 
     10 74.2243 817 10 0 -52.7813 -16.5174 94.15 
     10 247.274 816 10 0 -52.5899 -16.6502 93.9283 
     10 101.41 783 9 1 -23.4072 -31.4224 65.55 
     10 75.614 784 9 1 -23.25 -31.2457 65.3191 
     10 53.2448 749 9 0 -22.7327 -30.1987 64.15 
     10 81.769 750 9 0 -22.683 -30.05 64.0097 
     10 58.6341 751 9 0 -22.6298 -29.8499 63.8927 
     10 69.8268 752 9 0 -22.6192 -29.65 63.7655 
     10 401.639 787 8 1 -22.503 23.2107 35.55 
     10 113.155 786 8 1 -22.6502 22.8104 35.3942 
     10 208.431 785 8 1 -22.85 22.4906 35.3772 
     10 115.727 784 8 1 -23.05 22.2364 35.368 
     10 60.769 783 8 1 -23.25 22.1394 35.3281 
     10 74.6738 782 8 1 -23.4501 22.0967 35.2449 
     10 148.514 781 8 1 -23.65 22.001 35.1841 
     10 90.977 780 8 1 -23.85 21.9784 35.2517 
     10 66.2843 1012 8 0 -26.2484 22.5469 34.1499 
     10 84.41 1013 8 0 -26.3829 22.65 34.0775 
     10 4.05977 761 8 1 -27.8394 22.8176 35.15 
     10 183.803 760 8 1 -27.85 22.8155 35.1545 
     10 295.243 640 1 1 -51.8846 -17.3336 -174.45 
     10 227.513 813 1 0 -51.8847 -17.3379 -175.85 
     10 122.942 640 0 1 -51.9535 -17.4476 -204.45 
     10 119.36 812 0 0 -51.9563 -17.4626 -205.85 
     10 27.3837 656 0 1 -48.7698 -6.61301 -204.85 
     10 125.478 641 0 1 -51.8367 -17.4111 -204.45 
     10 113.826 813 0 0 -51.814 -17.3982 -205.85 
     10 230.718 816 11 0 -51.862 -16.7222 124.15 
     10 113.292 640 10 1 -51.8821 -16.7194 95.55 
     10 349.592 640 9 1 -51.8708 -16.7285 65.55 
     10 240.226 816 9 0 -51.8708 -16.7267 64.15 
     10 111.327 640 8 1 -51.8799 -16.6984 35.55 
     10 114.781 816 8 0 -51.878 -16.6961 34.15 
     10 96.9647 641 7 1 -51.835 -16.6461 5.55 
     10 122.628 817 7 0 -51.8317 -16.6421 4.15 
     10 114.124 641 6 1 -51.7742 -16.5561 -24.45 
     10 142.519 817 6 0 -51.7689 -16.5515 -25.85 
     10 211.407 641 5 1 -51.6588 -16.4515 -54.45 
     10 111.476 817 5 0 -51.6552 -16.4512 -55.85 
     10 118.81 642 4 1 -51.5884 -16.4453 -84.45 
     10 142.601 818 4 0 -51.5868 -16.4447 -85.85 
     10 215.775 642 3 1 -51.5481 -16.426 -114.45 
     10 117.523 818 3 0 -51.5485 -16.4256 -115.85 
     10 95.6182 642 2 1 -51.5606 -16.4171 -144.45 
     10 125.037 818 2 0 -51.5617 -16.4166 -145.85 
     10 138.635 642 1 1 -51.5891 -16.4021 -174.45 
     10 108.919 818 1 0 -51.59 -16.4015 -175.85 
     10 130.609 642 0 1 -51.6026 -16.3815 -204.45 
     10 380.714 818 0 0 -51.6024 -16.3805 -205.85 
     10 8.17132 838 1 1 -12.45 -42.3149 -174.715 
     10 20.8922 1328 8 1 85.65 -71.8478 35.2637 
     10 212.277 643 3 1 -51.45 -16.4752 -114.596 
     10 148.126 644 3 1 -51.25 -16.5591 -114.536 
     10 255.376 643 0 1 -51.4177 -16.3875 -204.45 
     10 248.848 1137 1 0 -111.188 47.478 -176.25 
     10 0.654724 416 1 1 -96.75 -12.5753 -174.741 
     10 24.2333 694 0 0 -44.8903 -41.0892 -206.25 
     10 120.612 695 0 0 -44.9173 -41.05 -206.186 
     10 11.0761 696 0 0 -45.0351 -40.8499 -205.886 
     10 35.1999 673 0 1 -45.413 -40.0567 -204.85 
     10 80.9152 672 0 1 -45.45 -39.9857 -204.748 
     10 46.2909 772 1 0 -65.9885 -25.504 -176.25 
     10 142.134 773 1 0 -66.0503 -25.45 -176.161 
     10 18.5677 774 1 0 -66.2012 -25.25 -175.906 
     10 231.05 565 1 1 -66.9318 -24.5316 -174.849 
     10 35.7614 564 1 1 -67.0501 -24.4766 -174.57 
     10 80.8778 762 2 0 -83.8919 -27.4554 -146.25 
     10 82.0789 763 2 0 -84.113 -27.45 -146.052 
     10 33.2873 477 2 1 -84.5882 -26.839 -144.85 
     10 93.7954 476 2 1 -84.6503 -26.8095 -144.786 
     10 288.556 475 2 1 -84.85 -26.6813 -144.59 
     10 465.748 474 2 1 -85.05 -26.7719 -144.505 
     10 229.914 642 5 1 -51.65 -16.4814 -54.4843 
     10 7.03955 813 5 0 -51.5065 -17.4429 -55.85 
     10 82.0271 812 5 0 -51.5049 -17.4503 -55.8615 
     10 95.4475 811 5 0 -51.4604 -17.65 -56.0247 
     10 197.458 810 5 0 -51.5589 -17.85 -56.2352 
     10 315.556 638 5 1 -52.2909 -18.5183 -54.85 
     10 5.73664 646 9 1 -50.6666 -15.8179 65.15 
     10 149.886 814 9 0 -51.9835 -17.1286 64.15 
     10 130.727 627 8 1 -54.527 -25.2309 35.55 
     10 130.66 771 8 0 -54.4776 -25.7078 34.15 
     10 31.4339 611 7 1 -57.7874 -34.4533 5.55 
     10 102.068 610 7 1 -57.85 -34.498 5.45013 
     10 48.9461 725 7 0 -58.6361 -34.9939 4.15 
     10 110.215 724 7 0 -58.7302 -35.05 3.98631 
     10 32.0453 547 6 1 -70.5625 -44.6317 -24.45 
     10 114.982 546 6 1 -70.65 -44.696 -24.5582 
     10 15.8566 545 6 1 -70.85 -44.8653 -24.7995 
     10 75.8321 672 6 0 -71.5781 -45.5354 -25.85 
     10 102.563 671 6 0 -71.7316 -45.65 -26.0494 
     10 18.3294 408 5 1 -98.5131 -59.6327 -54.45 
     10 100.933 407 5 1 -98.55 -59.6123 -54.501 
     10 16.071 406 5 1 -98.75 -59.4944 -54.8061 
     10 129.837 604 5 0 -99.3879 -59.1504 -55.85 
     10 53.6064 316 4 1 -116.849 -53.381 -84.45 
     10 122.404 315 4 1 -116.95 -53.3161 -84.5597 
     10 7.66147 314 4 1 -117.15 -53.146 -84.8197 
     10 113.349 638 4 0 -117.978 -52.4049 -85.85 
     10 78.4347 639 4 0 -118.149 -52.25 -86.0477 
     10 10.9878 640 4 0 -118.311 -52.05 -86.2279 
     10 128.092 857 4 0 -151.571 -8.48757 -86.2486 
     10 3.90991 139 4 1 -152.341 -8.83666 -84.85 
     10 177.102 138 4 1 -152.35 -8.84083 -84.8338 
     10 130.939 826 5 0 -163.865 -14.7063 -56.25 
     10 109.523 79 5 1 -164.286 -15.1129 -54.85 
     10 16.0127 78 5 1 -164.35 -15.2806 -54.5115 
     10 131.836 80 5 1 -164.15 -15.4636 -54.4794 
     10 96.6939 81 5 1 -163.95 -15.5725 -54.5898 
     10 108.565 82 5 1 -163.75 -15.7732 -54.6458 
     10 89.4283 83 5 1 -163.55 -16.0555 -54.7425 
     10 63.0957 84 5 1 -163.35 -16.278 -54.8216 
     10 146.551 85 5 1 -163.15 -16.4392 -54.8323 
     10 100.269 86 5 1 -162.95 -16.6617 -54.8327 
     10 93.4305 87 5 1 -162.75 -16.9692 -54.7434 
     10 38.7448 88 5 1 -162.55 -17.1358 -54.4813 
     10 66.6165 89 5 1 -162.35 -17.1734 -54.4779 
     10 52.6937 90 5 1 -162.15 -17.1211 -54.5559 
     10 56.4062 91 5 1 -161.95 -17.0313 -54.6573 
     10 67.4721 92 5 1 -161.75 -17.0369 -54.6893 
     10 69.4093 93 5 1 -161.55 -17.0188 -54.7156 
     10 255.986 814 5 0 -160.817 -17.1742 -55.8511 
Number of digits in this event: 49
Using G4ParticleGun... 
Particle energy: 3.99257 LIN
Particle: gamma
Event: 11
Number of tracker hits in this event: 1
     11 28.6095 1723 0 0 0.567112 164.792 -206.25 
Number of digits in this event: 1
Using G4ParticleGun... 
Particle energy: 1.27688 LIN
Particle: gamma
Event: 12
Number of tracker hits in this event: 0
Number of digits in this event: 1
Using G4ParticleGun... 
Particle energy: 8.29378 LIN
Particle: gamma
Event: 13
Number of tracker hits in this event: 0
Number of digits in this event: 3
Using G4ParticleGun... 
Particle energy: 8.70277 LIN
Particle: gamma
Event: 14
Number of tracker hits in this event: 6
     14 254.66 1372 0 1 94.7104 66.6786 -204.45 
     14 297.018 1233 0 0 94.7101 66.6792 -205.85 
     14 151.916 580 8 0 175.41 -63.8634 33.75 
     14 219.587 581 8 0 175.385 -63.85 34.0324 
     14 294.965 582 8 0 175.6 -63.65 33.941 
     14 17.5892 1077 0 0 59.7471 35.5288 -205.85 
Number of digits in this event: 8
Using G4ParticleGun... 
Particle energy: 3.1728 LIN
Particle: gamma
Event: 15
Number of tracker hits in this event: 15
     15 303.702 241 3 1 -131.869 -49.8743 -114.45 
     15 224.457 650 3 0 -131.868 -49.876 -115.85 
     15 130.267 241 2 1 -131.848 -49.9053 -144.45 
     15 105.166 650 2 0 -131.847 -49.9066 -145.85 
     15 168.504 241 1 1 -131.833 -49.9432 -174.45 
     15 142.471 650 1 0 -131.83 -49.9463 -175.85 
     15 122.834 241 0 1 -131.765 -50.0024 -204.45 
     15 112.475 650 0 0 -131.764 -50.0067 -205.85 
     15 236.846 656 5 0 135.035 -48.7609 -56.25 
     15 127.686 243 2 1 -131.409 -50.2666 -144.45 
     15 95.3897 647 2 0 -131.278 -50.469 -145.85 
     15 165.312 257 1 1 -128.621 -54.5014 -174.45 
     15 128.078 627 1 0 -128.532 -54.6018 -175.85 
     15 128.24 265 0 1 -127.123 -56.8182 -204.45 
     15 231.74 615 0 0 -127.133 -56.9613 -205.85 
Number of digits in this event: 15
Using G4ParticleGun... 
Particle energy: 7.56132 LIN
Particle: gamma
Event: 16
Number of tracker hits in this event: 31
     16 266.22 377 6 1 -104.573 -4.38451 -24.45 
     16 334.93 878 6 0 -104.571 -4.38624 -25.85 
     16 113.813 378 5 1 -104.539 -4.42902 -54.45 
     16 232.623 878 5 0 -104.537 -4.42999 -55.85 
     16 216.145 378 4 1 -104.514 -4.44979 -84.45 
     16 113.492 877 4 0 -104.512 -4.4503 -85.85 
     16 230.486 378 3 1 -104.488 -4.46553 -114.45 
     16 131.893 877 3 0 -104.486 -4.46501 -115.85 
     16 358.896 378 2 1 -104.425 -4.4467 -144.45 
     16 278.906 878 2 0 -104.42 -4.44555 -145.85 
     16 195.657 379 1 1 -104.294 -4.43234 -174.45 
     16 415.795 878 1 0 -104.291 -4.436 -175.85 
     16 154.311 379 0 1 -104.198 -4.53122 -204.45 
     16 125.739 877 0 0 -104.167 -4.54788 -205.85 
     16 154.48 27 1 0 -126.157 -174.55 -176.217 
     16 263.425 26 1 0 -126.233 -174.75 -176.055 
     16 215.225 1050 3 0 -17.146 30.1822 -116.25 
     16 34.8067 56 1 0 -139.583 -168.831 -176.25 
     16 120.758 55 1 0 -139.576 -168.95 -176.238 
     16 176.672 54 1 0 -139.672 -169.15 -176.073 
     16 58.6609 825 12 0 25.9566 -14.85 153.76 
     16 18.5059 826 12 0 25.9572 -14.85 153.781 
     16 105.693 377 5 1 -104.558 -4.37141 -54.45 
     16 125.918 878 4 0 -104.539 -4.36828 -85.85 
     16 125.407 878 3 0 -104.534 -4.37952 -115.85 
     16 294.66 378 1 1 -104.483 -4.30807 -174.45 
     16 109.74 378 0 1 -104.493 -4.23572 -204.45 
     16 131.144 879 0 0 -104.493 -4.23489 -205.85 
     16 114.828 879 1 0 -104.295 -4.20621 -175.85 
     16 130.849 396 0 1 -100.815 -2.32745 -204.45 
     16 143.449 887 0 0 -100.628 -2.50203 -205.85 
Number of digits in this event: 26
Using G4ParticleGun... 
Particle energy: 8.94449 LIN
Particle: gamma
Event: 17
Number of tracker hits in this event: 84
     17 319.492 1294 11 1 78.9212 -21.5382 125.55 
     17 203.206 792 11 0 78.9211 -21.5389 124.15 
     17 320.279 1294 10 1 78.921 -21.5555 95.55 
     17 246.138 792 10 0 78.9207 -21.5551 94.15 
     17 360.796 1294 9 1 78.9109 -21.5496 65.55 
     17 303.883 792 9 0 78.911 -21.5499 64.15 
     17 249.831 1294 8 1 78.9123 -21.5576 35.55 
     17 330.828 792 8 0 78.9126 -21.5587 34.15 
     17 214.75 1294 7 1 78.921 -21.5784 5.55 
     17 219.422 792 7 0 78.9222 -21.5793 4.15 
     17 239.409 1294 6 1 78.9463 -21.6037 -24.45 
     17 251.342 792 6 0 78.9474 -21.6048 -25.85 
     17 260.241 1294 5 1 78.9651 -21.6277 -54.45 
     17 148.765 792 5 0 78.9666 -21.6302 -55.85 
     17 440.818 1294 4 1 78.995 -21.6791 -84.45 
     17 349.586 791 4 0 78.9965 -21.681 -85.85 
     17 239.341 1294 3 1 79.0348 -21.7147 -114.45 
     17 135.368 791 3 0 79.0386 -21.7102 -115.85 
     17 110.948 1295 2 1 79.0956 -21.6591 -144.45 
     17 141.429 791 2 0 79.0954 -21.6519 -145.85 
     17 18.1715 792 2 0 79.0953 -21.65 -146.198 
     17 119.527 1295 1 1 79.0656 -21.494 -174.45 
     17 166.724 792 1 0 79.0695 -21.4819 -175.85 
     17 278.167 1295 0 1 79.1331 -21.2555 -204.45 
     17 132.806 794 0 0 79.1383 -21.2399 -205.85 
     17 222.32 791 5 0 79.0291 -21.65 -56.1247 
     17 462.81 945 5 0 31.1494 9.23448 -56.25 
     17 45.1071 1082 2 1 36.4934 6.06731 -144.85 
     17 158.164 1293 4 1 78.85 -21.6196 -84.606 
     17 2.00539 793 4 0 78.508 -21.2527 -85.8502 
     17 252.619 794 4 0 78.5055 -21.25 -85.8594 
     17 130.286 1251 3 1 70.3881 -14.0453 -114.45 
     17 32.4696 1250 3 1 70.25 -13.9688 -114.763 
     17 55.7058 831 3 0 69.7547 -13.6673 -115.85 
     17 123.436 832 3 0 69.727 -13.6497 -115.911 
     17 73.1067 1189 2 1 57.9793 -6.10005 -144.45 
     17 63.1523 1188 2 1 57.85 -6.09849 -144.653 
     17 190.048 869 2 0 57.1157 -6.07546 -145.85 
     17 11.7013 1103 1 1 40.6818 -6.19225 -174.45 
     17 84.5771 1102 1 1 40.65 -6.19092 -174.488 
     17 54.3555 1101 1 1 40.45 -6.18289 -174.724 
     17 338.144 869 1 0 39.4592 -6.14028 -175.85 
     17 42.4035 967 0 1 13.5741 -3.94434 -204.45 
     17 117.156 966 0 1 13.4492 -3.99863 -204.572 
     17 37.5071 965 0 1 13.25 -4.08274 -204.767 
     17 137.823 877 0 0 12.1717 -4.54879 -205.85 
     17 75.7337 876 0 0 11.9562 -4.65003 -206.063 
     17 35.2414 796 4 0 80.0371 -20.6986 -85.85 
     17 112.898 1284 3 1 76.9875 -11.1199 -114.45 
     17 145.241 844 3 0 76.9636 -11.1161 -115.85 
     17 162.819 1287 2 1 77.54 -10.3035 -144.45 
     17 9.57639 851 2 0 77.4006 -9.66914 -145.85 
     17 106.335 852 2 0 77.3968 -9.64997 -145.892 
     17 47.1712 1269 1 1 74.0462 3.81845 -174.45 
     17 206.875 1270 1 1 74.05 3.83917 -174.508 
     17 99.5248 921 1 0 74.0911 4.29078 -175.85 
     17 68.9791 1286 0 1 77.4383 14.401 -204.45 
     17 73.3775 1285 0 1 77.25 14.3921 -204.54 
     17 69.136 1284 0 1 77.05 14.3823 -204.632 
     17 99.6928 1283 0 1 76.85 14.3752 -204.717 
     17 36.3059 1282 0 1 76.65 14.3582 -204.794 
     17 370.808 970 0 0 73.9486 14.1798 -205.85 
     17 99.813 791 6 0 78.8621 -21.7373 -25.85 
     17 113.996 790 3 0 79.0004 -21.8636 -115.85 
     17 153.199 1294 2 1 79.0028 -21.8565 -144.45 
     17 80.8792 790 2 0 79.0144 -21.8509 -145.85 
     17 116.809 1296 1 1 79.2628 -21.7553 -174.45 
     17 141.229 791 1 0 79.2741 -21.754 -175.85 
     17 101.162 1297 0 1 79.4987 -21.7476 -204.45 
     17 145.547 791 0 0 79.5091 -21.7497 -205.85 
     17 31.8388 790 0 0 79.0152 -22.0354 -205.85 
     17 78.8541 789 0 0 79.0056 -22.0501 -205.962 
     17 251.691 1294 1 1 78.9741 -22.0705 -174.45 
     17 322.571 789 1 0 79.0527 -22.1462 -175.85 
     17 116.386 1303 0 1 80.7076 -24.2339 -204.45 
     17 106.5 779 0 0 80.728 -24.219 -205.85 
     17 21.3169 790 1 0 79.0552 -22.05 -176.172 
     17 72.3079 1289 0 1 78.0027 -23.4048 -204.45 
     17 54.0735 1290 0 1 78.05 -23.4565 -204.643 
     17 275.037 781 0 0 78.3457 -23.7724 -205.85 
     17 111.072 804 11 0 83.4785 -19.2196 124.15 
     17 8.28764 783 11 0 81.8936 -23.4335 124.15 
     17 174.798 782 11 0 81.9154 -23.45 124.144 
     17 290.984 781 11 0 82.0803 -23.65 124.036 
Number of digits in this event: 45
Using G4ParticleGun... 
Particle energy: 4.22213 LIN
Particle: gamma
Event: 18
Number of tracker hits in this event: 64
     18 325.534 567 6 1 -66.4949 -75.2014 -24.45 
     18 290.985 524 6 0 -66.4714 -75.1574 -25.85 
     18 102.7 570 5 1 -65.9215 -74.1497 -54.45 
     18 105.418 529 5 0 -65.9169 -74.0833 -55.85 
     18 99.5061 570 4 1 -65.8713 -72.6511 -84.45 
     18 200.901 537 4 0 -65.87 -72.5351 -85.85 
     18 199.307 567 5 1 -66.5016 -75.2269 -54.45 
     18 158.506 524 5 0 -66.5001 -75.229 -55.85 
     18 267.009 567 4 1 -66.4725 -75.2718 -84.45 
     18 264.696 523 4 0 -66.4698 -75.276 -85.85 
     18 156.829 568 3 1 -66.4128 -75.371 -114.45 
     18 272.141 523 3 0 -66.4061 -75.3793 -115.85 
     18 230.829 568 2 1 -66.2642 -75.5393 -144.45 
     18 136.759 522 2 0 -66.2553 -75.5464 -145.85 
     18 194.581 569 1 1 -66.0651 -75.6874 -174.45 
     18 127.714 521 1 0 -66.0605 -75.6969 -175.85 
     18 121.355 570 0 1 -65.9664 -75.872 -204.45 
     18 124.169 520 0 0 -65.9637 -75.8762 -205.85 
     18 123.718 1452 12 1 110.602 150.643 155.15 
     18 65.8336 570 1 1 -66.0498 -75.68 -174.626 
     18 26.4861 567 2 1 -66.4501 -75.4655 -144.773 
     18 66.0811 524 2 0 -66.6809 -75.1145 -145.85 
     18 64.8444 525 2 0 -66.7227 -75.05 -146.032 
     18 180.88 522 1 1 -75.5368 -63.9997 -174.45 
     18 78.8143 585 1 0 -75.5756 -63.0097 -175.85 
     18 45.2076 586 1 0 -75.5913 -62.85 -176.093 
     18 228.77 568 0 1 -66.29 -75.5805 -204.45 
     18 262.265 522 0 0 -66.2882 -75.58 -205.85 
     18 10.1328 792 5 0 76.8589 -21.65 -56.1623 
     18 48.7406 243 0 1 -131.512 -70.825 -204.45 
     18 114.382 522 4 0 -66.7741 -75.593 -85.85 
     18 3.35179 521 4 0 -66.8548 -75.65 -86.2309 
     18 182.661 536 3 1 -72.6799 -79.6026 -114.45 
     18 254.299 499 3 0 -73.1922 -80.0913 -115.85 
     18 123.504 488 2 1 -82.3012 -85.8458 -144.45 
     18 121.397 468 2 0 -82.3857 -86.2848 -145.85 
     18 83.8643 483 1 1 -83.3228 -100.498 -174.45 
     18 71.1343 482 1 1 -83.45 -100.726 -174.685 
     18 12.8915 390 1 0 -84.1666 -102.107 -175.85 
     18 64.946 389 1 0 -84.1901 -102.15 -175.887 
     18 59.0938 388 1 0 -84.3337 -102.35 -175.962 
     18 66.7596 387 1 0 -84.4658 -102.55 -176.006 
     18 71.286 386 1 0 -84.6024 -102.75 -176.055 
     18 67.9686 385 1 0 -84.7319 -102.95 -176.095 
     18 66.4343 384 1 0 -84.8679 -103.151 -176.108 
     18 142.485 383 1 0 -85.0124 -103.35 -176.108 
     18 133.886 382 1 0 -85.1605 -103.55 -176.104 
     18 57.409 381 1 0 -85.3078 -103.75 -176.109 
     18 78.5247 380 1 0 -85.458 -103.95 -176.112 
     18 92.9971 379 1 0 -85.5527 -104.15 -176.115 
     18 107.489 378 1 0 -85.6513 -104.35 -176.149 
     18 54.0625 377 1 0 -85.758 -104.55 -176.203 
     18 257.368 568 4 1 -66.45 -75.2678 -84.5808 
     18 147.436 597 3 1 -60.6101 -75.0545 -114.45 
     18 111.381 610 2 1 -57.9888 -79.5145 -144.45 
     18 128.052 502 2 0 -57.9412 -79.5214 -145.85 
     18 12.2326 620 1 1 -55.8595 -79.9773 -174.45 
     18 114.266 621 1 1 -55.85 -79.9836 -174.498 
     18 243.576 499 1 0 -55.5675 -80.1404 -175.85 
     18 169.179 660 0 1 -48.0369 -83.5825 -204.45 
     18 69.0842 482 0 0 -47.9885 -83.6387 -205.85 
     18 52.6811 481 0 0 -47.9859 -83.65 -206.054 
     18 102.203 474 0 0 -43.3804 -85.1827 -206.25 
     18 117.748 683 0 1 -43.2826 -85.2283 -204.85 
Number of digits in this event: 32
Using G4ParticleGun... 
Particle energy: 4.7767 LIN
Particle: gamma
Event: 19
Number of tracker hits in this event: 216
     19 231.343 533 9 1 -73.2977 -40.1241 65.55 
     19 300.612 699 9 0 -73.2825 -40.1279 64.15 
     19 106.448 535 8 1 -72.9254 -40.2155 35.55 
     19 238.775 699 8 0 -72.9044 -40.2085 34.15 
     19 120.916 537 7 1 -72.514 -40.0656 5.55 
     19 255.329 700 7 0 -72.4861 -40.0426 4.15 
     19 184.325 540 6 1 -71.9196 -39.6055 -24.45 
     19 160.643 702 6 0 -71.8922 -39.5844 -25.85 
     19 156.922 543 5 1 -71.3409 -39.1492 -54.45 
     19 134.508 704 5 0 -71.3117 -39.1081 -55.85 
     19 227.41 547 4 1 -70.6188 -38.2904 -84.45 
     19 111.337 708 4 0 -70.5504 -38.2654 -85.85 
     19 109.73 554 3 1 -69.083 -37.7165 -114.45 
     19 27.5901 711 3 0 -69.0374 -37.6549 -115.85 
     19 76.362 712 3 0 -69.0343 -37.65 -115.96 
     19 107.26 559 2 1 -68.1966 -36.2698 -144.45 
     19 135.667 719 2 0 -68.1481 -36.1877 -145.85 
     19 100.59 564 1 1 -67.2114 -34.4826 -174.45 
     19 146.215 728 1 0 -67.1931 -34.4022 -175.85 
     19 282.343 566 0 1 -66.772 -32.7892 -204.45 
     19 145.918 736 0 0 -66.7559 -32.7968 -205.85 
     19 226.324 567 0 1 -66.65 -32.9084 -204.734 
     19 235.499 705 4 0 -70.5328 -38.9015 -85.85 
     19 90.8022 700 4 0 -59.7469 -40.0176 -86.25 
     19 420.844 699 4 0 -59.6977 -40.05 -85.9725 
     19 231.372 601 4 1 -59.8219 -40.5759 -84.85 
     19 195.222 600 4 1 -59.85 -40.6608 -84.6117 
     19 16.9734 704 4 0 -58.9442 -39.0783 -85.85 
     19 21.3166 706 4 0 -58.8533 -38.85 -86.1906 
     19 134.083 802 4 0 23.7973 -19.503 -86.25 
     19 66.2031 803 4 0 24.0033 -19.4498 -86.2358 
     19 345.757 1194 4 0 82.7052 58.865 -86.25 
     19 62.0524 1642 14 1 148.711 -39.5613 215.15 
     19 104.862 707 4 0 -70.5815 -38.65 -85.8624 
     19 33.0491 526 3 1 -74.8034 -38.9669 -114.45 
     19 97.4631 525 3 1 -74.8502 -38.9527 -114.48 
     19 79.3676 524 3 1 -75.0506 -38.9024 -114.604 
     19 85.9054 523 3 1 -75.25 -38.8431 -114.715 
     19 42.0387 522 3 1 -75.45 -38.8696 -114.808 
     19 608.662 700 3 0 -78.2363 -39.9261 -115.85 
     19 376.295 699 3 0 -78.3836 -40.0507 -115.915 
     19 136.621 698 3 0 -78.52 -40.2501 -116.008 
     19 89.8375 715 3 0 -86.6374 -36.9385 -116.25 
     19 85.4685 716 3 0 -86.6782 -36.8496 -116.177 
     19 11.0597 717 3 0 -86.8448 -36.6499 -116.228 
     19 84.0291 1205 3 0 -85.7221 61.1885 -116.25 
     19 15.8305 1206 3 0 -85.6737 61.25 -116.223 
     19 112.589 533 8 1 -73.3316 -40.075 35.55 
     19 151.982 533 7 1 -73.2627 -39.8743 5.55 
     19 123.436 533 6 1 -73.4137 -39.6848 -24.45 
     19 198.063 701 6 0 -73.4297 -39.673 -25.85 
     19 108.971 531 5 1 -73.678 -39.449 -54.45 
     19 161.089 702 5 0 -73.6821 -39.4582 -55.85 
     19 137.457 532 4 1 -73.6302 -39.7266 -84.45 
     19 103.796 701 4 0 -73.6693 -39.7237 -85.85 
     19 113.719 528 3 1 -74.3813 -39.6696 -114.45 
     19 240.383 702 3 0 -74.5905 -39.5825 -115.85 
     19 0.943226 521 2 1 -75.8436 -35.733 -144.45 
     19 60.6446 520 2 1 -75.85 -35.7319 -144.453 
     19 64.5837 519 2 1 -76.05 -35.7024 -144.564 
     19 73.8874 518 2 1 -76.25 -35.678 -144.688 
     19 15.0821 517 2 1 -76.45 -35.6472 -144.824 
     19 240.22 723 2 0 -77.9504 -35.4483 -145.85 
     19 99.4676 310 1 1 -118.016 -30.7419 -174.45 
     19 126.28 311 1 1 -117.95 -30.5075 -174.78 
     19 145.125 750 1 0 -117.714 -30.0499 -175.85 
     19 53.4728 845 1 0 -110.588 -10.9457 -176.25 
     19 72.5177 846 1 0 -110.549 -10.8499 -176.049 
     19 111.655 349 1 1 -110.274 -10.3615 -174.85 
     19 291.852 524 2 1 -75.1045 -39.7439 -144.45 
     19 123.842 698 2 0 -75.45 -40.2935 -145.85 
     19 177.284 476 1 1 -84.8177 -48.6671 -174.45 
     19 146.471 653 1 0 -84.9772 -49.2664 -175.85 
     19 190.915 459 0 1 -88.0945 -60.5206 -204.45 
     19 149.066 597 0 0 -88.5445 -60.5985 -205.85 
     19 276.724 701 2 0 -75.1148 -39.7564 -145.85 
     19 138.264 523 1 1 -75.3763 -39.8754 -174.45 
     19 240.563 700 1 0 -75.3946 -39.9072 -175.85 
     19 97.4633 521 0 1 -75.8285 -40.6216 -204.45 
     19 133.255 696 0 0 -75.845 -40.654 -205.85 
     19 349.783 533 3 1 -73.4446 -39.8913 -114.45 
     19 359.878 535 2 1 -73.0456 -40.0235 -144.45 
     19 264.705 700 2 0 -73.0278 -40.023 -145.85 
     19 171.52 537 1 1 -72.6099 -40.0822 -174.45 
     19 225.028 699 1 0 -72.5812 -40.0807 -175.85 
     19 144.326 540 0 1 -72.0167 -40.0749 -204.45 
     19 109.878 699 0 0 -72.0073 -40.0698 -205.85 
     19 162.967 532 2 1 -73.5302 -40.0502 -144.45 
     19 289.035 699 2 0 -73.5163 -40.0546 -145.85 
     19 123.678 534 1 1 -73.1402 -39.9832 -174.45 
     19 125.783 541 0 1 -71.794 -39.8587 -204.45 
     19 108.363 701 0 0 -71.7051 -39.8019 -205.85 
     19 240.664 699 7 0 -73.2625 -40.1188 4.1496 
     19 117.614 530 6 1 -74.0287 -39.488 -24.4501 
     19 115.719 703 6 0 -73.7983 -39.3589 -25.85 
     19 162.012 555 5 1 -68.9757 -36.7073 -54.45 
     19 154.244 720 5 0 -68.7739 -35.9123 -55.85 
     19 92.0026 721 5 0 -68.7655 -35.85 -55.9517 
     19 130.784 536 4 1 -72.7874 -27.5642 -84.4503 
     19 81.9648 766 4 0 -72.5014 -26.7997 -85.85 
     19 35.1148 767 4 0 -72.4649 -26.65 -86.1212 
     19 62.5403 555 3 1 -69.0345 -14.3194 -114.45 
     19 61.4421 556 3 1 -68.85 -14.3134 -114.532 
     19 171.346 557 3 1 -68.65 -14.3002 -114.62 
     19 69.4025 558 3 1 -68.4499 -14.2849 -114.663 
     19 49.7585 559 3 1 -68.2497 -14.2693 -114.685 
     19 46.5794 560 3 1 -68.05 -14.2451 -114.694 
     19 52.2404 561 3 1 -67.8491 -14.2047 -114.706 
     19 116.115 562 3 1 -67.65 -14.1598 -114.717 
     19 75.1017 563 3 1 -67.45 -14.1034 -114.726 
     19 58.7293 564 3 1 -67.25 -14.0507 -114.742 
     19 111.893 565 3 1 -67.05 -13.9909 -114.769 
     19 55.6199 566 3 1 -66.85 -13.9215 -114.788 
     19 47.0268 567 3 1 -66.65 -13.8637 -114.79 
     19 55.0342 568 3 1 -66.4494 -13.8224 -114.777 
     19 55.1258 569 3 1 -66.25 -13.7799 -114.762 
     19 50.7282 570 3 1 -66.0497 -13.7426 -114.747 
     19 59.8936 571 3 1 -65.85 -13.7051 -114.728 
     19 71.1863 572 3 1 -65.6499 -13.6843 -114.738 
     19 70.2636 573 3 1 -65.4493 -13.6575 -114.759 
     19 65.1184 574 3 1 -65.25 -13.6347 -114.808 
     19 5.56142 575 3 1 -65.05 -13.5682 -114.846 
     19 28.0094 837 3 0 -61.2464 -12.4862 -115.85 
     19 259.846 838 3 0 -61.1238 -12.45 -115.876 
     19 75.7144 839 3 0 -60.5915 -12.25 -115.966 
     19 116.534 840 3 0 -60.4905 -12.0494 -116.034 
     19 46.5941 841 3 0 -60.4436 -11.8499 -116.075 
     19 65.9079 842 3 0 -60.3657 -11.65 -116.096 
     19 84.4719 843 3 0 -60.2922 -11.4499 -116.105 
     19 68.7016 844 3 0 -60.2959 -11.2498 -116.001 
     19 212.544 594 3 1 -61.1316 -11.2752 -114.85 
     19 398.619 593 3 1 -61.25 -11.3755 -114.573 
     19 94.44 592 3 1 -61.45 -12.4845 -114.588 
     19 191.421 835 3 0 -59.5811 -13.0419 -115.85 
     19 105.47 834 3 0 -59.0591 -13.05 -116.014 
     19 276.015 833 3 0 -58.8789 -13.25 -116.044 
     19 224.991 1004 4 0 135.43 20.8644 -86.25 
     19 100.165 1592 4 1 138.689 19.9779 -84.8495 
     19 112.144 1593 4 1 138.75 19.9101 -84.7713 
     19 92.7119 534 6 1 -73.2396 -40.1087 -24.45 
     19 105.151 699 6 0 -73.2376 -40.109 -25.85 
     19 659.1 534 5 1 -73.2005 -40.1223 -54.45 
     19 511.597 699 5 0 -73.1944 -40.1219 -55.85 
     19 194.357 534 4 1 -73.0749 -40.1044 -84.45 
     19 162.71 536 3 1 -72.7735 -40.0247 -114.45 
     19 132.133 538 2 1 -72.4003 -40.0389 -144.45 
     19 196.22 539 1 1 -72.1248 -40.131 -174.45 
     19 128.614 538 0 1 -72.3814 -39.9969 -204.45 
     19 112.667 700 0 0 -72.395 -39.978 -205.85 
     19 69.2837 538 1 1 -72.25 -40.0028 -174.788 
     19 5.53923 702 1 0 -73.1346 -39.5297 -175.85 
     19 134.549 532 1 1 -73.5858 -38.5127 -174.85 
     19 73.4323 708 1 0 -73.8004 -38.3619 -175.85 
     19 312.156 697 4 0 -73.0053 -40.5456 -85.8501 
     19 130.284 698 4 0 -73.1116 -40.45 -85.9924 
     19 525.17 534 3 1 -73.1003 -40.1541 -114.45 
     19 148.787 543 2 1 -71.431 -39.3955 -144.45 
     19 114.213 703 2 0 -71.3448 -39.3436 -145.85 
     19 101.157 552 1 1 -69.5984 -38.2442 -174.45 
     19 136.529 709 1 0 -69.5109 -38.1965 -175.85 
     19 271.605 561 0 1 -67.8397 -37.1079 -204.45 
     19 60.443 714 0 0 -67.6942 -37.0581 -205.85 
     19 32.3239 715 0 0 -67.6686 -37.05 -206.096 
     19 79.2023 536 2 1 -72.8345 -40.6046 -144.451 
     19 244.362 696 2 0 -73.0323 -40.6843 -145.85 
     19 152.54 512 1 1 -77.5286 -42.3394 -174.45 
     19 41.1683 688 1 0 -77.7368 -42.4398 -175.85 
     19 256.021 687 1 0 -77.7585 -42.45 -175.995 
     19 116.3 490 0 1 -81.9062 -44.2958 -204.45 
     19 157.554 678 0 0 -81.9297 -44.3682 -205.85 
     19 70.3445 677 0 0 -81.8787 -44.4501 -206.101 
     19 75.6751 526 0 0 -56.0333 -74.7252 -206.25 
     19 312.131 525 0 0 -55.815 -74.8503 -206.162 
     19 11.6977 524 0 0 -55.3563 -75.05 -205.877 
     19 35.3985 632 0 1 -53.5752 -75.695 -204.85 
     19 60.7526 633 0 1 -53.45 -75.75 -204.777 
     19 69.9216 634 0 1 -53.25 -75.8825 -204.68 
     19 64.0213 635 0 1 -53.05 -75.98 -204.601 
     19 73.4315 636 0 1 -52.8498 -76.123 -204.536 
     19 49.8459 637 0 1 -52.6497 -76.3269 -204.469 
     19 60.9151 638 0 1 -52.45 -76.4405 -204.473 
     19 74.9406 639 0 1 -52.25 -76.3939 -204.61 
     19 64.2128 640 0 1 -52.05 -76.3395 -204.675 
     19 63.8006 641 0 1 -51.85 -76.2384 -204.817 
     19 123.24 547 0 0 -46.8962 -70.635 -205.85 
     19 74.1835 673 0 1 -45.423 -70.4833 -204.85 
     19 64.6221 674 0 1 -45.25 -70.5515 -204.662 
     19 157.026 535 4 1 -72.9975 -40.5741 -84.45 
     19 150.331 694 3 0 -73.0628 -41.0752 -115.85 
     19 143.27 534 2 1 -73.0987 -41.7057 -144.45 
     19 106.243 691 2 0 -73.1348 -41.7373 -145.85 
     19 111.22 530 1 1 -73.9985 -42.4786 -174.45 
     19 98.2984 527 0 1 -74.5808 -43.4237 -204.45 
     19 134.086 682 0 0 -74.6219 -43.4613 -205.85 
     19 190.593 693 2 0 -71.2984 -41.4272 -145.85 
     19 93.9308 694 2 0 -70.8894 -41.2489 -146.126 
     19 62.5885 695 2 0 -70.7533 -41.0497 -146.01 
     19 8.82968 549 2 1 -70.0718 -41.5974 -144.85 
     19 117.033 550 2 1 -70.05 -41.6053 -144.824 
     19 146.956 677 2 0 -73.0612 -44.4517 -145.85 
     19 21.7977 611 2 0 35.1011 -57.663 -146.25 
     19 83.5098 612 2 0 35.145 -57.65 -146.217 
     19 19.9754 701 1 0 -73.3638 -39.8388 -175.85 
     19 128.681 533 4 1 -73.3775 -40.1091 -84.45 
     19 203.243 532 3 1 -73.582 -40.0047 -114.45 
     19 106.859 527 2 1 -74.5111 -40.4665 -144.45 
     19 153.967 697 2 0 -74.6688 -40.607 -145.85 
     19 138.235 509 1 1 -78.1776 -43.4481 -174.45 
     19 121.579 681 1 0 -78.2702 -43.7146 -175.85 
     19 135.555 501 0 1 -79.7169 -47.6824 -204.45 
     19 160.783 660 0 0 -79.9267 -47.9433 -205.85 
     19 209.843 470 1 0 -134.553 -85.8596 -176.25 
     19 76.6563 703 3 0 -72.9315 -39.45 -116.044 
     19 68.7959 704 3 0 -72.8994 -39.25 -116.089 
     19 42.1098 698 5 0 -73.4853 -40.2501 -56.1392 
     19 111.448 523 5 0 -65.307 -75.3264 -56.25 
Number of digits in this event: 101
Using G4ParticleGun... 
Particle energy: 3.25618 LIN
Particle: gamma
Event: 20
Number of tracker hits in this event: 108
     20 281.238 736 8 1 -32.6709 -110.758 35.55 
     20 221.009 346 8 0 -32.6669 -110.76 34.15 
     20 115.581 737 7 1 -32.5907 -110.786 5.55 
     20 153.998 346 7 0 -32.5844 -110.79 4.15 
     20 129.903 737 6 1 -32.4635 -110.868 -24.45 
     20 180.989 346 6 0 -32.4577 -110.872 -25.85 
     20 141.044 738 5 1 -32.3646 -110.958 -54.45 
     20 185.568 345 5 0 -32.3575 -110.958 -55.85 
     20 118.901 739 4 1 -32.2119 -110.983 -84.45 
     20 110.418 345 4 0 -32.2058 -110.979 -85.85 
     20 33.4213 739 3 1 -32.0509 -110.897 -114.45 
     20 66.6434 740 3 1 -32.05 -110.897 -114.595 
     20 174.043 346 3 0 -32.0419 -110.897 -115.85 
     20 347.775 740 2 1 -31.8594 -110.886 -144.45 
     20 123.612 346 2 0 -31.8558 -110.884 -145.85 
     20 129.229 741 1 1 -31.7759 -110.85 -174.45 
     20 222.406 346 1 0 -31.768 -110.87 -175.85 
     20 144.904 742 0 1 -31.595 -111.346 -204.45 
     20 267.329 343 0 0 -31.5966 -111.368 -205.85 
     20 224.762 741 0 1 -31.7447 -111.334 -204.45 
     20 118.252 345 0 0 -31.684 -111.135 -205.85 
     20 333.329 743 0 1 -31.3565 -110.633 -204.45 
     20 268.211 347 0 0 -31.9946 -110.722 -205.85 
     20 29.3654 346 0 0 -32.1484 -110.75 -206.195 
     20 199.578 828 1 0 -144.752 -14.45 -175.928 
     20 118.481 344 2 0 -31.9999 -111.296 -145.85 
     20 121.266 739 1 1 -32.15 -111.722 -174.45 
     20 100.066 342 1 0 -32.0855 -111.731 -175.85 
     20 162.967 744 0 1 -31.0662 -111.839 -204.451 
     20 127.219 341 0 0 -31.0874 -111.837 -205.85 
     20 195.16 343 2 0 -31.9738 -111.415 -145.85 
     20 104.467 745 1 1 -30.9508 -114.274 -174.45 
     20 107.84 328 1 0 -30.8663 -114.354 -175.85 
     20 94.252 752 0 1 -29.4982 -118.178 -204.45 
     20 63.7726 753 0 1 -29.45 -118.097 -204.655 
     20 141.016 312 0 0 -29.1382 -117.676 -205.851 
     20 16.0756 313 0 0 -29.0297 -117.55 -206.201 
     20 293.674 736 7 1 -32.65 -110.741 5.52684 
     20 0.259562 349 7 0 -33.0766 -110.151 4.15 
     20 137.496 350 7 0 -33.0771 -110.15 4.14772 
     20 4.73166 351 7 0 -33.1588 -109.95 3.76035 
     20 83.1672 700 6 1 -39.976 -93.8097 -24.45 
     20 91.4121 699 6 1 -40.0501 -93.5897 -24.6571 
     20 79.5187 438 6 0 -40.4587 -92.538 -25.85 
     20 107.147 439 6 0 -40.5309 -92.35 -26.0419 
     20 69.9784 690 5 1 -41.8955 -67.4331 -54.4505 
     20 91.1042 691 5 1 -41.8498 -67.3952 -54.5377 
     20 85.2478 565 5 0 -41.1717 -66.9449 -55.85 
     20 61.0113 566 5 0 -41.0294 -66.85 -56.1094 
     20 97.4344 810 4 1 -18.0341 -55.5045 -84.45 
     20 76.1275 620 4 0 -17.9422 -56.0198 -85.8502 
     20 94.6627 619 4 0 -17.9384 -56.05 -85.945 
     20 148.635 578 4 0 -46.7942 -64.3394 -86.25 
     20 173.814 660 4 1 -47.8683 -64.7469 -84.85 
     20 228.526 659 4 1 -48.05 -65.0502 -84.7391 
     20 197.435 658 4 1 -48.25 -65.5176 -84.496 
     20 85.4931 661 4 1 -47.85 -65.8815 -84.5693 
     20 13.8566 662 4 1 -47.6498 -66.1311 -84.4623 
     20 155.277 657 4 1 -48.4505 -65.8767 -84.648 
     20 66.8224 656 4 1 -48.6501 -65.9166 -84.7638 
     20 98.8207 574 4 0 -49.2631 -65.1638 -85.85 
     20 67.7938 575 4 0 -49.3337 -65.05 -85.9474 
     20 191.136 653 4 1 -49.3398 -64.9502 -84.8499 
     20 114.924 347 7 0 -32.7238 -110.684 4.15 
     20 112.318 736 6 1 -32.7517 -110.534 -24.45 
     20 113.071 348 6 0 -32.7508 -110.529 -25.85 
     20 272.235 736 5 1 -32.7092 -110.449 -54.45 
     20 259.568 348 5 0 -32.7088 -110.448 -55.85 
     20 234.886 736 4 1 -32.7186 -110.425 -84.45 
     20 168.074 348 4 0 -32.7205 -110.421 -85.85 
     20 156.912 736 3 1 -32.7626 -110.372 -114.45 
     20 247.516 348 3 0 -32.7647 -110.366 -115.85 
     20 129.283 736 2 1 -32.814 -110.249 -144.45 
     20 102.901 349 2 0 -32.8032 -110.245 -145.85 
     20 148.43 737 1 1 -32.6413 -110.119 -174.45 
     20 120.529 350 1 0 -32.6275 -110.112 -175.85 
     20 545.035 738 0 1 -32.3331 -109.973 -204.45 
     20 143.967 350 0 0 -32.3301 -109.979 -205.85 
     20 103.142 347 4 0 -33.0017 -110.582 -85.85 
     20 121.395 735 3 1 -32.8577 -110.494 -114.45 
     20 118.282 737 2 1 -32.614 -108.389 -144.45 
     20 29.1028 358 2 0 -32.6055 -108.353 -145.85 
     20 89.5998 359 2 0 -32.6048 -108.35 -145.98 
     20 103.595 736 1 1 -32.6629 -107.777 -174.45 
     20 118.132 361 1 0 -32.6803 -107.761 -175.85 
     20 104.628 733 0 1 -33.3017 -107.218 -204.45 
     20 107.654 364 0 0 -33.3146 -107.255 -205.85 
     20 103.403 556 0 0 42.7364 -68.7458 -206.25 
     20 165.548 557 0 0 42.7577 -68.65 -206.174 
     20 73.479 734 3 1 -33.05 -110.506 -114.468 
     20 48.7486 733 3 1 -33.25 -110.486 -114.549 
     20 54.5589 732 3 1 -33.45 -110.507 -114.589 
     20 53.3115 731 3 1 -33.65 -110.501 -114.627 
     20 56.8668 730 3 1 -33.85 -110.456 -114.597 
     20 52.4891 729 3 1 -34.05 -110.442 -114.604 
     20 72.8423 728 3 1 -34.2502 -110.434 -114.636 
     20 62.6652 727 3 1 -34.45 -110.447 -114.69 
     20 68.0331 726 3 1 -34.65 -110.464 -114.746 
     20 72.8744 725 3 1 -34.85 -110.466 -114.765 
     20 69.2549 724 3 1 -35.0502 -110.535 -114.776 
     20 101.611 723 3 1 -35.25 -110.619 -114.744 
     20 84.5745 722 3 1 -35.45 -110.703 -114.695 
     20 56.6928 721 3 1 -35.65 -110.782 -114.685 
     20 70.4722 720 3 1 -35.85 -110.785 -114.768 
     20 70.5126 719 3 1 -36.05 -110.817 -114.77 
     20 50.5872 718 3 1 -36.25 -110.845 -114.646 
     20 359.24 717 3 1 -36.45 -110.853 -114.531 
     20 1.26106 716 3 1 -36.6528 -110.702 -114.45 
Number of digits in this event: 47
Using G4ParticleGun... 
Particle energy: 5.95614 LIN
Particle: gamma
Event: 21
Number of tracker hits in this event: 0
Number of digits in this event: 2
Using G4ParticleGun... 
Particle energy: 8.59142 LIN
Particle: gamma
Event: 22
Number of tracker hits in this event: 23
     22 332.207 741 2 1 -31.7249 40.1813 -144.45 
     22 271.328 1100 2 0 -31.7259 40.1719 -145.85 
     22 205.439 741 1 1 -31.7271 39.9746 -174.45 
     22 160.957 1099 1 0 -31.7464 39.9519 -175.85 
     22 116.022 738 0 1 -32.433 39.231 -204.45 
     22 118.602 1095 0 0 -32.4588 39.2073 -205.85 
     22 121.414 1100 1 0 -31.7247 40.1867 -175.85 
     22 160.818 741 0 1 -31.7234 40.1799 -204.45 
     22 110.952 1100 0 0 -31.7201 40.1829 -205.85 
     22 170.339 657 1 1 -48.5623 -10.0349 -174.85 
     22 291.056 1346 4 0 80.3423 89.3689 -86.25 
     22 51.0151 1471 5 1 114.44 72.1493 -54.45 
     22 312.408 1470 5 1 114.35 72.0984 -54.5349 
     22 71.296 1469 5 1 114.15 72.1201 -54.6611 
     22 122.409 1266 6 1 73.3519 131.655 -24.85 
     22 99.9061 491 4 0 39.3812 -81.795 -86.25 
     22 43.8523 490 4 0 39.41 -81.8501 -86.1086 
     22 99.8571 1096 4 1 39.3677 -80.7226 -84.85 
     22 112.223 1097 4 1 39.45 -80.4576 -84.8191 
     22 73.6562 1098 4 1 39.6502 -80.3873 -84.7473 
     22 76.2889 1099 4 1 39.8504 -80.4151 -84.6822 
     22 2.94924 1100 4 1 40.05 -80.4679 -84.8393 
     22 268.027 493 4 0 40.4519 -81.258 -85.85 
Number of digits in this event: 14
Using G4ParticleGun... 
Particle energy: 3.26776 LIN
Particle: gamma
Event: 23
Number of tracker hits in this event: 5
     23 37.3566 687 1 1 -42.5301 -60.5869 -174.786 
     23 250.253 597 1 0 -42.5303 -60.5871 -175.85 
     23 257.427 687 0 1 -42.536 -60.582 -204.45 
     23 240.124 597 0 0 -42.5347 -60.5799 -205.85 
     23 137.813 1395 6 0 -83.2516 99.2364 -26.2499 
Number of digits in this event: 6
Using G4ParticleGun... 
Particle energy: 9.76059 LIN
Particle: gamma
Event: 24
Number of tracker hits in this event: 11
     24 26.1845 1282 2 0 -94.8589 76.45 -146.146 
     24 75.5633 425 2 1 -95.0671 77.1648 -144.85 
     24 108.069 424 2 1 -95.15 77.3614 -144.674 
     24 87.7832 423 2 1 -95.3879 77.879 -144.45 
     24 84.15 422 2 1 -95.55 77.9124 -144.636 
     24 39.2741 421 2 1 -95.75 77.8371 -144.798 
     24 131.676 1285 2 0 -96.9617 77.2406 -145.85 
     24 46.3534 1286 2 0 -97.2537 77.25 -146.153 
     24 123.926 1302 5 0 -79.4259 80.5544 -56.25 
     24 142.703 1303 5 0 -79.3207 80.65 -56.1991 
     24 25.0761 824 0 0 -6.61703 -15.2165 -206.25 
Number of digits in this event: 5
Using G4ParticleGun... 
Particle energy: 3.87173 LIN
Particle: gamma
Event: 25
Number of tracker hits in this event: 172
     25 230.998 432 10 1 -93.6162 -32.2143 95.55 
     25 246.338 739 10 0 -93.6167 -32.2161 94.15 
     25 226.698 432 9 1 -93.6301 -32.2536 65.55 
     25 131.106 738 9 0 -93.63 -32.2553 64.15 
     25 113.139 432 8 1 -93.6241 -32.2752 35.55 
     25 118.427 738 8 0 -93.6222 -32.275 34.15 
     25 205.92 432 7 1 -93.5997 -32.2665 5.55 
     25 136.961 738 7 0 -93.5961 -32.2674 4.15 
     25 114.974 433 6 1 -93.5209 -32.2799 -24.45 
     25 262.642 738 6 0 -93.5187 -32.2762 -25.85 
     25 406.811 433 5 1 -93.4658 -32.1974 -54.45 
     25 124.835 739 5 0 -93.4642 -32.1922 -55.85 
     25 136.675 433 4 1 -93.4391 -32.0851 -84.45 
     25 90.9063 739 4 0 -93.4425 -32.0873 -85.85 
     25 142.156 432 3 1 -93.5664 -32.1611 -114.45 
     25 164.268 739 3 0 -93.5757 -32.1666 -115.85 
     25 128.474 431 2 1 -93.7716 -32.2806 -144.45 
     25 148.438 738 2 0 -93.7874 -32.2883 -145.85 
     25 354.019 430 1 1 -94.123 -32.4295 -174.45 
     25 233.125 738 1 0 -94.1403 -32.4402 -175.85 
     25 134.8 428 0 1 -94.4814 -32.7183 -204.45 
     25 218.721 736 0 0 -94.4978 -32.7325 -205.85 
     25 28.709 665 2 0 -115.991 -46.9558 -146.25 
     25 323.162 737 1 0 -93.9703 -32.4521 -175.85 
     25 96.5443 434 0 1 -93.1946 -32.6729 -204.45 
     25 1.46267 755 4 0 11.3324 -29.05 -85.9284 
     25 105.279 424 0 1 -95.1821 -29.7324 -204.45 
     25 105.803 751 0 0 -95.4431 -29.7393 -205.851 
     25 164.232 629 4 0 57.6288 -54.23 -86.25 
     25 85.5031 630 4 0 57.8796 -54.05 -86.0246 
     25 83.9023 631 4 0 57.9602 -53.85 -86.0267 
     25 185.7 632 4 0 57.9554 -53.65 -86.0373 
     25 14.0775 429 4 0 57.5005 -94.3082 -86.25 
     25 70.7418 428 4 0 57.5149 -94.35 -86.2054 
     25 92.1381 427 4 0 57.576 -94.55 -86.0085 
     25 264.44 1190 4 1 58.1476 -95.6775 -84.85 
     25 315.299 1191 4 1 58.3102 -95.9826 -84.45 
     25 66.5937 407 4 0 58.6905 -98.5975 -85.85 
     25 94.2321 406 4 0 58.6439 -98.75 -85.9165 
     25 154.046 405 4 0 58.675 -98.95 -85.91 
     25 46.7853 761 3 0 -34.7594 -27.6907 -116.25 
     25 99.6423 762 3 0 -34.8628 -27.65 -116.128 
     25 376.708 721 3 1 -35.8163 -26.6901 -114.85 
     25 374.133 720 3 1 -35.85 -26.6652 -114.827 
     25 112.99 917 2 0 -26.7974 3.45 -146.166 
     25 151.429 916 2 0 -26.6391 3.44997 -146.177 
     25 46.0663 319 3 0 1.51137 -116.212 -116.25 
     25 71.2428 318 3 0 1.50925 -116.35 -116.215 
     25 54.92 317 3 0 1.49184 -116.55 -116.192 
     25 50.7449 316 3 0 1.45946 -116.75 -116.196 
     25 22.6022 315 3 0 1.42722 -116.95 -116.231 
     25 437.485 738 5 0 -93.5473 -32.3631 -55.85 
     25 110.332 431 4 1 -93.8982 -31.8127 -84.45 
     25 133.564 741 4 0 -93.9789 -31.7807 -85.85 
     25 321.938 422 3 1 -95.6787 -30.8435 -114.45 
     25 217.399 746 3 0 -95.6162 -30.7305 -115.85 
     25 101.169 429 2 1 -94.1956 -28.4474 -144.45 
     25 132.987 758 2 0 -94.1646 -28.3299 -145.85 
     25 117.326 432 1 1 -93.723 -25.7796 -174.45 
     25 119.116 771 1 0 -93.6591 -25.7798 -175.85 
     25 146.122 437 0 1 -92.6026 -26.0031 -204.45 
     25 110.249 770 0 0 -92.6353 -25.9958 -205.85 
     25 4.48359 1463 3 0 11.1658 112.877 -116.25 
     25 74.8159 421 3 1 -95.75 -30.8302 -114.492 
     25 45.533 420 3 1 -95.95 -30.8158 -114.698 
     25 96.3868 747 3 0 -97.0762 -30.5261 -115.85 
     25 140.58 748 3 0 -97.3234 -30.45 -116.054 
     25 141.65 988 3 0 -69.9111 17.7608 -116.25 
     25 56.6233 553 3 1 -69.2925 17.3531 -114.85 
     25 273.873 554 3 1 -69.2498 17.2798 -114.729 
     25 174.115 423 2 1 -95.4203 -25.9566 -144.45 
     25 168.298 771 2 0 -95.5471 -25.7545 -145.85 
     25 133.303 406 1 1 -98.8126 -21.3027 -174.45 
     25 123.554 795 1 0 -99.0253 -20.9916 -175.85 
     25 47.6303 383 0 1 -103.492 -13.7232 -204.45 
     25 46.5324 382 0 1 -103.55 -13.7004 -204.663 
     25 119.341 832 0 0 -103.845 -13.5588 -205.85 
     25 144.231 434 4 1 -93.1752 -32.3586 -84.45 
     25 121.059 738 4 0 -93.1559 -32.3432 -85.85 
     25 122.981 437 3 1 -92.7352 -31.9713 -114.45 
     25 124.076 740 3 0 -92.739 -31.9456 -115.85 
     25 100.079 436 2 1 -92.7571 -31.4316 -144.45 
     25 0.50782 437 2 1 -92.75 -31.4159 -144.848 
     25 138.249 743 2 0 -92.7307 -31.3763 -145.85 
     25 320.656 439 1 1 -92.2817 -30.3645 -174.45 
     25 130.397 748 1 0 -92.2234 -30.304 -175.85 
     25 122.003 445 0 1 -91.0486 -29.0837 -204.45 
     25 115.944 755 0 0 -91.1676 -29.0488 -205.85 
     25 131.317 407 2 1 -98.55 127.819 -144.613 
     25 106.406 750 1 0 -92.9417 -29.8729 -175.85 
     25 161.072 751 1 0 -92.9866 -29.85 -175.915 
     25 171.882 752 1 0 -93.3316 -29.6499 -175.945 
     25 93.1032 753 1 0 -93.151 -29.4499 -175.883 
     25 111.629 434 9 1 -93.2007 -31.7582 65.55 
     25 158.163 741 9 0 -93.1862 -31.7512 64.15 
     25 97.9834 436 8 1 -92.887 -31.5789 35.55 
     25 100.415 742 8 0 -92.859 -31.56 34.15 
     25 230.663 439 7 1 -92.3378 -31.2485 5.55 
     25 224.332 743 7 0 -92.338 -31.2609 4.15 
     25 196.945 439 6 1 -92.3209 -31.4642 -24.45 
     25 266.76 742 6 0 -92.3077 -31.462 -25.85 
     25 191.332 440 5 1 -92.0607 -31.3025 -54.45 
     25 134.207 743 5 0 -92.0602 -31.3101 -55.85 
     25 122.233 440 4 1 -92.1307 -31.3302 -84.45 
     25 122.929 743 4 0 -92.1352 -31.3293 -85.85 
     25 254.108 439 3 1 -92.2477 -31.2773 -114.45 
     25 126.638 743 3 0 -92.246 -31.3115 -115.85 
     25 116.022 439 2 1 -92.1542 -32.0438 -144.45 
     25 255.555 739 2 0 -92.1575 -32.0821 -145.85 
     25 272.076 736 1 0 -92.2938 -32.6836 -175.85 
     25 121.414 440 0 1 -92.0634 -33.6924 -204.45 
     25 146.304 731 0 0 -92.0616 -33.753 -205.85 
     25 154.281 437 6 1 -92.6205 -32.5743 -24.85 
     25 101.415 436 6 1 -92.7501 -32.9554 -24.7386 
     25 62.9518 432 6 1 -93.7415 -32.2703 -24.85 
     25 217.178 431 6 1 -93.7503 -32.2775 -24.8374 
     25 262.867 438 6 1 -92.4371 -30.611 -24.4505 
     25 80.9028 743 6 0 -92.2994 -31.4097 -25.85 
     25 116.85 421 5 1 -95.9465 -45.2728 -54.45 
     25 90.834 668 5 0 -95.6802 -46.3077 -55.85 
     25 239.353 667 5 0 -95.6436 -46.45 -56.0515 
     25 68.6104 462 4 1 -87.5887 -66.32 -84.451 
     25 58.1607 461 4 1 -87.65 -66.2183 -84.6627 
     25 117.651 571 4 0 -88.071 -65.7826 -85.85 
     25 21.9851 572 4 0 -88.1758 -65.65 -86.1678 
     25 38.7477 905 4 0 -124.768 1.16842 -86.25 
     25 68.4515 906 4 0 -124.809 1.25 -86.2111 
     25 75.6421 907 4 0 -124.91 1.45 -86.1565 
     25 60.4365 908 4 0 -124.985 1.65 -86.0811 
     25 45.057 909 4 0 -125.047 1.85016 -85.9645 
     25 168.216 274 4 1 -125.207 2.88593 -84.85 
     25 33.7074 273 4 1 -125.35 3.24326 -84.5301 
     25 250.123 442 6 1 -91.6712 -31.8409 -24.8498 
     25 244.265 435 7 1 -93.1429 -31.2506 5.55 
     25 213.802 741 6 0 -91.4915 -31.7887 -25.85 
     25 197.327 457 5 1 -88.6135 -33.7355 -54.4502 
     25 298.431 731 5 0 -88.4923 -33.7562 -55.85 
     25 115.307 470 4 1 -85.8624 -33.9912 -84.45 
     25 148.485 730 4 0 -85.8577 -33.9356 -85.8501 
     25 107.007 469 3 1 -86.0934 -32.7768 -114.45 
     25 99.2863 736 3 0 -86.1726 -32.7419 -115.85 
     25 148.426 457 2 1 -88.5027 -32.6391 -144.451 
     25 161.888 469 1 1 -86.0763 -24.5843 -174.45 
     25 95.679 470 1 1 -86.05 -24.5505 -174.587 
     25 18.1817 778 1 0 -85.8359 -24.2634 -175.85 
     25 286.513 779 1 0 -85.8263 -24.25 -175.91 
     25 150.632 493 0 1 -81.3103 -17.7846 -204.45 
     25 74.5835 812 0 0 -81.1733 -17.5045 -205.85 
     25 39.345 813 0 0 -81.1462 -17.45 -206.109 
     25 254.263 780 1 0 -84.3378 -24.05 -175.942 
     25 50.9427 493 1 1 -81.3429 -24.5239 -174.85 
     25 293.014 494 1 1 -81.25 -24.6099 -174.765 
     25 117.312 744 7 0 -93.1049 -31.2116 4.15 
     25 112.136 435 6 1 -92.9711 -30.0432 -24.45 
     25 50.8205 750 6 0 -93.0103 -29.8738 -25.85 
     25 97.4399 751 6 0 -93.0182 -29.85 -26.0562 
     25 123.439 428 5 1 -94.3562 -26.5557 -54.45 
     25 119.154 768 5 0 -94.3481 -26.428 -55.85 
     25 108.862 432 4 1 -93.7365 -24.7656 -84.4501 
     25 182.894 777 4 0 -93.603 -24.6015 -85.85 
     25 129.421 445 3 1 -91.0524 -20.9544 -114.45 
     25 112.249 796 3 0 -91.0155 -20.7318 -115.85 
     25 102.718 449 2 1 -90.2903 -15.9823 -144.451 
     25 112.45 863 1 0 -85.9547 -7.32331 -175.85 
     25 24.7641 864 1 0 -85.888 -7.25 -176.184 
     25 137.707 500 0 1 -79.9823 -0.766527 -204.45 
     25 157.196 898 0 0 -79.8393 -0.322498 -205.85 
     25 47.5537 899 0 0 -79.8167 -0.249889 -206.078 
     25 116.548 429 5 1 -94.3478 -26.5368 -54.45 
     25 4.65711 430 5 1 -94.15 -26.5429 -54.8247 
     25 116.705 767 5 0 -93.5715 -26.4899 -55.8501 
     25 43.4281 766 5 0 -93.3945 -26.65 -56.1477 
Number of digits in this event: 91
Using G4ParticleGun... 
Particle energy: 5.20753 LIN
Particle: gamma
Event: 26
Number of tracker hits in this event: 19
     26 238.729 576 3 1 -64.7035 16.6604 -114.45 
     26 159.658 983 3 0 -64.7034 16.6605 -115.85 
     26 112.043 576 2 1 -64.7071 16.6541 -144.45 
     26 163.517 983 2 0 -64.7065 16.6518 -145.85 
     26 135.196 576 1 1 -64.7024 16.5984 -174.45 
     26 126.991 982 1 0 -64.7017 16.5958 -175.85 
     26 109.601 576 0 1 -64.6908 16.5426 -204.45 
     26 103.204 982 0 0 -64.6892 16.5381 -205.85 
     26 13.4097 771 5 1 -25.7693 -42.5596 -54.85 
     26 0.413592 684 5 0 -26.652 -43.0574 -55.85 
     26 6.59979 762 5 1 -27.457 -43.7102 -54.85 
     26 14.9937 679 5 0 -27.6409 -44.1277 -55.85 
     26 233.781 982 3 0 -64.6811 16.6312 -115.85 
     26 113.922 579 2 1 -64.2418 15.9988 -144.45 
     26 126.557 979 2 0 -64.2333 15.9775 -145.85 
     26 144.688 579 1 1 -64.1271 15.5271 -174.45 
     26 112.776 977 1 0 -64.1309 15.4795 -175.85 
     26 133.315 579 0 1 -64.1785 14.5643 -204.45 
     26 119.448 972 0 0 -64.1673 14.5313 -205.85 
Number of digits in this event: 10
Using G4ParticleGun... 
Particle energy: 7.13046 LIN
Particle: gamma
Event: 27
Number of tracker hits in this event: 2
     27 77.8391 110 0 1 -157.95 -38.9073 -204.745 
     27 160.384 111 0 1 -157.95 -39.2686 -204.48 
Number of digits in this event: 4
Using G4ParticleGun... 
Particle energy: 2.38421 LIN
Particle: gamma
Event: 28
Number of tracker hits in this event: 3
     28 48.0995 931 6 1 6.30084 153.017 -24.85 
     28 23.0844 1407 7 1 101.727 29.6063 5.55 
     28 64.9529 1408 7 1 101.75 29.6196 5.53673 
Number of digits in this event: 1
Using G4ParticleGun... 
Particle energy: 4.687 LIN
Particle: gamma
Event: 29
Number of tracker hits in this event: 0
Number of digits in this event: 2
Using G4ParticleGun... 
Particle energy: 4.68563 LIN
Particle: gamma
Event: 30
Number of tracker hits in this event: 9
     30 2.90855 484 0 1 -83.1064 -26.9648 -204.85 
     30 23.8352 584 0 0 1.91617 -63.0758 -206.25 
     30 166.587 585 0 0 1.94323 -63.05 -206.205 
     30 38.9274 586 0 0 2.12336 -62.85 -205.948 
     30 87.6431 914 0 1 2.96379 -61.8251 -204.85 
     30 193.901 915 0 1 3.05 -61.6023 -204.599 
     30 98.6248 916 0 1 3.25 -61.3124 -204.73 
     30 225.395 917 0 1 3.45 -61.2 -204.648 
     30 130.199 945 7 1 9.06017 -11.133 5.15 
Number of digits in this event: 5
Using G4ParticleGun... 
Particle energy: 6.33298 LIN
Particle: gamma
Event: 31
Number of tracker hits in this event: 0
Number of digits in this event: 2
Using G4ParticleGun... 
Particle energy: 1.07113 LIN
Particle: gamma
Event: 32
Number of tracker hits in this event: 0
Number of digits in this event: 1
Using G4ParticleGun... 
Particle energy: 9.41967 LIN
Particle: gamma
Event: 33
Number of tracker hits in this event: 0
Number of digits in this event: 2
Using G4ParticleGun... 
Particle energy: 7.06675 LIN
Particle: gamma
Event: 34
Number of tracker hits in this event: 43
     34 225.991 949 5 0 -129.425 10.0486 -55.8886 
     34 391.108 253 4 1 -129.43 10.0503 -84.45 
     34 229.723 949 4 0 -129.435 10.0497 -85.85 
     34 138.861 253 3 1 -129.534 10.0379 -114.45 
     34 125.327 949 3 0 -129.533 10.0377 -115.85 
     34 107.724 253 2 1 -129.536 10.0449 -144.45 
     34 274.69 950 2 0 -129.521 10.052 -145.85 
     34 135.802 254 1 1 -129.199 10.2065 -174.45 
     34 111.45 950 1 0 -129.183 10.2159 -175.85 
     34 241.878 256 0 1 -128.837 10.4335 -204.45 
     34 510.355 951 0 0 -128.811 10.4403 -205.85 
     34 219.139 1052 3 0 -103.114 30.4546 -116.25 
     34 126.502 1053 3 0 -103.047 30.65 -116.002 
     34 134.19 384 3 1 -103.189 31.1972 -114.85 
     34 45.6139 128 0 1 -154.35 27.5766 -204.801 
     34 108.213 950 4 0 -129.417 10.0572 -85.85 
     34 262.479 254 3 1 -129.299 10.065 -114.45 
     34 127.604 950 3 0 -129.291 10.0682 -115.85 
     34 123.174 255 2 1 -129.126 10.1295 -144.45 
     34 113.579 255 1 1 -128.972 10.267 -174.45 
     34 116.283 951 1 0 -128.963 10.2743 -175.85 
     34 93.4478 426 0 1 -94.95 78.0683 -204.77 
     34 228.103 427 0 1 -94.75 78.2458 -204.685 
     34 116.846 428 0 1 -94.55 78.3123 -204.654 
     34 157.362 841 0 0 -165.013 -11.7551 -206.25 
     34 81.0684 1164 5 0 -64.9969 52.85 -56.0843 
     34 119.108 934 3 0 -61.1235 6.95274 -116.25 
     34 155.618 597 3 1 -60.4893 7.32472 -114.85 
     34 247.057 598 3 1 -60.4497 7.36302 -114.764 
     34 16.8747 599 3 1 -60.2498 7.54797 -114.462 
     34 228.346 933 3 0 -61.9653 6.7495 -115.85 
     34 96.8937 245 3 1 -131.119 7.61025 -114.45 
     34 104.959 936 3 0 -131.199 7.43071 -115.85 
     34 123.822 235 2 1 -132.957 4.01544 -144.45 
     34 125.439 918 2 0 -133.124 3.83106 -145.85 
     34 130.489 218 1 1 -136.439 0.476675 -174.45 
     34 119.242 900 1 0 -136.626 0.214801 -175.85 
     34 179.927 208 0 1 -138.526 -5.25955 -204.45 
     34 128.504 207 0 1 -138.55 -5.28564 -204.512 
     34 122.619 871 0 0 -139.158 -5.82023 -205.85 
     34 106.45 870 0 0 -139.192 -5.85 -205.924 
     34 81.1181 872 0 0 -138.303 -5.49827 -205.85 
     34 31.5708 914 0 0 -142.08 2.90926 -206.25 
Number of digits in this event: 28
Using G4ParticleGun... 
Particle energy: 3.19926 LIN
Particle: gamma
Event: 35
Number of tracker hits in this event: 0
Number of digits in this event: 2
Using G4ParticleGun... 
Particle energy: 2.85641 LIN
Particle: gamma
Event: 36
Number of tracker hits in this event: 72
     36 226.567 551 7 1 -69.8269 36.7773 5.55 
     36 227.024 1083 7 0 -69.826 36.7777 4.15 
     36 134.031 551 6 1 -69.8143 36.7831 -24.45 
     36 146.162 1083 6 0 -69.8151 36.7833 -25.85 
     36 608.031 551 5 1 -69.8462 36.7862 -54.45 
     36 168.51 1083 5 0 -69.8518 36.785 -55.85 
     36 132.428 550 4 1 -69.9632 36.7547 -84.45 
     36 135.945 1083 4 0 -69.9698 36.7515 -85.85 
     36 254.406 549 3 1 -70.1023 36.6716 -114.45 
     36 137.343 1083 3 0 -70.1149 36.6676 -115.85 
     36 98.8154 548 2 1 -70.3679 36.5431 -144.45 
     36 96.8015 1082 2 0 -70.379 36.5364 -145.85 
     36 144.805 547 1 1 -70.6349 36.3656 -174.45 
     36 116.21 1081 1 0 -70.6525 36.343 -175.85 
     36 114.749 545 0 1 -71.017 35.8618 -204.45 
     36 186.053 1078 0 0 -71.0267 35.8468 -205.85 
     36 70.054 14 5 0 -133.793 -177.15 -56.1505 
     36 8.46835 211 0 1 -137.75 99.8779 -204.742 
     36 27.7395 1079 0 0 -71.0354 35.85 -206.191 
     36 139.887 985 0 0 -99.7071 17.242 -206.25 
     36 91.5421 548 3 1 -70.25 36.7671 -114.665 
     36 17.154 552 5 1 -69.6499 36.7204 -54.7942 
     36 150.104 1081 5 0 -69.1935 36.3819 -55.8501 
     36 55.21 735 4 1 -32.9704 28.2184 -84.45 
     36 121.635 736 4 1 -32.85 28.0814 -84.5649 
     36 46.3898 737 4 1 -32.6497 27.7644 -84.7789 
     36 86.6525 1029 4 0 -31.6456 25.9748 -85.85 
     36 111.815 1028 4 0 -31.5845 25.85 -85.9431 
     36 50.7383 1027 4 0 -31.4492 25.65 -86.126 
     36 122.793 868 3 1 -6.31901 -3.29202 -114.45 
     36 20.3005 867 3 1 -6.45008 -3.47209 -114.772 
     36 150.787 881 3 0 -6.91793 -3.67064 -115.85 
     36 70.8172 969 3 0 -14.6701 13.9346 -116.249 
     36 55.6923 970 3 0 -14.7545 14.05 -115.997 
     36 414.609 821 3 1 -15.8291 14.413 -114.85 
     36 247.939 820 3 1 -15.85 14.4205 -114.827 
     36 178.821 819 3 1 -16.05 14.5211 -114.632 
     36 11.7583 822 3 1 -15.65 15.0118 -114.467 
     36 109.114 1082 5 0 -69.7347 36.5796 -55.85 
     36 98.6312 566 4 1 -66.7848 31.5738 -84.45 
     36 126.327 1057 4 0 -66.6023 31.5334 -85.85 
     36 66.0126 588 3 1 -62.3859 31.7114 -114.45 
     36 74.2121 589 3 1 -62.25 31.7179 -114.644 
     36 140.158 1058 3 0 -61.3384 31.7899 -115.85 
     36 45.4874 703 2 1 -39.3862 35.2415 -144.45 
     36 75.5317 704 2 1 -39.2499 35.2246 -144.57 
     36 34.421 705 2 1 -39.05 35.1985 -144.758 
     36 22.721 1075 2 0 -37.999 35.0585 -145.85 
     36 147.01 1074 2 0 -37.9367 35.05 -145.916 
     36 57.7517 821 1 1 -15.7251 30.8951 -174.45 
     36 113.819 822 1 1 -15.65 30.926 -174.614 
     36 175.769 1055 1 0 -15.0428 31.1382 -175.85 
     36 112.716 884 0 1 -3.1772 37.431 -204.45 
     36 130.9 1088 0 0 -3.22624 37.7166 -205.85 
     36 111.577 550 6 1 -69.8995 36.8621 -24.45 
     36 205.488 1084 6 0 -69.8898 36.8759 -25.85 
     36 162.941 1085 5 0 -69.6942 37.0878 -55.85 
     36 114.781 553 4 1 -69.3121 37.3693 -84.45 
     36 105.032 1086 4 0 -69.2856 37.3793 -85.85 
     36 131.784 556 3 1 -68.845 37.6682 -114.45 
     36 257.316 1088 3 0 -68.8286 37.6774 -115.85 
     36 157.444 557 2 1 -68.5569 37.8798 -144.45 
     36 141.78 1089 2 0 -68.5494 37.88 -145.85 
     36 212.808 558 1 1 -68.3476 37.8716 -174.45 
     36 85.596 1089 1 0 -68.3322 37.8533 -175.85 
     36 61.2961 1088 1 0 -68.3294 37.85 -176.112 
     36 215.102 559 0 1 -68.0866 37.494 -204.45 
     36 108.112 1087 0 0 -68.1304 37.471 -205.85 
     36 162.461 556 2 1 -68.6511 37.8932 -144.619 
     36 100.571 555 2 1 -68.85 37.943 -144.588 
     36 272.738 1089 3 0 -68.5763 37.8507 -116.061 
     36 127.073 562 1 0 53.5139 -67.5979 -176.25 
Number of digits in this event: 37
Using G4ParticleGun... 
Particle energy: 2.10966 LIN
Particle: gamma
Event: 37
Number of tracker hits in this event: 0
Number of digits in this event: 2
Using G4ParticleGun... 
Particle energy: 3.72242 LIN
Particle: gamma
Event: 38
Number of tracker hits in this event: 49
     38 154.989 644 7 1 -51.2474 125.982 5.39253 
     38 213.025 1529 7 0 -51.247 125.982 4.15 
     38 190.065 644 6 1 -51.2365 125.981 -24.45 
     38 224.361 1529 6 0 -51.2409 125.98 -25.85 
     38 252.669 643 5 1 -51.3372 125.955 -54.45 
     38 268.888 1529 5 0 -51.3442 125.952 -55.85 
     38 144.658 642 4 1 -51.4896 125.878 -84.45 
     38 159.973 1528 4 0 -51.5069 125.868 -85.85 
     38 112.447 640 3 1 -51.8646 125.645 -114.45 
     38 107.572 1527 3 0 -51.8811 125.636 -115.85 
     38 107.256 639 2 1 -52.2275 125.457 -144.45 
     38 141.198 1526 2 0 -52.243 125.446 -145.85 
     38 125.51 637 1 1 -52.5593 125.231 -174.45 
     38 228.853 1525 1 0 -52.5707 125.227 -175.85 
     38 153.116 636 0 1 -52.7858 125.131 -204.45 
     38 131.259 1524 0 0 -52.7964 125.124 -205.85 
     38 167.589 1075 7 1 35.0794 76.195 5.15 
     38 91.8013 643 6 1 -51.2816 125.987 -24.45 
     38 173.22 644 4 1 -51.1477 125.987 -84.45 
     38 276.265 1529 4 0 -51.141 125.988 -85.85 
     38 143.18 645 3 1 -50.9881 125.985 -114.45 
     38 131.927 1529 3 0 -50.9805 125.981 -115.85 
     38 116.005 646 2 1 -50.8479 125.894 -144.45 
     38 110.835 1528 2 0 -50.8431 125.888 -145.85 
     38 104.197 646 1 1 -50.7511 125.764 -174.45 
     38 105.825 1527 1 0 -50.7613 125.742 -175.85 
     38 128.149 645 0 1 -51.0019 125.263 -204.45 
     38 120.097 1525 0 0 -51.0399 125.248 -205.85 
     38 3.22888 656 1 1 -48.85 145.913 -174.777 
     38 116.025 647 1 1 -50.5427 125.772 -174.45 
     38 155.56 1529 1 0 -50.4413 126.011 -175.85 
     38 67.9951 548 0 1 -70.2742 128.241 -204.45 
     38 90.1352 547 0 1 -70.45 128.078 -204.566 
     38 180.316 546 0 1 -70.65 127.935 -204.655 
     38 75.071 545 0 1 -70.85 127.892 -204.627 
     38 252.764 544 0 1 -71.05 127.847 -204.508 
     38 255.209 518 1 1 -76.25 -30.3582 -174.657 
     38 147.887 754 1 0 -79.5136 -29.25 -175.974 
     38 7.37433 737 7 1 -32.5513 12.9433 5.15 
     38 205.533 517 1 1 -76.45 -30.9754 -174.471 
     38 137.942 516 1 1 -76.65 -31.3082 -174.461 
     38 100.319 519 1 1 -76.2488 -31.6435 -174.45 
     38 78.7344 520 1 1 -76.05 -31.5868 -174.667 
     38 72.5078 744 1 0 -73.7341 -31.1405 -175.85 
     38 73.6968 745 1 0 -73.6645 -31.0499 -175.981 
     38 133.825 574 1 0 -101.67 -65.2021 -176.25 
     38 303.711 573 1 0 -101.763 -65.25 -176.174 
     38 71.0451 391 1 1 -101.774 -65.4771 -174.85 
     38 261.55 392 1 1 -101.75 -65.5059 -174.779 
Number of digits in this event: 32
Using G4ParticleGun... 
Particle energy: 7.12987 LIN
Particle: gamma
Event: 39
Number of tracker hits in this event: 84
     39 234.532 1341 9 1 88.36 89.0289 65.55 
     39 279.98 1344 9 0 88.3557 89.0322 64.15 
     39 290.838 1341 8 1 88.2639 89.0853 35.55 
     39 274.656 1345 8 0 88.266 89.0881 34.15 
     39 244.768 1341 7 1 88.2953 89.1044 5.55 
     39 249.911 1345 7 0 88.3047 89.1181 4.15 
     39 218.104 1341 6 1 88.4226 89.3549 -24.45 
     39 237.364 1346 6 0 88.4171 89.3573 -25.85 
     39 120.999 1340 5 1 88.2444 89.4241 -54.45 
     39 361.165 1346 5 0 88.2319 89.4364 -55.85 
     39 164.838 1339 4 1 87.9816 89.7221 -84.45 
     39 226.366 1348 4 0 87.9622 89.7383 -85.85 
     39 262.067 1335 2 1 87.1322 90.4526 -144.45 
     39 119.535 1351 2 0 87.1105 90.4871 -145.85 
     39 121.094 1332 1 1 86.6393 91.2761 -174.45 
     39 149.279 1355 1 0 86.6095 91.2993 -175.85 
     39 162.481 1330 0 1 86.0607 91.8092 -204.45 
     39 152.686 1358 0 0 86.0506 91.8357 -205.85 
     39 40.1194 651 3 0 -2.78555 -49.65 -116.192 
     39 6.12121 1379 1 1 95.95 -44.7687 -174.55 
     39 53.1546 650 3 0 -2.89341 -49.8502 -115.969 
     39 252.876 883 3 1 -3.27927 -50.0057 -114.85 
     39 75.8711 882 3 1 -3.45 -50.0429 -114.643 
     39 396.256 881 3 1 -3.65 -50.0646 -114.66 
     39 20.1946 880 3 1 -3.85002 -50.1027 -114.585 
     39 233.58 1341 5 1 88.2845 89.3709 -54.4502 
     39 127.128 1343 5 0 88.6604 88.8183 -55.85 
     39 0.0525137 1342 5 0 88.7432 88.65 -56.2497 
     39 5.75203 1367 4 1 93.7339 76.5033 -84.45 
     39 85.3672 1368 4 1 93.7501 76.4922 -84.4625 
     39 77.0236 1369 4 1 93.95 76.3511 -84.6201 
     39 31.391 1370 4 1 94.15 76.2168 -84.782 
     39 114.158 1276 4 0 95.4528 75.4245 -85.85 
     39 131.76 1275 4 0 95.7177 75.2498 -86.0675 
     39 45.9368 1560 3 1 132.291 51.4155 -114.45 
     39 108.481 1561 3 1 132.35 51.345 -114.549 
     39 103.931 1152 3 0 133.066 50.5814 -115.85 
     39 76.449 1151 3 0 133.188 50.45 -116.084 
     39 35.1202 1638 2 1 147.896 34.7876 -144.45 
     39 66.3735 1639 2 1 147.95 34.7873 -144.496 
     39 64.0179 1640 2 1 148.15 34.7911 -144.663 
     39 13.1619 1641 2 1 148.35 34.7897 -144.809 
     39 23.8995 1073 2 0 149.689 34.6566 -145.85 
     39 240.041 1072 2 0 149.748 34.65 -145.895 
     39 79.6183 1339 9 0 88.6568 88.0279 64.1497 
     39 167.741 1338 9 0 88.7179 87.85 63.9851 
     39 64.3862 1337 9 0 88.8819 87.65 63.829 
     39 99.3346 1344 8 0 88.3598 89.0318 34.15 
     39 116.237 1344 7 0 88.3738 89.0431 4.15 
     39 102.871 1345 6 0 88.3842 89.1205 -25.85 
     39 194.733 1345 5 0 88.3513 89.1547 -55.85 
     39 132.838 1341 4 1 88.3415 89.1596 -84.45 
     39 87.856 1345 4 0 88.3412 89.1594 -85.85 
     39 227.302 1341 3 1 88.2997 89.1454 -114.45 
     39 102.647 1345 3 0 88.2978 89.1474 -115.85 
     39 374.079 1341 2 1 88.3477 89.2272 -144.45 
     39 137.361 1345 2 0 88.3495 89.2275 -145.85 
     39 277.922 1341 1 1 88.386 89.2286 -174.45 
     39 248.791 1345 1 0 88.3818 89.2341 -175.85 
     39 789.66 1341 0 1 88.3046 89.3215 -204.45 
     39 148.299 1346 0 0 88.3036 89.3292 -205.85 
     39 124.707 965 4 1 13.25 117.525 -84.8385 
     39 132.466 1342 0 1 88.4501 89.7686 -204.532 
     39 13.2658 1340 2 1 88.25 89.3399 -144.715 
     39 68.4288 1340 3 1 88.25 89.2467 -114.603 
     39 64.7935 1339 3 1 88.0499 89.3805 -114.775 
     39 100.201 1350 3 0 86.6375 90.1898 -115.85 
     39 84.7079 1351 3 0 86.4353 90.35 -116.01 
     39 61.5786 1352 3 0 86.3783 90.55 -116.17 
     39 57.0317 1353 3 0 86.2939 90.75 -116.229 
     39 36.2918 1354 3 0 86.2255 90.9505 -116.211 
     39 348.41 1342 1 1 88.45 89.2836 -174.723 
     39 49.6302 1344 1 0 88.6242 89.05 -176.04 
     39 132.264 1359 0 1 91.9681 83.4343 -204.45 
     39 51.681 1312 0 0 92.206 82.5437 -205.85 
     39 78.9388 1311 0 0 92.231 82.4499 -205.995 
     39 19.3133 1346 1 0 88.5627 89.4439 -175.85 
     39 315.693 1347 1 0 88.5728 89.45 -175.948 
     39 8.7277 1358 0 1 91.8069 90.0449 -204.45 
     39 96.139 1350 0 0 91.776 90.3009 -205.85 
     39 27.7019 1351 0 0 91.7683 90.35 -206.148 
     39 151.774 1348 0 0 88.3644 89.7507 -205.85 
     39 116.561 1352 0 0 88.3398 90.7228 -205.85 
     39 10.9258 1310 1 1 82.2182 51.6227 -174.85 
Number of digits in this event: 41
Using G4ParticleGun... 
Particle energy: 6.6751 LIN
Particle: gamma
Event: 40
Number of tracker hits in this event: 99
     40 247.364 1149 10 1 49.8958 74.2728 95.55 
     40 245.621 1271 10 0 49.8963 74.2717 94.15 
     40 102.384 1149 9 1 49.9119 74.2474 65.55 
     40 219.595 1270 9 0 49.9119 74.2473 64.15 
     40 236.519 1149 8 1 49.9182 74.2446 35.55 
     40 123.267 1270 8 0 49.9178 74.2446 34.15 
     40 374.135 1149 7 1 49.9074 74.2434 5.55 
     40 171.717 1270 7 0 49.9082 74.2422 4.15 
     40 101.961 1149 6 1 49.9238 74.2189 -24.45 
     40 128.449 1270 6 0 49.9259 74.2172 -25.85 
     40 114.468 1149 5 1 49.9736 74.1884 -54.45 
     40 119.936 1270 5 0 49.977 74.1874 -55.85 
     40 132.893 1149 4 1 50.0362 74.1617 -84.45 
     40 133.259 1270 4 0 50.0402 74.1591 -85.85 
     40 126.995 1150 3 1 50.1172 74.1047 -114.45 
     40 105.154 1270 3 0 50.1221 74.1011 -115.85 
     40 127.966 1150 2 1 50.2255 74.0221 -144.45 
     40 116.38 1269 2 0 50.2316 74.0171 -145.85 
     40 122.762 1151 1 1 50.3544 73.9136 -174.45 
     40 116.335 1269 1 0 50.3617 73.91 -175.85 
     40 101.2 1152 0 1 50.5178 73.8372 -204.45 
     40 121.489 1268 0 0 50.5246 73.8359 -205.85 
     40 444.834 1150 4 1 50.05 74.2149 -84.8305 
     40 130.424 1271 7 0 49.9151 74.2504 3.87615 
     40 128.896 1148 10 1 49.8401 74.2776 95.55 
     40 133.082 1269 10 0 49.3594 74.0425 94.15 
     40 136.68 830 11 1 -13.85 76.1689 125.331 
     40 105.419 1148 9 1 49.7883 74.2446 65.55 
     40 111.03 1147 8 1 49.4658 74.0314 35.55 
     40 138.439 1269 8 0 49.4902 74.0116 34.15 
     40 112.141 1148 7 1 49.7599 73.2941 5.55 
     40 127.039 1266 7 0 49.7689 73.2856 4.15 
     40 116.75 1150 6 1 50.1246 73.0762 -24.4505 
     40 115.909 1265 6 0 50.2931 73.0727 -25.85 
     40 135.926 1172 5 1 54.4586 72.9671 -54.45 
     40 130.625 1264 5 0 54.5558 72.9256 -55.8504 
     40 95.4479 1181 4 1 56.3088 71.6805 -84.45 
     40 112.149 1258 4 0 56.3901 71.7975 -85.85 
     40 26.5773 1190 3 1 58.2368 74.9759 -114.45 
     40 111.44 1191 3 1 58.25 74.9791 -114.553 
     40 126.498 1274 3 0 58.4044 75.0263 -115.85 
     40 114.699 1213 2 1 62.7429 76.0194 -144.45 
     40 11.8301 1214 2 1 62.85 76.0418 -144.792 
     40 149.542 1280 2 0 63.1884 76.1032 -145.85 
     40 245.072 1259 1 1 71.901 77.9727 -174.451 
     40 6.23791 1260 1 1 72.05 78.0196 -174.829 
     40 108.47 1290 1 0 72.4657 78.1516 -175.85 
     40 169.209 1322 0 1 84.4868 81.9116 -204.45 
     40 125.753 1309 0 0 85.0136 81.9169 -205.85 
     40 118.209 1291 1 0 71.8758 78.2658 -175.85 
     40 21.8139 1289 0 1 77.9486 90.15 -204.768 
     40 34.2211 1351 0 0 78.2289 90.5125 -205.85 
     40 79.5984 1352 0 0 78.2615 90.5501 -205.962 
     40 184.608 1574 4 0 61.7223 134.95 -85.9413 
     40 168.881 1414 3 0 -9.66211 103.128 -116.25 
     40 114.449 1415 3 0 -9.75754 103.15 -116.22 
     40 234.572 1413 3 0 -10.5126 102.95 -116.188 
     40 2.9188 1412 3 0 -10.5501 102.75 -116.245 
     40 21.082 1125 1 0 103.085 45.1133 -176.25 
     40 272.32 1124 1 0 103.211 45.05 -176.101 
     40 32.9584 1123 1 0 103.248 44.85 -176.075 
     40 190.727 1140 4 1 48.0921 72.9626 -84.45 
     40 146.728 1146 6 1 49.4257 74.1462 -24.45 
     40 117.38 1147 6 1 49.4502 74.1438 -24.56 
     40 5.55513 1148 6 1 49.65 74.1053 -24.8379 
     40 235.858 1269 6 0 50.3933 74.0467 -25.85 
     40 56.7077 1242 5 1 68.5201 69.7951 -54.45 
     40 196.384 1243 5 1 68.65 69.7602 -54.5697 
     40 38.5936 1244 5 1 68.85 69.6091 -54.7695 
     40 62.8307 1243 5 0 69.7908 68.7394 -55.85 
     40 169.995 1242 5 0 69.8944 68.65 -55.9617 
     40 73.2055 1241 5 0 69.9757 68.45 -56.1596 
     40 1.80456 1040 5 0 98.7833 28.0532 -56.25 
     40 114.912 1039 5 0 98.7839 28.05 -56.2473 
     40 272.229 1038 5 0 98.6726 27.8499 -56.1497 
     40 250.333 1013 5 0 96.3583 22.85 -55.985 
     40 51.2102 1250 5 0 69.5448 70.1383 -55.85 
     40 216.006 1126 5 1 45.4334 70.525 -54.4502 
     40 43.2087 1259 5 0 44.8868 71.9472 -55.85 
     40 90.771 1260 5 0 44.8517 72.05 -55.9493 
     40 59.2689 1261 5 0 44.7859 72.2501 -56.1271 
     40 48.9542 1103 4 1 40.696 104.999 -84.45 
     40 278.678 1102 4 1 40.6499 105.071 -84.5307 
     40 19.4695 1101 4 1 40.45 105.429 -84.7968 
     40 83.9148 1431 4 0 39.7299 106.422 -85.85 
     40 87.0872 1432 4 0 39.6319 106.55 -85.9864 
     40 53.9408 1389 4 0 17.6496 98.0982 -86.2498 
     40 141.453 1390 4 0 17.666 98.15 -86.0553 
     40 7.95154 1391 4 0 17.5882 98.35 -85.8639 
     40 91.6686 986 4 1 17.4163 99.7496 -84.85 
     40 207.426 985 4 1 17.2499 99.8998 -84.7767 
     40 74.4741 984 4 1 17.05 99.9651 -84.7079 
     40 53.2816 1403 4 0 17.4672 100.844 -85.85 
     40 77.5932 1404 4 0 17.535 100.951 -85.9276 
     40 160.105 1405 4 0 17.5312 101.15 -85.928 
     40 23.967 1406 4 0 17.6489 101.35 -85.8784 
     40 139.273 990 4 1 18.2317 101.339 -84.85 
     40 268.807 1396 4 0 16.6666 99.508 -85.85 
     40 19.9157 1315 1 0 31.3473 83.0837 -176.25 
Number of digits in this event: 48
Using G4ParticleGun... 
Particle energy: 2.75088 LIN
Particle: gamma
Event: 41
Number of tracker hits in this event: 21
     41 285.298 845 2 1 -10.9107 93.5543 -144.45 
     41 104.845 1366 2 0 -10.8996 93.5388 -145.85 
     41 266.261 846 1 1 -10.6756 93.2398 -174.45 
     41 124.681 1365 1 0 -10.6682 93.2238 -175.85 
     41 122.083 847 0 1 -10.4968 92.8863 -204.45 
     41 115.683 1363 0 0 -10.4776 92.8704 -205.85 
     41 209.993 1253 1 1 70.65 18.9295 -174.843 
     41 113.197 1254 1 1 70.85 18.9036 -174.68 
     41 141.185 1367 2 0 -10.9078 93.5558 -145.85 
     41 90.6632 1367 1 0 -10.8203 93.6339 -175.85 
     41 142.129 848 0 1 -10.4313 94.9037 -204.45 
     41 164.659 1374 0 0 -10.4106 94.9566 -205.85 
     41 170.15 1373 0 0 -10.3525 94.95 -206.163 
     41 35.2356 1376 0 0 -10.8974 95.5487 -205.85 
     41 162.099 1377 0 0 -10.8983 95.55 -205.853 
     41 59.483 1449 0 0 -2.39884 110.004 -205.85 
     41 200.266 1181 2 0 19.6212 56.278 -146.25 
     41 66.5504 1180 2 0 19.6363 56.25 -146.205 
     41 162.162 1001 2 1 20.4412 55.2993 -144.85 
     41 84.1123 1002 2 1 20.45 55.2963 -144.839 
     41 152.722 1239 0 0 53.8754 67.9577 -206.25 
Number of digits in this event: 15
Using G4ParticleGun... 
Particle energy: 5.76149 LIN
Particle: gamma
Event: 42
Number of tracker hits in this event: 95
     42 27.174 1341 8 0 46.0433 88.4105 33.7848 
     42 100.623 1129 7 1 46.0459 88.4136 5.55 
     42 253.187 1341 7 0 46.0485 88.4141 4.15 
     42 186.772 1130 6 1 46.0996 88.4284 -24.45 
     42 124.921 1341 6 0 46.1036 88.4298 -25.85 
     42 122.373 1130 5 1 46.1855 88.4676 -54.45 
     42 187.21 1342 5 0 46.1899 88.4692 -55.85 
     42 119.457 1131 4 1 46.2727 88.4875 -84.45 
     42 103.52 1342 4 0 46.277 88.4906 -85.85 
     42 107.144 1131 3 1 46.3463 88.5534 -114.45 
     42 132.907 1342 3 0 46.3544 88.5656 -115.85 
     42 116.136 1132 2 1 46.5423 88.8485 -144.45 
     42 127.001 1344 2 0 46.5505 88.8621 -145.85 
     42 115.915 1133 1 1 46.7187 89.1488 -174.45 
     42 109.076 1345 1 0 46.7203 89.165 -175.85 
     42 138.246 1133 0 1 46.7256 89.4997 -204.45 
     42 163.858 1347 0 0 46.7194 89.5171 -205.85 
     42 96.0132 1267 1 0 65.5843 73.5807 -176.25 
     42 72.7213 1266 1 0 65.6455 73.45 -176.1 
     42 64.0648 1265 1 0 65.687 73.2498 -176.117 
     42 69.4649 1264 1 0 65.6945 73.05 -176.157 
     42 186.876 1263 1 0 65.7055 72.8499 -176.187 
     42 61.8803 1130 1 0 112.046 46.1533 -176.25 
     42 351.972 1129 1 0 112.141 46.05 -176.211 
     42 160.756 1463 1 1 112.84 46.0147 -174.85 
     42 1.63387 1422 0 0 50.9281 104.745 -206.25 
     42 391.493 1423 0 0 50.929 104.75 -206.245 
     42 101.816 1153 0 1 50.7504 105.563 -204.85 
     42 596.769 1342 0 0 46.6181 88.5061 -206.109 
     42 404.22 1131 0 1 46.4482 88.4723 -204.45 
     42 9.75048 1383 10 1 96.9015 49.4153 95.15 
     42 249.129 1129 1 1 45.9947 88.4614 -174.45 
     42 215.293 1342 1 0 46.0086 88.4752 -175.85 
     42 144.07 1128 0 1 45.8107 88.4895 -204.45 
     42 20.8441 1546 7 1 129.454 -39.0965 5.15 
     42 82.2642 1547 7 1 129.55 -39.1868 5.40267 
     42 119.048 1548 7 1 129.75 -39.1574 5.54058 
     42 188.949 1131 7 1 46.3188 88.0226 5.55 
     42 27.413 1336 7 0 46.6893 87.2915 4.15 
     42 114.712 1335 7 0 46.7109 87.25 4.06535 
     42 313 1163 6 1 52.7392 72.3804 -24.45 
     42 129.938 1259 6 0 52.7974 72.0111 -25.85 
     42 139.517 1174 5 1 54.9957 64.5832 -54.45 
     42 47.6895 1218 5 0 54.556 63.7168 -55.85 
     42 108.837 1217 5 0 54.5234 63.6493 -55.9522 
     42 1.59905 1216 5 0 54.417 63.45 -56.2421 
     42 138.243 1121 4 1 44.3389 43.4692 -84.4501 
     42 114.834 1120 4 1 44.25 43.3977 -84.5971 
     42 135.114 1113 4 0 43.3797 42.8412 -85.8501 
     42 15.2343 1014 3 1 22.8972 31.5271 -114.45 
     42 69.7572 1013 3 1 22.85 31.562 -114.454 
     42 77.5306 1012 3 1 22.65 31.7 -114.465 
     42 73.1613 1011 3 1 22.45 31.8492 -114.474 
     42 54.4606 1010 3 1 22.25 32.0062 -114.475 
     42 57.3381 1009 3 1 22.05 32.1644 -114.483 
     42 63.877 1008 3 1 21.85 32.3117 -114.489 
     42 73.9093 1007 3 1 21.65 32.4304 -114.505 
     42 58.2752 1006 3 1 21.45 32.5422 -114.532 
     42 220.257 1005 3 1 21.2497 32.6425 -114.544 
     42 64.6181 1004 3 1 21.0499 32.7566 -114.568 
     42 67.8363 1003 3 1 20.8498 32.8452 -114.602 
     42 124.749 1002 3 1 20.6497 32.93 -114.656 
     42 71.7776 1001 3 1 20.45 33.0259 -114.717 
     42 61.3401 1000 3 1 20.25 33.1311 -114.779 
     42 14.6561 999 3 1 20.05 33.2541 -114.839 
     42 69.3432 1078 3 0 15.7977 35.725 -115.85 
     42 79.6246 1079 3 0 15.5946 35.85 -115.914 
     42 81.2415 1080 3 0 15.3554 36.0503 -116.016 
     42 80.6214 1081 3 0 15.154 36.2501 -116.144 
     42 12.8387 851 2 1 -9.83233 63.0713 -144.45 
     42 84.5929 850 2 1 -9.85 63.082 -144.508 
     42 71.902 1216 2 0 -10.4436 63.3889 -145.851 
     42 62.6266 1217 2 0 -10.5452 63.45 -146.063 
     42 15.6102 1127 2 0 -28.6164 45.4913 -146.25 
     42 93.5208 1126 2 0 -28.6284 45.45 -146.208 
     42 58.5501 1125 2 0 -28.6683 45.25 -146.006 
     42 8.70667 1124 2 0 -28.6736 45.05 -145.867 
     42 441.534 756 2 1 -28.756 43.9749 -144.85 
     42 100.191 757 2 1 -28.65 43.4205 -144.591 
     42 21.7851 1099 2 0 -25.5344 39.8944 -145.85 
     42 113.366 1098 2 0 -25.4521 39.85 -145.884 
     42 70.8657 1097 2 0 -25.1508 39.65 -146.106 
     42 90.7025 1096 2 0 -24.9723 39.45 -146.184 
     42 153.204 1095 2 0 -24.6866 39.2499 -146.183 
     42 89.1865 1094 2 0 -24.3287 39.05 -146.137 
     42 73.0681 1093 2 0 -24.0876 38.8498 -146.106 
     42 52.11 1092 2 0 -23.948 38.65 -146.074 
     42 199.466 1091 2 0 -23.9016 38.45 -145.994 
     42 179.426 1090 2 0 -23.8783 38.2499 -145.991 
     42 125.59 1089 2 0 -23.8319 38.05 -146.037 
     42 76.0346 1088 2 0 -23.8023 37.85 -146.134 
     42 252.681 823 2 0 28.1785 -15.3646 -146.25 
     42 62.4546 824 2 0 28.7263 -15.2492 -145.985 
     42 396.416 825 2 0 28.7618 -15.0498 -146.024 
     42 19.9943 1162 6 1 52.65 72.1867 -24.7608 
Number of digits in this event: 35
Using G4ParticleGun... 
Particle energy: 5.85454 LIN
Particle: gamma
Event: 43
Number of tracker hits in this event: 73
     43 310.491 614 4 1 -57.0846 -104.255 -84.45 
     43 241.672 379 4 0 -57.0847 -104.255 -85.85 
     43 121.298 614 3 1 -57.0848 -104.253 -114.45 
     43 176.268 379 3 0 -57.0854 -104.252 -115.85 
     43 122.397 614 2 1 -57.0957 -104.256 -144.45 
     43 270.765 379 2 0 -57.0961 -104.257 -145.85 
     43 121.391 614 1 1 -57.1049 -104.281 -174.45 
     43 141.608 379 1 0 -57.1056 -104.283 -175.85 
     43 103.807 614 0 1 -57.1163 -104.306 -204.45 
     43 109.696 379 0 0 -57.117 -104.308 -205.85 
     43 211.535 456 2 0 -64.688 -88.8267 -146.25 
     43 113.863 457 2 0 -64.9224 -88.65 -145.98 
     43 191.12 458 2 0 -65.247 -88.45 -145.943 
     43 58.0152 459 2 0 -65.4965 -88.25 -146.133 
     43 100.663 613 2 1 -57.25 -104.113 -144.528 
     43 108.609 382 2 0 -57.6941 -103.667 -145.85 
     43 2.17537 383 2 0 -57.855 -103.55 -146.239 
     43 84.7257 565 1 1 -66.9652 -99.6457 -174.45 
     43 37.812 564 1 1 -67.0501 -99.6615 -174.728 
     43 102.542 401 1 0 -67.0751 -99.7813 -175.85 
     43 19.1523 560 0 1 -67.9152 -98.5252 -204.45 
     43 127.426 561 0 1 -67.8498 -98.4876 -204.503 
     43 45.3674 562 0 1 -67.65 -98.3954 -204.727 
     43 169.415 411 0 0 -67.3193 -97.8597 -205.85 
     43 6.33334 412 0 0 -67.2525 -97.75 -206.161 
     43 192.857 364 0 0 -53.804 -107.349 -206.25 
     43 55.2849 365 0 0 -53.4177 -107.15 -206.02 
     43 61.6996 366 0 0 -53.324 -106.95 -205.91 
     43 16.9265 638 0 1 -52.2714 -105.42 -204.85 
     43 143.233 639 0 1 -52.25 -105.393 -204.825 
     43 74.713 640 0 1 -52.05 -105.091 -204.668 
     43 80.258 641 0 1 -51.849 -104.916 -204.704 
     43 119.483 642 0 1 -51.65 -104.734 -204.68 
     43 90.1994 643 0 1 -51.45 -104.948 -204.608 
     43 122.506 615 2 1 -56.9453 -104.276 -144.451 
     43 63.8777 616 2 1 -56.85 -104.345 -144.77 
     43 132.892 380 2 0 -54.637 -104.15 -145.904 
     43 172.924 381 2 0 -54.2899 -103.95 -146.013 
     43 45.1788 451 4 0 -60.7393 -89.6978 -86.25 
     43 99.7501 452 4 0 -60.7751 -89.65 -86.1288 
     43 55.822 594 4 1 -61.202 -89.5127 -84.8497 
     43 96.434 593 4 1 -61.25 -89.5049 -84.6888 
     43 63.6991 592 4 1 -61.45 -89.4279 -84.5376 
     43 38.8714 591 4 1 -61.65 -89.3947 -84.5056 
     43 95.9918 312 4 0 -54.5595 -117.601 -86.25 
     43 68.8483 311 4 0 -54.5377 -117.75 -86.0076 
     43 220.107 628 4 1 -54.4374 -118.776 -84.8497 
     43 1.7852 323 5 0 -46.3095 -115.35 -56.25 
     43 190.008 324 5 0 -46.309 -115.35 -56.2482 
     43 118.251 671 5 1 -45.7006 -114.998 -54.85 
     43 187.713 672 5 1 -45.65 -114.94 -54.7162 
     43 80.299 670 5 1 -45.85 -114.789 -54.6531 
     43 107.834 327 5 0 -46.8828 -114.578 -55.8501 
     43 176.961 252 5 0 -43.3134 -129.72 -56.25 
     43 63.6674 251 5 0 -43.2919 -129.75 -56.1084 
     43 19.5927 253 5 0 -43.5686 -129.55 -55.9041 
     43 151.109 680 5 1 -43.9598 -129.698 -54.8496 
     43 126.546 679 5 1 -44.05 -129.663 -54.6264 
     43 8.3898 948 0 1 9.69706 -89.9861 -204.45 
     43 113.797 615 3 1 -56.9463 -103.085 -114.45 
     43 213.743 385 3 0 -56.978 -103.037 -115.85 
     43 47.484 612 2 1 -57.5514 -102.474 -144.45 
     43 91.1249 611 2 1 -57.6501 -102.392 -144.583 
     43 80.4775 610 2 1 -57.85 -102.245 -144.808 
     43 111.843 393 2 0 -58.9078 -101.487 -145.85 
     43 101.035 394 2 0 -59.1053 -101.35 -146.047 
     43 4.33796 444 1 1 -91.337 -81.7952 -174.45 
     43 120.233 443 1 1 -91.35 -81.7854 -174.469 
     43 28.9479 442 1 1 -91.55 -81.6473 -174.771 
     43 135.171 494 1 0 -92.2079 -81.2156 -175.85 
     43 174.533 381 0 1 -103.769 -70.9456 -204.45 
     43 96.7666 547 0 0 -103.85 -70.5781 -205.85 
     43 16.4064 548 0 0 -103.889 -70.45 -206.176 
Number of digits in this event: 29
Using G4ParticleGun... 
Particle energy: 8.3248 LIN
Particle: gamma
Event: 44
Number of tracker hits in this event: 0
Number of digits in this event: 2
Using G4ParticleGun... 
Particle energy: 9.34712 LIN
Particle: gamma
Event: 45
Number of tracker hits in this event: 17
     45 238.179 575 3 1 -64.8755 -122.48 -114.45 
     45 317.437 288 3 0 -64.8748 -122.48 -115.85 
     45 329.717 576 2 1 -64.8461 -122.479 -144.45 
     45 343.365 288 2 0 -64.8461 -122.479 -145.85 
     45 148.378 576 1 1 -64.8397 -122.472 -174.45 
     45 352.04 288 1 0 -64.8414 -122.471 -175.85 
     45 288.146 575 0 1 -64.8751 -122.451 -204.45 
     45 254.182 288 0 0 -64.8771 -122.451 -205.85 
     45 152.207 301 3 1 -119.93 -48.6189 -114.85 
     45 214.057 575 2 1 -64.8837 -122.493 -144.45 
     45 141.211 575 1 1 -64.8718 -122.451 -174.45 
     45 10.4176 1043 11 0 -174.095 28.7807 123.75 
     45 131.773 1044 11 0 -174.136 28.85 123.901 
     45 177.683 17 11 1 -176.677 30.8049 125.15 
     45 88.4249 16 11 1 -176.75 30.8558 125.171 
     45 173.881 15 11 1 -176.95 30.9784 125.244 
     45 257.527 14 11 1 -177.15 31.0534 125.337 
Number of digits in this event: 17
Using G4ParticleGun... 
Particle energy: 9.72931 LIN
Particle: gamma
Event: 46
Number of tracker hits in this event: 1
     46 63.1064 1338 1 0 -57.9531 87.8454 -176.25 
Number of digits in this event: 3
Using G4ParticleGun... 
Particle energy: 8.89755 LIN
Particle: gamma
Event: 47
Number of tracker hits in this event: 183
     47 264.438 521 11 1 -75.7449 25.7157 125.55 
     47 234.071 1028 11 0 -75.7437 25.7187 124.15 
     47 237.363 521 10 1 -75.7151 25.7797 95.55 
     47 337.686 1028 10 0 -75.7128 25.7792 94.15 
     47 345.501 521 9 1 -75.6642 25.7651 65.55 
     47 286.02 1028 9 0 -75.6636 25.7634 64.15 
     47 613.304 521 8 1 -75.6554 25.7352 35.55 
     47 613.358 1028 8 0 -75.6537 25.7333 34.15 
     47 127.647 522 7 1 -75.6287 25.7046 5.55 
     47 442.383 1028 7 0 -75.6278 25.7009 4.15 
     47 411.776 522 6 1 -75.6027 25.623 -24.45 
     47 102.334 1027 6 0 -75.6023 25.6241 -25.85 
     47 437.409 522 5 1 -75.6015 25.6999 -54.45 
     47 761.847 1028 5 0 -75.6027 25.7061 -55.85 
     47 364.821 522 4 1 -75.6108 25.789 -84.45 
     47 296.444 1028 4 0 -75.6127 25.7916 -85.85 
     47 144.143 522 3 1 -75.6316 25.9282 -114.45 
     47 346.348 1029 3 0 -75.6261 25.9347 -115.85 
     47 444.116 522 2 1 -75.526 26.077 -144.45 
     47 218.219 1030 2 0 -75.5297 26.0842 -145.85 
     47 353.506 522 1 1 -75.6432 26.1822 -174.45 
     47 401.033 1030 1 0 -75.646 26.1877 -175.85 
     47 233.986 521 0 1 -75.7511 26.3187 -204.45 
     47 116.707 1031 0 0 -75.7589 26.3147 -205.85 
     47 56.815 1170 0 0 -91.892 54.1216 -206.25 
     47 228.974 95 1 1 -160.958 -25.1663 -174.45 
     47 148.629 1029 2 0 -75.5301 26.05 -145.976 
     47 184.083 532 3 1 -73.5254 24.1936 -114.45 
     47 166.443 1020 3 0 -73.4099 24.1056 -115.851 
     47 123.288 545 2 1 -70.9748 21.5637 -144.45 
     47 64.1586 1007 2 0 -71.0389 21.464 -145.85 
     47 54.3979 1006 2 0 -71.0472 21.45 -146.052 
     47 178.588 539 1 1 -72.1614 19.0721 -174.45 
     47 110.79 994 1 0 -72.1758 19.005 -175.85 
     47 117.739 539 0 1 -72.2035 18.013 -204.45 
     47 102.557 989 0 0 -72.0171 18.0261 -205.85 
     47 23.6998 1409 3 0 -135.128 101.95 -116.23 
     47 56.3846 523 5 1 -75.45 25.7522 -54.7565 
     47 426.302 1030 5 0 -73.9422 26.188 -55.85 
     47 289.878 1029 5 0 -73.4083 26.05 -56.0018 
     47 0.771071 1027 5 0 -73.3379 25.65 -55.9925 
     47 145.874 511 4 1 -77.8119 26.3076 -84.4502 
     47 122.642 1032 4 0 -77.448 26.5354 -85.85 
     47 107.447 549 3 1 -70.1258 31.1861 -114.45 
     47 74.7778 548 3 1 -70.25 31.3379 -114.646 
     47 50.8334 1062 3 0 -71.0392 32.527 -115.85 
     47 130.489 1063 3 0 -71.1135 32.65 -115.978 
     47 18.9695 1064 3 0 -71.4345 32.85 -116.241 
     47 150.473 1027 3 0 -151.299 25.6473 -116.25 
     47 178.955 1026 3 0 -151.316 25.4497 -116.117 
     47 71.6252 1025 3 0 -151.392 25.25 -115.984 
     47 53.4798 1024 3 0 -151.53 25.05 -115.948 
     47 177.907 1023 3 0 -151.648 24.85 -115.988 
     47 125.653 1022 3 0 -151.691 24.65 -116.03 
     47 62.1204 1021 3 0 -151.71 24.45 -116.053 
     47 76.5562 146 3 1 -150.922 22.0806 -114.85 
     47 92.527 147 3 1 -150.75 21.8889 -114.729 
     47 46.9866 148 3 1 -150.549 21.8531 -114.754 
     47 38.0999 149 3 1 -150.35 21.837 -114.775 
     47 75.6475 1009 3 0 -148.91 22.0073 -115.85 
     47 70.833 1008 3 0 -148.784 21.85 -115.989 
     47 84.9346 1007 3 0 -148.646 21.65 -116.047 
     47 63.9606 1006 3 0 -148.6 21.4493 -116.033 
     47 221.89 1005 3 0 -148.533 21.25 -116.009 
     47 255.606 156 3 1 -148.757 20.4186 -114.85 
     47 33.5059 157 3 1 -148.75 20.4018 -114.831 
     47 209.922 520 7 1 -75.9141 25.7823 5.55 
     47 204.732 519 6 1 -76.1509 25.8146 -24.45 
     47 346.364 1028 6 0 -76.157 25.8182 -25.85 
     47 151.913 518 5 1 -76.2879 25.8826 -54.45 
     47 106.377 518 4 1 -76.3326 25.9294 -84.45 
     47 116.125 1029 4 0 -76.3376 25.9367 -85.85 
     47 160.156 517 3 1 -76.5093 26.1268 -114.45 
     47 118.99 1030 3 0 -76.4983 26.0949 -115.85 
     47 471.235 518 2 1 -76.2601 25.4769 -144.45 
     47 138.475 1027 2 0 -76.2654 25.462 -145.85 
     47 137.111 518 1 1 -76.2655 25.0844 -174.45 
     47 126.613 1024 1 0 -76.2564 25.0491 -175.85 
     47 119.853 519 0 1 -76.0791 24.3736 -204.45 
     47 108.287 1021 0 0 -76.0876 24.328 -205.85 
     47 165.488 255 1 1 -129.059 -51.1825 -174.45 
     47 84.8131 256 1 1 -128.95 -51.469 -174.773 
     47 18.9597 257 1 1 -128.75 -51.5937 -174.838 
     47 16.1347 630 1 0 -126.307 -54.0085 -175.85 
     47 184.984 629 1 0 -126.267 -54.05 -175.876 
     47 260.003 820 1 0 -81.9042 -15.9391 -176.25 
     47 114.129 821 1 0 -81.8081 -15.85 -176.124 
     47 208.232 518 3 1 -76.2949 25.9584 -114.451 
     47 356.292 517 2 1 -76.45 26.6848 -144.76 
     47 438.256 1031 2 0 -76.6421 26.4119 -145.85 
     47 109.903 487 1 1 -82.5148 19.1799 -174.45 
     47 160.979 993 1 0 -82.9035 18.8224 -175.85 
     47 139.593 448 0 1 -90.4289 11.9207 -204.45 
     47 2.37213 447 0 1 -90.55 11.8051 -204.835 
     47 238.961 957 0 0 -90.8804 11.5107 -205.85 
     47 51.8906 956 0 0 -90.9453 11.45 -206.05 
     47 46.0432 520 1 1 -76.0466 28.9425 -174.45 
     47 96.6149 519 1 1 -76.05 28.9538 -174.603 
     47 98.0077 1044 1 0 -76.083 29.0291 -175.85 
     47 16.3482 1045 1 0 -76.0929 29.05 -176.212 
     47 154.101 515 0 1 -76.9133 30.758 -204.45 
     47 127.109 1053 0 0 -76.9575 30.809 -205.85 
     47 157.204 1032 2 0 -76.4135 26.45 -146.209 
     47 290.476 1026 6 0 -75.858 25.4148 -25.85 
     47 33.648 1025 6 0 -75.7466 25.2499 -26.2061 
     47 64.4762 868 6 0 -130.912 -6.35048 -26.25 
     47 107.552 867 6 0 -130.891 -6.45013 -26.1204 
     47 278.741 866 6 0 -130.811 -6.65 -26.0152 
     47 86.908 865 6 0 -130.959 -6.85 -26.1695 
     47 338.147 521 7 1 -75.7648 25.7787 5.55 
     47 309.266 521 6 1 -75.6954 25.9774 -24.45 
     47 116.34 1029 6 0 -75.6944 25.9852 -25.85 
     47 124.062 521 5 1 -75.6767 26.1543 -54.45 
     47 157.516 1031 4 0 -75.551 26.3246 -85.85 
     47 119.252 523 3 1 -75.4275 26.5342 -114.45 
     47 126.446 1032 3 0 -75.4178 26.5476 -115.85 
     47 144.469 524 2 1 -75.2023 26.8191 -144.45 
     47 205.001 1033 2 0 -75.1862 26.8346 -145.85 
     47 116.368 526 1 1 -74.8443 27.1651 -174.45 
     47 142.735 1035 1 0 -74.8308 27.1893 -175.85 
     47 160.322 527 0 1 -74.5298 27.6771 -204.45 
     47 145.449 1038 0 0 -74.5157 27.6905 -205.85 
     47 208.619 1048 0 0 -75.4042 29.7219 -205.85 
     47 150.796 515 1 1 -76.9704 26.8483 -174.45 
     47 57.9704 1036 1 0 -76.9714 27.3666 -175.85 
     47 131.365 1037 1 0 -76.9622 27.45 -176.06 
     47 118.334 523 1 1 -75.4393 26.4299 -174.45 
     47 172.334 567 0 1 -66.5865 20.419 -204.45 
     47 30.0877 1001 0 0 -66.2236 20.261 -205.85 
     47 113.286 1000 0 0 -66.1998 20.25 -205.942 
     47 103.395 520 5 1 -75.8554 25.7471 -54.45 
     47 134.371 521 4 1 -75.8171 25.6465 -84.45 
     47 103.329 1027 4 0 -75.8098 25.6429 -85.85 
     47 117.65 521 3 1 -75.6651 25.589 -114.45 
     47 122.894 1026 2 0 -75.6153 25.4186 -145.85 
     47 126.031 1026 1 0 -75.638 25.3433 -175.85 
     47 130.167 1026 0 0 -75.6814 25.3191 -205.85 
     47 113.195 478 1 0 -66.8744 -84.2965 -176.25 
     47 92.4418 477 1 0 -66.9224 -84.45 -176.168 
     47 60.4259 1149 0 0 -108.79 50.0196 -206.25 
     47 299.86 1150 0 0 -108.801 50.0501 -206.24 
     47 42.6501 1151 0 0 -108.854 50.25 -206.106 
     47 77.2343 1402 6 0 -52.7119 100.594 -26.25 
     47 0.7683 1403 6 0 -52.6075 100.75 -26.244 
     47 23.9873 1532 6 0 -50.7872 126.72 -26.25 
     47 134.315 1533 6 0 -50.7995 126.75 -26.2071 
     47 122.014 1534 6 0 -50.845 126.95 -26.1259 
     47 215.01 520 3 1 -75.9415 25.8119 -114.45 
     47 49.5652 523 2 1 -75.45 25.9178 -144.717 
     47 91.7424 1034 2 0 -74.6176 26.85 -146.003 
     47 19.3235 626 1 1 -54.6705 51.7947 -174.45 
     47 161.137 627 1 1 -54.65 51.8322 -174.511 
     47 56.5843 1163 1 0 -54.076 52.7485 -175.85 
     47 108.772 1164 1 0 -54.005 52.85 -176.022 
     47 190.088 703 0 1 -39.3752 70.9479 -204.45 
     47 1.28867 1262 0 0 -39.0857 72.6448 -205.85 
     47 62.6066 1263 0 0 -39.0846 72.65 -205.854 
     47 153.829 1264 0 0 -39.0304 72.8503 -206.031 
     47 13.3974 1265 0 0 -38.9983 73.0501 -206.225 
     47 5.36218 520 2 1 -76.0289 25.6773 -144.45 
     47 68.5128 519 2 1 -76.05 25.6912 -144.46 
     47 68.8199 516 2 1 -76.65 26.0507 -144.695 
     47 22.6428 515 2 1 -76.85 26.1615 -144.819 
     47 60.6092 1036 2 0 -78.7221 27.3317 -145.85 
     47 103.421 1037 2 0 -78.9007 27.45 -145.95 
     47 65.2596 1038 2 0 -79.2265 27.6502 -146.117 
     47 9.5402 1403 2 0 -112.153 100.909 -146.25 
     47 57.1989 1404 2 0 -112.134 100.95 -146.225 
     47 117.177 1405 2 0 -112.047 101.15 -146.117 
     47 54.4972 1406 2 0 -111.989 101.35 -146.038 
     47 51.0944 1407 2 0 -111.951 101.55 -145.975 
     47 122.557 1408 2 0 -111.92 101.75 -145.916 
     47 8.75612 1409 2 0 -111.885 101.95 -145.861 
     47 956.649 345 2 1 -111.145 106.833 -144.85 
     47 21.846 344 2 1 -111.151 108.78 -144.487 
     47 57.5534 1402 3 0 -102.903 100.582 -116.25 
     47 81.5843 1401 3 0 -102.883 100.55 -116.156 
     47 45.3746 389 3 1 -102.198 100.674 -114.85 
     47 102.654 390 3 1 -102.15 100.682 -114.745 
     47 42.5306 1213 4 0 -121.094 62.7348 -86.25 
     47 115.988 1212 4 0 -121.092 62.65 -86.2098 
     47 207.363 1044 0 0 -80.9446 28.9905 -206.25 
     47 193.087 495 0 1 -80.9196 28.5393 -204.85 
Number of digits in this event: 94
Using G4ParticleGun... 
Particle energy: 3.21526 LIN
Particle: gamma
Event: 48
Number of tracker hits in this event: 38
     48 243.803 231 3 1 -133.923 50.9885 -114.45 
     48 238.852 1154 3 0 -133.926 50.9966 -115.85 
     48 120.255 230 2 1 -133.978 51.086 -144.45 
     48 128.346 1155 2 0 -133.986 51.0913 -145.85 
     48 105.723 229 1 1 -134.166 51.2413 -174.45 
     48 96.0616 1156 1 0 -134.164 51.2578 -175.85 
     48 258.942 229 0 1 -134.192 51.624 -204.45 
     48 365.094 1157 0 0 -134.19 51.6292 -205.85 
     48 134.598 1077 0 0 -135.647 35.5746 -206.25 
     48 19.8043 1152 0 0 -161.872 50.6475 -206.25 
     48 246.552 1153 0 0 -161.938 50.65 -206.222 
     48 67.5838 1305 0 0 -129.739 81.2116 -206.25 
     48 40.9273 1144 0 0 -134.263 48.9254 -205.85 
     48 163.641 1143 0 0 -134.251 48.85 -205.889 
     48 78.7973 1142 0 0 -134.242 48.65 -206.002 
     48 64.1976 1141 0 0 -134.319 48.45 -205.979 
     48 28.2082 221 0 1 -135.875 49.5945 -204.85 
     48 276.828 220 0 1 -135.95 49.6411 -204.815 
     48 270.325 219 0 1 -136.15 50.0698 -204.693 
     48 127.472 230 0 1 -134.15 51.7708 -204.716 
     48 81.0797 1158 0 0 -133.625 51.7901 -205.85 
     48 227.004 1130 0 0 -155.205 46.2372 -206.25 
     48 95.8154 1129 0 0 -155.425 46.05 -206.187 
     48 98.0225 1131 0 0 -155.754 46.25 -206.157 
     48 314.19 1132 0 0 -155.841 46.4501 -206.07 
     48 169.974 1133 0 0 -155.945 46.65 -205.991 
     48 342.422 231 0 1 -133.95 51.901 -204.568 
     48 274.069 231 2 1 -133.902 51.3055 -144.45 
     48 95.8121 1159 2 0 -133.78 51.8588 -145.85 
     48 9.75456 1158 2 0 -133.807 51.8499 -146.195 
     48 107.083 1154 2 0 -133.924 50.9609 -145.85 
     48 125.914 231 1 1 -133.944 50.8918 -174.45 
     48 129.776 1154 1 0 -133.944 50.8869 -175.85 
     48 306.825 789 2 1 -22.25 -108.562 -144.706 
     48 75.0236 344 2 0 -22.0267 -111.197 -145.85 
     48 64.2672 343 2 0 -21.964 -111.35 -145.941 
     48 74.1315 342 2 0 -21.8754 -111.55 -145.938 
     48 54.9697 341 2 0 -21.8465 -111.75 -146.068 
Number of digits in this event: 23
Using G4ParticleGun... 
Particle energy: 6.49581 LIN
Particle: gamma
Event: 49
Number of tracker hits in this event: 3
     49 66.0405 903 2 0 -104.929 0.85 -146.15 
     49 56.7716 817 4 0 -62.1808 -16.4827 -86.25 
     49 14.562 622 7 0 -180.09 -55.45 4.03506 
Number of digits in this event: 3
Using G4ParticleGun... 
Particle energy: 1.59221 LIN
Particle: gamma
Event: 50
Number of tracker hits in this event: 1
     50 27.9884 1588 2 0 -55.871 137.75 -146.122 
Number of digits in this event: 2
Using G4ParticleGun... 
Particle energy: 3.20935 LIN
Particle: gamma
Event: 51
Number of tracker hits in this event: 0
Number of digits in this event: 2
Using G4ParticleGun... 
Particle energy: 8.08328 LIN
Particle: gamma
Event: 52
Number of tracker hits in this event: 16
     52 243.971 789 1 1 -22.2445 -86.3822 -174.45 
     52 340.105 468 1 0 -22.2451 -86.3821 -175.85 
     52 162.372 788 0 1 -22.2639 -86.3878 -204.45 
     52 241.274 468 0 0 -22.2708 -86.3872 -205.85 
     52 34.5913 489 2 1 -82.2074 -3.07348 -144.85 
     52 60.798 488 2 1 -82.2502 -3.04279 -144.808 
     52 98.4011 888 2 0 -82.6322 -2.2609 -145.85 
     52 198.634 377 0 1 -104.55 -144.539 -204.71 
     52 174.587 788 1 1 -22.25 -86.3818 -174.792 
     52 107.384 789 0 1 -22.1854 -86.3522 -204.45 
     52 41.6783 1088 12 0 -46.4078 37.65 153.761 
     52 115.06 668 12 1 -46.341 38.145 155.15 
     52 109.693 1108 13 0 -56.8488 41.7021 183.75 
     52 117.306 612 13 1 -57.4618 42.1016 185.15 
     52 114.792 1073 14 0 -54.6125 34.778 213.75 
     52 186.308 628 14 1 -54.3548 34.5288 215.15 
Number of digits in this event: 10
Using G4ParticleGun... 
Particle energy: 7.44863 LIN
Particle: gamma
Event: 53
Number of tracker hits in this event: 25
     53 101.398 1043 3 1 28.6518 146.239 -114.45 
     53 243.339 1630 3 0 28.6517 146.238 -115.85 
     53 130.293 1042 2 1 28.6457 146.22 -144.45 
     53 103.648 1630 2 0 28.6448 146.219 -145.85 
     53 115.287 1042 1 1 28.6221 146.203 -174.45 
     53 156.155 1630 1 0 28.6216 146.203 -175.85 
     53 139.213 1042 0 1 28.6088 146.195 -204.45 
     53 100.059 1630 0 0 28.6058 146.19 -205.85 
     53 299.733 934 1 1 6.92441 20.1708 -174.85 
     53 50.8645 802 6 0 17.3129 -19.5572 -26.25 
     53 6.53725 801 6 0 17.2364 -19.65 -25.8565 
     53 131.523 983 6 1 16.7229 -20.2624 -24.8498 
     53 35.9338 982 6 1 16.65 -20.2985 -24.753 
     53 109.299 1042 3 1 28.6457 146.238 -114.45 
     53 426.467 1041 2 1 28.2832 146.475 -144.45 
     53 251.999 1631 2 0 28.2727 146.523 -145.85 
     53 102.441 1040 1 1 28.0657 147.539 -174.45 
     53 98.873 1637 1 0 28.0692 147.555 -175.85 
     53 132.474 1040 0 1 28.0773 147.75 -204.45 
     53 116.78 1638 0 0 28.0879 147.826 -205.85 
     53 114.273 1042 3 0 120.679 28.65 -116.22 
     53 7.8173 1503 3 1 120.752 28.5683 -114.85 
     53 232.564 1502 3 1 120.75 28.5661 -114.819 
     53 78.0634 1501 3 1 120.55 28.516 -114.643 
     53 275.346 1041 3 0 121.912 28.436 -115.85 
Number of digits in this event: 13
Using G4ParticleGun... 
Particle energy: 6.99257 LIN
Particle: gamma
Event: 54
Number of tracker hits in this event: 1
     54 397.762 835 2 1 -12.9959 -74.2723 -144.45 
Number of digits in this event: 4
Using G4ParticleGun... 
Particle energy: 9.22259 LIN
Particle: gamma
Event: 55
Number of tracker hits in this event: 0
Number of digits in this event: 2
Using G4ParticleGun... 
Particle energy: 1.04475 LIN
Particle: gamma
Event: 56
Number of tracker hits in this event: 0
Number of digits in this event: 1
Using G4ParticleGun... 
Particle energy: 8.03337 LIN
Particle: gamma
Event: 57
Number of tracker hits in this event: 0
Number of digits in this event: 2
Using G4ParticleGun... 
Particle energy: 3.54418 LIN
Particle: gamma
Event: 58
Number of tracker hits in this event: 31
     58 233.959 749 5 1 -30.1858 54.7454 -54.45 
     58 264.099 1173 5 0 -30.1869 54.7501 -55.85 
     58 217.495 749 4 1 -30.1923 54.8569 -84.45 
     58 241 1174 4 0 -30.1942 54.865 -85.85 
     58 236.895 749 3 1 -30.2372 55.0297 -114.45 
     58 126.664 1174 3 0 -30.2412 55.0401 -115.85 
     58 120.996 748 2 1 -30.3195 55.2809 -144.45 
     58 101.483 1176 2 0 -30.3284 55.298 -145.85 
     58 119.178 747 1 1 -30.5251 55.6615 -174.45 
     58 251.687 1178 1 0 -30.5376 55.6842 -175.85 
     58 268.109 746 0 1 -30.7947 56.1511 -204.45 
     58 111.722 1180 0 0 -30.7995 56.1748 -205.85 
     58 113.995 1236 0 0 -62.7515 67.395 -206.25 
     58 231.416 1299 3 1 79.85 -87.3038 -114.47 
     58 228.078 1521 3 0 44.6758 124.503 -116.25 
     58 375.757 748 0 1 -30.4215 55.0568 -204.454 
     58 213.792 1175 0 0 -30.4186 55.0756 -205.85 
     58 15.957 711 0 1 -37.7589 59.8959 -204.85 
     58 117.152 710 0 1 -37.85 59.712 -204.682 
     58 148.606 709 0 1 -38.05 59.3845 -204.469 
     58 105.235 1175 4 0 -30.1874 55.0599 -85.85 
     58 124.488 1179 3 0 -30.1289 55.8561 -115.85 
     58 120.704 750 2 1 -29.9605 56.0451 -144.45 
     58 123.457 1179 2 0 -29.9583 56.0405 -145.85 
     58 157.01 750 1 1 -29.972 55.8927 -174.45 
     58 30.9528 1179 1 0 -29.9903 55.8527 -175.85 
     58 106.943 1174 0 0 -30.4401 54.9877 -205.85 
     58 64.5695 745 0 1 -30.85 57.6083 -204.586 
     58 97.4423 1189 0 0 -30.9872 57.8902 -205.85 
     58 47.9591 1190 0 0 -31.0025 58.05 -206.203 
     58 167.813 1186 0 0 -30.4112 57.3982 -205.85 
Number of digits in this event: 21
Using G4ParticleGun... 
Particle energy: 1.84332 LIN
Particle: gamma
Event: 59
Number of tracker hits in this event: 0
Number of digits in this event: 1
Using G4ParticleGun... 
Particle energy: 3.68743 LIN
Particle: gamma
Event: 60
Number of tracker hits in this event: 109
     60 691.992 757 9 1 -28.6203 -32.6932 65.55 
     60 357.492 736 9 0 -28.5744 -32.678 64.15 
     60 99.689 762 8 1 -27.6451 -32.3802 35.55 
     60 151.239 738 8 0 -27.6012 -32.3803 34.15 
     60 140.133 765 7 1 -26.8995 -32.2478 5.55 
     60 187.012 739 7 0 -26.8796 -32.2124 4.15 
     60 267.433 768 6 1 -26.2997 -31.3755 -24.45 
     60 123.586 743 6 0 -26.2883 -31.3556 -25.85 
     60 198.049 769 5 1 -26.0909 -31.0071 -54.45 
     60 257.768 745 5 0 -26.09 -30.9856 -55.85 
     60 104.288 770 4 1 -26.0035 -30.6497 -84.45 
     60 250.702 746 4 0 -25.9955 -30.6686 -85.85 
     60 114.394 770 3 1 -25.9376 -31.0179 -114.45 
     60 142.408 745 3 0 -25.913 -31.0389 -115.85 
     60 99.636 773 2 1 -25.4234 -31.4969 -144.45 
     60 128.625 742 2 0 -25.3944 -31.4852 -145.85 
     60 133.829 776 1 1 -24.7207 -31.0912 -174.45 
     60 202.049 744 1 0 -24.6662 -31.0701 -175.85 
     60 192.966 783 0 1 -23.3926 -30.4981 -204.45 
     60 148.992 748 0 0 -23.3266 -30.4169 -205.85 
     60 114.778 747 0 0 -23.317 -30.4652 -205.85 
     60 118.472 779 0 1 -24.243 -30.51 -204.45 
     60 193.306 778 0 1 -24.2503 -30.5054 -204.461 
     60 403.045 777 0 1 -24.4501 -30.227 -204.74 
     60 316.074 752 0 0 -24.9481 -29.5776 -205.85 
     60 102.489 746 0 0 -24.1422 -30.6787 -205.85 
     60 66.2772 881 0 0 -4.44384 -3.81466 -206.25 
     60 82.8753 882 0 0 -4.36048 -3.65 -206.155 
     60 49.1475 883 0 0 -4.23862 -3.45 -205.992 
     60 403.473 878 0 1 -4.36736 -2.67591 -204.85 
     60 104.948 879 0 1 -4.25 -1.83457 -204.545 
     60 206.524 880 0 1 -4.05 -1.97607 -204.75 
     60 155.224 881 0 1 -3.85 -2.09119 -204.632 
     60 45.9217 628 0 1 -54.25 -48.2487 -204.735 
     60 134.312 627 0 1 -54.45 -48.343 -204.528 
     60 64.4885 656 5 0 -61.0028 -48.735 -56.25 
     60 73.503 655 5 0 -61.0936 -48.8501 -56.1269 
     60 43.1708 654 5 0 -61.2123 -49.0512 -55.9721 
     60 162.451 591 5 1 -61.6572 -49.7422 -54.85 
     60 182.979 590 5 1 -61.914 -49.9303 -54.4501 
     60 51.8938 657 5 0 -61.6356 -48.6499 -55.894 
     60 93.5022 658 5 0 -61.6155 -48.4498 -56.0061 
     60 70.2719 659 5 0 -61.5828 -48.25 -56.0868 
     60 53.7975 660 5 0 -61.5495 -48.05 -56.0792 
     60 61.0954 661 5 0 -61.5781 -47.85 -56.0942 
     60 76.6717 662 5 0 -61.5636 -47.65 -56.146 
     60 20.077 663 5 0 -61.6127 -47.45 -56.2314 
     60 164.845 870 5 0 -80.1432 -5.8638 -56.2494 
     60 68.9178 503 5 1 -79.3728 -6.0078 -54.85 
     60 58.9158 504 5 1 -79.2499 -5.9818 -54.6112 
     60 349.617 767 6 1 -26.45 -31.7045 -24.5898 
     60 206.563 770 5 1 -25.865 -31.2421 -54.4516 
     60 140.52 744 5 0 -26.0783 -31.1324 -55.85 
     60 138.952 751 4 1 -29.7088 -30.4887 -84.45 
     60 69.0955 704 3 1 -39.079 -36.1184 -114.45 
     60 80.7506 703 3 1 -39.25 -36.1736 -114.638 
     60 26.2379 702 3 1 -39.45 -36.2173 -114.823 
     60 199.266 717 3 0 -40.6679 -36.5247 -115.85 
     60 127.901 711 3 0 -85.3591 -37.6721 -116.25 
     60 72.6125 466 3 1 -86.6794 -37.7641 -114.85 
     60 61.857 465 3 1 -86.85 -37.778 -114.666 
     60 9.7794 625 4 0 -77.0559 -55.0266 -86.25 
     60 98.0397 624 4 0 -77.0409 -55.05 -86.2107 
     60 22.5153 623 4 0 -76.9927 -55.25 -85.9279 
     60 157.491 516 4 1 -76.7842 -55.376 -84.8498 
     60 105.859 517 4 1 -76.65 -55.4341 -84.584 
     60 146.373 518 4 1 -76.4499 -55.5438 -84.5704 
     60 109.545 743 5 0 -26.1982 -31.2948 -55.85 
     60 120.992 734 4 1 -33.154 -32.1661 -84.45 
     60 128.943 738 4 0 -33.1863 -32.2703 -85.85 
     60 143.222 718 3 1 -36.2821 -34.1354 -114.45 
     60 129.627 730 3 0 -36.4508 -33.9395 -115.85 
     60 18.3915 700 2 1 -40.0294 -29.0878 -144.45 
     60 102.082 699 2 1 -40.0501 -29.0695 -144.5 
     60 82.2871 757 2 0 -40.7281 -28.5635 -145.85 
     60 36.673 758 2 0 -40.8765 -28.4499 -146.139 
     60 131.846 609 1 1 -58.1033 -14.2086 -174.45 
     60 32.1251 608 1 1 -58.25 -14.0735 -174.728 
     60 83.6892 832 1 0 -58.8063 -13.5354 -175.85 
     60 63.9662 833 1 0 -58.8939 -13.45 -176.033 
     60 128.367 542 0 1 -71.4818 -0.894268 -204.45 
     60 35.8127 541 0 1 -71.6504 -0.880673 -204.712 
     60 134.287 896 0 0 -72.4168 -0.827542 -205.85 
     60 44.2337 766 8 1 -26.65 35.8311 35.3552 
     60 101.491 765 8 1 -26.85 35.774 35.537 
     60 65.5659 487 4 0 -8.39121 -82.4672 -86.25 
     60 83.384 486 4 0 -8.38846 -82.65 -86.1388 
     60 206.455 485 4 0 -8.49557 -82.8504 -86.0582 
     60 492.139 855 4 1 -8.95708 -83.6104 -84.85 
     60 35.4247 738 7 0 -26.7175 -32.4178 4.15 
     60 13.9496 756 9 1 -28.65 -32.6028 65.3383 
     60 102.119 757 8 1 -28.6032 -32.7123 35.55 
     60 202.864 736 8 0 -28.6052 -32.7106 34.15 
     60 113.271 756 7 1 -28.6527 -32.6791 5.55 
     60 118.06 736 7 0 -28.6555 -32.6778 4.15 
     60 115.137 756 6 1 -28.7176 -32.6397 -24.45 
     60 166.703 737 6 0 -28.7204 -32.6373 -25.85 
     60 174.273 756 5 1 -28.7836 -32.5972 -54.45 
     60 124.459 737 5 0 -28.7845 -32.5955 -55.85 
     60 163.619 756 4 1 -28.8073 -32.5567 -84.45 
     60 250.131 737 4 0 -28.8082 -32.5573 -85.85 
     60 157.586 756 3 1 -28.8303 -32.5677 -114.45 
     60 214.055 737 3 0 -28.8305 -32.568 -115.85 
     60 102.94 756 2 1 -28.8488 -32.5643 -144.45 
     60 126.197 737 2 0 -28.8429 -32.566 -145.85 
     60 256.003 756 1 1 -28.7316 -32.6002 -174.45 
     60 106.148 737 1 0 -28.7269 -32.604 -175.85 
     60 115.651 756 0 1 -28.6679 -32.6735 -204.45 
     60 150.606 736 0 0 -28.6663 -32.6771 -205.85 
Number of digits in this event: 56
Using G4ParticleGun... 
Particle energy: 8.36069 LIN
Particle: gamma
Event: 61
Number of tracker hits in this event: 82
     61 184.607 1515 6 1 123.246 -60.7067 -24.5995 
     61 266.373 596 6 0 123.246 -60.7065 -25.85 
     61 189.987 1515 5 1 123.242 -60.7033 -54.45 
     61 224.861 596 5 0 123.241 -60.703 -55.85 
     61 366.597 1515 4 1 123.232 -60.6957 -84.45 
     61 134.87 596 4 0 123.234 -60.6957 -85.85 
     61 127.802 1515 3 1 123.266 -60.7073 -114.45 
     61 127.708 596 3 0 123.27 -60.7035 -115.85 
     61 220.57 1515 2 1 123.342 -60.6266 -144.45 
     61 93.0567 597 2 0 123.347 -60.619 -145.85 
     61 162.588 1516 1 1 123.467 -60.464 -174.45 
     61 94.515 597 1 0 123.472 -60.4579 -175.85 
     61 175.986 1517 0 1 123.574 -60.3378 -204.45 
     61 574.547 598 0 0 123.581 -60.3329 -205.85 
     61 209.481 1516 2 1 123.386 -60.6818 -144.45 
     61 337.052 1515 0 1 123.314 -60.8388 -204.45 
     61 101.057 595 0 0 123.316 -60.9584 -205.85 
     61 362.378 596 0 0 123.312 -60.8348 -205.85 
     61 128.037 543 1 0 30.5664 -71.25 -176.208 
     61 2.17753 1055 1 1 31.2488 -72.2115 -174.85 
     61 192.155 1056 1 1 31.25 -72.2129 -174.848 
     61 222.484 1057 1 1 31.45 -72.4196 -174.684 
     61 258.768 1515 1 1 123.191 -60.6812 -174.45 
     61 258.475 596 1 0 123.192 -60.6837 -175.85 
     61 153.538 1696 5 1 159.452 106.738 -54.85 
     61 170.456 1514 0 1 123.019 -60.6917 -204.45 
     61 166.712 600 4 0 123.187 -59.8728 -85.85 
     61 345.952 1514 3 1 123.112 -59.2169 -114.45 
     61 439.316 604 3 0 123.106 -59.1882 -115.85 
     61 96.1525 1514 2 1 122.964 -58.6037 -144.45 
     61 339.819 607 2 0 122.955 -58.578 -145.85 
     61 163.313 1513 1 1 122.782 -58.0387 -174.45 
     61 135.608 610 1 0 122.772 -58.0138 -175.85 
     61 103.794 1512 0 1 122.554 -57.4992 -204.45 
     61 111.066 612 0 0 122.541 -57.4707 -205.85 
     61 11.7202 870 11 1 -6.05 -131.106 125.476 
     61 254.911 1513 2 1 122.764 -58.7217 -144.45 
     61 197.392 606 2 0 122.779 -58.7587 -145.85 
     61 109.837 1514 1 1 123.088 -59.3952 -174.45 
     61 128.612 602 1 0 123.261 -59.4844 -175.85 
     61 117.597 1533 0 1 126.843 -61.2623 -204.45 
     61 136.847 593 0 0 127.056 -61.2728 -205.85 
     61 131.242 1512 2 1 122.75 -58.7157 -144.492 
     61 21.5523 1492 1 1 118.563 -55.4287 -174.45 
     61 88.5022 1491 1 1 118.55 -55.3814 -174.553 
     61 113.207 626 1 0 118.147 -54.8427 -175.85 
     61 12.2349 627 1 0 118.053 -54.65 -176.208 
     61 55.5839 900 1 0 103.279 0.0568106 -176.25 
     61 70.4265 901 1 0 103.229 0.25 -176.105 
     61 57.2238 902 1 0 103.18 0.45 -175.975 
     61 30.8687 903 1 0 103.119 0.650868 -175.876 
     61 96.9536 1411 1 1 102.434 3.33388 -174.85 
     61 142.673 1410 1 1 102.35 3.62553 -174.733 
     61 80.3909 1409 1 1 102.15 4.0397 -174.571 
     61 110.956 954 2 0 100.415 10.8789 -146.25 
     61 262.056 1401 2 1 100.44 11.2186 -144.85 
     61 144.399 1056 3 0 121.184 31.3178 -116.25 
     61 96.5965 1057 3 0 121.313 31.45 -116.078 
     61 11.6 1058 3 0 121.467 31.6502 -115.871 
     61 48.3614 1510 3 1 122.259 32.4982 -114.85 
     61 132.959 1511 3 1 122.35 32.612 -114.7 
     61 123.14 1089 4 0 130.71 37.8941 -86.25 
     61 405.74 1553 4 1 130.877 37.8807 -84.85 
     61 258.76 1082 4 0 131.505 36.6295 -85.85 
     61 64.7484 1102 0 0 140.678 40.5098 -205.85 
     61 163.546 1581 10 1 136.533 34.3544 95.15 
     61 115.09 1519 1 1 123.988 -58.2473 -174.45 
     61 147.436 609 1 0 124.074 -58.1375 -175.85 
     61 113.255 1529 0 1 125.961 -55.6601 -204.45 
     61 198.658 623 0 0 125.949 -55.4426 -205.85 
     61 113.351 1520 2 1 124.28 -60.5677 -144.45 
     61 10.6483 1521 2 1 124.35 -60.601 -144.807 
     61 103.584 596 2 0 124.54 -60.704 -145.85 
     61 36.6632 1547 1 1 129.722 -64.0374 -174.45 
     61 82.696 1548 1 1 129.75 -64.0365 -174.607 
     61 268.526 580 1 0 129.977 -64.0234 -175.85 
     61 107.82 1579 0 1 136.035 -63.1362 -204.45 
     61 110.505 584 0 0 136.149 -63.0696 -205.85 
     61 10.3002 585 0 0 136.179 -63.05 -206.224 
     61 32.9264 581 1 0 129.984 -63.85 -175.874 
     61 66.904 1549 1 1 130.016 -63.8918 -174.85 
     61 25.8458 579 1 0 129.987 -64.072 -175.85 
Number of digits in this event: 47
Using G4ParticleGun... 
Particle energy: 6.45748 LIN
Particle: gamma
Event: 62
Number of tracker hits in this event: 55
     62 257.299 421 6 1 -95.7687 -81.7391 -24.45 
     62 242.481 491 6 0 -95.7689 -81.7387 -25.85 
     62 159.091 421 5 1 -95.7774 -81.7274 -54.45 
     62 299.958 491 5 0 -95.777 -81.7261 -55.85 
     62 162.624 421 4 1 -95.7695 -81.6957 -84.45 
     62 115.969 491 4 0 -95.7673 -81.6937 -85.85 
     62 102.679 422 3 1 -95.7243 -81.6554 -114.45 
     62 149.08 491 3 0 -95.7241 -81.653 -115.85 
     62 120.76 422 2 1 -95.7273 -81.6022 -144.45 
     62 109.245 492 2 0 -95.7258 -81.5979 -145.85 
     62 128.651 422 1 1 -95.7074 -81.4994 -174.45 
     62 105.815 492 1 0 -95.7006 -81.492 -175.85 
     62 109.279 422 0 1 -95.6029 -81.3171 -204.45 
     62 125.381 493 0 0 -95.6033 -81.3055 -205.85 
     62 3.46754 570 0 0 -100.203 -65.8586 -206.25 
     62 86.7089 571 0 0 -100.207 -65.85 -206.241 
     62 41.4109 572 0 0 -100.392 -65.65 -205.961 
     62 52.523 395 0 1 -101.013 -65.3629 -204.85 
     62 84.2538 394 0 1 -101.15 -65.3367 -204.65 
     62 100.523 393 0 1 -101.35 -65.2718 -204.486 
     62 57.2092 392 0 1 -101.55 -65.2179 -204.45 
     62 115.078 391 0 1 -101.75 -65.1681 -204.477 
     62 105.325 390 0 1 -101.95 -64.9758 -204.715 
     62 24.4249 389 0 1 -102.15 -64.6877 -204.817 
     62 31.5255 582 0 0 -103.191 -63.5202 -205.85 
     62 259.017 583 0 0 -103.238 -63.45 -205.908 
     62 3.36769 584 0 0 -103.279 -63.2499 -206.245 
     62 10.8352 921 0 0 -61.0018 4.41423 -206.25 
     62 29.6642 922 0 0 -60.9678 4.45 -206.24 
     62 72.0454 535 4 1 -73.0314 -100.685 -84.45 
     62 166.142 421 2 1 -95.7596 -81.693 -144.45 
     62 184.73 488 2 0 -96.0232 -82.2836 -145.85 
     62 0.921051 487 2 0 -96.0985 -82.4502 -146.244 
     62 45.6079 393 1 1 -101.502 -94.4258 -174.45 
     62 78.2722 392 1 1 -101.55 -94.487 -174.567 
     62 130.582 424 1 0 -102.05 -95.1657 -175.85 
     62 20.871 423 1 0 -102.179 -95.35 -176.187 
     62 259.915 334 0 1 -113.156 -110.64 -204.45 
     62 12.6169 333 0 1 -113.35 -110.836 -204.816 
     62 132.892 343 0 0 -113.92 -111.399 -205.85 
     62 48.0652 342 0 0 -114.079 -111.55 -206.142 
     62 130.248 623 0 1 -55.45 -15.6148 -204.515 
     62 117.729 419 5 1 -96.1816 -81.8135 -54.45 
     62 109.878 416 4 1 -96.8021 -82.0614 -84.45 
     62 189.714 489 4 0 -96.8352 -82.0751 -85.85 
     62 114.028 413 3 1 -97.4497 -82.3446 -114.45 
     62 116.387 488 3 0 -97.4769 -82.3634 -115.85 
     62 151.676 411 2 1 -97.8274 -82.6779 -144.45 
     62 135.678 486 2 0 -97.8388 -82.6974 -145.85 
     62 116.467 410 1 1 -98.0982 -83.0674 -174.45 
     62 136.846 484 1 0 -98.1083 -83.0884 -175.85 
     62 145.853 409 0 1 -98.3153 -83.5178 -204.45 
     62 107.85 482 0 0 -98.3292 -83.5398 -205.85 
     62 60.3382 486 1 1 -82.7874 -115.469 -174.45 
     62 313.129 485 1 1 -82.85 -115.337 -174.52 
Number of digits in this event: 24
Using G4ParticleGun... 
Particle energy: 3.88929 LIN
Particle: gamma
Event: 63
Number of tracker hits in this event: 2
     63 68.1461 1028 14 1 25.7429 171.484 215.15 
     63 9.90681 304 7 1 -119.247 37.9448 5.15 
Number of digits in this event: 2
Using G4ParticleGun... 
Particle energy: 5.05563 LIN
Particle: gamma
Event: 64
Number of tracker hits in this event: 0
Number of digits in this event: 1
Using G4ParticleGun... 
Particle energy: 7.72277 LIN
Particle: gamma
Event: 65
Number of tracker hits in this event: 58
     65 323.999 1138 8 1 47.8072 131.476 35.55 
     65 296.33 1556 8 0 47.8065 131.476 34.15 
     65 257.389 1138 7 1 47.7949 131.474 5.55 
     65 221.068 1556 7 0 47.8006 131.475 4.15 
     65 112.137 1139 6 1 47.8792 131.522 -24.45 
     65 262.851 1556 6 0 47.883 131.525 -25.85 
     65 107.618 1139 5 1 47.9683 131.592 -54.45 
     65 124.953 1557 5 0 47.9672 131.595 -55.85 
     65 116.532 1139 4 1 47.9379 131.659 -84.45 
     65 101.861 1557 4 0 47.9357 131.659 -85.85 
     65 143.08 1139 3 1 47.895 131.676 -114.45 
     65 119.874 1557 3 0 47.8965 131.682 -115.85 
     65 361.161 1139 2 1 47.9009 131.834 -144.45 
     65 344.61 1558 2 0 47.8975 131.84 -145.85 
     65 238.363 1138 1 1 47.7045 131.888 -174.45 
     65 100.902 1558 1 0 47.6924 131.891 -175.85 
     65 120.123 1136 0 1 47.4227 131.984 -204.45 
     65 110.788 1559 0 0 47.4022 131.956 -205.85 
     65 26.0852 1558 0 0 47.3978 131.95 -206.148 
     65 21.6153 1184 3 1 56.8841 3.3911 -114.85 
     65 540.002 1557 6 0 47.9113 131.55 -25.9909 
     65 147.718 1138 6 1 47.8269 131.447 -24.45 
     65 119.059 1138 5 1 47.8025 131.441 -54.45 
     65 133.384 1556 5 0 47.8027 131.442 -55.85 
     65 116.362 1138 4 1 47.8058 131.464 -84.45 
     65 174.998 1556 4 0 47.8073 131.465 -85.85 
     65 119.539 1138 3 1 47.8361 131.482 -114.45 
     65 118.527 1556 3 0 47.836 131.482 -115.85 
     65 532.918 1138 2 1 47.8399 131.487 -144.45 
     65 222.437 1556 2 0 47.8374 131.482 -145.85 
     65 108.667 1556 1 0 47.7889 131.379 -175.85 
     65 132.029 1138 0 1 47.7089 131.243 -204.45 
     65 127.523 1555 0 0 47.7136 131.228 -205.85 
     65 24.5097 1557 2 0 47.9559 131.739 -145.85 
     65 55.1978 1769 2 0 21.726 174.053 -146.25 
     65 110.199 1770 2 0 21.6333 174.15 -146.135 
     65 8.4255 1771 2 0 21.5604 174.35 -145.865 
     65 94.3461 1012 2 1 22.6074 176.27 -144.85 
     65 285.236 1013 2 1 22.65 176.384 -144.8 
     65 316.285 1139 1 1 48.002 126.489 -174.45 
     65 234.856 1140 1 1 48.05 126.216 -174.559 
     65 37.5452 1516 1 0 48.5354 123.438 -175.85 
     65 66.6563 1515 1 0 48.5509 123.35 -175.888 
     65 77.1456 1514 1 0 48.6055 123.15 -175.973 
     65 100.877 1513 1 0 48.6805 122.95 -176.061 
     65 52.7602 1512 1 0 48.7493 122.75 -176.144 
     65 58.3242 1511 1 0 48.8069 122.55 -176.206 
     65 6.43313 1510 1 0 48.8504 122.35 -176.246 
     65 137.556 439 1 0 114.036 -92.35 -176.25 
     65 66.8516 1469 1 1 113.971 -92.0679 -174.85 
     65 42.9296 1468 1 1 113.95 -92.0044 -174.609 
     65 44.7118 489 2 0 124.713 -82.1156 -146.25 
     65 81.1143 490 2 0 124.763 -82.05 -146.085 
     65 211.206 1524 2 1 125.032 -81.2343 -144.85 
     65 141.93 516 3 0 145.392 -76.7202 -116.25 
     65 29.312 1624 3 1 144.97 -77.5693 -114.85 
     65 390.564 1623 3 1 144.95 -77.6055 -114.817 
     65 160.081 505 3 0 145.803 -78.8626 -115.85 
Number of digits in this event: 29
Using G4ParticleGun... 
Particle energy: 3.48557 LIN
Particle: gamma
Event: 66
Number of tracker hits in this event: 112
     66 283.344 558 6 1 -68.3454 55.8452 -24.45 
     66 257.096 1178 6 0 -68.3458 55.8455 -25.85 
     66 201.642 558 5 1 -68.3589 55.8565 -54.45 
     66 209.945 1179 5 0 -68.3589 55.8581 -55.85 
     66 351.895 558 4 1 -68.3654 55.8978 -84.45 
     66 219.205 1179 4 0 -68.3656 55.9012 -85.85 
     66 122.464 558 3 1 -68.3821 55.9777 -114.45 
     66 177.625 1179 3 0 -68.3857 55.986 -115.85 
     66 131.722 557 2 1 -68.4639 56.168 -144.45 
     66 118.147 1180 2 0 -68.4672 56.1786 -145.85 
     66 134.221 557 1 1 -68.5295 56.3898 -174.45 
     66 108.768 1181 1 0 -68.5371 56.4026 -175.85 
     66 261.761 556 0 1 -68.6964 56.6696 -204.45 
     66 113.068 1183 0 0 -68.7047 56.6854 -205.85 
     66 3.68713 557 4 1 -68.45 55.8612 -84.833 
     66 291.542 1178 4 0 -68.707 55.678 -85.85 
     66 169.412 1177 4 0 -68.7438 55.65 -86.0199 
     66 100.016 526 3 1 -74.71 54.6272 -114.45 
     66 46.0237 527 3 1 -74.65 54.5229 -114.72 
     66 115.232 1169 3 0 -74.5004 53.9893 -115.85 
     66 31.1395 1168 3 0 -74.4567 53.85 -116.13 
     66 142.577 574 2 1 -65.1674 41.0122 -144.45 
     66 110.363 1102 2 0 -65.0727 40.5914 -145.85 
     66 139.556 580 1 1 -63.8533 33.332 -174.45 
     66 99.7522 581 1 1 -63.85 33.3591 -174.543 
     66 251.959 1068 1 0 -63.6137 33.7126 -175.85 
     66 27.9614 1069 1 0 -63.5769 33.85 -176.184 
     66 160.845 1115 1 0 -55.0349 43.2007 -176.25 
     66 123.942 619 1 1 -56.0924 42.278 -174.85 
     66 36.5931 618 1 1 -56.2502 42.0294 -174.786 
     66 191.971 1107 1 0 -57.1512 41.4521 -175.85 
     66 94.8163 1106 1 0 -57.1545 41.45 -175.853 
     66 50.6632 944 1 0 -57.3391 8.98706 -176.25 
     66 59.8736 943 1 0 -57.3084 8.85 -176.181 
     66 79.2304 942 1 0 -57.2374 8.65 -176.055 
     66 75.0663 941 1 0 -57.186 8.45 -175.958 
     66 7.83147 940 1 0 -57.1544 8.25 -175.865 
     66 456.369 615 1 1 -56.8597 6.74945 -174.85 
     66 30.9076 616 1 1 -56.8498 6.71016 -174.815 
     66 80.2669 614 1 1 -57.05 6.11202 -174.48 
     66 291.848 613 1 1 -57.25 5.84721 -174.488 
     66 107.692 930 1 0 -57.0106 6.08172 -175.85 
     66 103.434 929 1 0 -56.9255 6.04989 -176.135 
     66 291.39 928 1 0 -56.8778 5.85 -176.096 
     66 127.168 559 3 1 -68.1586 55.31 -114.45 
     66 105.22 1175 3 0 -68.1696 55.1101 -115.85 
     66 113.021 559 2 1 -68.1225 51.1125 -144.45 
     66 23.5928 1154 2 0 -68.1064 50.8677 -145.85 
     66 87.7422 1153 2 0 -68.1058 50.85 -145.953 
     66 264.759 559 1 1 -68.0985 46.331 -174.45 
     66 127.984 1130 1 0 -68.1939 46.1462 -175.85 
     66 120.015 550 0 1 -69.9555 42.4924 -204.45 
     66 146.652 1111 0 0 -70.0207 42.4361 -205.85 
     66 123.062 1194 0 0 -52.4893 58.9271 -206.25 
     66 98.2238 1195 0 0 -52.2909 59.0503 -206.089 
     66 109.828 642 0 1 -51.5802 59.9741 -204.85 
     66 30.7242 643 0 1 -51.45 60.1384 -204.558 
     66 169.083 560 4 1 -67.8701 56.4745 -84.45 
     66 144.595 1182 4 0 -67.855 56.5129 -85.85 
     66 101.794 561 3 1 -67.7163 57.3731 -114.45 
     66 143.742 1186 3 0 -67.7209 57.4117 -115.85 
     66 452.092 561 2 1 -67.7523 58.2125 -144.45 
     66 183.793 1191 2 0 -67.7722 58.256 -145.85 
     66 104.307 1195 1 0 -68.2315 59.1956 -175.85 
     66 18.1368 1202 0 0 -68.8233 60.6467 -205.85 
     66 166.082 1203 0 0 -68.8243 60.65 -205.92 
     66 482.959 1285 7 0 -112.566 77.147 3.75 
     66 20.898 1079 1 0 -51.5888 35.9009 -176.25 
     66 66.481 1078 1 0 -51.5683 35.8497 -176.208 
     66 28.9593 1077 1 0 -51.5432 35.65 -176.179 
     66 86.3289 562 2 1 -67.65 58.7711 -144.765 
     66 107.753 1198 2 0 -66.468 59.7123 -145.851 
     66 283.649 1199 2 0 -66.1385 59.85 -145.926 
     66 91.6839 1200 2 0 -65.34 60.0501 -145.873 
     66 574.866 578 2 1 -64.3513 62.9521 -144.85 
     66 282.003 579 2 1 -64.25 64.3394 -144.572 
     66 427.173 1229 2 0 -63.5761 65.9654 -145.85 
     66 89.0403 1230 2 0 -63.3037 66.05 -145.882 
     66 327.933 559 4 1 -68.2445 55.7448 -84.45 
     66 212.2 1180 4 0 -68.2253 56.0607 -85.85 
     66 107.702 563 3 1 -67.3755 62.7188 -114.45 
     66 92.5612 1214 3 0 -67.0518 63.01 -115.85 
     66 59.0155 1215 3 0 -67.0077 63.05 -116.051 
     66 124.151 598 2 1 -60.3801 68.9635 -144.45 
     66 107.575 1244 2 0 -60.336 68.9824 -145.85 
     66 176.322 602 1 1 -59.4877 69.835 -174.45 
     66 75.2328 1251 1 0 -59.5806 70.3693 -175.85 
     66 47.6886 1252 1 0 -59.6045 70.45 -176.074 
     66 1.3732 577 0 1 -64.4538 85.3466 -204.45 
     66 99.1052 578 0 1 -64.4498 85.347 -204.455 
     66 68.7686 579 0 1 -64.25 85.3756 -204.7 
     66 82.0854 1327 0 0 -63.4519 85.4525 -205.85 
     66 60.6305 1326 0 0 -63.2571 85.45 -206.091 
     66 51.3288 1418 13 0 -118.415 103.913 183.75 
     66 12.5289 317 13 1 -116.616 102.668 185.15 
     66 190.61 1398 13 0 -115.483 99.8405 184.15 
     66 77.8084 1397 13 0 -115.656 99.75 183.974 
     66 53.1075 603 1 1 -59.45 69.8646 -174.66 
     66 119.783 1249 1 0 -59.3039 69.9886 -175.85 
     66 145.306 593 0 1 -61.3121 71.9968 -204.45 
     66 127.057 1259 0 0 -61.147 71.9089 -205.85 
     66 135.706 574 3 1 -65.18 54.5071 -114.45 
     66 118.689 1172 3 0 -64.8725 54.5395 -115.85 
     66 164.439 608 2 1 -58.2657 54.3021 -144.45 
     66 155.193 1168 2 0 -58.2662 53.7867 -145.85 
     66 4.18801 1167 2 0 -58.2671 53.65 -146.23 
     66 115.026 605 1 1 -58.873 43.2112 -174.45 
     66 97.8793 1113 1 0 -59.1277 42.7445 -175.85 
     66 43.3801 1112 1 0 -59.1797 42.65 -176.152 
     66 22.1132 581 0 1 -63.8365 34.0126 -204.45 
     66 90.0708 580 0 1 -63.85 34.0242 -204.546 
     66 124.277 1069 0 0 -63.9765 33.98 -205.85 
Number of digits in this event: 53
Using G4ParticleGun... 
Particle energy: 1.05153 LIN
Particle: gamma
Event: 67
Number of tracker hits in this event: 0
Number of digits in this event: 2
Using G4ParticleGun... 
Particle energy: 8.18944 LIN
Particle: gamma
Event: 68
Number of tracker hits in this event: 49
     68 274.669 573 9 1 -65.4322 -70.3098 65.55 
     68 214.055 548 9 0 -65.4305 -70.3076 64.15 
     68 374.48 573 8 1 -65.3984 -70.2581 35.55 
     68 367.103 548 8 0 -65.3962 -70.2578 34.15 
     68 206.242 573 7 1 -65.3609 -70.2571 5.55 
     68 154.052 548 7 0 -65.3618 -70.2599 4.15 
     68 520.519 573 6 1 -65.3818 -70.3197 -24.45 
     68 168.536 548 6 0 -65.381 -70.3223 -25.85 
     68 247.223 573 5 1 -65.3696 -70.3831 -54.45 
     68 201.965 548 5 0 -65.3703 -70.3867 -55.85 
     68 238.714 573 4 1 -65.3809 -70.4584 -84.45 
     68 145.172 547 4 0 -65.3828 -70.4568 -85.85 
     68 120.592 573 3 1 -65.4181 -70.4227 -114.45 
     68 125.918 548 3 0 -65.4094 -70.4381 -115.85 
     68 118.4 574 2 1 -65.0956 -70.8357 -144.45 
     68 303.192 546 2 0 -65.0909 -70.8401 -145.85 
     68 140.566 575 1 1 -64.9672 -70.8558 -174.45 
     68 124.379 545 1 0 -64.9302 -70.8742 -175.85 
     68 121.4 579 0 1 -64.1738 -71.2545 -204.45 
     68 135.82 543 0 0 -64.149 -71.2652 -205.85 
     68 2.64376 552 3 1 -69.4733 -90.8405 -114.85 
     68 286.414 573 2 1 -65.3423 -70.6014 -144.45 
     68 162.423 547 2 0 -65.3311 -70.599 -145.85 
     68 130.532 574 1 1 -65.1843 -70.6842 -174.45 
     68 141.493 546 1 0 -65.1874 -70.696 -175.85 
     68 136.179 574 0 1 -65.2407 -70.9148 -204.45 
     68 149.271 545 0 0 -65.2518 -70.9144 -205.85 
     68 106.393 578 1 1 -64.3125 -71.5131 -174.45 
     68 120.362 542 1 0 -64.2858 -71.5559 -175.85 
     68 112.165 581 0 1 -63.7806 -72.4255 -204.45 
     68 122.013 537 0 0 -63.7563 -72.4828 -205.85 
     68 136.007 572 6 1 -65.4501 -70.7641 -24.5982 
     68 443.582 571 6 1 -65.65 -70.7706 -24.5778 
     68 89.3823 549 8 0 -65.4008 -70.25 34.0856 
     68 106.52 581 8 1 -63.7541 -68.6345 35.15 
     68 108.856 549 7 0 -65.3697 -70.2114 4.15 
     68 110.816 549 6 0 -65.3472 -70.1735 -25.85 
     68 155.1 549 5 0 -65.3512 -70.1359 -55.85 
     68 133.408 549 4 0 -65.4406 -70.0794 -85.85 
     68 177.555 572 3 1 -65.5804 -70.022 -114.45 
     68 116.538 550 3 0 -65.588 -70.0197 -115.85 
     68 126.471 571 2 1 -65.7299 -69.9761 -144.45 
     68 123.802 550 2 0 -65.7408 -69.9775 -145.85 
     68 107.607 570 1 1 -65.9844 -69.9944 -174.45 
     68 102.97 550 1 0 -65.9968 -69.9948 -175.85 
     68 112.329 569 0 1 -66.2457 -70.016 -204.45 
     68 125.821 550 0 0 -66.2569 -70.0142 -205.85 
     68 74.2619 89 4 1 -162.15 -169.728 -84.6283 
     68 70.468 572 8 1 -65.45 -70.3718 35.3638 
Number of digits in this event: 39
Using G4ParticleGun... 
Particle energy: 4.62709 LIN
Particle: gamma
Event: 69
Number of tracker hits in this event: 2
     69 14.6811 1653 5 0 4.18471 150.776 -56.25 
     69 44.8019 1652 5 0 4.09003 150.75 -56.0798 
Number of digits in this event: 2
Using G4ParticleGun... 
Particle energy: 2.59476 LIN
Particle: gamma
Event: 70
Number of tracker hits in this event: 0
Number of digits in this event: 1
Using G4ParticleGun... 
Particle energy: 8.38521 LIN
Particle: gamma
Event: 71
Number of tracker hits in this event: 21
     71 299.477 1400 3 1 100.286 -17.0727 -114.45 
     71 254.735 814 3 0 100.287 -17.0715 -115.85 
     71 239.091 1400 2 1 100.298 -17.0494 -144.45 
     71 126.826 815 2 0 100.299 -17.0469 -145.85 
     71 270.413 1400 1 1 100.319 -16.9915 -174.45 
     71 122.063 815 1 0 100.32 -16.9882 -175.85 
     71 215.467 1400 0 1 100.325 -16.9232 -204.45 
     71 245.494 815 0 0 100.327 -16.9212 -205.85 
     71 240.883 583 0 1 -63.2913 -7.61351 -204.85 
     71 40.4712 1111 0 1 42.3911 -0.66879 -204.85 
     71 77.4299 275 9 0 -33.9704 -125.018 63.75 
     71 220.61 276 9 0 -34.0922 -124.95 63.8588 
     71 267.056 815 3 0 100.286 -17.05 -116.001 
     71 139.203 814 2 0 100.289 -17.0752 -145.85 
     71 106.916 814 1 0 100.315 -17.0529 -175.85 
     71 293.048 684 1 1 -43.05 79.5133 -174.502 
     71 111.084 519 4 1 -76.142 72.0226 -84.85 
     71 9.6919 1075 7 0 85.2517 35.1187 3.75 
     71 363.789 1159 7 0 57.1109 51.876 3.75 
     71 30.9789 482 0 0 41.2457 -83.6419 -206.25 
     71 197.159 422 0 0 65.0469 -95.5535 -206.25 
Number of digits in this event: 18
Using G4ParticleGun... 
Particle energy: 8.54755 LIN
Particle: gamma
Event: 72
Number of tracker hits in this event: 70
     72 314.879 442 6 1 -91.5542 37.9819 -24.45 
     72 252.232 1089 6 0 -91.5526 37.9823 -25.85 
     72 508.238 443 5 1 -91.5196 37.99 -54.45 
     72 458.571 1089 5 0 -91.5193 37.9918 -55.85 
     72 275.326 443 4 1 -91.5165 38.0285 -84.45 
     72 428.543 1089 4 0 -91.5169 38.0279 -85.85 
     72 394.862 443 3 1 -91.525 38.0045 -114.45 
     72 359.379 1089 3 0 -91.5238 38.0031 -115.85 
     72 249.689 443 2 1 -91.5002 37.9658 -144.45 
     72 255.908 1089 2 0 -91.4956 37.9652 -145.85 
     72 355.983 443 1 1 -91.4013 37.9491 -174.45 
     72 604.45 1089 1 0 -91.3944 37.9469 -175.85 
     72 352.975 444 0 1 -91.2436 37.9184 -204.45 
     72 417.594 1089 0 0 -91.2345 37.9211 -205.85 
     72 328.726 447 0 1 -90.6887 38.0346 -204.45 
     72 115.734 1090 4 0 -91.4827 38.05 -85.9481 
     72 99.6434 444 1 1 -91.3317 38.0095 -174.45 
     72 199.488 925 0 0 -147.541 5.25 -206.203 
     72 62.6722 926 0 0 -147.676 5.25008 -206.045 
     72 120.344 1478 2 1 115.795 9.44953 -144.85 
     72 120.89 1477 2 1 115.75 9.20894 -144.504 
     72 143.504 1090 3 0 -91.3673 38.2021 -115.851 
     72 19.2344 1091 3 0 -91.3532 38.25 -116.192 
     72 3.57849 450 2 1 -90.0499 41.9705 -144.831 
     72 223.403 1111 2 0 -89.8051 42.2695 -145.85 
     72 465.478 492 1 1 -81.6054 51.1128 -174.45 
     72 104.107 1158 1 0 -81.6755 51.7142 -175.85 
     72 42.6032 478 0 1 -84.34 59.6467 -204.45 
     72 66.4099 477 0 1 -84.45 59.6589 -204.538 
     72 64.9789 476 0 1 -84.65 59.682 -204.694 
     72 259.467 1199 0 0 -86.0473 59.8897 -205.85 
     72 145.641 444 3 1 -91.1539 37.9448 -114.45 
     72 133.763 445 2 1 -90.9836 37.8406 -144.45 
     72 224.94 1088 2 0 -90.9753 37.8358 -145.85 
     72 121.805 446 1 1 -90.8042 37.7494 -174.45 
     72 109.96 1088 1 0 -90.7954 37.7453 -175.85 
     72 148.309 1088 0 0 -90.5825 37.676 -205.85 
     72 118.463 1748 2 0 83.1301 169.752 -146.25 
     72 75.2949 1749 2 0 83.2202 169.95 -146.034 
     72 76.2548 1315 2 1 83.1076 171.158 -144.85 
     72 221.299 1755 2 0 83.4599 171.261 -145.85 
     72 16.2231 676 4 0 173.857 -44.7997 -86.25 
     72 101.712 675 4 0 174.12 -44.85 -86.0397 
     72 171.698 1100 0 0 -107.764 40.0877 -206.25 
     72 45.261 1099 0 0 -107.819 40.05 -206.203 
     72 118.476 1086 0 0 -91.4371 37.2793 -205.851 
     72 114.673 438 4 1 -92.3621 37.7404 -84.45 
     72 121.601 1088 4 0 -92.3992 37.7787 -85.85 
     72 117.987 435 3 1 -93.0272 38.6959 -114.45 
     72 110.541 1093 3 0 -93.0018 38.799 -115.85 
     72 191.721 438 2 1 -92.3744 40.9043 -144.45 
     72 70.1783 1104 2 0 -92.3073 41.0314 -145.85 
     72 55.7617 1105 2 0 -92.2977 41.05 -146.054 
     72 375.482 447 1 1 -90.75 43.5642 -174.545 
     72 113.418 1117 1 0 -90.6511 43.6232 -175.85 
     72 130.455 458 0 1 -88.3885 45.1077 -204.45 
     72 139.81 1125 0 0 -88.1845 45.1793 -205.85 
     72 217.614 441 4 1 -91.7906 38.0164 -84.45 
     72 104.371 439 3 1 -92.227 36.7576 -114.451 
     72 211.974 1083 3 0 -92.2151 36.731 -115.85 
     72 113.539 441 2 1 -91.8057 36.2242 -144.45 
     72 122.984 1080 2 0 -91.8336 36.1737 -145.85 
     72 160.489 438 1 1 -92.3869 35.3885 -174.45 
     72 118.472 1076 1 0 -92.4213 35.3317 -175.85 
     72 124.651 435 0 1 -93.0411 34.1643 -204.45 
     72 115.83 1070 0 0 -93.0326 34.1138 -205.85 
     72 125.153 572 0 0 -79.9116 -65.45 -206.079 
     72 14.8241 698 4 1 -40.2917 -162.774 -84.85 
     72 353.912 699 4 1 -40.25 -162.836 -84.7356 
     72 78.8464 571 0 0 -79.7994 -65.65 -206.003 
Number of digits in this event: 44
Using G4ParticleGun... 
Particle energy: 7.83289 LIN
Particle: gamma
Event: 73
Number of tracker hits in this event: 9
     73 182.865 945 1 1 9.17468 -151.09 -174.85 
     73 152.336 839 0 1 -12.05 -106.082 -204.843 
     73 281.589 840 0 1 -12.0102 -106.06 -204.45 
     73 165.442 875 2 1 -4.86145 -59.5233 -144.85 
     73 2.52386 413 3 0 -0.483545 -97.5467 -116.25 
     73 135.608 412 3 0 -0.479748 -97.55 -116.243 
     73 314.308 535 3 0 39.622 -72.9811 -116.25 
     73 10.7565 319 0 0 -9.09989 -116.266 -206.25 
     73 159.293 851 0 1 -9.71053 -116.56 -204.85 
Number of digits in this event: 9
Using G4ParticleGun... 
Particle energy: 2.48826 LIN
Particle: gamma
Event: 74
Number of tracker hits in this event: 0
Number of digits in this event: 2
Using G4ParticleGun... 
Particle energy: 1.73279 LIN
Particle: gamma
Event: 75
Number of tracker hits in this event: 42
     75 212.113 907 5 1 1.5635 -25.7835 -54.45 
     75 355.429 771 5 0 1.5793 -25.7962 -55.85 
     75 327.761 910 4 1 2.06158 -26.2656 -84.45 
     75 118.485 768 4 0 2.09433 -26.3007 -85.85 
     75 118.968 914 3 1 2.94308 -26.9785 -114.45 
     75 157.301 765 3 0 2.96997 -27.0154 -115.85 
     75 121.154 917 2 1 3.5177 -27.6148 -144.45 
     75 175.991 762 2 0 3.47239 -27.6228 -145.85 
     75 109.812 912 1 1 2.61256 -27.647 -174.45 
     75 131.59 761 1 0 2.50908 -27.714 -175.85 
     75 115.385 901 0 1 0.328939 -29.1365 -204.45 
     75 99.0137 754 0 0 0.19692 -29.1638 -205.85 
     75 3.12137 536 2 0 48.0388 -72.85 -146.081 
     75 1.18606 556 2 0 48.478 -68.85 -146.244 
     75 157.157 1086 2 0 60.8996 37.2649 -146.25 
     75 79.5982 715 1 1 -36.9519 -63.1233 -174.45 
     75 30.9903 714 1 1 -37.0503 -63.1906 -174.486 
     75 113.319 911 4 1 2.25 -26.3474 -84.7094 
     75 127.111 908 4 1 1.66537 -25.7747 -84.45 
     75 114.824 771 4 0 1.66983 -25.774 -85.85 
     75 115.119 908 3 1 1.77034 -25.7482 -114.45 
     75 171.489 771 3 0 1.77384 -25.7474 -115.85 
     75 254.318 908 2 1 1.80956 -25.7402 -144.45 
     75 111.543 771 2 0 1.811 -25.7348 -145.85 
     75 145.229 908 1 1 1.83945 -25.614 -174.45 
     75 124.37 772 1 0 1.83652 -25.6018 -175.85 
     75 109.342 908 0 1 1.76783 -25.3306 -204.45 
     75 129.94 773 0 0 1.76573 -25.3123 -205.85 
     75 34.8349 659 6 0 -60.8274 -48.0845 -26.2498 
     75 17.3994 557 6 0 -119.289 -68.6368 -26.2498 
     75 9.08004 556 6 0 -119.297 -68.65 -26.2445 
     75 91.2206 909 2 1 1.85184 -25.9475 -144.45 
     75 29.5575 764 2 0 1.65255 -27.178 -145.85 
     75 79.6427 763 2 0 1.6413 -27.25 -145.934 
     75 43.669 786 2 0 19.224 -22.7541 -146.25 
     75 72.8419 787 2 0 19.2715 -22.65 -146.21 
     75 52.4052 788 2 0 19.3456 -22.45 -146.238 
     75 126.606 789 2 0 19.447 -22.2499 -146.233 
     75 204.914 790 2 0 19.717 -22.05 -146.225 
     75 94.0876 791 2 0 19.9487 -21.85 -146.129 
     75 204.225 792 2 0 19.9171 -21.65 -146.008 
     75 5.72181 150 2 0 -55.0533 -149.95 -146.155 
Number of digits in this event: 20
Using G4ParticleGun... 
Particle energy: 7.9507 LIN
Particle: gamma
Event: 76
Number of tracker hits in this event: 2
     76 237.143 735 0 1 -32.85 -51.8976 -204.652 
     76 49.3503 734 0 1 -33.0503 -51.6967 -204.472 
Number of digits in this event: 4
Using G4ParticleGun... 
Particle energy: 4.68665 LIN
Particle: gamma
Event: 77
Number of tracker hits in this event: 111
     77 282.708 1196 7 1 59.3734 44.5016 5.55 
     77 268.262 1122 7 0 59.3608 44.4982 4.15 
     77 160.992 1195 6 1 59.0903 44.4333 -24.45 
     77 132.41 1121 6 0 59.0785 44.4265 -25.85 
     77 109.176 1193 5 1 58.8097 44.3054 -54.45 
     77 242.058 1121 5 0 58.7933 44.2998 -55.85 
     77 211.779 1192 4 1 58.4606 44.1874 -84.45 
     77 163.248 1120 4 0 58.4373 44.1814 -85.85 
     77 213.134 1189 3 1 57.9572 44.1003 -114.45 
     77 183.088 1120 3 0 57.9385 44.0993 -115.85 
     77 121.083 1187 2 1 57.5387 44.0547 -144.45 
     77 378.039 1120 2 0 57.511 44.0514 -145.85 
     77 219.616 1184 1 1 56.9455 43.9635 -174.45 
     77 128.784 1119 1 0 56.9208 43.9648 -175.85 
     77 118.907 1181 0 1 56.407 44.0053 -204.45 
     77 345.889 1119 0 0 56.3817 44.0114 -205.85 
     77 108.985 1016 1 0 106.586 23.4457 -176.25 
     77 106.469 1122 0 0 50.5852 44.6272 -206.25 
     77 56.8863 1123 0 0 50.483 44.65 -206.034 
     77 61.1744 1146 0 1 49.3671 45.712 -204.85 
     77 187.333 1145 0 1 49.25 45.8757 -204.706 
     77 37.1947 1144 0 1 49.05 46.0477 -204.727 
     77 168.318 1128 0 0 48.3701 45.7307 -205.85 
     77 101.414 1186 0 1 57.3315 43.6442 -204.45 
     77 174.936 1187 0 1 57.45 43.8675 -204.673 
     77 116.912 1188 0 1 57.6502 43.9172 -204.75 
     77 189.203 1189 0 1 57.85 43.7827 -204.728 
     77 63.2779 1174 0 1 54.8859 44.0501 -204.85 
     77 176.52 1122 5 0 58.7447 44.45 -56.1824 
     77 118.001 1174 5 0 43.6502 54.9396 -56.25 
     77 109.884 1196 6 1 59.406 44.5143 -24.45 
     77 136.505 1122 6 0 59.4085 44.513 -25.85 
     77 111.426 1197 5 1 59.463 44.4903 -54.45 
     77 180.236 1197 4 1 59.5443 44.4616 -84.45 
     77 135.903 1122 4 0 59.5492 44.4575 -85.85 
     77 91.3271 1198 3 1 59.652 44.3821 -114.45 
     77 120.95 1121 3 0 59.6571 44.3759 -115.85 
     77 222.494 1198 2 1 59.7739 44.2472 -144.45 
     77 256.841 1199 1 1 59.8824 44.1219 -174.45 
     77 193.236 1120 1 0 59.8908 44.1162 -175.85 
     77 142.921 1200 0 1 60.0767 43.9906 -204.45 
     77 291.879 1198 1 1 59.7502 44.4431 -174.45 
     77 269.754 1121 1 0 59.7376 44.4348 -175.85 
     77 105.632 1196 0 1 59.3555 44.1406 -204.45 
     77 221.701 1120 0 0 59.2934 44.144 -205.85 
     77 161.514 1243 0 1 68.8304 50.2651 -204.45 
     77 175.189 1152 0 0 68.8508 50.507 -205.85 
     77 125.367 1118 1 0 60.6652 43.7972 -175.85 
     77 22.8955 1117 1 0 60.766 43.65 -176.167 
     77 57.5016 1279 1 0 101.755 76.0459 -176.25 
     77 206.358 1280 1 0 101.758 76.05 -176.247 
     77 360.018 1409 1 1 102.075 76.3981 -174.85 
     77 118.558 1408 1 1 101.95 76.2234 -174.548 
     77 131.605 1205 0 1 61.1443 44.2155 -204.45 
     77 540.211 1197 2 1 59.6194 44.4133 -144.45 
     77 198.673 1122 2 0 59.4748 44.5224 -145.85 
     77 58.5307 1183 1 1 56.7858 46.533 -174.45 
     77 67.6167 1137 1 0 57.263 47.5331 -175.85 
     77 75.0536 1138 1 0 57.3291 47.65 -176.019 
     77 254.635 1252 1 0 47.1393 70.5793 -176.25 
     77 65.868 1130 1 1 46.1629 70.8935 -174.85 
     77 78.7789 1129 1 1 46.05 70.9251 -174.669 
     77 11.5646 1128 1 1 45.8499 71.0509 -174.49 
     77 188.292 1637 8 1 147.55 -155.76 35.3076 
     77 218.135 1196 2 1 59.45 44.4601 -144.653 
     77 206.911 1195 2 1 59.25 44.5521 -144.547 
     77 58.116 1114 2 0 61.8593 43.05 -145.851 
     77 25.4692 1121 2 0 59.7567 44.262 -145.85 
     77 112.064 1216 1 1 63.4304 40.1397 -174.45 
     77 10.4105 1217 1 1 63.45 40.0548 -174.822 
     77 126.96 1098 1 0 63.5456 39.8398 -175.85 
     77 182.547 1225 0 1 65.1038 34.6671 -204.45 
     77 25.7812 1071 0 0 65.1045 34.2736 -205.85 
     77 193.276 1070 0 0 65.1052 34.25 -205.929 
     77 37.0084 1478 1 0 20.3807 115.75 -175.96 
     77 43.1365 1125 2 0 58.8307 45.1949 -145.851 
     77 105.873 1126 2 0 58.7696 45.25 -145.946 
     77 100.727 1198 4 1 59.65 44.2621 -84.595 
     77 72.7162 1114 4 0 60.3344 42.99 -85.85 
     77 85.5933 1113 4 0 60.4072 42.85 -85.9889 
     77 41.7454 1112 4 0 60.5128 42.6497 -86.2081 
     77 63.0509 1263 3 1 72.6962 18.322 -114.45 
     77 105.95 1264 3 1 72.85 18.4924 -114.536 
     77 126.712 1265 3 1 73.05 18.7143 -114.648 
     77 65.2327 1266 3 1 73.2501 18.9677 -114.753 
     77 56.5622 1005 3 0 75.0132 21.1146 -115.85 
     77 119.251 1006 3 0 75.1281 21.25 -115.925 
     77 142.667 1007 3 0 75.3114 21.4501 -116.059 
     77 33.6618 1008 3 0 75.4858 21.65 -116.19 
     77 31.0922 1495 2 1 119.239 67.7476 -144.45 
     77 86.1807 1496 2 1 119.35 67.7141 -144.458 
     77 67.3698 1497 2 1 119.55 67.6541 -144.475 
     77 44.2687 1498 2 1 119.75 67.5994 -144.48 
     77 48.7769 1499 2 1 119.95 67.55 -144.488 
     77 123.852 1500 2 1 120.15 67.5159 -144.464 
     77 131.844 1501 2 1 120.35 67.4883 -144.46 
     77 41.0256 1502 2 1 120.55 67.4505 -144.479 
     77 73.3389 1503 2 1 120.75 67.4053 -144.5 
     77 132.082 1504 2 1 120.951 67.3513 -144.574 
     77 56.315 1505 2 1 121.15 67.3041 -144.719 
     77 48.0099 1506 2 1 121.35 67.2843 -144.805 
     77 226.383 1233 2 0 124.746 66.7607 -145.85 
     77 128.503 1232 2 0 125.232 66.65 -146.076 
     77 504.203 1237 2 0 118.932 67.605 -145.85 
     77 242.257 1238 2 0 118.698 67.65 -146.088 
     77 97.8615 1489 2 1 118.09 67.7697 -144.85 
     77 82.0136 1490 2 1 118.15 67.7452 -144.772 
     77 54.9008 1491 2 1 118.35 67.6812 -144.722 
     77 13.5309 1125 7 0 59.2583 45.2221 4.15 
     77 187.673 1126 7 0 59.2574 45.25 4.10851 
     77 4.86484 1127 7 0 59.3035 45.45 3.77213 
Number of digits in this event: 58
Using G4ParticleGun... 
Particle energy: 9.90933 LIN
Particle: gamma
Event: 78
Number of tracker hits in this event: 53
     78 218.125 634 6 1 -53.116 -57.7508 -24.45 
     78 233.022 611 6 0 -53.113 -57.7516 -25.85 
     78 125.054 635 5 1 -53.0469 -57.7496 -54.45 
     78 251.904 611 5 0 -53.0379 -57.7556 -55.85 
     78 117.518 636 4 1 -52.842 -57.8984 -84.45 
     78 159.574 610 4 0 -52.8372 -57.9023 -85.85 
     78 191.915 636 3 1 -52.7273 -57.984 -114.45 
     78 106.386 610 3 0 -52.7168 -57.9881 -115.85 
     78 174.924 637 2 1 -52.5093 -58.0455 -144.45 
     78 114.273 609 2 0 -52.5025 -58.052 -145.85 
     78 114.934 638 1 1 -52.3479 -58.175 -174.45 
     78 94.5074 609 1 0 -52.3372 -58.1727 -175.85 
     78 99.6574 639 0 1 -52.1217 -58.1405 -204.45 
     78 252.51 609 0 0 -52.1045 -58.1398 -205.85 
     78 52.4273 1633 6 0 -64.2437 146.75 -25.9112 
     78 67.3176 669 0 0 -85.7075 -46.1746 -206.25 
     78 86.405 670 0 0 -85.766 -46.05 -206.12 
     78 1.86362 671 0 0 -85.7992 -45.8487 -205.858 
     78 160.427 468 0 1 -86.2823 -45.0877 -204.85 
     78 173.706 635 1 1 -53.0081 -57.8526 -174.45 
     78 57.0088 634 1 1 -53.05 -57.8115 -174.68 
     78 184.194 612 1 0 -53.2818 -57.603 -175.85 
     78 418.88 601 0 1 -59.7014 -53.3463 -204.45 
     78 63.6032 634 0 0 -60.0371 -53.081 -205.85 
     78 81.9129 635 0 0 -60.0831 -53.05 -206.029 
     78 97.6526 634 5 1 -53.1146 -57.7585 -54.45 
     78 195.503 634 4 1 -53.0959 -57.7504 -84.45 
     78 121.449 611 4 0 -53.0942 -57.7495 -85.85 
     78 124.454 634 3 1 -53.0625 -57.7332 -114.45 
     78 121.139 611 3 0 -53.0607 -57.7326 -115.85 
     78 333.056 635 2 1 -53.0225 -57.7258 -144.45 
     78 152.957 611 2 0 -53.0209 -57.7256 -145.85 
     78 129.936 611 1 0 -52.9894 -57.7184 -175.85 
     78 122.191 635 0 1 -52.9638 -57.6969 -204.45 
     78 115.269 611 0 0 -52.9635 -57.6958 -205.85 
     78 3.2418 615 0 0 -53.7814 -56.8601 -205.851 
     78 176.976 616 0 0 -53.7914 -56.8496 -205.863 
     78 45.3492 912 11 1 2.6138 -138.529 125.15 
     78 156.576 913 11 1 2.65 -138.567 125.361 
     78 3.59958 620 2 0 -53.1386 -55.8655 -145.85 
     78 171.725 621 2 0 -53.1398 -55.8494 -145.862 
     78 87.1898 622 2 0 -53.2043 -55.65 -146.044 
     78 24.9842 623 2 0 -53.262 -55.45 -146.201 
     78 223.988 827 2 0 -28.2867 -14.5928 -146.25 
     78 3.9958 779 2 1 -24.0684 -15.085 -144.85 
     78 287.227 780 2 1 -24.0499 -15.0883 -144.845 
     78 315.161 781 2 1 -23.85 -15.2012 -144.528 
     78 194.873 782 2 1 -23.65 -15.447 -144.714 
     78 93.2734 783 2 1 -23.4499 -15.6668 -144.646 
     78 82.9599 814 2 0 -25.0186 -17.1209 -145.85 
     78 17.9766 771 2 1 -25.7245 -17.4875 -144.85 
     78 0.542615 822 2 0 -26.6983 -15.4526 -145.85 
     78 24.1519 762 2 1 -27.5868 -13.554 -144.85 
Number of digits in this event: 30
Using G4ParticleGun... 
Particle energy: 7.3978 LIN
Particle: gamma
Event: 79
Number of tracker hits in this event: 0
Number of digits in this event: 2
Using G4ParticleGun... 
Particle energy: 7.79258 LIN
Particle: gamma
Event: 80
Number of tracker hits in this event: 0
Number of digits in this event: 1
Using G4ParticleGun... 
Particle energy: 3.93733 LIN
Particle: gamma
Event: 81
Number of tracker hits in this event: 13
     81 222.531 1083 2 1 36.7097 -138.679 -144.45 
     81 319.152 207 2 0 36.7087 -138.676 -145.85 
     81 229.908 1083 1 1 36.674 -138.621 -174.45 
     81 96.6464 207 1 0 36.6714 -138.616 -175.85 
     81 239.293 1082 0 1 36.5955 -138.498 -204.45 
     81 134.75 208 0 0 36.5932 -138.496 -205.85 
     81 59.5584 333 3 0 -116.074 -113.364 -116.25 
     81 520.713 1100 2 1 40.1299 42.0745 -144.85 
     81 182.622 1099 2 1 40.0499 42.6397 -144.471 
     81 162.938 559 5 1 -68.1549 -3.43645 -54.85 
     81 14.5455 558 5 1 -68.25 -3.24424 -54.6156 
     81 235.131 206 1 0 36.6669 -138.756 -175.85 
     81 122.543 205 0 0 36.5193 -138.957 -205.85 
Number of digits in this event: 13
Using G4ParticleGun... 
Particle energy: 4.5675 LIN
Particle: gamma
Event: 82
Number of tracker hits in this event: 51
     82 237.104 1125 7 1 45.1956 -9.63561 5.55 
     82 182.353 852 7 0 45.1971 -9.63575 4.15 
     82 125.894 1125 6 1 45.2306 -9.648 -24.45 
     82 109.637 852 6 0 45.2329 -9.64857 -25.85 
     82 167.327 1126 5 1 45.2828 -9.66108 -54.45 
     82 185.025 851 5 0 45.2876 -9.66724 -55.85 
     82 118.762 1126 4 1 45.3835 -9.79175 -84.45 
     82 247.512 851 4 0 45.3884 -9.79936 -85.85 
     82 120.072 1127 3 1 45.4893 -9.96271 -114.45 
     82 128.851 850 3 0 45.4929 -9.97166 -115.85 
     82 269.613 1127 2 1 45.5717 -10.1535 -144.45 
     82 125.601 849 2 0 45.5763 -10.1622 -145.85 
     82 104.459 1128 1 1 45.6659 -10.3381 -174.45 
     82 108.698 848 1 0 45.6687 -10.3474 -175.85 
     82 126.043 1128 0 1 45.7244 -10.538 -204.45 
     82 135.11 847 0 0 45.7245 -10.5465 -205.85 
     82 203.636 488 11 1 -82.25 146.366 125.436 
     82 177.439 1634 11 0 -82.515 146.994 124.15 
     82 178.827 1635 11 0 -82.4266 147.15 123.948 
     82 179.571 1636 11 0 -82.1409 147.35 123.96 
     82 27.9071 1079 9 1 35.899 -19.3727 65.15 
     82 35.8333 803 9 0 33.7574 -19.2541 64.15 
     82 1.62021 1069 9 1 33.947 -17.8104 65.15 
     82 65.1451 817 9 0 34.1694 -16.5467 64.15 
     82 248.958 851 2 0 45.6124 -9.73108 -145.85 
     82 243.784 852 2 0 45.5988 -9.65 -146.147 
     82 221.585 853 2 0 45.354 -9.45 -146.202 
     82 158.822 851 7 0 45.2018 -9.68361 4.15 
     82 174.868 1130 6 1 46.1247 -10.8052 -24.45 
     82 1.05709 1129 6 1 46.05 -10.7921 -24.8447 
     82 96.0301 846 6 0 45.8666 -10.7458 -25.85 
     82 128.752 1103 5 1 40.7965 -8.83825 -54.4501 
     82 155.856 857 5 0 40.7586 -8.62767 -55.85 
     82 58.8728 1103 4 1 40.6715 -4.19955 -84.4501 
     82 60.8625 1102 4 1 40.65 -4.15434 -84.6746 
     82 118.635 880 4 0 40.5393 -3.92552 -85.8502 
     82 1.73109 881 4 0 40.5008 -3.85 -86.2425 
     82 172.11 1086 3 1 37.3406 1.90243 -114.45 
     82 51.2172 1085 3 1 37.2499 1.94708 -114.675 
     82 18.1629 909 3 0 36.7576 2.0474 -115.85 
     82 110.202 910 3 0 36.7442 2.05 -115.883 
     82 146.744 1016 2 1 23.3043 -0.15662 -144.45 
     82 133.711 899 2 0 23.1524 -0.133107 -145.85 
     82 107.506 981 1 1 16.3168 -1.04618 -174.45 
     82 130.094 897 1 0 16.5923 -0.63655 -175.85 
     82 8.78504 976 0 1 15.431 2.95068 -204.45 
     82 84.4834 977 0 1 15.4501 2.95094 -204.481 
     82 31.0469 978 0 1 15.6507 2.94848 -204.763 
     82 33.0097 913 0 0 16.5615 2.66974 -205.85 
     82 177.157 912 0 0 16.646 2.65 -205.959 
     82 42.504 1087 3 1 37.45 1.82317 -114.496 
Number of digits in this event: 31
Using G4ParticleGun... 
Particle energy: 5.31707 LIN
Particle: gamma
Event: 83
Number of tracker hits in this event: 1
     83 50.9177 1035 1 1 27.05 27.8037 -174.674 
Number of digits in this event: 1
Using G4ParticleGun... 
Particle energy: 4.21566 LIN
Particle: gamma
Event: 84
Number of tracker hits in this event: 42
     84 211.93 339 7 1 -112.208 -68.4515 5.55 
     84 243.96 557 7 0 -112.206 -68.4536 4.15 
     84 196.699 339 6 1 -112.161 -68.4901 -24.45 
     84 252.015 557 6 0 -112.162 -68.497 -25.85 
     84 148.513 339 5 1 -112.176 -68.6359 -54.45 
     84 301.557 557 5 0 -112.178 -68.6407 -55.85 
     84 120.82 339 4 1 -112.221 -68.7267 -84.45 
     84 155.632 556 4 0 -112.23 -68.7365 -85.85 
     84 121.371 338 3 1 -112.394 -68.9337 -114.45 
     84 135.442 555 3 0 -112.401 -68.9402 -115.85 
     84 110.878 338 2 1 -112.523 -69.0706 -144.45 
     84 191.626 554 2 0 -112.527 -69.0781 -145.85 
     84 164.39 337 1 1 -112.626 -69.2332 -174.45 
     84 133.403 554 1 0 -112.628 -69.2396 -175.85 
     84 158.543 336 0 1 -112.895 -69.3883 -204.45 
     84 134.758 553 0 0 -112.91 -69.393 -205.85 
     84 59.483 6 4 1 -178.86 -96.5746 -84.45 
     84 57.45 591 0 0 -123.062 -61.7464 -206.25 
     84 118.619 592 0 0 -123.214 -61.65 -206.088 
     84 68.0818 279 0 1 -124.207 -61.467 -204.85 
     84 294.793 280 0 1 -124.15 -61.4789 -204.672 
     84 1.10532 593 10 1 -61.2507 54.0029 95.55 
     84 149.521 594 10 1 -61.25 54.004 95.5486 
     84 145.918 555 2 0 -112.578 -69.0499 -145.993 
     84 287.828 342 1 1 -111.716 -68.794 -174.45 
     84 500.241 555 1 0 -111.712 -68.9985 -175.85 
     84 63.3621 347 0 1 -110.728 -72.6537 -204.45 
     84 52.9483 346 0 1 -110.75 -72.6921 -204.656 
     84 118.406 535 0 0 -110.871 -72.9255 -205.85 
     84 143.475 349 0 1 -110.285 -72.3247 -204.45 
     84 264.227 537 0 0 -110.251 -72.4913 -205.85 
     84 249.419 340 6 1 -112.143 -68.4833 -24.45 
     84 127.999 340 5 1 -112.099 -68.4893 -54.45 
     84 132.188 340 4 1 -112.058 -68.5154 -84.45 
     84 117.228 557 4 0 -112.053 -68.5189 -85.85 
     84 120.091 340 3 1 -112.031 -68.5708 -114.45 
     84 168.398 557 3 0 -112.024 -68.577 -115.85 
     84 108.513 341 2 1 -111.818 -68.7385 -144.45 
     84 136.042 556 2 0 -111.825 -68.745 -145.85 
     84 137.051 340 1 1 -111.961 -68.9085 -174.45 
     84 140.579 340 0 1 -111.955 -69.1938 -204.45 
     84 111.382 554 0 0 -111.974 -69.1928 -205.85 
Number of digits in this event: 32
Using G4ParticleGun... 
Particle energy: 9.74167 LIN
Particle: gamma
Event: 85
Number of tracker hits in this event: 5
     85 255.316 1127 1 1 45.5124 -32.8317 -174.45 
     85 323.722 736 1 0 45.5122 -32.8317 -175.85 
     85 280.937 1127 0 1 45.5038 -32.8325 -204.45 
     85 279.654 736 0 0 45.5029 -32.8327 -205.85 
     85 33.0735 735 0 0 45.5128 -32.85 -206.083 
Number of digits in this event: 7
Using G4ParticleGun... 
Particle energy: 4.13431 LIN
Particle: gamma
Event: 86
Number of tracker hits in this event: 36
     86 230.868 611 3 1 -57.8095 -138.038 -114.45 
     86 392.428 210 3 0 -57.8097 -138.039 -115.85 
     86 214.755 611 2 1 -57.8174 -138.065 -144.45 
     86 120.54 210 2 0 -57.8165 -138.067 -145.85 
     86 115.345 611 1 1 -57.7958 -138.101 -174.45 
     86 122.797 210 1 0 -57.7971 -138.103 -175.85 
     86 140.737 611 0 1 -57.8223 -138.157 -204.45 
     86 134.433 210 0 0 -57.8479 -138.144 -205.85 
     86 133.459 796 12 1 -20.85 -38.3605 155.23 
     86 8.09132 797 12 1 -20.65 -38.3395 155.467 
     86 35.4622 610 2 1 -57.85 -138.091 -144.751 
     86 223.038 209 2 0 -58.0313 -138.201 -145.85 
     86 45.8232 591 1 1 -61.7273 -139.479 -174.45 
     86 75.7923 592 1 1 -61.6497 -139.46 -174.614 
     86 216.56 204 1 0 -61.1595 -139.343 -175.85 
     86 119.919 652 0 1 -49.5159 -137.829 -204.45 
     86 60.9873 213 0 0 -49.601 -137.415 -205.851 
     86 55.304 214 0 0 -49.6217 -137.35 -206.074 
     86 15.3219 1218 1 0 -41.451 63.7826 -176.25 
     86 52.8301 1219 1 0 -41.4447 63.8503 -176.235 
     86 86.8827 1220 1 0 -41.4965 64.0501 -176.17 
     86 135.918 1221 1 0 -41.5852 64.25 -176.1 
     86 50.9387 681 1 1 -43.689 64.5411 -174.85 
     86 172.596 680 1 1 -43.85 64.585 -174.736 
     86 175.32 679 1 1 -44.0501 64.8433 -174.473 
     86 239.367 678 1 1 -44.2501 64.6914 -174.483 
     86 26.925 621 2 1 -55.6584 -138.264 -144.45 
     86 93.5996 622 2 1 -55.65 -138.26 -144.55 
     86 165.125 634 1 1 -53.0755 -137.544 -174.45 
     86 50.3124 214 1 0 -53.0742 -137.187 -175.85 
     86 65.0708 215 1 0 -53.0739 -137.15 -176.008 
     86 104.914 630 0 1 -53.9116 -130.918 -204.45 
     86 111.482 247 0 0 -54.2495 -130.716 -205.85 
     86 34.2947 635 1 1 -53.05 -137.452 -174.803 
     86 3.37829 222 1 0 -51.8791 -135.559 -175.85 
     86 225.537 223 1 0 -51.8744 -135.55 -175.854 
Number of digits in this event: 18
Using G4ParticleGun... 
Particle energy: 2.54012 LIN
Particle: gamma
Event: 87
Number of tracker hits in this event: 103
     87 230.629 638 8 1 -52.4113 -68.8065 35.55 
     87 213.66 556 8 0 -52.4112 -68.8074 34.15 
     87 257.386 638 7 1 -52.4181 -68.8192 5.55 
     87 111.093 556 7 0 -52.4139 -68.8207 4.15 
     87 221.987 638 6 1 -52.3487 -68.8664 -24.45 
     87 449.252 555 6 0 -52.3421 -68.873 -25.85 
     87 125.353 639 5 1 -52.2019 -69.0007 -54.45 
     87 462.833 555 5 0 -52.1929 -69.0079 -55.85 
     87 102.638 640 4 1 -51.9961 -69.162 -84.45 
     87 126.105 554 4 0 -51.9833 -69.1667 -85.85 
     87 89.4316 641 3 1 -51.7064 -69.2707 -114.45 
     87 143.195 553 3 0 -51.6897 -69.2731 -115.85 
     87 111.335 643 2 1 -51.3524 -69.304 -144.45 
     87 115.595 553 2 0 -51.3338 -69.3081 -145.85 
     87 123.337 645 1 1 -50.9599 -69.3904 -174.45 
     87 117.265 553 1 0 -50.9332 -69.3941 -175.85 
     87 162.867 648 0 1 -50.3666 -69.4784 -204.45 
     87 102.3 552 0 0 -50.3354 -69.4816 -205.85 
     87 149.862 1671 5 0 87.0644 154.368 -56.25 
     87 80.6539 1337 5 1 87.5378 154.723 -54.85 
     87 139.307 1338 5 1 87.65 154.906 -54.6713 
     87 252.568 644 1 1 -51.1533 -69.4696 -174.45 
     87 227.704 554 1 0 -51.2118 -69.1358 -175.85 
     87 91.673 630 0 1 -53.8858 -63.9217 -204.45 
     87 49.0806 629 0 1 -54.05 -63.9075 -204.71 
     87 174.633 581 0 0 -54.7207 -63.7709 -205.85 
     87 4.55979 643 1 1 -51.25 -69.3421 -174.843 
     87 43.3701 555 1 0 -51.6001 -68.8885 -175.85 
     87 109.255 556 1 0 -51.6295 -68.85 -175.937 
     87 130.116 663 1 0 -82.1396 -47.3525 -176.25 
     87 48.39 664 1 0 -82.4126 -47.25 -175.935 
     87 55.3087 479 1 1 -84.0903 -46.5734 -174.85 
     87 85.6177 478 1 1 -84.25 -46.5109 -174.75 
     87 118.178 477 1 1 -84.45 -46.4267 -174.625 
     87 14.9887 476 1 1 -84.6501 -46.3517 -174.481 
     87 149.008 662 2 0 -104.267 -47.5736 -146.25 
     87 138.508 375 2 1 -104.981 -47.6054 -144.85 
     87 75.1073 374 2 1 -105.15 -47.6472 -144.583 
     87 81.2807 373 2 1 -105.35 -47.7263 -144.495 
     87 68.1615 372 2 1 -105.55 -47.8664 -144.579 
     87 77.4095 371 2 1 -105.75 -48.0163 -144.674 
     87 37.4672 370 2 1 -105.95 -48.1742 -144.798 
     87 53.7146 647 2 0 -107.655 -50.5448 -145.85 
     87 72.973 646 2 0 -107.736 -50.65 -145.904 
     87 101.098 645 2 0 -107.825 -50.8502 -146.041 
     87 6.19697 644 2 0 -107.846 -51.0501 -146.236 
     87 25.5363 441 2 0 -114.326 -91.9161 -146.25 
     87 82.7934 440 2 0 -114.335 -91.95 -146.175 
     87 46.3963 330 2 1 -114.035 -92.2644 -144.85 
     87 119.297 331 2 1 -113.95 -92.2812 -144.734 
     87 113.762 557 7 0 -52.3363 -68.6427 4.15 
     87 111.594 641 6 1 -51.7023 -68.9628 -24.45 
     87 131.206 644 5 1 -51.1437 -69.6935 -54.45 
     87 120.641 551 5 0 -51.1176 -69.7027 -55.85 
     87 363.223 647 4 1 -50.5657 -69.8901 -84.45 
     87 229.485 550 4 0 -50.5844 -69.9106 -85.85 
     87 120.675 645 3 1 -51.0388 -69.9855 -114.45 
     87 130.658 550 3 0 -51.0228 -69.9301 -115.85 
     87 124.851 647 2 1 -50.5633 -68.7942 -144.451 
     87 129.098 556 2 0 -50.6492 -68.8006 -145.85 
     87 172.749 638 1 1 -52.2659 -69.0111 -174.45 
     87 39.1467 639 1 1 -52.25 -69.0234 -174.739 
     87 170.34 657 0 1 -48.6027 -71.2627 -204.45 
     87 119.114 544 0 0 -48.4256 -71.2105 -205.85 
     87 58.8782 647 3 1 -50.6295 -73.1278 -114.45 
     87 58.3823 646 3 1 -50.65 -73.1692 -114.661 
     87 35.7595 533 3 0 -50.7362 -73.4242 -115.85 
     87 205.948 532 3 0 -50.7454 -73.45 -115.974 
     87 139.478 637 2 1 -52.482 -78.2052 -144.45 
     87 142.436 508 2 0 -52.5231 -78.3985 -145.85 
     87 6.77482 507 2 0 -52.5217 -78.45 -146.218 
     87 36.7387 637 1 1 -52.45 -82.6415 -174.706 
     87 21.1002 485 1 0 -52.8944 -83.0262 -175.85 
     87 133.949 484 1 0 -52.9183 -83.05 -175.916 
     87 2.38183 573 0 1 -65.4387 -92.9172 -204.45 
     87 64.243 572 0 1 -65.45 -92.9262 -204.452 
     87 90.3737 571 0 1 -65.65 -93.0824 -204.492 
     87 77.0835 570 0 1 -65.85 -93.2451 -204.533 
     87 72.2681 569 0 1 -66.0501 -93.4219 -204.578 
     87 66.0017 568 0 1 -66.25 -93.5937 -204.639 
     87 63.8938 567 0 1 -66.45 -93.752 -204.702 
     87 242.048 566 0 1 -66.6504 -93.9032 -204.759 
     87 40.5421 565 0 1 -66.85 -94.0331 -204.821 
     87 8.07941 421 0 0 -69.9459 -95.9365 -205.85 
     87 117.084 420 0 0 -69.9677 -95.95 -205.858 
     87 106.009 419 0 0 -70.2576 -96.1502 -205.987 
     87 106.539 418 0 0 -70.5299 -96.35 -206.104 
     87 22.2844 417 0 0 -70.7962 -96.55 -206.217 
     87 5.26339 646 4 1 -50.65 -69.7682 -84.8297 
     87 296.412 552 4 0 -52.4154 -69.579 -85.85 
     87 83.509 553 4 0 -53.287 -69.45 -86.1373 
     87 140.836 497 4 0 -67.5237 -80.5242 -86.25 
     87 41.8293 562 4 1 -67.4989 -80.9501 -84.8499 
     87 70.0073 563 4 1 -67.45 -80.9789 -84.7758 
     87 66.1694 564 4 1 -67.2498 -81.0066 -84.6731 
     87 74.4006 565 4 1 -67.0498 -81.0173 -84.6831 
     87 61.4352 498 4 0 -66.503 -80.3913 -85.85 
     87 87.2947 499 4 0 -66.4655 -80.2499 -85.9267 
     87 88.4141 500 4 0 -66.4436 -80.05 -85.949 
     87 133.138 501 4 0 -66.2795 -79.85 -85.9594 
     87 37.421 502 4 0 -66.1866 -79.65 -85.9013 
     87 223.439 571 4 1 -65.7763 -80.2308 -84.85 
     87 124.124 570 4 1 -65.85 -80.3062 -84.7345 
Number of digits in this event: 41
Using G4ParticleGun... 
Particle energy: 4.58456 LIN
Particle: gamma
Event: 88
Number of tracker hits in this event: 0
Number of digits in this event: 2
Using G4ParticleGun... 
Particle energy: 5.19219 LIN
Particle: gamma
Event: 89
Number of tracker hits in this event: 0
Number of digits in this event: 1
Using G4ParticleGun... 
Particle energy: 4.26961 LIN
Particle: gamma
Event: 90
Number of tracker hits in this event: 18
     90 304.213 851 0 1 -9.69214 125.203 -204.45 
     90 236.135 1525 0 0 -9.69114 125.194 -205.85 
     90 54.2594 855 4 1 -8.85 -19.2516 -84.672 
     90 3.27991 930 0 1 6.05 98.6143 -204.785 
     90 189.906 1519 2 0 122.56 124.072 -146.25 
     90 24.6233 1520 2 0 122.762 124.15 -146.118 
     90 57.9068 904 10 1 0.954943 129.112 95.15 
     90 97.4288 1451 0 0 -30.5368 110.429 -206.25 
     90 76.7821 1450 0 0 -30.5165 110.35 -206.089 
     90 128.203 749 0 1 -30.1736 109.908 -204.85 
     90 79.1588 750 0 1 -30.0499 109.852 -204.65 
     90 17.7743 859 4 0 -94.6502 -8.05 -85.9316 
     90 290.339 426 4 1 -94.8063 -8.66756 -84.85 
     90 79.7618 425 4 1 -94.9502 -9.11023 -84.4916 
     90 71.9274 427 4 1 -94.7499 -9.72578 -84.7626 
     90 61.8946 428 4 1 -94.5498 -9.84757 -84.7698 
     90 2.5105 429 4 1 -94.35 -9.95816 -84.8417 
     90 124.449 847 4 0 -93.5928 -10.49 -85.85 
Number of digits in this event: 9
Using G4ParticleGun... 
Particle energy: 6.4537 LIN
Particle: gamma
Event: 91
Number of tracker hits in this event: 0
Number of digits in this event: 1
Using G4ParticleGun... 
Particle energy: 8.11141 LIN
Particle: gamma
Event: 92
Number of tracker hits in this event: 10
     92 207.917 1374 0 1 95.006 37.9374 -204.45 
     92 289.325 1089 0 0 95.0061 37.9383 -205.85 
     92 75.1999 1026 0 0 65.7432 25.3528 -206.25 
     92 101.338 1025 0 0 65.6067 25.25 -206.152 
     92 139.162 932 0 0 73.6597 6.60465 -206.25 
     92 123.133 1496 1 0 103.397 119.357 -176.25 
     92 90.544 1178 0 1 55.85 -1.61781 -204.728 
     92 201.24 1179 0 1 55.85 -1.6219 -204.729 
     92 22.7431 1379 4 0 88.1802 96.0607 -86.25 
     92 256.422 1380 4 0 88.2064 96.15 -85.9972 
Number of digits in this event: 8
Using G4ParticleGun... 
Particle energy: 4.13232 LIN
Particle: gamma
Event: 93
Number of tracker hits in this event: 31
     93 397.312 988 4 1 17.8092 65.8986 -84.45 
     93 313.947 1229 4 0 17.8138 65.8998 -85.85 
     93 99.3639 989 3 1 17.9088 65.9237 -114.45 
     93 298.38 1229 3 0 17.9143 65.9299 -115.85 
     93 120.627 989 2 1 18.0214 66.0483 -144.45 
     93 107.98 1230 2 0 18.0289 66.0522 -145.85 
     93 99.006 990 1 1 18.1791 66.1265 -174.45 
     93 111.232 1230 1 0 18.1853 66.1309 -175.85 
     93 119.468 991 0 1 18.3046 66.2192 -204.45 
     93 117.528 1230 0 0 18.3087 66.2229 -205.85 
     93 3.81639 713 2 0 157.272 -37.2635 -146.25 
     93 365.74 712 2 0 157.592 -37.45 -146.004 
     93 132.178 987 3 1 17.6032 65.9775 -114.45 
     93 168.318 987 2 1 17.5651 66.3106 -144.45 
     93 115.97 1231 2 0 17.5551 66.3557 -145.85 
     93 116.464 986 1 1 17.2735 67.3344 -174.45 
     93 121.957 1236 1 0 17.2366 67.3844 -175.85 
     93 123.27 982 0 1 16.5118 68.397 -204.45 
     93 18.8715 1241 0 0 16.4634 68.4477 -205.85 
     93 188.381 1242 0 0 16.4613 68.45 -205.912 
     93 1.72473 1226 4 0 17.9718 65.2537 -85.85 
     93 75.6494 1225 4 0 17.9728 65.25 -85.8558 
     93 144.131 1224 4 0 17.9281 65.0497 -86.079 
     93 46.5165 884 4 0 -2.76917 -3.11101 -86.25 
     93 51.3895 883 4 0 -2.75658 -3.25 -86.1189 
     93 42.4151 882 4 0 -2.74542 -3.45 -86.0015 
     93 281.546 884 4 1 -3.07659 -4.36727 -84.85 
     93 121.108 883 4 1 -3.25 -4.57861 -84.4565 
     93 135.584 882 4 1 -3.45 -4.44376 -84.6065 
     93 149.787 881 4 1 -3.65 -4.57977 -84.6282 
     93 107.556 885 4 1 -3.04974 -4.56666 -84.6221 
Number of digits in this event: 17
Using G4ParticleGun... 
Particle energy: 1.84942 LIN
Particle: gamma
Event: 94
Number of tracker hits in this event: 26
     94 223.753 1333 5 1 86.7629 30.09 -54.45 
     94 256.381 1050 5 0 86.7603 30.0918 -55.85 
     94 89.2538 1333 4 1 86.8172 30.0956 -84.45 
     94 273.7 1050 4 0 86.8182 30.0858 -85.85 
     94 97.972 1334 3 1 86.8583 29.8374 -114.45 
     94 108.905 1048 3 0 86.8567 29.8171 -115.85 
     94 117.717 1333 2 1 86.8227 29.4217 -144.45 
     94 131.49 1046 2 0 86.8171 29.3944 -145.85 
     94 174.452 1333 1 1 86.7473 28.791 -174.45 
     94 97.2918 1043 1 0 86.7388 28.7503 -175.85 
     94 125.056 1332 0 1 86.5702 27.8926 -204.45 
     94 45.1885 1039 0 0 86.5694 27.8535 -205.85 
     94 92.1813 1038 0 0 86.5694 27.85 -205.974 
     94 131.643 1331 4 1 86.3941 30.1531 -84.45 
     94 109.192 1330 3 1 86.2198 30.146 -114.45 
     94 167.622 1050 3 0 86.2212 30.1477 -115.85 
     94 113.512 1330 2 1 86.2211 30.1758 -144.45 
     94 139.422 1050 2 0 86.2079 30.1607 -145.85 
     94 194.987 1329 1 1 85.9241 29.782 -174.45 
     94 146.191 1048 1 0 85.8942 29.743 -175.85 
     94 176.062 1326 0 1 85.2858 28.9165 -204.45 
     94 112.246 1044 0 0 85.2671 28.8733 -205.85 
     94 39.81 1226 2 1 65.3295 135.638 -144.85 
     94 95.8217 1225 2 1 65.25 135.616 -144.732 
     94 115.106 1224 2 1 65.05 135.589 -144.605 
     94 220.07 1223 2 1 64.85 135.734 -144.596 
Number of digits in this event: 14
Using G4ParticleGun... 
Particle energy: 8.19536 LIN
Particle: gamma
Event: 95
Number of tracker hits in this event: 198
     95 227.04 553 10 1 -69.3591 21.4815 95.55 
     95 297.968 1007 10 0 -69.3571 21.4821 94.15 
     95 209.547 553 9 1 -69.3151 21.4955 65.55 
     95 220.094 1007 9 0 -69.3143 21.4944 64.15 
     95 172.298 553 8 1 -69.2902 21.4731 35.55 
     95 242.91 1007 8 0 -69.2884 21.4731 34.15 
     95 128.772 553 7 1 -69.2513 21.4732 5.55 
     95 260.385 1007 7 0 -69.2485 21.4741 4.15 
     95 145.969 554 6 1 -69.1989 21.4922 -24.45 
     95 498.291 1007 6 0 -69.1972 21.4918 -25.85 
     95 281.856 554 5 1 -69.1652 21.4804 -54.45 
     95 284.602 1007 5 0 -69.1608 21.48 -55.85 
     95 364.132 554 4 1 -69.0626 21.4675 -84.45 
     95 708.733 1007 4 0 -69.0585 21.4691 -85.85 
     95 508.596 555 3 1 -68.9737 21.5048 -114.45 
     95 789.322 1007 3 0 -68.9665 21.5066 -115.85 
     95 126.73 556 2 1 -68.8336 21.5438 -144.45 
     95 266.874 1007 2 0 -68.8286 21.5471 -145.85 
     95 118.314 556 1 1 -68.7232 21.6233 -174.45 
     95 420.695 1007 1 0 -68.7131 21.6259 -175.85 
     95 117.054 557 0 1 -68.5001 21.6856 -204.45 
     95 119.801 1008 0 0 -68.4892 21.6861 -205.85 
     95 114.282 560 1 1 -67.9775 45.0558 -174.85 
     95 98.3095 936 1 0 -47.1497 7.36306 -176.25 
     95 44.9283 1654 8 0 -8.2828 150.95 33.7768 
     95 11.6423 818 8 1 -16.25 150.177 35.299 
     95 99.1413 861 8 1 -7.82132 151.333 35.15 
     95 122.055 860 8 1 -7.85 151.304 35.2146 
     95 132.301 557 3 1 -68.5529 21.353 -114.45 
     95 108.434 1006 3 0 -68.522 21.3468 -115.85 
     95 126.512 560 2 1 -67.8906 21.1767 -144.45 
     95 109.575 1005 2 0 -67.8713 21.1413 -145.85 
     95 245.166 562 1 1 -67.5076 20.5087 -174.45 
     95 97.5051 1002 1 0 -67.4989 20.4948 -175.85 
     95 109.166 562 0 1 -67.4721 20.2757 -204.45 
     95 207.701 1000 0 0 -67.5265 20.2322 -205.85 
     95 449.218 551 3 1 -69.77 21.1214 -114.45 
     95 133.045 1005 3 0 -69.6274 21.2244 -115.85 
     95 117.276 565 2 1 -66.9511 23.061 -144.45 
     95 310.193 1015 2 0 -66.971 23.1973 -145.85 
     95 112.67 563 1 1 -67.3246 25.8774 -174.45 
     95 132.141 1030 1 0 -67.419 26.0872 -175.85 
     95 115.496 554 0 1 -69.2003 30.0833 -204.45 
     95 148.879 1051 0 0 -69.2791 30.2966 -205.85 
     95 342.779 1001 2 0 -128.971 20.2867 -146.25 
     95 25.5707 556 8 1 -68.8415 21.3734 35.55 
     95 287.094 552 8 1 -69.45 21.4972 35.3647 
     95 330.722 1008 8 0 -70.3092 21.7159 34.1498 
     95 17.629 1009 8 0 -70.4423 21.8501 33.8151 
     95 71.0694 777 8 0 -41.4384 -24.4572 33.7502 
     95 60.8372 776 8 0 -41.3299 -24.65 33.8503 
     95 69.0762 775 8 0 -41.2652 -24.85 33.9538 
     95 62.1573 774 8 0 -41.1969 -25.05 34.0468 
     95 11.7199 773 8 0 -41.0596 -25.25 34.1194 
     95 37.2931 703 8 1 -39.3829 -26.0468 35.1502 
     95 84.2935 704 8 1 -39.25 -26.0829 35.2474 
     95 50.8762 705 8 1 -39.0497 -26.0626 35.3649 
     95 61.7575 706 8 1 -38.85 -26.0734 35.4445 
     95 89.1385 707 8 1 -38.65 -26.1374 35.4637 
     95 114.665 708 8 1 -38.4499 -26.1957 35.4831 
     95 189.913 709 8 1 -38.25 -26.2853 35.4725 
     95 139.997 710 8 1 -38.05 -26.3836 35.4936 
     95 83.5021 711 8 1 -37.85 -26.5564 35.5394 
     95 231.104 765 8 0 -39.7124 -26.9801 34.15 
     95 99.8035 764 8 0 -39.9356 -27.05 33.9743 
     95 118.455 766 8 0 -40.1546 -26.8498 33.9543 
     95 210.998 767 8 0 -40.2059 -26.65 33.8779 
     95 116.141 557 2 1 -68.4918 21.8121 -144.45 
     95 159.824 1009 2 0 -68.4889 21.8991 -145.85 
     95 209.209 558 1 1 -68.4174 23.724 -174.45 
     95 220.757 1018 1 0 -68.3857 23.7985 -175.85 
     95 103.869 560 0 1 -67.9345 25.089 -204.45 
     95 62.2427 1025 0 0 -67.919 25.2315 -205.85 
     95 86.5669 1026 0 0 -67.9167 25.25 -206.033 
     95 334.786 558 0 1 -68.3397 26.6553 -204.45 
     95 17.0754 1034 0 0 -68.2201 27.0375 -205.85 
     95 95.1575 1035 0 0 -68.2104 27.05 -205.907 
     95 121.788 1029 0 0 -68.2146 26.0468 -205.85 
     95 306.857 1008 3 0 -69.0032 21.65 -115.911 
     95 170.756 554 2 1 -69.1844 22.2753 -144.45 
     95 96.8863 1011 2 0 -69.2473 22.3394 -145.85 
     95 251.491 547 1 1 -70.6423 23.746 -174.45 
     95 100.668 546 1 1 -70.65 23.7554 -174.616 
     95 34.4436 1019 1 0 -70.7258 23.85 -176.165 
     95 133.607 540 0 1 -71.9881 25.564 -204.45 
     95 151.271 1028 0 0 -72.0988 25.6827 -205.85 
     95 113.23 552 7 1 -69.5454 21.5156 5.55 
     95 396.741 551 6 1 -69.6812 21.5452 -24.45 
     95 159.718 550 5 1 -69.9318 21.8106 -54.45 
     95 123.62 1008 5 0 -69.9397 21.823 -55.85 
     95 237.43 549 4 1 -70.1078 22.0839 -84.45 
     95 247.266 1010 4 0 -70.1121 22.1062 -85.85 
     95 167.743 549 3 1 -70.2006 22.5293 -114.45 
     95 144.341 1012 3 0 -70.2067 22.5501 -115.85 
     95 256.156 548 2 1 -70.3652 22.9906 -144.45 
     95 166.203 1014 2 0 -70.378 23.0084 -145.85 
     95 115.494 1016 1 0 -70.6507 23.3915 -175.85 
     95 117.427 545 0 1 -70.8706 23.5964 -204.45 
     95 157.595 1017 0 0 -70.8799 23.6025 -205.85 
     95 138.535 1389 1 0 -52.0494 97.95 -176.112 
     95 126.693 548 4 1 -70.251 22.0441 -84.4504 
     95 182.771 1011 4 0 -70.7073 22.2587 -85.85 
     95 3.77299 737 4 0 -142.115 -32.6387 -86.25 
     95 106.25 736 4 0 -142.12 -32.65 -86.2466 
     95 119.748 735 4 0 -142.155 -32.85 -86.1977 
     95 165.556 844 4 0 -158.762 -11.2119 -86.2498 
     95 46.7721 545 3 1 -71.0456 22.0139 -114.45 
     95 68.0484 544 3 1 -71.05 22.0074 -114.627 
     95 122.238 1009 3 0 -71.0817 21.966 -115.85 
     95 101.464 541 2 1 -71.6939 20.9273 -144.45 
     95 384.597 1004 2 0 -71.6489 20.8747 -145.85 
     95 236.433 545 1 1 -70.9737 19.8007 -174.45 
     95 93.4419 998 1 0 -70.9357 19.7263 -175.85 
     95 311.136 550 0 1 -70.0285 18.0025 -204.45 
     95 139.94 988 0 0 -69.884 17.7896 -205.85 
     95 34.5009 530 5 1 -74.0156 21.2559 -54.45 
     95 85.5193 529 5 1 -74.05 21.2373 -54.5687 
     95 98.9723 1004 5 0 -74.4176 21.0067 -55.85 
     95 157.233 487 4 1 -82.5592 14.9618 -84.45 
     95 3.50791 486 4 1 -82.6501 14.8611 -84.8329 
     95 140.746 972 4 0 -82.9008 14.5923 -85.85 
     95 122.907 451 3 1 -89.6772 8.00392 -114.45 
     95 34.788 938 3 0 -90.0191 7.78756 -115.85 
     95 86.6715 413 2 1 -97.4202 3.08707 -144.45 
     95 107.095 412 2 1 -97.5503 2.89182 -144.568 
     95 115.453 411 2 1 -97.7502 2.61022 -144.727 
     95 11.3416 903 2 0 -99.2024 0.686323 -145.85 
     95 72.3946 902 2 0 -99.2295 0.649897 -145.871 
     95 102.756 901 2 0 -99.3773 0.45 -145.985 
     95 60.3082 900 2 0 -99.534 0.24936 -146.102 
     95 92.4135 192 1 1 -141.627 -54.0707 -174.45 
     95 126.379 191 1 1 -141.75 -54.2895 -174.543 
     95 111.935 190 1 1 -141.95 -54.6537 -174.697 
     95 64.4744 614 1 0 -143.205 -57.0929 -175.85 
     95 81.7425 613 1 0 -143.284 -57.25 -175.924 
     95 69.834 612 1 0 -143.382 -57.45 -176.016 
     95 100.772 611 1 0 -143.479 -57.6503 -176.107 
     95 43.4019 610 1 0 -143.593 -57.85 -176.199 
     95 132.981 551 5 1 -69.7617 21.5016 -54.45 
     95 147.996 551 4 1 -69.712 21.5789 -84.45 
     95 136.556 550 3 1 -69.8799 21.4325 -114.45 
     95 131.823 542 2 1 -71.459 22.1041 -144.45 
     95 168.822 1010 2 0 -71.5419 22.0831 -145.85 
     95 108.493 533 1 1 -73.3125 21.5634 -174.45 
     95 291.377 1006 1 0 -73.4585 21.45 -176.047 
     95 201.103 519 0 1 -76.0525 19.7198 -204.45 
     95 370.644 998 0 0 -76.2069 19.7572 -205.85 
     95 506.184 550 2 1 -70.0169 21.4189 -144.45 
     95 518.599 1006 2 0 -70.0435 21.3776 -145.85 
     95 246.866 1001 1 0 -70.5259 20.398 -175.85 
     95 117.287 547 0 1 -70.5591 19.5258 -204.45 
     95 89.586 996 0 0 -70.5327 19.421 -205.85 
     95 133.675 543 0 1 -71.4123 19.0831 -204.45 
     95 135.613 994 0 0 -71.5001 18.9849 -205.85 
     95 202.258 552 3 1 -69.623 21.6003 -114.45 
     95 111.863 535 2 1 -72.9336 20.0184 -144.45 
     95 50.8089 1002 2 0 -72.6917 20.45 -146.081 
     95 126.385 1046 1 0 -67.4256 29.4054 -175.85 
     95 44.8102 1047 1 0 -67.393 29.45 -176.075 
     95 165.818 581 0 1 -63.8227 35.9501 -204.45 
     95 143.309 1081 0 0 -63.3984 36.3167 -205.85 
     95 116.08 553 2 1 -69.384 20.1815 -144.45 
     95 140.277 1000 2 0 -69.355 20.1129 -145.85 
     95 228.374 555 1 1 -68.9209 18.598 -174.45 
     95 158.005 992 1 0 -68.9364 18.4683 -175.85 
     95 413.328 991 1 0 -68.9355 18.45 -176.047 
     95 281.679 549 0 1 -70.1088 16.5068 -204.45 
     95 150.327 980 0 0 -69.9943 16.2303 -205.85 
     95 268.004 551 1 1 -69.755 21.425 -174.45 
     95 110.385 1006 0 0 -70.1754 21.3157 -205.85 
     95 134.76 550 1 1 -69.9088 22.9485 -174.85 
     95 20.1077 1024 1 0 -71.5708 24.8954 -175.85 
     95 34.7901 538 1 1 -72.2652 25.9258 -174.85 
     95 77.3427 1028 1 0 -71.9854 25.8027 -175.85 
     95 180.917 551 0 1 -69.7667 21.5356 -204.45 
     95 98.412 1007 0 0 -69.7471 21.5251 -205.85 
     95 131.236 1010 0 0 -69.8938 22.1567 -205.85 
     95 264.431 542 1 1 -71.4984 21.8757 -174.45 
     95 118.641 1009 1 0 -71.5609 21.9975 -175.85 
     95 110.879 536 0 1 -72.7898 24.3801 -204.45 
     95 236.188 1021 0 0 -72.7886 24.2916 -205.85 
     95 227.832 541 1 1 -71.65 21.597 -174.521 
     95 265.687 540 1 1 -71.85 21.2369 -174.463 
     95 1.51159 539 1 1 -72.0522 20.9848 -174.45 
     95 18.5926 1142 2 0 -123.662 48.45 -145.966 
     95 331.855 552 2 1 -69.6122 21.6343 -144.45 
     95 203.28 568 1 1 -66.3197 18.9595 -174.45 
     95 1.81782 569 1 1 -66.25 18.9811 -174.838 
     95 65.1762 994 1 0 -66.1319 19.0172 -175.85 
     95 40.3673 995 1 0 -66.0917 19.05 -176.116 
     95 161.146 594 0 1 -61.2255 23.1779 -204.45 
     95 122.524 1012 0 0 -60.7122 22.5886 -205.85 
     95 5.46925 1011 0 0 -60.5317 22.45 -206.221 
     95 72.9265 559 1 1 -68.1056 21.2712 -174.45 
     95 151.302 1004 1 0 -67.7819 20.9609 -175.85 
     95 130.194 598 0 1 -60.3733 12.7378 -204.45 
     95 81.896 959 0 0 -60.5545 11.9812 -205.85 
     95 153.713 958 0 0 -60.5875 11.85 -206.098 
Number of digits in this event: 110
Using G4ParticleGun... 
Particle energy: 4.21313 LIN
Particle: gamma
Event: 96
Number of tracker hits in this event: 84
     96 293.857 1302 7 1 80.632 -54.3554 5.55 
     96 218.664 628 7 0 80.6315 -54.3594 4.15 
     96 135.387 1302 6 1 80.63 -54.4306 -24.45 
     96 280.638 628 6 0 80.6269 -54.441 -25.85 
     96 131.914 1302 5 1 80.5906 -54.7157 -54.45 
     96 138.137 626 5 0 80.5824 -54.7405 -55.85 
     96 103.59 1301 4 1 80.3941 -55.2539 -84.45 
     96 180.371 623 4 0 80.3801 -55.2674 -85.85 
     96 118.371 1300 3 1 80.0936 -55.5619 -114.45 
     96 112.549 622 3 0 80.0792 -55.5791 -115.85 
     96 139.312 1298 2 1 79.8057 -55.8857 -144.45 
     96 208.831 620 2 0 79.79 -55.8903 -145.85 
     96 191.349 1296 1 1 79.4198 -55.9977 -174.45 
     96 139.071 620 1 0 79.398 -56.006 -175.85 
     96 124.577 1294 0 1 78.9629 -56.1727 -204.45 
     96 207.562 619 0 0 78.9338 -56.1826 -205.85 
     96 47.2389 755 2 1 -28.85 106.791 -144.808 
     96 211.664 1304 2 1 81.0386 -54.8858 -144.45 
     96 393.533 1305 2 1 81.05 -54.8968 -144.506 
     96 116.657 624 2 0 81.2871 -55.1273 -145.85 
     96 128.123 1325 1 1 85.1624 -59.0564 -174.45 
     96 113.319 608 1 0 85.0679 -58.4335 -175.85 
     96 53.6945 585 1 0 111.906 -63.0147 -176.25 
     96 165.751 584 1 0 111.926 -63.05 -176.21 
     96 53.1446 1457 1 1 111.603 -63.2291 -174.85 
     96 126.055 1456 1 1 111.55 -63.282 -174.629 
     96 130.801 626 2 0 81.1318 -54.8188 -145.851 
     96 268.286 1311 1 1 82.4221 -53.8223 -174.45 
     96 88.6793 637 1 0 82.3669 -52.5747 -175.85 
     96 82.7273 638 1 0 82.3597 -52.45 -175.987 
     96 12.9351 639 1 0 82.3494 -52.2499 -176.206 
     96 132.655 881 1 0 63.6526 -3.80264 -176.25 
     96 85.982 882 1 0 63.5404 -3.65 -176.065 
     96 203.328 1213 1 1 62.8292 -2.69192 -174.849 
     96 112.496 1212 1 1 62.65 -2.46854 -174.566 
     96 25.7939 1211 1 1 62.4095 -1.93708 -174.45 
     96 8.93835 897 1 0 63.2098 -0.47101 -175.85 
     96 131.897 898 1 0 63.2126 -0.449956 -175.88 
     96 45.4269 928 1 0 45.008 5.73758 -176.25 
     96 124.411 929 1 0 44.9858 5.85 -176.106 
     96 321.258 1126 1 1 45.2536 6.21462 -174.85 
     96 91.8395 1127 1 1 45.45 6.04468 -174.709 
     96 61.5089 926 1 0 45.3414 5.31329 -175.85 
     96 139.213 1303 6 1 80.6886 -54.3438 -24.45 
     96 147.337 1303 5 1 80.7137 -54.3821 -54.45 
     96 98.6806 628 5 0 80.7135 -54.3836 -55.85 
     96 113.898 1303 4 1 80.7164 -54.4196 -84.45 
     96 106.191 628 4 0 80.7191 -54.4191 -85.85 
     96 651.403 1303 3 1 80.7785 -54.4153 -114.45 
     96 392.283 628 3 0 80.781 -54.4134 -115.85 
     96 161.868 1303 2 1 80.8399 -54.3741 -144.45 
     96 132.4 628 2 0 80.8441 -54.373 -145.85 
     96 295.059 1304 1 1 80.9264 -54.3537 -174.45 
     96 288.319 628 1 0 80.928 -54.3547 -175.85 
     96 291.965 1304 0 1 80.9574 -54.3814 -204.45 
     96 184.185 628 0 0 80.9155 -54.4362 -205.85 
     96 26.0986 627 0 0 80.9028 -54.45 -206.138 
     96 3.96825 90 3 0 127.721 -162.14 -116.25 
     96 65.0071 89 3 0 127.727 -162.15 -116.244 
     96 128.532 627 2 0 80.9801 -54.5619 -145.85 
     96 107.449 626 1 0 81.0216 -54.6679 -175.85 
     96 163.58 626 0 0 80.903 -54.8025 -205.85 
     96 102.096 633 2 0 81.1134 -53.3636 -145.851 
     96 119.727 640 1 0 82.3565 -51.998 -175.85 
     96 124.004 1316 0 1 83.3298 -50.1312 -204.45 
     96 100.858 650 0 0 83.3596 -50.0107 -205.85 
     96 123.529 1305 0 1 81.0983 -54.4297 -204.45 
     96 186.1 1337 0 1 87.5182 -47.4776 -204.45 
     96 25.1834 671 0 0 87.6447 -45.7279 -205.85 
     96 77.9807 672 0 0 87.649 -45.65 -205.913 
     96 67.469 673 0 0 87.6539 -45.45 -206.116 
     96 36.0898 957 0 0 120.474 11.5696 -206.25 
     96 86.9495 958 0 0 120.558 11.6504 -206.201 
     96 93.4212 959 0 0 120.763 11.8501 -206.074 
     96 80.7906 960 0 0 120.908 12.0501 -205.987 
     96 79.4704 961 0 0 121.043 12.25 -205.933 
     96 97.2651 962 0 0 121.132 12.45 -205.884 
     96 78.9867 963 0 0 121.382 12.65 -205.88 
     96 163.495 1507 0 1 121.638 14.0025 -204.85 
     96 75.3391 1508 0 1 121.75 14.2998 -204.547 
     96 217.936 1509 0 1 121.95 14.5246 -204.473 
     96 352.709 1510 0 1 122.15 14.9352 -204.579 
     96 34.8891 979 0 0 121.057 16.0287 -205.85 
     96 136.849 980 0 0 121.014 16.05 -205.896 
Number of digits in this event: 47
Using G4ParticleGun... 
Particle energy: 8.32913 LIN
Particle: gamma
Event: 97
Number of tracker hits in this event: 23
     97 262.852 201 5 1 -139.918 -20.5316 -54.45 
     97 278.718 797 5 0 -139.914 -20.5288 -55.85 
     97 258.503 201 4 1 -139.838 -20.488 -84.45 
     97 239.886 797 4 0 -139.812 -20.5015 -85.85 
     97 102.802 204 3 1 -139.329 -20.8461 -114.45 
     97 134.188 795 3 0 -139.306 -20.8629 -115.85 
     97 180.166 206 2 1 -138.794 -21.2325 -144.45 
     97 118.078 794 2 0 -138.763 -21.2337 -145.85 
     97 141.685 210 1 1 -137.992 -21.2321 -174.45 
     97 139.522 794 1 0 -137.95 -21.2445 -175.85 
     97 104.642 215 0 1 -137.105 -21.4861 -204.45 
     97 114.002 792 0 0 -137.062 -21.5309 -205.85 
     97 118.714 201 3 1 -139.941 -20.5439 -114.45 
     97 133.293 797 3 0 -139.942 -20.5443 -115.85 
     97 228.027 200 2 1 -139.965 -20.5541 -144.45 
     97 122.94 797 2 0 -139.965 -20.5551 -145.85 
     97 258.052 200 1 1 -139.963 -20.5715 -174.45 
     97 124.833 797 1 0 -139.964 -20.5733 -175.85 
     97 141.546 200 0 1 -139.986 -20.6079 -204.45 
     97 364.252 797 0 0 -139.986 -20.6086 -205.85 
     97 1.45024 410 5 1 -98.0159 -114.73 -54.45 
     97 261.063 201 0 1 -139.932 -20.5486 -204.45 
     97 14.3276 800 14 1 -19.9614 31.4722 215.15 
Number of digits in this event: 18
Using G4ParticleGun... 
Particle energy: 4.61202 LIN
Particle: gamma
Event: 98
Number of tracker hits in this event: 36
     98 292.226 397 4 1 -100.634 -13.277 -84.45 
     98 246.703 833 4 0 -100.636 -13.2772 -85.85 
     98 261.201 397 3 1 -100.66 -13.283 -114.45 
     98 311.733 833 3 0 -100.664 -13.2837 -115.85 
     98 259.959 397 2 1 -100.731 -13.2921 -144.45 
     98 359.692 833 2 0 -100.736 -13.2912 -145.85 
     98 438.798 396 1 1 -100.851 -13.2693 -174.45 
     98 161.533 833 1 0 -100.855 -13.2692 -175.85 
     98 246.774 396 0 1 -100.941 -13.2595 -204.45 
     98 101.847 833 0 0 -100.95 -13.2605 -205.85 
     98 121.737 1372 3 0 -164.443 94.55 -116.139 
     98 232.896 403 1 1 -99.473 -12.4264 -174.45 
     98 202.474 837 1 0 -99.4516 -12.6349 -175.85 
     98 100.976 836 1 0 -99.4519 -12.65 -175.96 
     98 179.196 405 0 1 -99.1382 -15.2986 -204.45 
     98 135.182 819 0 0 -99.1691 -16.0647 -205.85 
     98 13.9357 818 0 0 -99.1937 -16.2502 -206.204 
     98 57.3482 797 1 0 -89.1431 -20.5018 -176.25 
     98 139.2 798 1 0 -89.158 -20.45 -176.026 
     98 7.68135 799 1 0 -89.0946 -20.2499 -175.87 
     98 69.6634 453 1 1 -89.2805 -18.9243 -174.85 
     98 125.417 454 1 1 -89.25 -18.7734 -174.658 
     98 464.038 455 1 1 -89.05 -18.7042 -174.561 
     98 43.15 456 1 1 -88.8497 -18.6612 -174.535 
     98 59.483 662 1 0 -121.988 -47.4996 -176.25 
     98 131.131 831 1 0 -100.684 -13.7036 -175.85 
     98 116.032 412 0 1 -97.7264 -18.9277 -204.45 
     98 72.9652 413 0 1 -97.55 -18.7694 -204.703 
     98 85.9773 810 0 0 -96.4608 -17.9989 -205.85 
     98 90.7135 811 0 0 -96.2709 -17.85 -206.023 
     98 14.4621 812 0 0 -96.0972 -17.65 -206.21 
     98 91.8201 831 2 0 -100.664 -13.8257 -145.85 
     98 19.7881 828 1 0 -100.795 -14.449 -175.85 
     98 200.413 827 1 0 -100.795 -14.45 -175.9 
     98 136.056 825 0 0 -100.877 -15.0301 -205.85 
     98 59.483 1082 1 1 36.45 -42.2461 -174.517 
Number of digits in this event: 22
Using G4ParticleGun... 
Particle energy: 7.61846 LIN
Particle: gamma
Event: 99
Number of tracker hits in this event: 45
     99 217.011 807 4 1 -18.646 -23.0358 -84.45 
     99 252.022 785 4 0 -18.6464 -23.0353 -85.85 
     99 111.797 806 3 1 -18.6525 -23.0208 -114.45 
     99 368.423 785 3 0 -18.651 -23.0199 -115.85 
     99 217.294 807 2 1 -18.6149 -23 -144.45 
     99 235.295 785 2 0 -18.6103 -23.0052 -145.85 
     99 222.315 807 1 1 -18.5337 -23.1233 -174.45 
     99 113.679 784 1 0 -18.5324 -23.1289 -175.85 
     99 94.5918 807 0 1 -18.5083 -23.2485 -204.45 
     99 128.269 783 0 0 -18.5072 -23.2554 -205.85 
     99 39.8487 917 0 0 -85.1114 3.57685 -206.25 
     99 0.691684 284 5 1 -123.254 -31.4977 -54.85 
     99 67.587 641 7 0 -123.98 -51.8246 3.75012 
     99 65.0172 283 5 1 -123.35 -31.51 -54.642 
     99 91.1993 282 5 1 -123.55 -31.5296 -54.6283 
     99 32.465 281 5 1 -123.75 -31.583 -54.8185 
     99 9.02358 753 5 0 -124.971 -29.4478 -55.8502 
     99 237.039 268 5 1 -126.532 -26.1247 -54.85 
     99 105.887 267 5 1 -126.55 -26.1012 -54.8382 
     99 71.1219 784 3 0 -18.7124 -23.05 -115.985 
     99 112.137 807 3 1 -18.6156 -23.0488 -114.45 
     99 130.974 785 1 0 -18.6181 -22.9495 -175.85 
     99 116.577 806 0 1 -18.7111 -22.8732 -204.45 
     99 111.811 785 0 0 -18.7213 -22.8711 -205.85 
     99 72.291 1260 0 0 -38.0589 72.132 -206.25 
     99 98.6848 1261 0 0 -38.1454 72.2501 -206.112 
     99 124.194 1262 0 0 -38.253 72.45 -205.951 
     99 73.6218 1263 0 0 -38.5356 72.6502 -205.899 
     99 1.65331 1264 0 0 -38.6818 72.85 -205.851 
     99 20.3479 696 0 1 -40.7874 76.7332 -204.85 
     99 75.0281 695 0 1 -40.85 76.7712 -204.805 
     99 111.84 694 0 1 -41.05 76.9136 -204.781 
     99 59.8856 1294 0 0 -41.6005 78.8954 -205.85 
     99 103.168 1295 0 0 -41.5668 79.05 -205.936 
     99 101.378 1296 0 0 -41.6628 79.2502 -206.03 
     99 26.2493 1297 0 0 -41.5186 79.45 -206.198 
     99 137.257 1397 0 0 -42.009 99.619 -206.25 
     99 13.8609 1396 0 0 -42.1429 99.55 -206.187 
     99 35.4259 1359 0 0 -58.0706 92.1467 -206.25 
     99 62.3395 1360 0 0 -58.094 92.1501 -206.23 
     99 119.732 1502 1 0 -45.9648 120.55 -176.178 
     99 24.1814 1136 0 0 -106.607 47.45 -206.021 
     99 124.352 1191 0 0 -35.5342 58.423 -206.25 
     99 84.8303 720 0 1 -35.8957 57.6731 -204.85 
     99 86.2412 719 0 1 -36.0501 57.5627 -204.604 
Number of digits in this event: 14
 Run terminated.
Run Summary
  Number of events processed : 100
  User=19.250000s Real=19.789109s Sys=0.050000s
End of Run 1
/gun/particle e-
/gun/energy 1 GeV
/gun/sourceType 2
/run/beamOn 100

========= Table of registered couples ============================

Index : 0     used in the geometry : Yes
 Material : Galactic
 Range cuts        :  gamma  100 um     e-  100 um     e+  100 um  proton 100 um 
 Energy thresholds :  gamma  250 eV     e-  250 eV     e+  250 eV  proton 10 keV
 Region(s) which use this couple : 
    DefaultRegionForTheWorld

Index : 1     used in the geometry : Yes
 Material : CesiumIodide
 Range cuts        :  gamma  100 um     e-  100 um     e+  100 um  proton 100 um 
 Energy thresholds :  gamma  9.28719 keV    e-  144.613 keV    e+  141.078 keV proton 10 keV
 Region(s) which use this couple : 
    DefaultRegionForTheWorld

Index : 2     used in the geometry : Yes
 Material : Silicon
 Range cuts        :  gamma  100 um     e-  100 um     e+  100 um  proton 100 um 
 Energy thresholds :  gamma  2.32189 keV    e-  121.99 keV    e+  119.775 keV proton 10 keV
 Region(s) which use this couple : 
    DefaultRegionForTheWorld

Index : 3     used in the geometry : Yes
 Material : Tungsten
 Range cuts        :  gamma  100 um     e-  100 um     e+  100 um  proton 100 um 
 Energy thresholds :  gamma  36.2769 keV    e-  351.944 keV    e+  338.136 keV proton 10 keV
 Region(s) which use this couple : 
    DefaultRegionForTheWorld

Index : 4     used in the geometry : Yes
 Material : Scintillator
 Range cuts        :  gamma  100 um     e-  100 um     e+  100 um  proton 100 um 
 Energy thresholds :  gamma  1.00819 keV    e-  86.3911 keV    e+  85.2484 keV proton 10 keV
 Region(s) which use this couple : 
    DefaultRegionForTheWorld

==================================================================

### Run 2 starts.
### Run 2 starts (master).
/vis/scene/notifyHandlers
WARNING: Scene "none" not found.
  /vis/scene/list to see scenes.
Opening output file gammaraytel ... 
-------- WWWW ------- G4Exception-START -------- WWWW -------
*** G4Exception : Analysis_W001
      issued by : G4BaseAnalysisManager::SetFirstId
Cannot set FirstId as its value was already used.
*** This is just a warning message. ***
-------- WWWW -------- G4Exception-END --------- WWWW -------


-------- WWWW ------- G4Exception-START -------- WWWW -------
*** G4Exception : Analysis_W001
      issued by : G4BaseAnalysisManager::SetFirstId
Cannot set FirstId as its value was already used.
*** This is just a warning message. ***
-------- WWWW -------- G4Exception-END --------- WWWW -------

 done
Using G4ParticleGun... 
Particle energy: 9.58934 LIN
Particle: e-
Event: 0
Number of tracker hits in this event: 86
      0 107.211 806 9 1 -18.679 118.988 65.55 
      0 129.805 1494 9 0 -18.6774 118.988 64.15 
      0 141.404 807 8 1 -18.6437 118.991 35.55 
      0 123.341 1494 8 0 -18.6421 118.991 34.15 
      0 139.48 807 7 1 -18.6099 118.975 5.55 
      0 153.476 1494 7 0 -18.608 118.974 4.15 
      0 179.868 807 6 1 -18.5655 118.951 -24.45 
      0 117.651 1493 6 0 -18.5632 118.949 -25.85 
      0 175.471 807 5 1 -18.5139 118.913 -54.45 
      0 113.484 1493 5 0 -18.5128 118.911 -55.85 
      0 446.53 807 4 1 -18.4912 118.872 -84.45 
      0 429.879 1493 4 0 -18.4897 118.869 -85.85 
      0 121.847 807 3 1 -18.458 118.817 -114.45 
      0 219.51 1493 3 0 -18.4564 118.814 -115.85 
      0 641.42 808 2 1 -18.4275 118.746 -144.45 
      0 331.506 1492 2 0 -18.426 118.743 -145.85 
      0 269.912 808 1 1 -18.406 118.667 -174.45 
      0 233.031 1492 1 0 -18.4045 118.663 -175.85 
      0 338.427 808 0 1 -18.3763 118.594 -204.45 
      0 298.53 1492 0 0 -18.375 118.589 -205.85 
      0 112.604 811 1 1 -17.6901 118.363 -174.45 
      0 156.501 1490 1 0 -17.7906 118.322 -175.85 
      0 93.2442 799 0 1 -20.1469 117.46 -204.45 
      0 64.7116 800 0 1 -20.05 117.401 -204.681 
      0 146.838 1484 0 0 -19.5201 117.132 -205.85 
      0 385.659 1493 2 0 -18.4287 118.75 -145.948 
      0 168.99 809 1 1 -18.1241 119.31 -174.45 
      0 104.701 1496 1 0 -18.0664 119.355 -175.85 
      0 116.374 816 0 1 -16.7595 120.388 -204.45 
      0 107.157 1501 0 0 -16.4834 120.48 -205.85 
      0 115.278 813 1 1 -17.2906 120.605 -174.45 
      0 73.1689 1502 1 0 -17.2044 120.728 -175.85 
      0 44.106 1503 1 0 -17.189 120.75 -176.098 
      0 132.104 823 0 1 -15.3135 123.329 -204.45 
      0 119.095 1516 0 0 -15.1883 123.506 -205.85 
      0 19.2413 1517 0 0 -15.157 123.55 -206.195 
      0 118.446 1493 1 0 -18.3175 118.756 -175.85 
      0 114.975 732 6 0 -60.6145 -33.528 -26.25 
      0 47.2789 778 6 0 -68.2844 -24.3475 -26.25 
      0 144.337 1494 0 0 -18.4155 118.998 -205.85 
      0 121.153 1493 7 0 -18.6349 118.95 4.10127 
      0 79.3597 1492 7 0 -18.7852 118.75 3.92606 
      0 59.381 782 3 1 -23.5879 117.981 -114.45 
      0 134.838 781 3 1 -23.65 117.954 -114.618 
      0 190.625 1487 3 0 -24.1238 117.736 -115.85 
      0 130.247 724 2 1 -35.0649 110.878 -144.45 
      0 7.19164 1450 2 0 -35.6793 110.166 -145.85 
      0 127.452 1449 2 0 -35.6932 110.15 -145.882 
      0 167.036 665 1 1 -46.8893 96.2659 -174.45 
      0 320.215 1373 1 0 -47.112 94.8608 -175.85 
      0 237.744 1372 1 0 -47.1332 94.75 -175.959 
      0 36.7353 1371 1 0 -47.1873 94.55 -176.163 
      0 16.6733 1072 1 0 -54.1945 34.4873 -176.25 
      0 65.7834 1071 1 0 -54.1948 34.45 -176.219 
      0 56.1326 1070 1 0 -54.1781 34.25 -176.091 
      0 56.6218 1069 1 0 -54.1459 34.05 -175.957 
      0 396.8 630 1 1 -54.033 32.491 -174.85 
      0 205.331 629 1 1 -54.05 32.2156 -174.67 
      0 7.12915 612 0 1 -57.45 70.6343 -204.771 
      0 105.878 611 0 1 -57.65 70.8492 -204.792 
      0 17.8413 808 4 1 -18.4499 118.928 -84.7861 
      0 262.541 867 3 1 -6.55501 123.497 -114.45 
      0 105.105 866 3 1 -6.65025 123.43 -114.816 
      0 194.91 865 3 1 -6.85012 123.404 -114.79 
      0 119.02 1492 4 0 -18.332 118.75 -86.0526 
      0 198.437 1540 4 0 40.8087 128.232 -86.2499 
      0 17.6274 1496 4 0 -18.5427 119.522 -85.85 
      0 165.176 1497 4 0 -18.5433 119.55 -85.915 
      0 48.5791 803 3 1 -19.2799 131.827 -114.45 
      0 78.0834 802 3 1 -19.45 131.782 -114.582 
      0 63.457 801 3 1 -19.65 131.727 -114.736 
      0 258.178 1555 3 0 -21.3615 131.295 -115.85 
      0 98.2912 588 2 1 -62.3759 121.12 -144.45 
      0 30.2662 587 2 1 -62.45 120.987 -144.735 
      0 112.63 1501 2 0 -62.6693 120.476 -145.85 
      0 73.9875 1500 2 0 -62.715 120.35 -146.119 
      0 195.842 576 1 1 -64.6659 106.264 -174.45 
      0 58.28 1423 1 0 -64.8679 104.898 -175.85 
      0 109.529 1422 1 0 -64.8997 104.75 -176.002 
      0 25.8147 1421 1 0 -64.9335 104.55 -176.202 
      0 188.671 586 1 1 -62.7513 95.3328 -174.85 
      0 1.36969 1442 2 0 -129.512 108.749 -146.25 
      0 227.63 1443 2 0 -129.518 108.75 -146.248 
      0 69.2234 1444 2 0 -130.047 108.95 -146.11 
      0 150.002 1445 2 0 -130.219 109.151 -146.148 
      0 360.17 585 1 1 -62.85 95.6751 -174.48 
Number of digits in this event: 46
Using G4ParticleGun... 
Particle energy: 6.65834 LIN
Particle: e-
Event: 1
Number of tracker hits in this event: 42
      1 154.22 414 9 1 -97.2313 -72.4061 65.55 
      1 225.973 538 9 0 -97.2302 -72.4058 64.15 
      1 119.148 414 8 1 -97.2092 -72.4013 35.55 
      1 112.487 538 8 0 -97.2077 -72.4017 34.15 
      1 112.641 414 7 1 -97.1732 -72.4085 5.55 
      1 159.736 538 7 0 -97.1719 -72.4094 4.15 
      1 97.9071 415 6 1 -97.1412 -72.4297 -24.45 
      1 114.614 538 6 0 -97.141 -72.4321 -25.85 
      1 165.802 415 5 1 -97.1386 -72.4856 -54.45 
      1 107.095 537 5 0 -97.1373 -72.4876 -55.85 
      1 122.398 415 4 1 -97.0978 -72.5139 -84.45 
      1 107.635 537 4 0 -97.0966 -72.516 -85.85 
      1 164.237 415 3 1 -97.0702 -72.5612 -114.45 
      1 123.184 537 3 0 -97.0686 -72.5634 -115.85 
      1 175.348 415 2 1 -97.0296 -72.6137 -144.45 
      1 187.008 537 2 0 -97.0269 -72.6162 -145.85 
      1 120.213 415 1 1 -96.9626 -72.6719 -174.45 
      1 138.65 536 1 0 -96.9606 -72.6763 -175.85 
      1 340.187 416 0 1 -96.92 -72.7666 -204.45 
      1 141.515 536 0 0 -96.9166 -72.7709 -205.85 
      1 48.4418 554 1 1 -69.1163 70.8936 -174.85 
      1 127.949 539 3 0 -97.4095 -72.2208 -115.85 
      1 86.6334 540 3 0 -97.5227 -72.05 -116.116 
      1 71.5907 541 3 0 -97.6543 -71.8498 -116.13 
      1 86.9723 542 3 0 -97.7777 -71.65 -116.134 
      1 72.3182 543 3 0 -97.8493 -71.45 -116.002 
      1 351.127 544 3 0 -97.8564 -71.25 -115.993 
      1 179.11 545 3 0 -97.6336 -71.05 -116.126 
      1 52.0793 416 2 1 -96.95 -72.6569 -144.683 
      1 344.011 536 2 0 -96.4991 -72.7571 -145.85 
      1 103.345 459 1 1 -88.2017 -78.0306 -174.45 
      1 101.437 460 1 1 -88.05 -78.0711 -174.637 
      1 7.33116 461 1 1 -87.8494 -78.1428 -174.835 
      1 116.978 506 1 0 -86.9769 -78.6827 -175.85 
      1 39.631 505 1 0 -86.7114 -78.85 -176.164 
      1 126.186 579 0 1 -64.1916 -95.671 -204.45 
      1 56.1519 578 0 1 -64.2503 -95.9557 -204.72 
      1 9.94717 416 0 0 -64.5378 -96.9197 -205.85 
      1 85.7971 415 0 0 -64.5484 -96.9501 -205.888 
      1 59.2985 414 0 0 -64.5895 -97.15 -206.11 
      1 111.248 535 2 0 -96.3399 -72.85 -146.16 
      1 115.498 537 7 0 -97.2112 -72.45 4.03112 
Number of digits in this event: 20
Using G4ParticleGun... 
Particle energy: 8.30048 LIN
Particle: e-
Event: 2
Number of tracker hits in this event: 115
      2 115.833 726 10 1 -34.8278 -92.1367 95.55 
      2 127.433 440 10 0 -34.8285 -92.1373 94.15 
      2 430.442 726 9 1 -34.8497 -92.1464 65.55 
      2 295.653 440 9 0 -34.8502 -92.1468 64.15 
      2 421.834 725 8 1 -34.863 -92.1572 35.55 
      2 336.638 439 8 0 -34.8626 -92.159 34.15 
      2 347.791 725 7 1 -34.8531 -92.1973 5.55 
      2 246.736 439 7 0 -34.8529 -92.1996 4.15 
      2 255.145 725 6 1 -34.8519 -92.2518 -24.45 
      2 326.652 439 6 0 -34.8514 -92.2579 -25.85 
      2 220.319 726 5 1 -34.8436 -92.3833 -54.45 
      2 139.949 438 5 0 -34.8434 -92.3884 -55.85 
      2 98.1484 726 4 1 -34.8386 -92.4891 -84.45 
      2 190.347 438 4 0 -34.8373 -92.4951 -85.85 
      2 124.691 726 3 1 -34.8115 -92.6236 -114.45 
      2 119.148 437 3 0 -34.8111 -92.6299 -115.85 
      2 125.368 726 2 1 -34.8055 -92.7575 -144.45 
      2 105.568 436 2 0 -34.8027 -92.7611 -145.85 
      2 115.193 726 1 1 -34.7432 -92.8319 -174.45 
      2 180.472 436 1 0 -34.7419 -92.8347 -175.85 
      2 108.525 726 0 1 -34.7088 -92.8913 -204.45 
      2 127.685 436 0 0 -34.7069 -92.8954 -205.85 
      2 45.4553 890 4 0 -20.3142 -1.9113 -86.25 
      2 191.832 440 8 0 -34.8633 -92.0754 34.15 
      2 115.029 441 7 0 -34.9998 -91.9077 4.15 
      2 98.8865 450 6 0 -36.7921 -89.9705 -25.85 
      2 217.946 691 5 1 -41.6789 -87.3524 -54.45 
      2 229.81 464 5 0 -41.7835 -87.2309 -55.85 
      2 194.799 679 4 1 -44.2396 -84.7828 -84.4505 
      2 53.7247 475 4 0 -44.1427 -85.0183 -85.85 
      2 64.9197 474 4 0 -44.1305 -85.05 -86.0084 
      2 137.371 685 3 1 -42.9964 -90.3181 -114.45 
      2 10.3625 686 3 1 -42.85 -90.6348 -114.827 
      2 58.4009 442 3 0 -42.3281 -91.6301 -115.851 
      2 60.5844 441 3 0 -42.2653 -91.7502 -115.975 
      2 55.8596 440 3 0 -42.1731 -91.95 -116.156 
      2 4.80206 134 3 0 -26.1106 -153.336 -116.25 
      2 122.04 133 3 0 -26.1109 -153.35 -116.232 
      2 55.7136 132 3 0 -26.128 -153.55 -116.013 
      2 27.4941 769 3 1 -26.2404 -154.628 -114.85 
      2 154.777 768 3 1 -26.25 -154.712 -114.75 
      2 44.5204 263 4 0 -11.3369 -127.467 -86.25 
      2 168.216 264 4 0 -11.2771 -127.35 -86.1275 
      2 6.00573 265 4 0 -11.1552 -127.15 -85.8687 
      2 85.7707 847 4 1 -10.5568 -126.309 -84.85 
      2 75.3216 848 4 1 -10.45 -126.147 -84.639 
      2 83.0148 249 5 0 -38.9234 -130.325 -56.25 
      2 115.458 248 5 0 -39.0154 -130.35 -56.161 
      2 29.7172 698 5 1 -40.378 -131.252 -54.85 
      2 110.597 697 5 1 -40.4506 -131.316 -54.771 
      2 57.313 696 5 1 -40.65 -131.486 -54.5269 
      2 84.1274 154 6 0 -49.7035 -149.155 -26.25 
      2 39.3756 153 6 0 -49.7132 -149.35 -25.9774 
      2 120.555 650 6 1 -49.96 -150.098 -24.85 
      2 44.7574 690 5 1 -41.85 -87.551 -54.7916 
      2 104.409 459 5 0 -43.0173 -88.1527 -55.85 
      2 72.8022 458 5 0 -43.2874 -88.25 -55.9693 
      2 53.8889 457 5 0 -43.4154 -88.45 -55.9343 
      2 0.489879 456 5 0 -43.4587 -88.6501 -55.8518 
      2 39.7349 681 5 1 -43.6811 -90.2283 -54.85 
      2 83.7394 431 5 0 -47.2407 -93.7857 -55.85 
      2 95.7902 430 5 0 -47.443 -93.95 -56.0036 
      2 43.5938 1713 3 0 108.219 162.833 -116.25 
      2 73.0271 1714 3 0 108.294 162.95 -116.172 
      2 67.9689 1715 3 0 108.408 163.15 -116.062 
      2 207.14 1716 3 0 108.417 163.35 -116.005 
      2 170.528 1717 3 0 108.317 163.55 -115.877 
      2 87.7177 1718 3 0 108.106 163.75 -116.06 
      2 3.1091 1719 3 0 107.994 163.95 -116.245 
      2 2.07256 436 8 0 -34.9478 -92.9459 34.15 
      2 139.254 435 8 0 -34.9483 -92.95 34.1435 
      2 94.1212 826 8 0 -23.9477 -14.7085 33.75 
      2 135.177 825 8 0 -24.0256 -14.8501 33.977 
      2 135.879 776 8 1 -24.7674 -15.1723 35.1509 
      2 284.947 775 8 1 -24.85 -15.0879 35.3934 
      2 134.322 439 9 0 -34.8428 -92.1522 64.15 
      2 196.758 726 8 1 -34.8409 -92.2141 35.55 
      2 128.217 438 6 0 -34.8505 -92.4995 -25.85 
      2 192.354 437 5 0 -34.6914 -92.6306 -55.85 
      2 127.227 728 4 1 -34.4154 -92.7805 -84.45 
      2 142.774 436 4 0 -34.3887 -92.7851 -85.85 
      2 101.875 730 3 1 -33.8908 -92.8403 -114.45 
      2 140.522 436 3 0 -33.8607 -92.8457 -115.85 
      2 122.48 733 2 1 -33.2739 -92.9555 -144.45 
      2 113.398 435 2 0 -33.247 -92.9591 -145.85 
      2 196.938 736 1 1 -32.7218 -93.0474 -174.45 
      2 199.014 435 1 0 -32.7102 -93.0814 -175.85 
      2 319.956 735 0 1 -33.0078 -94.1481 -204.45 
      2 161.476 429 0 0 -32.883 -94.264 -205.85 
      2 112.312 735 1 1 -32.85 -93.0258 -174.558 
      2 296.671 733 1 1 -33.3976 -93.1601 -174.451 
      2 215.314 434 1 0 -33.425 -93.2498 -175.85 
      2 221.206 732 0 1 -33.5705 -95.0753 -204.45 
      2 186.73 424 0 0 -33.511 -95.2133 -205.85 
      2 221.933 433 1 0 -33.2868 -93.4344 -175.85 
      2 168.456 397 0 0 -32.9388 -100.581 -205.85 
      2 84.2578 761 1 0 -5.36524 -27.7204 -176.25 
      2 54.9306 762 1 0 -5.27562 -27.65 -175.979 
      2 22.564 876 1 1 -4.67157 -26.6628 -174.85 
      2 227.757 877 1 1 -4.64986 -26.621 -174.832 
      2 117.553 727 3 1 -34.5758 -92.8026 -114.45 
      2 166.343 438 3 0 -34.6944 -92.529 -115.85 
      2 108.935 716 2 1 -36.791 -88.1364 -144.45 
      2 120.045 458 2 0 -36.7178 -88.2509 -145.85 
      2 131.251 732 1 1 -33.5408 -92.4705 -174.45 
      2 165.948 439 1 0 -33.835 -92.314 -175.85 
      2 6.62959 691 0 1 -41.8255 -89.4735 -204.45 
      2 94.9311 690 0 1 -41.8501 -89.4843 -204.474 
      2 89.2292 689 0 1 -42.0503 -89.5721 -204.67 
      2 136.731 447 0 0 -43.6193 -90.6531 -205.85 
      2 124.602 446 0 0 -43.7533 -90.7501 -205.952 
      2 90.843 445 0 0 -44.0763 -90.95 -206.165 
      2 1.5042 731 1 1 -33.65 -92.4415 -174.847 
      2 228.734 432 1 0 -35.2266 -93.5727 -175.85 
      2 233.591 431 1 0 -35.4555 -93.75 -175.907 
Number of digits in this event: 61
Using G4ParticleGun... 
Particle energy: 5.52871 LIN
Particle: e-
Event: 3
Number of tracker hits in this event: 74
      3 118.02 1339 10 1 87.9481 -11.9128 95.55 
      3 134.329 840 10 0 87.9486 -11.9135 94.15 
      3 123.154 1339 9 1 87.9595 -11.9228 65.55 
      3 121.918 840 9 0 87.9603 -11.9243 64.15 
      3 197.267 1339 8 1 87.9769 -11.9582 35.55 
      3 140.161 840 8 0 87.9771 -11.9594 34.15 
      3 112.728 1339 7 1 87.9822 -11.98 5.55 
      3 133.985 840 7 0 87.9808 -11.9812 4.15 
      3 135.771 1339 6 1 87.9484 -12.0036 -24.45 
      3 115.707 840 6 0 87.9469 -12.0057 -25.85 
      3 345.774 1339 5 1 87.918 -12.0597 -54.45 
      3 102.839 839 5 0 87.9178 -12.0619 -55.85 
      3 249.605 1339 4 1 87.9186 -12.1026 -84.45 
      3 128.141 839 4 0 87.9206 -12.1043 -85.85 
      3 401.862 1339 3 1 87.967 -12.1295 -114.45 
      3 204.842 839 3 0 87.9698 -12.1307 -115.85 
      3 144.251 1339 2 1 88.0226 -12.1538 -144.45 
      3 105.069 839 2 0 88.0257 -12.1558 -145.85 
      3 99.101 1340 1 1 88.1005 -12.1976 -174.45 
      3 445.308 839 1 0 88.1052 -12.1998 -175.85 
      3 546.543 1340 0 1 88.1982 -12.2492 -204.45 
      3 346.128 838 0 0 88.2031 -12.2529 -205.85 
      3 125.584 915 0 0 145.58 3.15922 -206.25 
      3 85.2385 1339 0 1 88.05 -12.4062 -204.55 
      3 9.47187 1338 0 1 87.85 -12.4287 -204.465 
      3 423.835 838 3 0 88.0081 -12.25 -115.94 
      3 61.6636 837 3 0 88.0584 -12.45 -115.96 
      3 152.169 1342 3 1 88.6295 -13.1276 -114.85 
      3 76.7775 832 3 0 88.7986 -13.6328 -115.85 
      3 78.0696 1341 5 1 88.4337 -12.1313 -54.45 
      3 149.346 1340 5 1 88.2498 -12.2994 -54.546 
      3 119.316 1338 5 1 87.85 -12.9539 -54.5577 
      3 14.3117 1337 5 1 87.65 -12.8652 -54.4955 
      3 174.275 1697 7 1 159.55 -15.1524 5.30182 
      3 109.93 840 5 0 87.8265 -11.9641 -55.8514 
      3 122.428 1330 4 1 86.1143 -10.4448 -84.4505 
      3 198.846 844 4 0 86.025 -11.1024 -85.85 
      3 11.5294 843 4 0 86.0044 -11.25 -86.206 
      3 63.4461 1328 3 1 85.7103 -22.8851 -114.45 
      3 81.9333 1327 3 1 85.65 -22.8944 -114.582 
      3 118.749 785 3 0 85.0395 -22.9143 -115.85 
      3 41.6172 1229 2 1 65.9527 -26.1951 -144.45 
      3 89.5924 1228 2 1 65.85 -26.0985 -144.542 
      3 48.6551 1227 2 1 65.65 -25.932 -144.745 
      3 100.457 774 2 0 64.5182 -25.2061 -145.85 
      3 246.483 775 2 0 64.3137 -25.0498 -146.054 
      3 11.7447 1048 2 0 19.6503 29.819 -146.25 
      3 101.937 1049 2 0 19.6453 29.85 -146.205 
      3 84.8611 1050 2 0 19.6121 30.05 -145.969 
      3 55.6173 996 2 1 19.2808 31.1303 -144.85 
      3 108.543 995 2 1 19.25 31.2529 -144.716 
      3 56.122 994 2 1 18.9356 31.631 -144.45 
      3 91.5956 993 2 1 18.85 31.718 -144.567 
      3 148.072 1058 2 0 18.2373 31.7576 -145.85 
      3 39.9681 1057 2 0 18.2886 31.65 -146.182 
      3 5.70882 1059 2 0 18.2313 31.85 -146.238 
      3 276.329 1095 3 0 -16.0439 39.1702 -116.25 
      3 118.425 1094 3 0 -16.1462 39.05 -116.085 
      3 276.649 1338 1 1 87.7296 -12.2255 -174.45 
      3 86.7525 840 1 0 87.639 -12.05 -175.938 
      3 17.3816 1336 0 1 87.2749 -8.08537 -204.45 
      3 226.044 1335 0 1 87.2499 -8.08886 -204.527 
      3 95.1533 860 0 0 86.7724 -8.01842 -205.85 
      3 122.04 835 0 0 88.1039 -12.8635 -205.85 
      3 55.5661 293 6 0 -167.943 -121.35 -25.9536 
      3 166.475 1089 5 0 -54.6297 37.8506 -56.25 
      3 36.827 1340 3 1 88.0572 -12.2185 -114.45 
      3 229.81 839 0 0 88.2078 -12.1949 -205.85 
      3 135.698 479 0 0 148.877 -84.05 -206.04 
      3 127.738 478 0 0 149.003 -84.25 -205.933 
      3 61.2564 845 4 0 87.5031 -11.05 -85.9687 
      3 106.449 846 4 0 87.3509 -10.85 -86.1156 
      3 158.442 847 4 0 87.2122 -10.65 -86.2389 
      3 241.017 852 4 0 52.9581 -9.50919 -86.25 
Number of digits in this event: 38
Using G4ParticleGun... 
Particle energy: 4.55556 LIN
Particle: e-
Event: 4
Number of tracker hits in this event: 28
      4 153.003 226 9 0 11.5269 -134.937 64.15 
      4 134.131 957 8 1 11.5211 -134.943 35.55 
      4 137.888 226 8 0 11.5203 -134.943 34.15 
      4 112.012 957 7 1 11.5031 -134.939 5.55 
      4 113.093 226 7 0 11.5026 -134.937 4.15 
      4 96.7706 957 6 1 11.4937 -134.888 -24.45 
      4 145.434 226 6 0 11.4928 -134.885 -25.85 
      4 278.116 957 5 1 11.4744 -134.816 -54.45 
      4 115.946 226 5 0 11.4719 -134.812 -55.85 
      4 142.616 956 4 1 11.4226 -134.752 -84.45 
      4 145.053 227 4 0 11.4168 -134.75 -85.85 
      4 158.873 956 3 1 11.2898 -134.705 -114.45 
      4 115.771 227 3 0 11.2874 -134.705 -115.85 
      4 117.98 955 2 1 11.2381 -134.706 -144.45 
      4 169.286 227 2 0 11.2378 -134.704 -145.85 
      4 113.546 955 1 1 11.225 -134.684 -174.45 
      4 109.537 227 1 0 11.2229 -134.685 -175.85 
      4 390.119 955 0 1 11.187 -134.718 -204.45 
      4 362.667 227 0 0 11.1848 -134.716 -205.85 
      4 162.996 776 5 1 -24.7087 -65.1709 -54.85 
      4 19.8546 956 0 1 11.25 -134.603 -204.778 
      4 92.2953 229 0 0 11.4575 -134.242 -205.85 
      4 51.0883 230 0 0 11.4993 -134.15 -206.093 
      4 22.6843 228 0 0 10.7432 -134.55 -206.179 
      4 11.0961 419 0 0 3.08343 -96.2592 -206.25 
      4 161.002 791 0 0 -37.0595 -21.75 -206.25 
      4 4.64961 763 1 0 158.284 -27.45 -175.895 
      4 53.4664 1597 1 1 139.75 -12.8049 -174.608 
Number of digits in this event: 16
Using G4ParticleGun... 
Particle energy: 8.15356 LIN
Particle: e-
Event: 5
Number of tracker hits in this event: 77
      5 120.746 261 9 1 -127.856 38.1176 65.55 
      5 99.269 1090 9 0 -127.856 38.1171 64.15 
      5 135.95 261 8 1 -127.853 38.1116 35.55 
      5 233.278 1090 8 0 -127.854 38.1106 34.15 
      5 111.79 261 7 1 -127.884 38.0857 5.55 
      5 168.853 1090 7 0 -127.886 38.0846 4.15 
      5 416.798 261 6 1 -127.948 38.0658 -24.45 
      5 318.205 1090 6 0 -127.951 38.0641 -25.85 
      5 113.926 260 5 1 -128.014 38.0241 -54.45 
      5 247.884 1089 5 0 -128.017 38.0209 -55.85 
      5 105.938 260 4 1 -128.074 37.9743 -84.45 
      5 131.595 1089 4 0 -128.075 37.9737 -85.85 
      5 221.611 260 3 1 -128.104 37.9491 -114.45 
      5 123.385 1089 3 0 -128.103 37.9462 -115.85 
      5 131.069 260 2 1 -128.081 37.8921 -144.45 
      5 567.974 1089 2 0 -128.082 37.8809 -145.85 
      5 142.005 260 1 1 -128.099 37.6423 -174.45 
      5 182.141 1087 1 0 -128.1 37.6347 -175.85 
      5 97.629 259 0 1 -128.16 37.4734 -204.45 
      5 117.784 1087 0 0 -128.16 37.4621 -205.85 
      5 86.1218 1194 1 0 -142.294 58.874 -176.25 
      5 674.171 1193 1 0 -142.471 58.85 -176.007 
      5 69.3471 182 1 1 -143.59 58.8586 -174.85 
      5 344.17 181 1 1 -143.75 58.8852 -174.709 
      5 94.7304 180 1 1 -143.95 58.9517 -174.515 
      5 74.3682 179 1 1 -144.15 59.0287 -174.456 
      5 78.1628 178 1 1 -144.35 59.1039 -174.549 
      5 48.3771 177 1 1 -144.551 59.1847 -174.69 
      5 48.5177 176 1 1 -144.75 59.1863 -174.772 
      5 178.827 1192 1 0 -147.645 58.65 -176.025 
      5 48.2737 1191 1 0 -149.214 58.45 -176.126 
      5 53.1313 1190 1 0 -149.289 58.2499 -176.16 
      5 74.5227 1189 1 0 -149.381 58.05 -176.17 
      5 49.8676 1188 1 0 -149.393 57.85 -176.231 
      5 59.9687 1187 1 0 -149.452 57.6491 -176.186 
      5 73.4072 1186 1 0 -149.534 57.4499 -176.121 
      5 57.9135 1185 1 0 -149.537 57.2498 -176.082 
      5 72.5888 1184 1 0 -149.584 57.05 -176.018 
      5 82.9613 154 1 1 -149.195 56.1392 -174.85 
      5 375.519 155 1 1 -149.15 56.0751 -174.734 
      5 303.795 1181 1 0 -148.223 56.2702 -175.85 
      5 52.907 1180 1 0 -148.204 56.25 -175.984 
      5 211.898 1088 1 0 -128.085 37.65 -175.882 
      5 35.7104 259 2 1 -128.15 37.8897 -144.765 
      5 115.22 1088 2 0 -128.443 37.8428 -145.85 
      5 64.1023 1090 2 0 -128.076 38.0501 -146.055 
      5 320.615 258 0 1 -128.403 37.7906 -204.45 
      5 102.006 1089 0 0 -128.428 37.8562 -205.85 
      5 127.182 1088 0 0 -128.389 37.8184 -205.85 
      5 107.071 256 5 1 -128.896 37.2906 -54.45 
      5 121.617 1086 5 0 -128.944 37.2601 -55.8506 
      5 129.733 249 4 1 -130.206 36.6342 -84.4517 
      5 151.903 1082 4 0 -130.191 36.6216 -85.85 
      5 120.784 251 3 1 -129.873 36.1355 -114.45 
      5 98.3474 1080 3 0 -129.946 36.1972 -115.85 
      5 115.038 243 2 1 -131.424 37.7145 -144.45 
      5 115.952 241 1 1 -131.81 40.562 -174.451 
      5 128.002 1104 1 0 -131.847 40.8689 -175.85 
      5 123.135 238 0 1 -132.437 46.9153 -204.45 
      5 124.834 1134 0 0 -132.502 47.0078 -205.85 
      5 48.1262 719 1 1 -36.25 121.28 -174.727 
      5 92.7398 239 2 1 -132.19 36.6525 -144.85 
      5 0.587387 262 6 1 -127.75 38.1631 -24.5047 
      5 145.932 258 5 1 -128.46 37.93 -54.45 
      5 114.425 262 4 1 -127.599 37.0051 -84.45 
      5 131.949 1084 4 0 -127.627 37.0215 -85.85 
      5 116.736 262 3 1 -127.587 37.3706 -114.45 
      5 116.4 1086 3 0 -127.629 37.3739 -115.85 
      5 118.795 258 2 1 -128.387 37.529 -144.45 
      5 177.137 1086 2 0 -128.746 37.4334 -145.85 
      5 81.6593 224 1 1 -135.324 35.3588 -174.45 
      5 66.7293 223 1 1 -135.35 35.3308 -174.619 
      5 107.701 1075 1 0 -135.568 35.1216 -175.85 
      5 0.0118911 1074 1 0 -135.636 35.05 -176.249 
      5 169.339 202 0 1 -139.558 29.9051 -204.45 
      5 116.973 1048 0 0 -139.749 29.6719 -205.85 
      5 76.4579 1047 0 0 -139.767 29.6499 -205.98 
Number of digits in this event: 35
Using G4ParticleGun... 
Particle energy: 2.46798 LIN
Particle: e-
Event: 6
Number of tracker hits in this event: 76
      6 134.253 1035 10 1 27.2358 95.4045 95.55 
      6 127.311 1376 10 0 27.2367 95.4074 94.15 
      6 109.783 1036 9 1 27.2538 95.4431 65.55 
      6 121.203 1376 9 0 27.2539 95.439 64.15 
      6 228.647 1036 8 1 27.251 95.352 35.55 
      6 196.868 1375 8 0 27.2509 95.3485 34.15 
      6 268.903 1036 7 1 27.2532 95.2759 5.55 
      6 188.792 1375 7 0 27.2506 95.277 4.15 
      6 119.498 1035 6 1 27.2077 95.3036 -24.45 
      6 105.169 1375 6 0 27.1958 95.3012 -25.85 
      6 134.168 1033 5 1 26.6735 95.2607 -54.45 
      6 116.809 1375 5 0 26.6916 95.2592 -55.85 
      6 126.734 1035 4 1 27.1659 95.3745 -84.45 
      6 114.965 1375 4 0 27.2924 95.3476 -85.85 
      6 130.367 1050 3 1 30.2398 94.8971 -114.45 
      6 278.382 1373 3 0 30.2207 94.8296 -115.85 
      6 145.354 1048 2 1 29.8073 93.2145 -144.45 
      6 190.497 1365 2 0 29.5407 93.2211 -145.85 
      6 135.126 1024 1 1 25.0193 95.1998 -174.45 
      6 124.314 1375 1 0 24.8711 95.3214 -175.85 
      6 175.745 1376 1 0 24.8409 95.35 -176.173 
      6 56.5607 1012 0 1 22.634 97.7377 -204.45 
      6 203.193 1013 0 1 22.65 97.6662 -204.543 
      6 60.1136 1383 0 0 22.9066 96.8409 -205.851 
      6 97.8298 1382 0 0 22.935 96.75 -205.999 
      6 184.362 1389 0 0 22.9451 97.9827 -205.85 
      6 264.335 1363 2 0 30.6705 92.8179 -145.85 
      6 12.9233 1362 2 0 30.9091 92.75 -145.956 
      6 348.013 1364 2 0 31.2765 92.95 -146.207 
      6 410.152 1031 1 1 26.3657 95.1347 -174.45 
      6 139.167 1031 0 1 26.38 99.9206 -204.45 
      6 117.873 1401 0 0 26.2267 100.37 -205.85 
      6 115.617 1374 1 0 26.3274 95.0817 -175.85 
      6 109.119 1029 0 1 26.0371 94.3566 -204.45 
      6 121.151 1370 0 0 25.9675 94.3218 -205.85 
      6 215.633 1376 7 0 27.2362 95.35 3.98014 
      6 229.904 420 1 1 -95.95 -96.0636 -174.582 
      6 111.016 1380 8 0 27.7162 96.2776 34.15 
      6 173.679 1381 8 0 27.7495 96.35 34.0328 
      6 121.735 1069 7 1 33.988 113.078 5.55 
      6 18.6061 1068 7 1 33.85 113.327 5.2061 
      6 47.5891 1469 7 0 33.468 114.037 4.15 
      6 127.863 1470 7 0 33.4124 114.15 3.99343 
      6 11.73 1001 6 1 20.2736 135.539 -24.45 
      6 140.167 1000 6 1 20.25 135.57 -24.4801 
      6 55.7308 999 6 1 20.05 135.797 -24.7279 
      6 31.984 1582 6 0 18.8643 136.691 -25.85 
      6 124.274 1583 6 0 18.7867 136.75 -25.9318 
      6 269.263 1035 8 1 27.2269 95.4929 35.55 
      6 102.996 1014 7 1 22.9241 112.776 5.54993 
      6 161.832 1013 7 1 22.85 113.141 5.40116 
      6 16.0405 1478 7 0 22.4594 115.876 4.15 
      6 60.4213 1479 7 0 22.449 115.95 4.11504 
      6 55.5694 1480 7 0 22.415 116.15 4.01266 
      6 60.7924 1481 7 0 22.3805 116.35 3.90609 
      6 18.5162 1482 7 0 22.354 116.55 3.78605 
      6 112.568 1376 8 0 27.2127 95.4579 34.15 
      6 164.221 1380 7 0 27.323 96.2769 4.15 
      6 215.613 1033 6 1 26.6826 97.0253 -24.4501 
      6 131.937 1383 6 0 26.6556 96.9183 -25.85 
      6 114.59 1030 5 1 26.2057 94.4433 -54.45 
      6 124.916 1371 5 0 26.1659 94.3799 -55.85 
      6 132.925 1028 4 1 25.7308 92.798 -84.4506 
      6 158.108 1362 4 0 25.7398 92.749 -85.85 
      6 130.903 1029 3 1 26.0343 91.7584 -114.45 
      6 218.192 1357 3 0 26.0238 91.7001 -115.85 
      6 292.151 1030 2 1 26.1637 90.2239 -144.45 
      6 55.7747 1349 2 0 26.1702 90.0499 -146.158 
      6 125.954 1333 1 0 26.4205 86.8257 -175.85 
      6 108.749 1032 0 1 26.6104 84.8002 -204.45 
      6 126.47 1323 0 0 26.7348 84.771 -205.85 
      6 82.0611 1029 2 1 26.0499 90.2599 -144.576 
      6 114.859 1028 2 1 25.85 90.2799 -144.724 
      6 264.282 1348 2 0 25.7154 89.85 -145.914 
      6 146.895 1358 3 0 26.076 91.75 -116.057 
      6 149.108 1030 3 1 26.05 91.8013 -114.457 
Number of digits in this event: 48
Using G4ParticleGun... 
Particle energy: 3.12531 LIN
Particle: e-
Event: 7
Number of tracker hits in this event: 28
      7 101.328 530 9 1 -73.971 -93.3808 65.55 
      7 106.978 433 9 0 -73.9695 -93.3811 64.15 
      7 125.447 530 8 1 -73.9348 -93.383 35.55 
      7 163.363 433 8 0 -73.929 -93.3818 34.15 
      7 102.176 531 7 1 -73.8179 -93.3645 5.55 
      7 107.582 433 7 0 -73.8113 -93.3649 4.15 
      7 95.9458 531 6 1 -73.6701 -93.3779 -24.45 
      7 110.426 433 6 0 -73.6603 -93.3796 -25.85 
      7 151.038 532 5 1 -73.4664 -93.416 -54.45 
      7 180.555 433 5 0 -73.4572 -93.4198 -55.85 
      7 123.188 533 4 1 -73.2657 -93.516 -84.45 
      7 147.186 433 4 0 -73.2564 -93.5196 -85.85 
      7 203.309 534 3 1 -73.0647 -93.6001 -114.45 
      7 138.631 432 3 0 -73.0528 -93.6052 -115.85 
      7 138.869 536 2 1 -72.8064 -93.6979 -144.45 
      7 129.371 432 2 0 -72.7955 -93.7 -145.85 
      7 137.028 537 1 1 -72.5999 -93.7629 -174.45 
      7 113.797 431 1 0 -72.5892 -93.7646 -175.85 
      7 119.9 538 0 1 -72.3682 -93.795 -204.45 
      7 172.751 431 0 0 -72.3559 -93.7946 -205.85 
      7 210.068 613 1 1 -57.3373 -143.76 -174.85 
      7 98.2229 614 1 1 -57.25 -143.738 -174.671 
      7 27.5344 432 5 0 -73.4526 -93.5509 -56.2182 
      7 145.537 349 5 0 -34.9599 -110.158 -56.25 
      7 121.973 350 5 0 -34.9481 -110.15 -56.2433 
      7 22.4009 725 5 1 -35.0302 -110.112 -54.85 
      7 232.37 724 5 1 -35.05 -110.113 -54.7967 
      7 22.0245 434 8 0 -73.9372 -93.35 33.8078 
Number of digits in this event: 18
Using G4ParticleGun... 
Particle energy: 8.80299 LIN
Particle: e-
Event: 8
Number of tracker hits in this event: 81
      8 104.369 1001 11 1 20.2637 -63.3949 125.55 
      8 117.689 583 11 0 20.2644 -63.3948 124.15 
      8 252.602 1001 10 1 20.2806 -63.3913 95.55 
      8 111.531 583 10 0 20.2811 -63.391 94.15 
      8 112.105 1001 9 1 20.2916 -63.3817 65.55 
      8 103.538 583 9 0 20.2922 -63.3807 64.15 
      8 265.999 1001 8 1 20.3034 -63.356 35.55 
      8 122.988 583 8 0 20.3019 -63.354 34.15 
      8 113.584 1001 7 1 20.2729 -63.3129 5.55 
      8 105.766 583 7 0 20.2718 -63.3082 4.15 
      8 101.898 1001 6 1 20.2586 -63.2148 -24.45 
      8 108.03 584 6 0 20.2595 -63.2087 -25.85 
      8 427.984 1001 5 1 20.2689 -63.075 -54.45 
      8 390.259 584 5 0 20.2649 -63.0689 -55.85 
      8 355.018 1000 4 1 20.1867 -62.9348 -84.45 
      8 127.436 585 4 0 20.1852 -62.9304 -85.85 
      8 822.974 1000 3 1 20.1297 -62.847 -114.45 
      8 123.144 586 3 0 20.1313 -62.8446 -115.85 
      8 464.299 1000 2 1 20.1812 -62.8212 -144.45 
      8 136.187 586 2 0 20.1829 -62.819 -145.85 
      8 321.127 1000 1 1 20.1964 -62.7767 -174.45 
      8 130.933 586 1 0 20.2004 -62.7781 -175.85 
      8 287.923 1001 0 1 20.276 -62.8008 -204.45 
      8 261.076 586 0 0 20.2766 -62.8068 -205.85 
      8 142.012 1743 3 1 168.75 -142.668 -114.843 
      8 663.131 584 3 0 20.153 -63.1624 -115.85 
      8 299.654 1002 2 1 20.4909 -63.5835 -144.45 
      8 111.936 582 2 0 20.5115 -63.5975 -145.85 
      8 191.294 1004 1 1 20.9148 -63.8932 -174.45 
      8 157.879 580 1 0 20.934 -63.9117 -175.85 
      8 110.043 1006 0 1 21.3374 -64.2998 -204.45 
      8 251.958 578 0 0 21.3605 -64.3181 -205.85 
      8 95.5883 771 0 1 -25.7135 -52.6742 -204.85 
      8 5.63286 746 0 1 -30.8395 -47.5948 -204.45 
      8 39.0122 407 3 0 25.3086 -98.6847 -116.25 
      8 310.061 406 3 0 25.2992 -98.75 -116.185 
      8 132.873 585 2 0 20.1025 -62.9998 -145.85 
      8 130.23 1001 1 1 20.2795 -62.8682 -174.45 
      8 141.952 585 1 0 20.2905 -62.8619 -175.85 
      8 187.839 1002 0 1 20.5341 -62.7258 -204.45 
      8 120.95 119 10 1 -156.209 92.5273 95.15 
      8 34.4574 1002 8 1 20.45 -63.6729 35.1925 
      8 87.5111 577 8 0 23.0781 -64.5184 34.1499 
      8 250.905 576 8 0 23.1496 -64.65 34.0732 
      8 123.915 584 4 0 20.189 -63.2112 -85.85 
      8 98.3109 999 3 1 20.05 -63.1702 -114.548 
      8 121.863 998 2 1 19.8409 -63.2454 -144.45 
      8 147.157 583 2 0 19.8313 -63.2554 -145.85 
      8 123.783 997 1 1 19.6062 -63.4486 -174.45 
      8 248.998 582 1 0 19.5952 -63.4558 -175.85 
      8 165.64 996 0 1 19.3431 -63.5829 -204.45 
      8 111.617 582 0 0 19.3343 -63.5903 -205.85 
      8 59.1967 1117 8 0 -133.087 43.552 33.75 
      8 100.535 1118 8 0 -133.154 43.6501 33.8716 
      8 244.487 1119 8 0 -133.321 43.85 34.1312 
      8 72.1676 231 8 1 -133.859 44.518 35.15 
      8 69.5849 230 8 1 -133.95 44.6688 35.2552 
      8 66.6457 229 8 1 -134.15 44.7893 35.3099 
      8 113.561 228 8 1 -134.35 44.754 35.3229 
      8 71.992 227 8 1 -134.55 44.616 35.3021 
      8 237.395 1120 8 0 -135.595 44.05 33.9919 
      8 176.59 1559 2 1 131.981 -176.891 -144.85 
      8 22.4448 1560 2 1 132.15 -177.153 -144.491 
      8 101.187 583 4 0 20.2003 -63.2834 -85.85 
      8 173.729 1001 3 1 20.2533 -63.3864 -114.45 
      8 141.702 583 3 0 20.2484 -63.4001 -115.85 
      8 116.942 581 2 0 20.1346 -63.7391 -145.85 
      8 142.153 579 1 0 20.177 -64.0545 -175.85 
      8 12.8945 13 5 0 -38.6217 -177.399 -56.25 
      8 167.473 994 2 1 19.0372 -62.5785 -144.45 
      8 132.819 587 2 0 18.8479 -62.624 -145.85 
      8 108.785 975 1 1 15.2438 -62.6374 -174.45 
      8 158.125 584 1 0 15.3706 -63.0841 -175.85 
      8 154.189 1007 0 1 21.4533 -73.8359 -204.45 
      8 123.985 528 0 0 21.93 -74.3242 -205.85 
      8 15.7487 527 0 0 22.0652 -74.45 -206.221 
      8 59.483 88 3 0 -69.0082 -162.377 -116.25 
      8 100.989 584 2 0 20.4831 -63.2364 -145.85 
      8 154.374 1003 1 1 20.7269 -63.6349 -174.45 
      8 167.623 1004 0 1 21.0305 -63.3386 -204.45 
      8 96.4955 584 0 0 21.0832 -63.2423 -205.85 
Number of digits in this event: 50
Using G4ParticleGun... 
Particle energy: 4.06908 LIN
Particle: e-
Event: 9
Number of tracker hits in this event: 71
      9 109.744 537 10 1 -72.4811 74.1554 95.55 
      9 139.426 1270 10 0 -72.48 74.1597 94.15 
      9 109.495 537 9 1 -72.462 74.2525 65.55 
      9 107.194 1271 9 0 -72.4637 74.2563 64.15 
      9 395.381 537 8 1 -72.4931 74.3516 35.55 
      9 370.326 1271 8 0 -72.4944 74.3539 34.15 
      9 157.727 537 7 1 -72.519 74.395 5.55 
      9 113.615 1271 7 0 -72.5212 74.3957 4.15 
      9 106.356 537 6 1 -72.5699 74.4007 -24.45 
      9 177.09 1271 6 0 -72.5704 74.3999 -25.85 
      9 110.286 537 5 1 -72.5769 74.3734 -54.45 
      9 404.018 1271 5 0 -72.5765 74.3728 -55.85 
      9 113.016 537 4 1 -72.5628 74.366 -84.45 
      9 129.845 1271 4 0 -72.5621 74.3682 -85.85 
      9 165.331 537 3 1 -72.5451 74.4116 -114.45 
      9 218.376 1271 3 0 -72.521 74.3887 -115.85 
      9 139.596 539 2 1 -72.1169 73.92 -144.45 
      9 207.126 1269 2 0 -72.0914 73.8744 -145.85 
      9 160.547 542 1 1 -71.6102 72.9884 -174.45 
      9 106.554 1264 1 0 -71.5941 72.9314 -175.85 
      9 243.034 543 0 1 -71.3058 71.8075 -204.45 
      9 138.353 1258 0 0 -71.3005 71.7841 -205.85 
      9 164.201 520 1 1 -75.9063 92.8285 -174.85 
      9 116.288 668 2 0 -64.6487 -46.2817 -146.25 
      9 130.49 680 2 0 -66.1222 -44.05 -146.032 
      9 140.989 538 9 1 -72.45 74.2339 65.3448 
      9 315.039 539 7 1 -72.2453 74.6006 5.55 
      9 134.75 1272 7 0 -72.1956 74.6327 4.15 
      9 183.233 545 6 1 -71.0124 75.2632 -24.45 
      9 140.749 1276 6 0 -70.9042 75.3064 -25.85 
      9 140.008 557 5 1 -68.5311 76.0477 -54.45 
      9 127.443 1280 5 0 -68.4344 76.1104 -55.85 
      9 124.274 568 4 1 -66.4182 77.1978 -84.45 
      9 164.852 1286 4 0 -66.3459 77.3143 -85.85 
      9 153.66 575 3 1 -64.9089 79.8266 -114.45 
      9 123.302 1299 3 0 -64.8272 79.9557 -115.85 
      9 42.5843 583 2 1 -63.2605 82.61 -144.45 
      9 80.7895 584 2 1 -63.25 82.6206 -144.59 
      9 148.834 1313 2 0 -63.1594 82.713 -145.85 
      9 127.117 595 1 1 -60.9343 84.9742 -174.45 
      9 127.859 1325 1 0 -60.8418 85.0973 -175.85 
      9 129.03 605 0 1 -58.9426 87.4402 -204.45 
      9 115.337 1337 0 0 -58.9124 87.588 -205.85 
      9 64.5265 1285 4 0 -66.3842 77.25 -85.9732 
      9 165.557 566 4 1 -66.6649 76.4433 -84.85 
      9 141.109 565 4 1 -66.85 76.4836 -84.6878 
      9 68.993 1420 2 0 -59.2625 104.272 -146.25 
      9 250.411 1421 2 0 -59.2226 104.35 -146.067 
      9 198.912 1422 2 0 -59.1258 104.55 -145.948 
      9 190.346 530 7 1 -73.9105 73.7044 5.55 
      9 134.33 1268 7 0 -73.9727 73.6848 4.15 
      9 128.379 524 6 1 -75.1641 72.9155 -24.45 
      9 85.6459 1264 6 0 -75.2498 72.8557 -25.85 
      9 124.729 1263 6 0 -75.2582 72.85 -25.9856 
      9 183.515 514 5 1 -77.1235 71.6411 -54.45 
      9 117.058 1257 5 0 -77.1893 71.5881 -55.85 
      9 120.956 508 4 1 -78.3922 70.6142 -84.45 
      9 93.3803 1252 4 0 -78.467 70.4798 -85.85 
      9 24.1868 1251 4 0 -78.4835 70.45 -86.16 
      9 129.7 500 3 1 -79.952 67.5598 -114.45 
      9 124.888 1237 3 0 -79.9279 67.4935 -115.85 
      9 130.161 503 2 1 -79.3998 66.1204 -144.45 
      9 129.45 1229 2 0 -79.3747 65.9844 -145.85 
      9 143.141 504 1 1 -79.076 63.2427 -174.45 
      9 109.777 1215 1 0 -79.1451 63.0909 -175.85 
      9 3.27082 1214 1 0 -79.165 63.05 -176.232 
      9 181.306 497 0 1 -80.4816 60.0148 -204.45 
      9 120.778 1198 0 0 -80.4887 59.8017 -205.85 
      9 90.3959 1267 7 0 -73.9954 73.6498 3.89572 
      9 183.748 1179 7 0 -163.325 55.8831 3.75 
      9 124.771 1245 2 0 -81.5928 69.1247 -145.85 
Number of digits in this event: 51
Using G4ParticleGun... 
Particle energy: 5.43549 LIN
Particle: e-
Event: 10
Number of tracker hits in this event: 96
     10 108.302 1291 8 1 78.3805 -115.518 35.55 
     10 117.437 323 8 0 78.3801 -115.517 34.15 
     10 131.02 1291 7 1 78.3697 -115.498 5.55 
     10 113.541 323 7 0 78.3688 -115.498 4.15 
     10 110.065 1291 6 1 78.3467 -115.501 -24.45 
     10 146.736 323 6 0 78.3528 -115.505 -25.85 
     10 128.3 1292 5 1 78.479 -115.587 -54.45 
     10 131.331 322 5 0 78.4856 -115.591 -55.85 
     10 131.226 1292 4 1 78.6164 -115.685 -84.45 
     10 178.771 322 4 0 78.6236 -115.689 -85.85 
     10 180.477 1293 3 1 78.7633 -115.777 -114.45 
     10 95.707 321 3 0 78.771 -115.782 -115.85 
     10 93.9339 1294 2 1 78.873 -115.885 -144.45 
     10 190.572 321 2 0 78.8695 -115.891 -145.85 
     10 108.057 1293 1 1 78.7782 -115.995 -174.45 
     10 109.012 320 1 0 78.7759 -116.006 -175.85 
     10 152.11 1293 0 1 78.7333 -116.203 -204.45 
     10 319.899 319 0 0 78.7325 -116.213 -205.85 
     10 17.7497 761 8 1 -27.6554 -22.2274 35.15 
     10 6.18427 468 13 1 -86.3039 -28.1214 185.15 
     10 14.2169 467 13 1 -86.4502 -28.1385 185.521 
     10 96.7995 1432 2 1 106.55 -165.924 -144.678 
     10 98.051 1218 2 1 63.7288 -134.359 -144.45 
     10 9.98714 320 0 0 78.5417 -116.15 -206.132 
     10 191.215 318 0 0 78.5671 -116.35 -206.129 
     10 179.443 109 1 0 112.158 -158.269 -176.25 
     10 224.272 108 1 0 112.167 -158.35 -176.208 
     10 57.4432 0 3 0 -48.8833 -180.067 -116.25 
     10 12.2875 321 4 0 78.5965 -115.75 -86.2181 
     10 125.211 1291 5 1 78.3402 -115.488 -54.45 
     10 63.9847 323 5 0 78.1912 -115.374 -55.8506 
     10 48.3493 324 5 0 78.1626 -115.35 -56.0975 
     10 99.6997 1275 4 1 75.1194 -112.714 -84.45 
     10 114.55 337 4 0 75.1618 -112.709 -85.85 
     10 104.13 1285 3 1 77.1833 -112.364 -114.45 
     10 139.919 337 3 0 77.336 -112.557 -115.85 
     10 168.56 1302 2 1 80.5458 -115.533 -144.45 
     10 143.912 322 2 0 80.5988 -115.726 -145.85 
     10 4.6804 1309 1 1 81.8547 -120.682 -174.45 
     10 151.14 1308 1 1 81.85 -120.686 -174.465 
     10 199.373 296 1 0 81.5825 -120.92 -175.85 
     10 72.6322 295 1 0 81.5387 -120.95 -176.08 
     10 11.896 1277 0 1 75.5225 -124.247 -204.45 
     10 48.9459 1276 0 1 75.45 -124.256 -204.465 
     10 46.4947 1275 0 1 75.2498 -124.276 -204.503 
     10 54.3403 1274 0 1 75.05 -124.292 -204.544 
     10 67.1028 1273 0 1 74.8494 -124.299 -204.584 
     10 57.5174 1272 0 1 74.6499 -124.308 -204.622 
     10 55.8682 1271 0 1 74.45 -124.322 -204.657 
     10 57.1131 1270 0 1 74.25 -124.34 -204.685 
     10 49.3807 1269 0 1 74.05 -124.36 -204.719 
     10 55.9201 1268 0 1 73.85 -124.37 -204.758 
     10 34.3226 1267 0 1 73.6499 -124.366 -204.813 
     10 479.734 278 0 0 69.8183 -124.408 -205.85 
     10 664.6 279 0 0 68.8258 -124.35 -206.03 
     10 135.057 277 0 0 66.2847 -124.55 -205.931 
     10 30.0737 276 0 0 65.8427 -124.75 -205.865 
     10 0.13808 1197 0 1 59.4509 -127.777 -204.85 
     10 78.7492 1196 0 1 59.45 -127.778 -204.85 
     10 55.5801 1195 0 1 59.25 -127.872 -204.805 
     10 89.4249 1194 0 1 59.05 -127.944 -204.746 
     10 54.1297 1193 0 1 58.85 -128.015 -204.677 
     10 78.6567 1192 0 1 58.65 -128.094 -204.623 
     10 93.1472 1191 0 1 58.45 -128.16 -204.577 
     10 76.5613 1190 0 1 58.25 -128.212 -204.54 
     10 42.0817 1189 0 1 58.0487 -128.268 -204.508 
     10 33.815 1188 0 1 57.85 -128.329 -204.476 
     10 76.8558 113 1 0 59.0744 -157.451 -176.25 
     10 80.5323 112 1 0 59.0847 -157.55 -176.157 
     10 57.9738 111 1 0 59.0965 -157.75 -175.985 
     10 104.055 1195 1 1 59.2266 -159.125 -174.849 
     10 130.556 1196 1 1 59.25 -159.306 -174.7 
     10 75.6999 1194 1 1 59.0499 -159.693 -174.559 
     10 43.9792 1193 1 1 58.85 -159.576 -174.733 
     10 12.3384 107 1 0 57.6648 -158.569 -175.85 
     10 35.2832 1085 0 1 37.1356 -136.864 -204.45 
     10 107.619 1084 0 1 37.0497 -136.896 -204.573 
     10 14.1595 1083 0 1 36.85 -136.964 -204.805 
     10 49.7885 213 0 0 35.6516 -137.499 -205.85 
     10 163.331 212 0 0 35.5444 -137.55 -205.939 
     10 12.7428 609 2 1 -58.0699 46.0292 -144.45 
     10 3.50144 1285 0 1 77.05 -125.372 -204.715 
     10 3.38953 1254 0 1 71.05 -122.766 -204.831 
     10 25.1402 1253 0 1 70.8498 -122.693 -204.844 
     10 112.885 282 0 0 64.4089 -123.658 -205.85 
     10 72.3609 281 0 0 64.1617 -123.75 -206.068 
     10 162.695 219 0 0 53.8324 -136.299 -206.25 
     10 224.744 218 0 0 53.603 -136.35 -206.039 
     10 59.483 1115 1 1 43.25 -47.9749 -174.521 
     10 234.478 409 2 0 61.9695 -98.2901 -146.25 
     10 244.293 1290 1 1 78.2421 -115.464 -174.45 
     10 216.55 323 1 0 78.2397 -115.455 -175.85 
     10 124.806 1290 0 1 78.1924 -115.281 -204.45 
     10 120.865 324 0 0 78.1931 -115.275 -205.85 
     10 102.326 1291 0 1 78.3233 -115.65 -204.45 
     10 103.384 322 0 0 78.302 -115.684 -205.85 
Number of digits in this event: 34
Using G4ParticleGun... 
Particle energy: 4.98772 LIN
Particle: e-
Event: 11
Number of tracker hits in this event: 191
     11 220.734 717 11 1 -36.5949 -62.5015 125.55 
     11 115.959 587 11 0 -36.5922 -62.5019 124.15 
     11 112.334 717 10 1 -36.5431 -62.5086 95.55 
     11 104.102 587 10 0 -36.5382 -62.5106 94.15 
     11 402.398 718 9 1 -36.4365 -62.5519 65.55 
     11 536.798 587 9 0 -36.4327 -62.5556 64.15 
     11 109.32 718 8 1 -36.3497 -62.6364 35.55 
     11 462.036 587 8 0 -36.3463 -62.6393 34.15 
     11 304.704 718 7 1 -36.2818 -62.6943 5.55 
     11 379.414 586 7 0 -36.2764 -62.6926 4.15 
     11 112.788 719 6 1 -36.1204 -62.7056 -24.45 
     11 258.576 586 6 0 -36.0941 -62.7138 -25.85 
     11 116.823 722 5 1 -35.5082 -62.8467 -54.45 
     11 147.376 585 5 0 -35.4793 -62.853 -55.85 
     11 299.116 725 4 1 -34.8797 -62.9311 -84.45 
     11 209.417 585 4 0 -34.8557 -62.9392 -85.85 
     11 347.668 728 3 1 -34.3625 -63.1433 -114.45 
     11 396.391 584 3 0 -34.3561 -63.1499 -115.85 
     11 428.702 729 2 1 -34.2273 -63.3253 -144.45 
     11 356.151 583 2 0 -34.2041 -63.3284 -145.85 
     11 102.903 731 1 1 -33.702 -63.3732 -174.45 
     11 202.585 583 1 0 -33.671 -63.3732 -175.85 
     11 111.688 735 0 1 -32.9268 -63.338 -204.45 
     11 347.337 583 0 0 -32.8997 -63.3324 -205.85 
     11 53.3894 582 2 0 -34.2152 -63.4501 -146.134 
     11 24.6689 471 2 0 -48.3402 -85.8141 -146.25 
     11 131.567 470 2 0 -48.3416 -85.8501 -146.222 
     11 150.017 469 2 0 -48.381 -86.0501 -146.17 
     11 134.099 586 4 0 -34.8968 -62.8497 -86.2276 
     11 557.918 718 6 1 -36.3666 -63.0604 -24.45 
     11 245.315 584 6 0 -36.3751 -63.0757 -25.85 
     11 148.076 717 5 1 -36.5193 -63.4065 -54.45 
     11 349.344 583 5 0 -36.5254 -63.4171 -55.85 
     11 90.9251 717 4 1 -36.6462 -63.6086 -84.45 
     11 24.5916 716 4 1 -36.65 -63.6112 -84.7711 
     11 435.765 582 4 0 -36.6631 -63.6191 -85.85 
     11 112.061 715 3 1 -36.9993 -63.7982 -114.45 
     11 285.43 581 3 0 -37.0276 -63.8083 -115.85 
     11 128.148 712 2 1 -37.5366 -63.9711 -144.45 
     11 276.309 580 2 0 -37.558 -63.9757 -145.85 
     11 261.174 710 1 1 -37.977 -64.0733 -174.45 
     11 128.49 579 1 0 -37.9985 -64.0786 -175.85 
     11 323.631 707 0 1 -38.4781 -64.1882 -204.45 
     11 421.761 579 0 0 -38.4947 -64.1996 -205.85 
     11 61.0641 580 3 0 -37.0581 -63.8501 -116.22 
     11 69.9223 695 3 0 -128.222 -41.0436 -116.25 
     11 193.858 718 5 1 -36.4448 -63.3558 -54.45 
     11 111.664 715 4 1 -36.9508 -63.5384 -84.45 
     11 123.131 712 3 1 -37.5917 -63.762 -114.45 
     11 160.336 711 2 1 -37.8316 -64.215 -144.45 
     11 18.4666 579 2 0 -37.84 -64.2486 -145.85 
     11 101.354 578 2 0 -37.8404 -64.25 -145.912 
     11 130.166 575 1 0 -38.0064 -65.008 -175.85 
     11 213.305 709 0 1 -38.2337 -65.5858 -204.45 
     11 220.757 572 0 0 -38.2364 -65.6135 -205.85 
     11 163.326 710 0 1 -38.0499 -65.7993 -204.6 
     11 165.086 711 0 1 -37.85 -65.5586 -204.597 
     11 160.706 712 0 1 -37.65 -65.2312 -204.681 
     11 274.487 713 0 1 -37.4495 -65.3629 -204.791 
     11 246.243 573 1 0 -37.6449 -65.3389 -175.85 
     11 25.6743 709 2 1 -38.1799 -63.8291 -144.45 
     11 73.3018 708 2 1 -38.25 -63.783 -144.473 
     11 310.535 707 2 1 -38.45 -63.6776 -144.483 
     11 359.41 584 5 0 -36.4522 -63.2498 -56.1806 
     11 22.9516 700 5 1 -40.0024 -55.1687 -54.4501 
     11 81.2282 699 5 1 -40.05 -55.1429 -54.49 
     11 72.8927 698 5 1 -40.2503 -55.0262 -54.6505 
     11 12.0016 697 5 1 -40.45 -54.9147 -54.8175 
     11 19.9457 629 5 0 -41.5708 -54.087 -55.85 
     11 131.852 630 5 0 -41.6211 -54.05 -55.8964 
     11 55.1849 631 5 0 -41.9291 -53.85 -56.1607 
     11 166.66 539 4 1 -72.0655 -34.1063 -84.45 
     11 99.7794 538 4 1 -72.25 -34.1012 -84.7739 
     11 145.825 730 4 0 -72.9306 -34.0254 -85.85 
     11 4.88535 448 3 1 -90.5412 -34.5097 -114.45 
     11 108.255 447 3 1 -90.55 -34.5173 -114.461 
     11 61.0552 446 3 1 -90.75 -34.6777 -114.716 
     11 36.6989 721 3 0 -91.8408 -35.8009 -115.85 
     11 94.4564 720 3 0 -91.8865 -35.85 -115.898 
     11 87.112 719 3 0 -92.0745 -36.05 -116.056 
     11 25.9833 718 3 0 -92.287 -36.25 -116.195 
     11 59.5801 195 2 1 -141.105 -70.8212 -144.45 
     11 103.708 196 2 1 -140.95 -70.9709 -144.603 
     11 99.0507 539 2 0 -140.429 -72.0551 -145.85 
     11 85.9191 538 2 0 -140.362 -72.25 -146.053 
     11 3.63361 537 2 0 -140.32 -72.45 -146.241 
     11 73.4723 236 1 1 -132.909 -107.17 -174.45 
     11 74.439 235 1 1 -132.95 -107.121 -174.588 
     11 123.775 366 1 0 -133.201 -106.879 -175.85 
     11 29.8007 198 0 1 -140.446 -103.57 -204.45 
     11 60.3009 197 0 1 -140.55 -103.606 -204.485 
     11 47.1723 196 0 1 -140.75 -103.675 -204.554 
     11 56.2189 195 0 1 -140.95 -103.778 -204.622 
     11 95.261 194 0 1 -141.15 -103.855 -204.65 
     11 29.7834 193 0 1 -141.35 -104.079 -204.522 
     11 455.482 585 6 0 -36.7865 -62.902 -25.8502 
     11 133.906 583 6 0 -36.8017 -63.2503 -26.1759 
     11 215.194 720 0 1 -35.8596 -63.4704 -204.45 
     11 167.462 721 0 1 -35.7897 -63.4357 -204.45 
     11 224.192 719 5 1 -36.1989 -62.7991 -54.45 
     11 400.457 586 5 0 -36.1905 -62.8258 -55.85 
     11 140.816 720 4 1 -35.9851 -63.3897 -84.45 
     11 262.63 583 4 0 -35.9755 -63.4358 -85.85 
     11 103.512 721 3 1 -35.6995 -64.2297 -114.45 
     11 156.348 578 3 0 -35.7084 -64.2669 -115.85 
     11 120.363 720 2 1 -35.9797 -64.9522 -144.45 
     11 115.206 575 2 0 -35.9964 -64.9698 -145.85 
     11 105.286 718 1 1 -36.3236 -65.3237 -174.45 
     11 104.761 717 0 1 -36.6368 -65.4768 -204.45 
     11 176.023 719 4 1 -36.136 -62.7738 -84.45 
     11 112.872 723 3 1 -35.4094 -63.04 -114.45 
     11 116.466 726 2 1 -34.6931 -63.3173 -144.45 
     11 109.244 729 1 1 -34.058 -63.7305 -174.45 
     11 141.49 730 1 1 -34.05 -63.7354 -174.822 
     11 129.12 581 1 0 -34.0261 -63.7492 -175.85 
     11 153.932 733 0 1 -33.352 -64.1057 -204.45 
     11 18.7103 388 9 0 60.4954 -102.35 63.8059 
     11 166.916 721 8 1 -35.8473 -63.9467 35.55 
     11 128.049 579 8 0 -35.7816 -64.1053 34.1497 
     11 115.745 728 7 1 -34.3964 -66.9579 5.55 
     11 113.983 565 7 0 -34.2647 -67.0081 4.15 
     11 133.935 742 6 1 -31.5041 -68.0459 -24.45 
     11 116.79 559 6 0 -31.5369 -68.086 -25.85 
     11 136.841 741 5 1 -31.8237 -69.4106 -54.45 
     11 95.5826 552 5 0 -31.7668 -69.5635 -55.85 
     11 230.307 744 4 1 -31.1056 -72.8242 -84.45 
     11 111.459 536 4 0 -31.1954 -72.8228 -85.85 
     11 282.177 731 3 1 -33.7076 -72.0011 -114.45 
     11 112.87 538 3 0 -33.7783 -72.3582 -115.85 
     11 6.05117 537 3 0 -33.7979 -72.4502 -116.22 
     11 118.256 723 2 1 -35.4077 -79.3357 -144.45 
     11 3.24207 722 2 1 -35.45 -79.3865 -144.832 
     11 273.259 502 2 0 -35.5612 -79.5118 -145.85 
     11 252.804 708 1 1 -38.3238 -83.1358 -174.45 
     11 121.469 484 1 0 -38.291 -83.1648 -175.85 
     11 239.478 705 0 1 -38.9462 -84.2332 -204.45 
     11 3.67169 706 0 1 -38.8499 -84.1235 -204.839 
     11 133.321 481 0 0 -38.5905 -83.8422 -205.85 
     11 28.2322 501 2 0 -42.5268 -79.65 -146.178 
     11 67.1255 586 9 0 -36.4215 -62.65 63.9696 
     11 97.8128 726 8 1 -34.7405 -65.6707 35.5496 
     11 166.015 570 8 0 -34.7001 -65.9269 34.15 
     11 153.72 729 7 1 -34.1714 -70.5934 5.55 
     11 154.847 545 7 0 -33.9329 -70.8684 4.15 
     11 128.855 748 6 1 -30.3643 -76.7768 -24.4502 
     11 245.689 516 6 0 -30.0843 -76.7184 -25.8505 
     11 30.0205 779 5 1 -24.0637 -74.5808 -54.45 
     11 74.5989 780 5 1 -24.05 -74.5539 -54.5395 
     11 114.801 529 5 0 -23.8367 -74.1833 -55.85 
     11 118.705 804 4 1 -19.0504 -66.2221 -84.4502 
     11 153.759 571 4 0 -19.145 -65.7676 -85.85 
     11 13.7958 572 4 0 -19.1745 -65.6499 -86.1924 
     11 43.1934 791 3 1 -21.8021 -56.8202 -114.45 
     11 82.9565 790 3 1 -21.85 -56.7585 -114.6 
     11 22.5059 618 3 0 -22.2071 -56.2808 -115.85 
     11 146.294 619 3 0 -22.229 -56.25 -115.933 
     11 108.902 749 2 1 -30.1917 -44.8566 -144.45 
     11 13.0654 748 2 1 -30.25 -44.7136 -144.807 
     11 51.0209 678 2 0 -30.4409 -44.3124 -145.85 
     11 84.1103 679 2 0 -30.4732 -44.25 -146.02 
     11 131.319 719 1 1 -36.1552 -35.7409 -174.45 
     11 71.8519 724 1 0 -36.2331 -35.1104 -175.85 
     11 84.4937 725 1 0 -36.2417 -35.05 -175.978 
     11 231.362 716 0 1 -36.8305 -21.1538 -204.45 
     11 91.9954 794 0 0 -36.7611 -21.1335 -205.85 
     11 201.138 717 9 1 -36.4812 -62.5288 65.55 
     11 214.504 717 8 1 -36.4671 -62.5617 35.55 
     11 119.892 717 7 1 -36.4928 -62.4309 5.55 
     11 129.715 588 7 0 -36.4884 -62.4493 4.15 
     11 110.757 587 7 0 -36.4882 -62.45 4.10101 
     11 144.163 718 4 1 -36.3668 -63.2962 -84.45 
     11 212.387 710 2 1 -37.854 -63.0418 -144.45 
     11 214.532 585 2 0 -37.9009 -63.0301 -145.85 
     11 156.433 706 1 1 -38.7701 -62.7644 -174.45 
     11 120.978 586 1 0 -38.7787 -62.8049 -175.85 
     11 110.893 582 0 0 -38.5451 -63.5104 -205.85 
     11 30.9789 497 0 1 -80.45 -97.2133 -204.605 
     11 96.2394 707 1 1 -38.45 -62.9352 -174.514 
     11 275.437 585 1 0 -38.4836 -62.9378 -175.85 
     11 178.744 585 0 0 -39.0035 -62.9392 -205.85 
     11 119.651 719 7 1 -36.2217 -62.4435 5.55 
     11 137.547 721 6 1 -35.7467 -62.4009 -24.45 
     11 110.775 588 6 0 -35.7301 -62.4121 -25.85 
     11 553.358 723 5 1 -35.4059 -62.6307 -54.45 
     11 137.648 576 3 0 -34.3734 -64.7494 -115.85 
     11 19.3578 571 2 0 -34.117 -65.8469 -145.85 
     11 110.146 570 2 0 -34.1164 -65.85 -145.936 
     11 174.299 565 1 0 -33.8982 -66.9505 -175.85 
     11 94.9933 732 0 1 -33.4821 -68.1489 -204.45 
     11 238.929 559 0 0 -33.4647 -68.2225 -205.85 
     11 152.756 724 5 1 -35.2499 -62.8782 -54.8218 
Number of digits in this event: 100
Using G4ParticleGun... 
Particle energy: 9.66398 LIN
Particle: e-
Event: 12
Number of tracker hits in this event: 23
     12 228.95 774 8 1 -25.0682 -135.207 35.55 
     12 217.887 224 8 0 -25.0678 -135.207 34.15 
     12 164.202 774 7 1 -25.0606 -135.208 5.55 
     12 123.973 224 7 0 -25.0602 -135.209 4.15 
     12 121.934 775 6 1 -25.0498 -135.209 -24.45 
     12 209.331 224 6 0 -25.0488 -135.209 -25.85 
     12 97.2967 775 5 1 -25.0284 -135.205 -54.45 
     12 129.255 224 5 0 -25.0283 -135.205 -55.85 
     12 118.713 775 4 1 -25.0263 -135.207 -84.45 
     12 171.945 224 4 0 -25.0258 -135.206 -85.85 
     12 118.909 775 3 1 -25.0161 -135.199 -114.45 
     12 155.202 224 3 0 -25.0161 -135.199 -115.85 
     12 123.171 775 2 1 -25.0148 -135.196 -144.45 
     12 106.623 224 2 0 -25.015 -135.196 -145.85 
     12 144.908 775 1 1 -25.0191 -135.197 -174.45 
     12 205.201 224 1 0 -25.0193 -135.197 -175.85 
     12 119.929 775 0 1 -25.0203 -135.19 -204.45 
     12 124.401 224 0 0 -25.0201 -135.19 -205.85 
     12 8.45127 216 4 0 -139.338 -136.766 -86.25 
     12 210.901 217 4 0 -139.502 -136.75 -85.9995 
     12 105.717 841 0 1 -11.8442 -158.768 -204.45 
     12 215.328 840 0 1 -11.85 -158.806 -204.6 
     12 9.6919 205 9 0 -12.42 -139.071 63.75 
Number of digits in this event: 17
Using G4ParticleGun... 
Particle energy: 9.10726 LIN
Particle: e-
Event: 13
Number of tracker hits in this event: 130
     13 374.497 327 9 1 -114.664 -50.5366 65.55 
     13 273.161 647 9 0 -114.663 -50.5344 64.15 
     13 107.648 327 8 1 -114.647 -50.4865 35.55 
     13 109.169 647 8 0 -114.647 -50.4837 34.15 
     13 135.997 327 7 1 -114.644 -50.4247 5.55 
     13 157.944 648 7 0 -114.644 -50.4216 4.15 
     13 391.605 327 6 1 -114.643 -50.356 -24.45 
     13 297.295 648 6 0 -114.643 -50.3525 -25.85 
     13 271.154 327 5 1 -114.632 -50.279 -54.45 
     13 219.761 648 5 0 -114.63 -50.276 -55.85 
     13 134.962 327 4 1 -114.582 -50.2164 -84.45 
     13 168.671 649 4 0 -114.581 -50.2143 -85.85 
     13 118.731 327 3 1 -114.554 -50.1705 -114.45 
     13 130.511 649 3 0 -114.552 -50.1688 -115.85 
     13 343.499 328 2 1 -114.528 -50.132 -144.45 
     13 315.614 649 2 0 -114.528 -50.1306 -145.85 
     13 155.72 328 1 1 -114.511 -50.1025 -174.45 
     13 148.264 649 1 0 -114.51 -50.1003 -175.85 
     13 120.161 328 0 1 -114.498 -50.0548 -204.45 
     13 108.94 649 0 0 -114.498 -50.0525 -205.85 
     13 90.052 324 1 1 -115.298 -49.1393 -174.45 
     13 153.393 653 1 0 -115.347 -49.3171 -175.85 
     13 129.624 317 0 1 -116.733 -53.4386 -204.45 
     13 118.712 634 0 0 -116.774 -53.1933 -205.85 
     13 97.2656 327 2 1 -114.55 -50.1038 -144.546 
     13 29.7289 651 2 0 -114.681 -49.6865 -145.85 
     13 87.4518 652 2 0 -114.691 -49.65 -145.957 
     13 137.145 308 1 1 -118.422 -39.0321 -174.451 
     13 35.2233 708 1 0 -119.02 -38.3068 -175.85 
     13 119.91 709 1 0 -119.078 -38.25 -175.957 
     13 118.491 326 6 1 -114.792 -50.5311 -24.45 
     13 272.907 1459 7 1 111.95 -179.526 5.3382 
     13 299.789 647 6 0 -114.629 -50.45 -26.1225 
     13 150.611 324 5 1 -115.21 -50.9572 -54.45 
     13 106.597 649 5 0 -115.131 -50.1411 -55.85 
     13 91.7043 650 5 0 -115.124 -50.05 -56.0035 
     13 104.683 329 4 1 -114.19 -32.8141 -84.45 
     13 22.7433 330 4 1 -114.15 -32.6963 -84.7738 
     13 89.4111 738 4 0 -114.028 -32.3491 -85.85 
     13 36.2756 739 4 0 -113.997 -32.25 -86.1412 
     13 38.2962 344 3 1 -111.187 -23.5204 -114.45 
     13 109.432 345 3 1 -111.15 -23.4706 -114.56 
     13 151.525 785 3 0 -110.647 -22.9432 -115.85 
     13 48.2115 786 3 0 -110.555 -22.85 -116.073 
     13 52.1386 405 2 1 -99.008 -11.3693 -144.45 
     13 131.798 406 2 1 -98.95 -11.256 -144.571 
     13 42.872 849 2 0 -98.2833 -10.1424 -145.85 
     13 96.2378 850 2 0 -98.2275 -10.05 -145.961 
     13 7.94363 851 2 0 -98.0966 -9.85 -146.223 
     13 35.2471 481 1 1 -83.7447 12.7983 -174.45 
     13 83.7637 482 1 1 -83.6499 12.8166 -174.526 
     13 69.9823 483 1 1 -83.45 12.8537 -174.684 
     13 0.963897 484 1 1 -83.25 12.8907 -174.847 
     13 184.985 965 1 0 -81.9658 13.0566 -175.85 
     13 21.1967 630 0 1 -53.9036 17.7053 -204.45 
     13 67.5338 631 0 1 -53.85 17.7003 -204.497 
     13 114.882 632 0 1 -53.6499 17.6751 -204.674 
     13 57.5826 987 0 0 -52.3059 17.4609 -205.85 
     13 215.202 986 0 0 -52.235 17.45 -205.91 
     13 70.9378 1341 2 1 88.25 169.702 -144.766 
     13 77.4652 328 7 1 -114.513 -50.2745 5.55 
     13 100.464 329 7 1 -114.35 -50.0168 5.43512 
     13 101.937 330 7 1 -114.15 -49.7271 5.33365 
     13 78.6156 331 7 1 -113.95 -49.4555 5.27511 
     13 98.3912 332 7 1 -113.75 -49.226 5.25716 
     13 76.2468 333 7 1 -113.55 -49.0208 5.27557 
     13 83.9973 334 7 1 -113.35 -48.8267 5.32423 
     13 85.5724 335 7 1 -113.15 -48.6372 5.3834 
     13 170.385 336 7 1 -112.95 -48.4686 5.4882 
     13 97.7486 660 7 0 -112.798 -47.9559 4.15 
     13 26.8359 661 7 0 -112.825 -47.85 3.84618 
     13 133.261 317 6 1 -116.609 -37.2394 -24.4502 
     13 2.83583 712 6 0 -116.535 -37.6479 -25.85 
     13 104.514 711 6 0 -116.535 -37.65 -25.8575 
     13 120.548 326 5 1 -114.75 -50.4486 -54.8417 
     13 122.822 647 5 0 -115.153 -50.5819 -55.85 
     13 216.845 340 5 0 -116.404 -112.008 -56.25 
     13 46.9017 339 5 0 -116.356 -112.15 -56.1381 
     13 107.866 647 7 0 -114.621 -50.4789 3.9186 
     13 110.876 646 5 0 -114.78 -50.7899 -55.85 
     13 136.913 332 4 1 -113.637 -52.1842 -84.45 
     13 111.329 638 4 0 -113.598 -52.2597 -85.85 
     13 119.711 336 3 1 -112.894 -53.8321 -114.45 
     13 156.404 630 3 0 -112.867 -53.9272 -115.85 
     13 130.651 339 2 1 -112.257 -55.8505 -144.45 
     13 104.461 620 2 0 -112.235 -55.9588 -145.85 
     13 165.542 342 1 1 -111.648 -58.1234 -174.45 
     13 128.449 608 1 0 -111.634 -58.2578 -175.85 
     13 145.787 343 0 1 -111.366 -61.095 -204.45 
     13 72.2805 594 0 0 -111.342 -61.2258 -205.85 
     13 36.2244 593 0 0 -111.337 -61.25 -206.107 
     13 36.235 322 6 1 -115.588 -50.0316 -24.45 
     13 87.816 323 6 1 -115.55 -50.0289 -24.5687 
     13 160.555 650 6 0 -115.098 -49.9491 -25.8504 
     13 154.885 384 5 1 -103.203 -46.9681 -54.45 
     13 52.5324 383 5 1 -103.35 -46.8613 -54.7459 
     13 103.686 670 5 0 -105.009 -45.9412 -55.85 
     13 256.205 671 5 0 -105.19 -45.85 -56.0045 
     13 37.1385 672 5 0 -105.14 -45.65 -56.0611 
     13 105.958 527 6 0 -173.75 -74.5398 -26.25 
     13 131.423 326 9 1 -114.75 -50.5409 65.4329 
     13 107.296 257 8 1 -128.575 -51.7527 35.55 
     13 133.233 641 8 0 -128.635 -51.7061 34.1492 
     13 197.219 272 7 1 -125.565 -54.0201 5.55 
     13 5.88951 271 7 1 -125.75 -53.605 5.16804 
     13 31.0128 636 7 0 -126.458 -52.7294 4.15 
     13 73.1058 637 7 0 -126.522 -52.6498 4.05569 
     13 37.2823 638 7 0 -126.617 -52.45 3.82322 
     13 275.587 223 6 1 -135.353 -25.2771 -24.45 
     13 7.81396 769 6 0 -135.628 -26.2281 -25.85 
     13 130.491 768 6 0 -135.633 -26.25 -25.8783 
     13 10.1948 767 6 0 -135.698 -26.45 -26.2251 
     13 79.95 747 6 0 -171.559 -30.5955 -26.2499 
     13 144.132 746 6 0 -171.729 -30.65 -26.0353 
     13 0.356264 37 6 1 -172.748 -30.9136 -24.85 
     13 125.378 36 6 1 -172.75 -30.914 -24.8473 
     13 175.191 35 6 1 -172.95 -30.9006 -24.5249 
     13 13.9707 34 6 1 -173.157 -30.8263 -24.45 
     13 144.481 738 6 0 -174.01 -32.3601 -25.85 
     13 195.648 737 6 0 -174.112 -32.45 -25.8995 
     13 104.372 739 6 0 -174.845 -32.25 -26.1299 
     13 3.61239 740 6 0 -174.988 -32.05 -26.2387 
     13 212.773 773 6 0 -135.482 -25.344 -25.8504 
     13 13.0866 729 10 0 -130.913 -34.0788 93.75 
     13 96.691 730 10 0 -130.943 -34.05 93.7976 
     13 143.964 731 10 0 -131.085 -33.85 93.966 
     13 164.238 239 10 1 -132.221 -33.3384 95.1505 
     13 167.969 240 10 1 -132.15 -33.291 95.458 
     13 42.1755 728 10 0 -131.376 -34.3452 94.1499 
     13 344.431 727 10 0 -131.356 -34.4501 94.1226 
Number of digits in this event: 57
Using G4ParticleGun... 
Particle energy: 9.78159 LIN
Particle: e-
Event: 14
Number of tracker hits in this event: 94
     14 108.215 1251 11 1 70.403 -22.7661 125.55 
     14 124.083 786 11 0 70.4034 -22.7672 124.15 
     14 132.091 1251 10 1 70.4128 -22.7875 95.55 
     14 144.935 786 10 0 70.4138 -22.7873 94.15 
     14 371.363 1251 9 1 70.4303 -22.782 65.55 
     14 442.133 786 9 0 70.4337 -22.7823 64.15 
     14 103.456 1252 8 1 70.5042 -22.7849 35.55 
     14 346.167 786 8 0 70.5097 -22.7853 34.15 
     14 126.882 1252 7 1 70.6219 -22.7885 5.55 
     14 164.406 786 7 0 70.6255 -22.7901 4.15 
     14 295.257 1253 6 1 70.7016 -22.813 -24.45 
     14 109.668 786 6 0 70.7052 -22.8146 -25.85 
     14 200.821 1253 5 1 70.771 -22.8492 -54.45 
     14 107.63 786 5 0 70.7746 -22.8494 -55.85 
     14 155.12 1253 4 1 70.8412 -22.8588 -84.45 
     14 122.022 785 4 0 70.8444 -22.8588 -85.85 
     14 391.734 1254 3 1 70.9093 -22.8555 -114.45 
     14 98.9585 785 3 0 70.9123 -22.8549 -115.85 
     14 101.365 1254 2 1 70.9833 -22.8346 -144.45 
     14 103.417 786 2 0 70.988 -22.8326 -145.85 
     14 110.369 1255 1 1 71.0873 -22.7918 -174.45 
     14 146.226 786 1 0 71.0979 -22.7916 -175.85 
     14 305.266 1256 0 1 71.3179 -22.7798 -204.45 
     14 113.165 786 0 0 71.3262 -22.7804 -205.85 
     14 191.126 879 1 1 -4.0696 -70.2762 -174.85 
     14 186.974 1080 13 0 -144.226 36.1571 183.75 
     14 4.20685 1085 13 0 -144.921 37.05 183.963 
     14 259.9 1255 0 1 71.0858 -22.9895 -204.45 
     14 121.348 782 0 0 71.4099 -23.5034 -205.85 
     14 53.0882 781 0 0 71.4984 -23.65 -206.139 
     14 137.974 785 0 0 71.0878 -22.9428 -205.85 
     14 94.7409 1256 8 1 71.2895 -22.9456 35.5499 
     14 17.7086 1255 8 1 71.25 -22.8957 35.2086 
     14 116.913 1233 7 1 66.7781 -19.0328 5.54973 
     14 100.14 805 7 0 66.5749 -18.9918 4.14954 
     14 141.349 1199 6 1 59.9182 -17.2277 -24.45 
     14 104.867 815 6 0 59.7946 -16.9955 -25.85 
     14 345.669 1191 5 1 58.2979 -11.6805 -54.45 
     14 95.4615 844 5 0 58.2254 -11.0831 -55.85 
     14 121.65 845 5 0 58.2214 -11.0498 -55.9244 
     14 136.504 1187 4 1 57.5104 2.12778 -84.45 
     14 7.92452 911 4 0 57.5195 2.44223 -85.85 
     14 87.0226 912 4 0 57.5199 2.45 -85.8836 
     14 109.892 1185 3 1 57.1803 9.80006 -114.45 
     14 60.3175 952 3 0 57.0303 10.5482 -115.85 
     14 70.8718 953 3 0 57.0099 10.65 -116.035 
     14 67.6068 1162 2 1 52.4708 25.331 -144.45 
     14 46.3331 1161 2 1 52.45 25.3544 -144.697 
     14 116.664 1027 2 0 52.3817 25.4688 -145.85 
     14 106.971 1139 1 1 47.9014 28.382 -174.45 
     14 97.5488 1043 1 0 47.8412 28.6519 -175.85 
     14 17.3068 1116 0 1 43.2821 30.3078 -204.45 
     14 106.876 1115 0 1 43.25 30.3022 -204.509 
     14 81.6519 1051 0 0 42.4715 30.2541 -205.85 
     14 46.4633 1050 0 0 42.3693 30.25 -206.018 
     14 248.623 842 5 0 57.8446 -11.5695 -55.85 
     14 84.7915 841 5 0 57.3023 -11.6502 -56.0889 
     14 26.4751 840 5 0 57.2871 -11.8501 -56.2184 
     14 144.028 1251 8 1 70.3422 -22.7895 35.55 
     14 131.181 1250 7 1 70.0544 -22.5373 5.55 
     14 155.25 787 7 0 70.0564 -22.5263 4.15 
     14 172.464 1250 6 1 70.1254 -22.288 -24.45 
     14 116.693 788 6 0 70.1284 -22.2866 -25.85 
     14 102.911 1250 5 1 70.2063 -22.2188 -54.45 
     14 125.364 789 5 0 70.2148 -22.2176 -55.85 
     14 161.357 1251 4 1 70.4113 -22.2794 -84.45 
     14 106.95 788 4 0 70.4337 -22.2818 -85.85 
     14 224.906 788 3 0 70.968 -22.3617 -115.85 
     14 107.437 1256 2 1 71.332 -22.279 -144.45 
     14 113.663 788 2 0 71.3486 -22.2683 -145.85 
     14 107.071 1258 1 1 71.7112 -22.114 -174.45 
     14 118.579 789 1 0 71.7197 -22.1035 -175.85 
     14 118.433 1259 0 1 71.8602 -21.871 -204.45 
     14 111.546 790 0 0 71.8486 -21.859 -205.85 
     14 125.78 1254 1 1 70.8761 -22.0455 -174.45 
     14 41.6834 794 1 0 71.1418 -21.1171 -175.85 
     14 112.775 795 1 0 71.1525 -21.0499 -175.942 
     14 8.8424 1265 3 0 -38.6322 73.05 -115.903 
     14 7.48096 699 3 1 -40.2228 74.1377 -114.85 
     14 181.381 698 3 1 -40.2505 74.156 -114.833 
     14 70.2099 697 3 1 -40.45 74.3487 -114.632 
     14 74.1774 696 3 1 -40.6508 74.5726 -114.625 
     14 89.5839 695 3 1 -40.85 74.6369 -114.71 
     14 2.43773 694 3 1 -41.05 74.7421 -114.846 
     14 42.1751 1282 3 0 -42.1799 76.5408 -115.85 
     14 229.387 1283 3 0 -42.2497 76.6501 -115.872 
     14 76.716 1284 3 0 -42.3755 76.8501 -115.95 
     14 35.5735 1285 3 0 -42.4159 77.051 -115.9 
     14 79.0902 686 3 1 -42.8388 77.9163 -114.85 
     14 168.476 685 3 1 -42.85 77.9242 -114.83 
     14 361.849 687 3 1 -42.6499 78.0645 -114.485 
     14 82.1863 1251 7 1 70.45 -22.6744 5.53422 
     14 36.0151 785 7 0 69.4078 -23.0274 4.1495 
     14 119.211 784 7 0 69.351 -23.05 4.06786 
Number of digits in this event: 40
Using G4ParticleGun... 
Particle energy: 3.19484 LIN
Particle: e-
Event: 15
Number of tracker hits in this event: 54
     15 123.224 259 9 1 -128.186 2.1001 65.55 
     15 151.532 910 9 0 -128.184 2.099 64.15 
     15 135.659 259 8 1 -128.156 2.07118 35.55 
     15 147.349 910 8 0 -128.154 2.06757 34.15 
     15 117.717 260 7 1 -128.117 1.99391 5.55 
     15 164.794 909 7 0 -128.113 1.9921 4.15 
     15 167.533 260 6 1 -128.065 1.97677 -24.45 
     15 118.984 909 6 0 -128.062 1.97569 -25.85 
     15 122.207 260 5 1 -127.987 1.9546 -54.45 
     15 112.381 909 5 0 -127.986 1.95016 -55.85 
     15 105.08 260 4 1 -127.973 1.85961 -84.45 
     15 120.625 909 4 0 -127.971 1.8546 -85.85 
     15 157.724 261 3 1 -127.92 1.73502 -114.45 
     15 235.981 908 3 0 -127.92 1.72819 -115.85 
     15 263.883 261 2 1 -127.927 1.59097 -144.45 
     15 283.22 907 2 0 -127.922 1.58541 -145.85 
     15 438.246 261 1 1 -127.799 1.48291 -174.45 
     15 137.898 907 1 0 -127.795 1.47668 -175.85 
     15 123.358 262 0 1 -127.736 1.36954 -204.45 
     15 205.332 906 0 0 -127.736 1.36453 -205.85 
     15 65.0203 1025 1 0 -83.9956 25.1447 -176.25 
     15 135.642 1234 1 0 -46.7367 66.9876 -176.25 
     15 17.68 66 3 1 -166.95 52.9205 -114.705 
     15 12.7246 260 1 1 -127.95 1.44246 -174.84 
     15 268.502 906 1 0 -128.376 1.43174 -175.85 
     15 39.3314 201 0 1 -139.899 1.34155 -204.45 
     15 115.663 200 0 1 -139.95 1.32881 -204.563 
     15 129.035 905 0 0 -140.528 1.15522 -205.85 
     15 7.28723 904 0 0 -140.682 1.05 -206.215 
     15 57.0912 621 7 1 -55.85 -13.2672 5.47574 
     15 39.9019 262 1 1 -127.75 1.51673 -174.828 
     15 219.092 904 1 0 -126.268 0.873508 -175.85 
     15 164.867 903 1 0 -126.197 0.849979 -175.923 
     15 151.1 261 0 1 -127.891 1.30762 -204.45 
     15 59.483 870 2 0 -139.476 -6.05 -145.923 
     15 4.26299 1378 0 0 -131.428 95.9422 -206.25 
     15 142.128 1379 0 0 -131.426 95.95 -206.242 
     15 217.066 1380 0 0 -131.365 96.1503 -206.022 
     15 44.3167 906 2 0 -127.883 1.45 -146.084 
     15 83.0179 245 1 1 -131.105 -5.22128 -174.45 
     15 162.493 246 1 1 -130.95 -5.35303 -174.509 
     15 162.938 247 1 1 -130.75 -5.69888 -174.556 
     15 66.2081 248 1 1 -130.55 -6.00736 -174.613 
     15 58.8363 249 1 1 -130.35 -6.07569 -174.579 
     15 68.3921 197 0 1 -140.55 35.7026 -204.743 
     15 142.234 260 2 1 -127.982 1.67722 -144.45 
     15 155.599 250 1 1 -130.092 0.471329 -174.45 
     15 127.083 901 1 0 -130.218 0.445038 -175.85 
     15 104.949 237 0 1 -132.646 -0.190393 -204.45 
     15 27.36 329 0 1 -114.178 17.9683 -204.85 
     15 93.0554 330 0 1 -114.15 18.0082 -204.758 
     15 251.839 1287 1 0 -26.6004 77.4717 -176.25 
     15 445.32 766 1 1 -26.7658 77.393 -174.85 
     15 126.234 765 1 1 -26.85 77.0845 -174.713 
Number of digits in this event: 34
Using G4ParticleGun... 
Particle energy: 2.8174 LIN
Particle: e-
Event: 16
Number of tracker hits in this event: 35
     16 138.83 1359 8 1 92.0225 -101.798 35.55 
     16 137.644 391 8 0 92.0238 -101.798 34.15 
     16 179.212 1359 7 1 92.0609 -101.793 5.55 
     16 113.298 391 7 0 92.0661 -101.787 4.15 
     16 131.478 1360 6 1 92.1596 -101.669 -24.45 
     16 122.185 392 6 0 92.1704 -101.662 -25.85 
     16 215.495 1361 5 1 92.3826 -101.53 -54.45 
     16 274.086 393 5 0 92.3903 -101.523 -55.85 
     16 98.5554 1362 4 1 92.5609 -101.396 -84.45 
     16 165.143 393 4 0 92.5684 -101.394 -85.85 
     16 121.461 1362 3 1 92.7335 -101.363 -114.45 
     16 117.387 393 3 0 92.7382 -101.355 -115.85 
     16 211.83 1363 2 1 92.8175 -101.189 -144.45 
     16 116.421 394 2 0 92.8259 -101.177 -145.85 
     16 175.717 1364 1 1 92.997 -100.942 -174.45 
     16 103.244 396 1 0 93.005 -100.93 -175.85 
     16 104.523 1365 0 1 93.1799 -100.67 -204.45 
     16 275.81 397 0 0 93.1869 -100.649 -205.85 
     16 37.689 1363 1 1 92.9499 -100.755 -174.735 
     16 41.5667 403 1 0 92.601 -99.4383 -175.85 
     16 123.966 404 1 0 92.5677 -99.35 -175.916 
     16 108.236 405 1 0 92.4312 -99.15 -176.147 
     16 238.477 1360 2 1 92.1655 -101.978 -144.45 
     16 124.369 390 2 0 92.1605 -101.98 -145.85 
     16 283.258 1359 1 1 92.0148 -101.978 -174.45 
     16 109.318 391 1 0 92.0475 -101.921 -175.85 
     16 136.07 1362 0 1 92.585 -100.769 -204.45 
     16 35.9135 52 1 0 41.4341 -169.55 -175.899 
     16 22.6862 1359 2 1 92.15 -101.941 -144.754 
     16 106.221 391 2 0 92.0868 -101.813 -145.85 
     16 110.875 1349 1 1 89.9796 -98.6423 -174.45 
     16 42.5833 412 1 0 90.15 -97.6103 -176.154 
     16 117.716 1363 0 1 92.7692 -80.8951 -204.45 
     16 1.86558 1364 0 1 92.95 -80.7153 -204.839 
     16 149.948 499 0 0 93.3858 -80.2454 -205.85 
Number of digits in this event: 21
Using G4ParticleGun... 
Particle energy: 8.8688 LIN
Particle: e-
Event: 17
Number of tracker hits in this event: 84
     17 101.414 649 11 1 -50.0888 40.759 125.55 
     17 131.769 1103 11 0 -50.0874 40.7586 124.15 
     17 125.102 649 10 1 -50.0611 40.756 95.55 
     17 203.438 1103 10 0 -50.0603 40.7554 94.15 
     17 108.232 650 9 1 -50.0432 40.7415 65.55 
     17 121.244 1103 9 0 -50.0415 40.7406 64.15 
     17 141.442 650 8 1 -50.0066 40.719 35.55 
     17 142.918 1103 8 0 -50.0043 40.7193 34.15 
     17 123.861 650 7 1 -49.9519 40.728 5.55 
     17 123.824 1103 7 0 -49.9488 40.7281 4.15 
     17 111.112 650 6 1 -49.886 40.7257 -24.45 
     17 123.798 1103 6 0 -49.8837 40.7253 -25.85 
     17 119.422 651 5 1 -49.8335 40.7178 -54.45 
     17 123.106 1103 5 0 -49.8304 40.7175 -55.85 
     17 111.358 651 4 1 -49.768 40.7155 -84.45 
     17 125.738 1103 4 0 -49.7661 40.7152 -85.85 
     17 105.825 651 3 1 -49.725 40.7042 -114.45 
     17 155.014 1103 3 0 -49.7218 40.7018 -115.85 
     17 413.239 651 2 1 -49.6537 40.6525 -144.45 
     17 107.299 1103 2 0 -49.6492 40.6511 -145.85 
     17 504.67 652 1 1 -49.5549 40.6327 -174.45 
     17 113.057 1102 1 0 -49.551 40.6312 -175.85 
     17 455.868 652 0 1 -49.4736 40.5924 -204.45 
     17 132.139 1102 0 0 -49.4698 40.5927 -205.85 
     17 32.978 1147 0 0 -49.1345 49.5369 -206.25 
     17 99.2865 650 2 1 -49.85 40.2161 -144.655 
     17 36.1277 649 2 1 -50.05 40.1264 -144.746 
     17 225.89 1099 2 0 -50.7865 40.022 -145.85 
     17 171.429 1111 2 0 -87.3873 42.3708 -146.25 
     17 90.4529 1110 2 0 -87.378 42.2499 -146.097 
     17 124.746 1109 2 0 -87.4125 42.0499 -145.967 
     17 106.424 460 2 1 -87.949 41.3692 -144.85 
     17 68.3819 459 2 1 -88.05 41.3361 -144.596 
     17 47.4796 652 2 1 -49.65 40.5449 -144.509 
     17 263.126 1103 0 0 -49.6388 40.7567 -205.85 
     17 186.035 653 1 1 -49.45 40.1986 -174.809 
     17 232.028 654 1 1 -49.25 39.6096 -174.806 
     17 196.254 655 1 1 -49.05 38.868 -174.8 
     17 35.8101 656 1 1 -48.85 38.2738 -174.834 
     17 43.0083 1071 1 0 -48.2282 34.4298 -175.85 
     17 56.712 1070 1 0 -48.1942 34.2497 -175.931 
     17 59.9984 1069 1 0 -48.1762 34.05 -176.016 
     17 63.5395 1068 1 0 -48.1785 33.8499 -176.114 
     17 6.83126 1067 1 0 -48.1901 33.65 -176.24 
     17 9.82447 660 1 0 -38.6872 -48.0209 -176.25 
     17 66.5869 659 1 0 -38.6789 -48.0503 -176.231 
     17 105.632 658 1 0 -38.6282 -48.25 -176.093 
     17 15.1772 657 1 0 -38.4961 -48.45 -175.887 
     17 344.173 710 1 1 -37.985 -49.2788 -174.85 
     17 189.65 711 1 1 -37.85 -49.4499 -174.657 
     17 50.4536 641 1 0 -38.0343 -51.6873 -175.85 
     17 91.3834 640 1 0 -38.0611 -51.85 -175.999 
     17 20.6384 639 1 0 -38.1269 -52.05 -176.191 
     17 9.58407 395 1 0 -32.874 -101.123 -176.25 
     17 52.9216 394 1 0 -32.8556 -101.15 -176.225 
     17 74.6752 393 1 0 -32.7838 -101.35 -176.17 
     17 65.5674 392 1 0 -32.6563 -101.55 -176.181 
     17 30.7553 154 1 0 -5.58925 -149.308 -176.25 
     17 154.142 153 1 0 -5.60108 -149.35 -176.181 
     17 325.813 872 1 1 -5.52583 -150.416 -174.85 
     17 279.602 146 1 0 -5.59085 -150.854 -175.85 
     17 196.842 147 1 0 -5.76721 -150.75 -176.062 
     17 119.929 309 2 1 -118.29 114.221 -144.45 
     17 475.799 1164 4 0 105.076 52.8861 -86.2498 
     17 195.409 649 7 1 -50.0835 40.7483 5.55 
     17 108.159 1104 7 0 -50.0494 40.9616 4.15 
     17 116.469 617 6 1 -56.4535 45.6654 -24.45 
     17 183.86 1130 6 0 -56.6617 46.0917 -25.85 
     17 92.1156 612 5 1 -57.5193 54.1634 -54.45 
     17 21.4837 613 5 1 -57.45 54.1318 -54.7965 
     17 82.3864 1170 5 0 -57.1192 54.0629 -55.8501 
     17 46.4277 1169 5 0 -57.0381 54.05 -56.0647 
     17 20.656 663 4 1 -47.3049 50.9714 -84.45 
     17 58.2495 664 4 1 -47.2497 50.9693 -84.4982 
     17 70.8221 665 4 1 -47.05 50.9765 -84.6717 
     17 104.83 1155 4 0 -45.9152 51.1547 -85.85 
     17 57.569 1156 4 0 -45.6381 51.25 -86.1117 
     17 89.5544 834 3 1 -13.1333 56.7827 -114.45 
     17 38.9845 835 3 1 -13.05 56.8884 -114.706 
     17 7.30792 1185 3 0 -12.8753 57.241 -115.85 
     17 146.918 1186 3 0 -12.8696 57.25 -115.875 
     17 45.7121 1081 3 0 13.1955 36.3971 -116.25 
     17 325.548 1080 3 0 13.2451 36.25 -116.224 
     17 84.5742 1079 3 0 13.322 36.0499 -116.177 
Number of digits in this event: 35
Using G4ParticleGun... 
Particle energy: 9.94558 LIN
Particle: e-
Event: 18
Number of tracker hits in this event: 68
     18 239.635 1056 10 1 31.3361 -99.0028 95.55 
     18 133.663 405 10 0 31.3363 -99.0027 94.15 
     18 175.08 1056 9 1 31.3383 -99.0011 65.55 
     18 133.415 405 9 0 31.3381 -99.0013 64.15 
     18 136.64 1056 8 1 31.3372 -99.0059 35.55 
     18 113.416 405 8 0 31.3379 -99.0065 34.15 
     18 100.678 1056 7 1 31.3475 -99.0141 5.55 
     18 155.723 405 7 0 31.3478 -99.0146 4.15 
     18 466.672 1056 6 1 31.3448 -99.0251 -24.45 
     18 117.417 405 6 0 31.3444 -99.0246 -25.85 
     18 121.009 1056 5 1 31.3356 -99.0117 -54.45 
     18 117.574 405 5 0 31.3364 -99.011 -55.85 
     18 93.5387 1056 4 1 31.341 -98.9936 -84.45 
     18 140.445 405 4 0 31.3385 -98.993 -85.85 
     18 209.179 1056 3 1 31.2838 -98.9799 -114.45 
     18 444.408 405 3 0 31.2787 -98.9791 -115.85 
     18 391.122 1055 2 1 31.1746 -98.969 -144.45 
     18 609.55 405 2 0 31.1692 -98.9668 -145.85 
     18 592.82 1055 1 1 31.0583 -98.9302 -174.45 
     18 302.291 406 1 0 31.0541 -98.928 -175.85 
     18 263.244 1054 0 1 30.9626 -98.8821 -204.45 
     18 115.972 406 0 0 30.9596 -98.878 -205.85 
     18 105.841 407 2 0 31.2503 -98.6948 -145.85 
     18 105.885 405 1 0 31.1765 -99.0655 -175.85 
     18 161.803 1056 0 1 31.3044 -99.8609 -204.45 
     18 46.9351 401 0 0 31.352 -99.9413 -205.85 
     18 64.0298 400 0 0 31.3574 -99.95 -206.003 
     18 114.872 1056 2 1 31.3815 -99.0023 -144.45 
     18 149.572 407 0 0 30.9944 -98.6165 -205.85 
     18 179.683 411 1 0 29.7842 -97.9324 -175.85 
     18 79.5459 410 1 0 29.565 -97.95 -176.056 
     18 71.6235 285 1 0 25.8493 -123.058 -176.25 
     18 107.333 284 1 0 25.873 -123.15 -176.126 
     18 20.3418 283 1 0 25.9376 -123.35 -175.898 
     18 383.975 1027 1 1 25.6293 -124.001 -174.85 
     18 196.1 412 1 0 31.7655 -97.7497 -175.923 
     18 196.593 413 1 0 31.8951 -97.55 -175.892 
     18 224.452 1064 1 1 32.9476 -95.2537 -174.85 
     18 134.58 1065 1 1 33.05 -95.0486 -174.647 
     18 105.799 404 2 0 30.7561 -99.15 -145.9 
     18 140.796 865 1 1 -6.93489 -127.51 -174.45 
     18 107.769 404 6 0 31.5287 -99.1719 -25.85 
     18 35.4228 1078 5 1 35.8048 -91.3236 -54.45 
     18 80.1371 1079 5 1 35.8504 -91.346 -54.5722 
     18 13.6688 443 5 0 36.3807 -91.5426 -55.85 
     18 100.115 442 5 0 36.4069 -91.55 -55.9165 
     18 39.3811 1152 4 1 50.5751 -96.8571 -84.45 
     18 115.999 1153 4 1 50.65 -96.9086 -84.5737 
     18 112.24 414 4 0 51.0739 -97.3013 -85.85 
     18 23.1217 394 6 0 31.1779 -101.318 -25.85 
     18 72.0642 393 6 0 31.1754 -101.35 -25.8667 
     18 83.7749 392 6 0 31.1338 -101.55 -26.057 
     18 92.063 1013 5 1 22.6799 -125.269 -54.45 
     18 43.5145 1014 5 1 22.85 -125.184 -54.7508 
     18 85.1653 276 5 0 23.5562 -124.928 -55.85 
     18 97.0984 277 5 0 23.6872 -124.75 -56.0291 
     18 61.7645 278 5 0 23.7658 -124.55 -56.1422 
     18 66.7676 279 5 0 23.9394 -124.35 -56.1578 
     18 47.9513 280 5 0 24.0656 -124.15 -56.1559 
     18 57.191 281 5 0 24.1396 -123.95 -56.0792 
     18 62.8544 282 5 0 24.1873 -123.75 -56.0333 
     18 58.5006 283 5 0 24.238 -123.55 -55.9796 
     18 30.9565 284 5 0 24.3165 -123.35 -55.8799 
     18 15.4661 1024 5 1 25.0323 -121.65 -54.8497 
     18 273.069 1025 5 1 25.0501 -121.603 -54.8223 
     18 77.8714 1055 9 1 31.2494 -99.0956 65.2455 
     18 286.774 407 9 0 29.2737 -98.6743 64.15 
     18 149.064 406 9 0 29.0367 -98.75 63.8813 
Number of digits in this event: 32
Using G4ParticleGun... 
Particle energy: 8.91866 LIN
Particle: e-
Event: 19
Number of tracker hits in this event: 67
     19 96.5243 689 11 1 -42.1908 -40.5511 125.55 
     19 131.266 697 11 0 -42.1904 -40.5517 124.15 
     19 97.7665 689 10 1 -42.1835 -40.5642 95.55 
     19 111.797 697 10 0 -42.1837 -40.5648 94.15 
     19 117.112 689 9 1 -42.1863 -40.5763 65.55 
     19 112.516 697 9 0 -42.1859 -40.5758 64.15 
     19 155.546 689 8 1 -42.1787 -40.5638 35.55 
     19 114.623 697 8 0 -42.177 -40.5623 34.15 
     19 124.222 689 7 1 -42.1441 -40.532 5.55 
     19 111.923 697 7 0 -42.1427 -40.5294 4.15 
     19 130.151 689 6 1 -42.1108 -40.4729 -24.45 
     19 169.623 697 6 0 -42.1071 -40.4703 -25.85 
     19 152.097 690 5 1 -42.0326 -40.4165 -54.45 
     19 118.367 698 5 0 -42.029 -40.4138 -55.85 
     19 417.362 690 4 1 -41.9559 -40.3671 -84.45 
     19 133.098 698 4 0 -41.9515 -40.3652 -85.85 
     19 121.95 690 3 1 -41.8612 -40.3276 -114.45 
     19 242.82 698 3 0 -41.8573 -40.3277 -115.85 
     19 534.682 691 2 1 -41.777 -40.3245 -144.45 
     19 385.445 698 2 0 -41.775 -40.3241 -145.85 
     19 233.731 691 1 1 -41.736 -40.3022 -174.45 
     19 206.735 698 1 0 -41.7358 -40.2995 -175.85 
     19 132.457 691 0 1 -41.7424 -40.2358 -204.45 
     19 235.468 699 0 0 -41.7428 -40.2351 -205.85 
     19 65.3121 667 1 0 -19.5089 -46.5154 -176.25 
     19 151.356 694 1 1 -41.2053 -40.6586 -174.45 
     19 99.5054 696 1 0 -41.1606 -40.7256 -175.85 
     19 159.182 700 0 1 -39.9983 -42.0061 -204.45 
     19 108.88 689 0 0 -39.9772 -42.0826 -205.85 
     19 201.282 690 0 1 -41.8999 -40.1908 -204.45 
     19 89.2559 530 3 1 -74.05 -130.07 -114.781 
     19 450.628 700 4 0 -42.1149 -39.9515 -85.85 
     19 10.3246 701 4 0 -42.1841 -39.85 -86.2085 
     19 16.5556 652 3 1 -49.4724 -29.6568 -114.45 
     19 89.4814 653 3 1 -49.4498 -29.6389 -114.484 
     19 147.762 654 3 1 -49.25 -29.4817 -114.666 
     19 18.7498 655 3 1 -49.05 -29.3383 -114.803 
     19 147.083 754 3 0 -47.869 -29.1397 -115.85 
     19 21.009 614 2 1 -57.0662 -21.558 -144.45 
     19 14.4406 793 2 0 -57.2209 -21.2645 -145.85 
     19 80.3372 794 2 0 -57.2264 -21.25 -145.922 
     19 107.329 697 4 0 -41.8186 -40.4767 -85.85 
     19 146.504 707 3 1 -38.5278 -42.9109 -114.45 
     19 185.368 686 3 0 -38.3823 -42.6956 -115.85 
     19 28.3722 687 3 0 -38.3478 -42.65 -116.151 
     19 99.7401 725 2 1 -34.9399 -38.5906 -144.451 
     19 21.565 726 2 1 -34.85 -38.614 -144.751 
     19 101.96 706 2 0 -34.5356 -38.6968 -145.85 
     19 166.003 760 1 1 -27.964 -40.0959 -174.45 
     19 258.844 699 1 0 -27.9128 -40.2019 -175.85 
     19 108.225 772 0 1 -25.6357 -43.5542 -204.45 
     19 229.197 681 0 0 -25.5843 -43.7701 -205.85 
     19 114.255 680 0 0 -25.6912 -43.85 -206.246 
     19 86.7651 708 3 1 -38.45 -42.9891 -114.568 
     19 13.2765 709 3 1 -38.25 -42.9961 -114.8 
     19 272.768 726 3 0 -20.1095 -34.7493 -116.25 
     19 6.18279 727 3 0 -20.0824 -34.6498 -115.864 
     19 86.2336 802 3 1 -19.5758 -34.1016 -114.85 
     19 188.582 803 3 1 -19.45 -33.9555 -114.607 
     19 19.9745 725 3 0 -18.9601 -34.8501 -116.187 
     19 52.0217 689 2 1 -42.1516 -40.51 -144.791 
     19 240.989 697 2 0 -42.1507 -40.5109 -145.85 
     19 264.908 689 1 1 -42.1157 -40.5621 -174.45 
     19 214.307 697 1 0 -42.1205 -40.5666 -175.85 
     19 257.505 689 0 1 -42.236 -40.6121 -204.45 
     19 120.901 697 0 0 -42.2358 -40.6073 -205.85 
     19 163.471 698 0 0 -42.078 -40.3467 -205.85 
Number of digits in this event: 37
Using G4ParticleGun... 
Particle energy: 2.48055 LIN
Particle: e-
Event: 20
Number of tracker hits in this event: 50
     20 146.67 637 8 1 -52.4624 128.466 35.55 
     20 161.177 1541 8 0 -52.461 128.465 34.15 
     20 118.863 638 7 1 -52.44 128.449 5.55 
     20 115.119 1541 7 0 -52.4399 128.447 4.15 
     20 149.708 638 6 1 -52.4446 128.405 -24.45 
     20 119.34 1541 6 0 -52.4474 128.402 -25.85 
     20 153.478 637 5 1 -52.503 128.356 -54.45 
     20 103.885 1541 5 0 -52.5102 128.352 -55.85 
     20 245.139 637 4 1 -52.6438 128.282 -84.45 
     20 113.47 1540 4 0 -52.6532 128.279 -85.85 
     20 125.767 636 3 1 -52.838 128.237 -114.45 
     20 113.585 1540 3 0 -52.8444 128.236 -115.85 
     20 107.828 635 2 1 -52.965 128.211 -144.45 
     20 264.19 1540 2 0 -52.9712 128.206 -145.85 
     20 94.6883 634 1 1 -53.107 128.151 -174.45 
     20 119.898 1539 1 0 -53.1258 128.112 -175.85 
     20 201.515 633 0 1 -53.2501 127.094 -204.45 
     20 111.308 1534 0 0 -53.2775 127.019 -205.85 
     20 184.555 539 12 0 -131.135 -72.1539 153.75 
     20 232.816 538 12 0 -131.184 -72.25 153.87 
     20 54.26 640 1 1 -51.9616 128.784 -174.45 
     20 70.2295 639 1 1 -52.05 128.805 -174.647 
     20 158.999 1544 1 0 -52.5361 129.011 -175.85 
     20 42.1065 563 0 1 -67.2937 132.803 -204.45 
     20 62.5184 562 0 1 -67.4502 132.847 -204.524 
     20 66.9294 561 0 1 -67.65 132.916 -204.635 
     20 48.9446 560 0 1 -67.85 132.993 -204.762 
     20 71.6283 1566 0 0 -69.423 133.497 -205.85 
     20 152.168 1567 0 0 -69.5783 133.55 -205.953 
     20 0.116339 1568 0 0 -69.9878 133.75 -206.249 
     20 2.93697 1589 1 0 -76.8074 138.128 -176.25 
     20 79.8185 145 5 1 -150.952 -78.3492 -54.4505 
     20 176.087 146 5 1 -150.95 -78.3749 -54.6107 
     20 95.6104 521 1 1 -75.8141 138.678 -174.85 
     20 64.815 1594 1 0 -75.9391 139.099 -175.85 
     20 25.1018 617 1 1 -56.4671 129.357 -174.45 
     20 92.6529 618 1 1 -56.4499 129.422 -174.54 
     20 136.751 1550 1 0 -56.0288 130.209 -175.85 
     20 290.637 1551 1 0 -55.9414 130.35 -176.124 
     20 37.8349 1562 1 0 -45.4129 132.595 -176.25 
     20 86.1731 1561 1 0 -45.4012 132.55 -176.091 
     20 112.004 672 1 1 -45.5336 132.452 -174.85 
     20 102.672 1512 2 0 -43.4879 122.611 -146.249 
     20 85.8131 1511 2 0 -43.4832 122.55 -146.105 
     20 148.975 683 2 1 -43.4026 121.777 -144.85 
     20 61.6204 1417 3 0 -38.0888 103.64 -116.25 
     20 78.8624 1416 3 0 -38.0517 103.55 -116.111 
     20 22.7031 712 3 1 -37.4857 103.2 -114.85 
     20 97.3785 713 3 1 -37.4497 103.181 -114.774 
     20 17.4334 714 3 1 -37.25 103.1 -114.488 
Number of digits in this event: 17
Using G4ParticleGun... 
Particle energy: 5.84483 LIN
Particle: e-
Event: 21
Number of tracker hits in this event: 79
     21 99.4121 369 9 1 -106.256 59.9217 65.55 
     21 114.854 1199 9 0 -106.258 59.9213 64.15 
     21 107.623 369 8 1 -106.28 59.9108 35.55 
     21 123.006 1199 8 0 -106.283 59.9129 34.15 
     21 162.15 369 7 1 -106.339 59.9553 5.55 
     21 113.438 1199 7 0 -106.34 59.9576 4.15 
     21 339.208 368 6 1 -106.356 60.0127 -24.45 
     21 543.829 1199 6 0 -106.359 60.0148 -25.85 
     21 110.955 368 5 1 -106.413 60.0633 -54.45 
     21 140.87 1200 5 0 -106.415 60.0651 -55.85 
     21 347.999 368 4 1 -106.463 60.0981 -84.45 
     21 98.4848 1200 4 0 -106.464 60.0981 -85.85 
     21 124.212 368 3 1 -106.501 60.0948 -114.45 
     21 159.782 1200 3 0 -106.504 60.0972 -115.85 
     21 120.276 367 2 1 -106.577 60.14 -144.45 
     21 108.78 1200 2 0 -106.587 60.1394 -145.85 
     21 236.62 366 1 1 -106.793 60.1112 -174.45 
     21 199.368 1200 1 0 -106.806 60.1107 -175.85 
     21 130.983 365 0 1 -107.061 60.0995 -204.45 
     21 120.76 1200 0 0 -107.072 60.0922 -205.85 
     21 27.233 671 6 0 -130.177 -45.6597 -26.25 
     21 36.0574 1262 2 0 -105.309 72.4676 -146.25 
     21 148.913 369 6 1 -106.348 59.9273 -24.45 
     21 112.975 369 5 1 -106.246 59.9848 -54.45 
     21 101.47 1199 5 0 -106.299 59.9996 -55.85 
     21 114.176 363 4 1 -107.361 60.2207 -84.45 
     21 158.442 1201 4 0 -107.395 60.2536 -85.85 
     21 138.748 360 3 1 -107.969 60.9895 -114.45 
     21 278.593 1204 3 0 -107.961 60.9811 -115.85 
     21 94.5479 362 2 1 -107.717 60.7008 -144.45 
     21 261.525 1203 2 0 -107.67 60.689 -145.85 
     21 180.228 1202 1 0 -106.913 60.5156 -175.85 
     21 120.33 366 0 1 -106.815 59.916 -204.45 
     21 107.655 1199 0 0 -106.743 59.9662 -205.85 
     21 45.3106 477 4 0 8.77794 -84.45 -86.1158 
     21 148.561 1211 0 0 -114.146 62.309 -206.249 
     21 224.232 328 0 1 -114.407 62.3314 -204.85 
     21 110.882 367 5 1 -106.585 59.7959 -54.45 
     21 148.556 1198 5 0 -106.593 59.785 -55.85 
     21 102.328 1196 4 0 -106.396 59.4244 -85.85 
     21 174.098 372 3 1 -105.624 59.3906 -114.45 
     21 180.369 1196 3 0 -105.627 59.3863 -115.85 
     21 248.656 371 2 1 -105.821 59.4189 -144.45 
     21 132.787 1196 2 0 -105.792 59.3556 -145.85 
     21 158.025 375 1 1 -105.042 57.719 -174.45 
     21 115.567 1187 1 0 -105.06 57.5992 -175.85 
     21 150.38 374 0 1 -105.22 55.0453 -204.45 
     21 113.038 1174 0 0 -105.213 54.9263 -205.85 
     21 3.91337 370 2 1 -105.95 59.3709 -144.834 
     21 112.569 1195 2 0 -106.222 59.1567 -145.85 
     21 5.32034 344 1 1 -111.339 54.0479 -174.45 
     21 121.756 343 1 1 -111.35 54.0354 -174.465 
     21 46.8822 342 1 1 -111.55 53.7547 -174.756 
     21 74.2612 1160 1 0 -112.557 52.1926 -175.85 
     21 68.2 1159 1 0 -112.661 52.0497 -176.026 
     21 4.86994 297 0 1 -120.745 30.7234 -204.45 
     21 193.218 296 0 1 -120.75 30.7086 -204.464 
     21 16.4686 1045 0 0 -120.96 29.0953 -205.85 
     21 102.713 1044 0 0 -120.966 29.05 -205.891 
     21 152.342 1043 0 0 -121.005 28.85 -206.065 
     21 16.266 1042 0 0 -121.043 28.6496 -206.216 
     21 53.5046 1018 0 0 -134.621 23.763 -206.25 
     21 123.882 1019 0 0 -134.679 23.85 -206.076 
     21 180.457 225 0 1 -135.12 24.5562 -204.85 
     21 480.51 224 0 1 -135.15 24.6085 -204.787 
     21 216.592 223 0 1 -135.35 24.5896 -204.587 
     21 151.313 1020 0 0 -135.338 24.183 -205.85 
     21 210.493 1021 0 0 -135.125 24.2503 -206.067 
     21 67.498 1206 0 0 -147.953 61.363 -206.25 
     21 35.5687 222 0 1 -135.55 24.8928 -204.745 
     21 238.445 1024 0 0 -134.831 24.9412 -205.85 
     21 59.6874 1023 0 0 -134.626 24.85 -205.995 
     21 142.088 1205 1 0 -111.554 61.1796 -176.096 
     21 28.2478 321 0 1 -115.904 65.4672 -204.451 
     21 141.522 320 0 1 -115.95 65.4635 -204.555 
     21 144.683 1226 0 0 -116.567 65.4364 -205.85 
     21 87.2629 349 0 1 -110.217 61.0462 -204.45 
     21 23.4073 350 0 1 -110.15 61.0288 -204.767 
     21 98.4341 1204 0 0 -109.951 60.9722 -205.85 
Number of digits in this event: 45
Using G4ParticleGun... 
Particle energy: 2.67494 LIN
Particle: e-
Event: 22
Number of tracker hits in this event: 145
     22 120.936 630 11 1 -53.9649 -32.2366 125.55 
     22 117.837 739 11 0 -53.9653 -32.2387 124.15 
     22 224.24 630 10 1 -53.9745 -32.268 95.55 
     22 185.25 738 10 0 -53.9717 -32.2704 94.15 
     22 155.395 630 9 1 -53.8961 -32.3136 65.55 
     22 104.235 738 9 0 -53.8955 -32.3146 64.15 
     22 128.724 630 8 1 -53.8878 -32.3271 35.55 
     22 196.837 738 8 0 -53.8812 -32.3247 34.15 
     22 124.053 631 7 1 -53.6834 -32.3069 5.55 
     22 358.874 738 7 0 -53.6804 -32.3014 4.15 
     22 274.091 632 6 1 -53.6187 -32.1845 -24.45 
     22 112.607 739 6 0 -53.6144 -32.1852 -25.85 
     22 124.179 632 5 1 -53.5474 -32.2257 -54.45 
     22 112.321 739 5 0 -53.5455 -32.2373 -55.85 
     22 112.405 632 4 1 -53.5572 -32.4425 -84.45 
     22 115.788 737 4 0 -53.5653 -32.4532 -85.85 
     22 283.053 631 3 1 -53.7835 -32.6812 -114.45 
     22 200.945 736 3 0 -53.7895 -32.6928 -115.85 
     22 175.633 630 2 1 -53.876 -32.9324 -144.45 
     22 123.531 735 2 0 -53.8681 -32.9598 -145.85 
     22 193.536 631 1 1 -53.7368 -33.5297 -174.45 
     22 133.161 732 1 0 -53.7618 -33.5505 -175.85 
     22 122.659 629 0 1 -54.2411 -33.8327 -204.45 
     22 110.949 731 0 0 -54.2594 -33.8259 -205.85 
     22 102.013 630 3 1 -53.85 -32.6899 -114.623 
     22 14.1989 162 6 0 -96.1273 -147.55 -26.0514 
     22 243.065 635 0 1 -52.9921 -31.7319 -204.45 
     22 102.272 742 0 0 -53.02 -31.6269 -205.85 
     22 113.347 741 0 0 -52.9443 -31.7381 -205.85 
     22 231.822 631 4 1 -53.7309 -32.3807 -84.45 
     22 228.47 738 4 0 -53.74 -32.3686 -85.85 
     22 173.448 632 3 1 -53.5244 -32.041 -114.45 
     22 138.994 739 3 0 -53.445 -32.0857 -115.85 
     22 13.5748 640 2 1 -51.8538 -33.0757 -144.45 
     22 149.998 641 2 1 -51.85 -33.0816 -144.517 
     22 116.823 734 2 0 -51.7726 -33.2072 -145.85 
     22 235.521 650 1 1 -49.9282 -35.7509 -174.45 
     22 164.922 720 1 0 -49.8609 -35.8831 -175.85 
     22 157.825 656 0 1 -48.7065 -38.2783 -204.451 
     22 146.387 708 0 0 -48.6849 -38.3565 -205.85 
     22 224.543 738 3 0 -53.7161 -32.392 -115.85 
     22 111.337 631 2 1 -53.7973 -32.4136 -144.45 
     22 194.241 738 2 0 -53.7992 -32.4091 -145.85 
     22 71.1649 630 1 1 -53.85 -32.3246 -174.551 
     22 141.144 738 1 0 -53.8541 -32.3158 -175.85 
     22 223.282 630 0 1 -53.9357 -32.0987 -204.45 
     22 168.778 739 0 0 -53.942 -32.0846 -205.85 
     22 179.378 737 2 0 -53.7917 -32.4502 -145.958 
     22 276.01 737 3 0 -53.7171 -32.4502 -116 
     22 251.745 630 7 1 -54.0361 -32.3647 5.54957 
     22 149.174 738 6 0 -53.2977 -32.3011 -25.85 
     22 145.3 656 5 1 -48.8232 -31.8351 -54.4501 
     22 237.829 742 5 0 -48.6565 -31.6099 -55.8501 
     22 152.226 668 4 1 -46.3226 -27.6437 -84.45 
     22 45.9732 759 4 0 -46.3895 -28.1715 -85.85 
     22 62.3143 758 4 0 -46.3992 -28.2501 -86.0487 
     22 244.401 661 3 1 -47.7423 -38.9293 -114.45 
     22 14.3428 660 3 1 -47.85 -39.1812 -114.811 
     22 108.502 700 3 0 -48.1474 -39.8643 -115.85 
     22 30.3973 699 3 0 -48.2267 -40.05 -116.15 
     22 38.1897 623 2 1 -55.4019 -56.4367 -144.45 
     22 95.8392 622 2 1 -55.45 -56.5032 -144.577 
     22 139.869 614 2 0 -56.0025 -57.0848 -145.851 
     22 9.59651 613 2 0 -56.1558 -57.2502 -146.212 
     22 79.377 561 1 1 -67.693 -70.2793 -174.45 
     22 57.3543 560 1 1 -67.85 -70.3348 -174.766 
     22 236.323 547 1 0 -68.4204 -70.5317 -175.85 
     22 193.002 487 0 1 -82.469 -77.4724 -204.45 
     22 68.36 511 0 0 -82.7856 -77.7994 -205.85 
     22 49.3169 510 0 0 -82.8285 -77.85 -206.063 
     22 48.0336 695 3 0 -47.4832 -40.9171 -115.85 
     22 58.6848 694 3 0 -47.4527 -41.05 -115.941 
     22 50.1541 693 3 0 -47.3939 -41.2501 -116.011 
     22 50.9858 692 3 0 -47.3715 -41.45 -116.005 
     22 85.8973 691 3 0 -47.4058 -41.6501 -116.042 
     22 55.8185 690 3 0 -47.4913 -41.8503 -116.129 
     22 251.724 687 3 0 -145.537 -42.5323 -116.25 
     22 355.01 686 3 0 -146.265 -42.65 -116.064 
     22 21.5605 144 3 1 -151.306 -42.6348 -114.85 
     22 126.156 143 3 1 -151.35 -42.6393 -114.835 
     22 489.668 142 3 1 -151.55 -42.6714 -114.803 
     22 127.097 141 3 1 -151.75 -42.6705 -114.767 
     22 314.233 140 3 1 -151.95 -42.6282 -114.674 
     22 125.667 661 5 1 -47.8368 -31.8063 -54.45 
     22 20.3586 662 5 1 -47.65 -31.6315 -54.7765 
     22 51.3256 744 5 0 -47.2898 -31.1163 -55.85 
     22 107.118 745 5 0 -47.256 -31.0497 -55.9654 
     22 45.3023 1069 5 0 -28.3094 33.9657 -56.25 
     22 120.679 1070 5 0 -28.2723 34.05 -56.1372 
     22 61.808 1071 5 0 -28.0082 34.2501 -55.9701 
     22 24.1705 751 5 1 -29.7987 34.9963 -54.85 
     22 98.4215 750 5 1 -29.85 35.018 -54.8098 
     22 56.017 749 5 1 -30.05 35.1335 -54.7617 
     22 23.7279 1087 5 0 -30.838 37.6163 -55.85 
     22 186.643 1088 5 0 -30.8476 37.65 -55.8578 
     22 79.5135 1089 5 0 -30.8131 37.85 -55.9497 
     22 133.216 673 6 1 -45.3938 -29.1516 -24.45 
     22 15.5399 674 6 1 -45.2496 -29.0898 -24.7938 
     22 142.431 755 6 0 -44.7546 -28.9327 -25.8502 
     22 65.4688 732 5 1 -33.5365 -26.6546 -54.4508 
     22 32.1857 733 5 1 -33.45 -26.6135 -54.6946 
     22 116.808 768 5 0 -33.0853 -26.4304 -55.85 
     22 101.115 768 4 1 -26.3718 -22.8283 -84.4502 
     22 69.6382 769 4 1 -26.2495 -22.6067 -84.6582 
     22 24.431 792 4 0 -25.5027 -21.5212 -85.85 
     22 91.2391 793 4 0 -25.4551 -21.45 -85.926 
     22 46.0637 794 4 0 -25.3229 -21.25 -86.1375 
     22 331.571 873 3 1 -5.39196 6.19027 -114.45 
     22 40.0822 946 3 0 -5.25911 9.38571 -115.85 
     22 64.155 947 3 0 -5.25483 9.45 -115.878 
     22 71.1536 948 3 0 -5.23989 9.65 -115.965 
     22 72.639 949 3 0 -5.23055 9.85 -116.043 
     22 117.027 950 3 0 -5.21627 10.05 -116.125 
     22 84.7002 951 3 0 -5.16856 10.25 -116.176 
     22 24.2185 952 3 0 -5.10512 10.45 -116.224 
     22 24.9278 1597 3 0 35.9723 139.677 -116.25 
     22 102.429 1598 3 0 35.998 139.75 -116.191 
     22 62.5575 1599 3 0 36.0522 139.95 -116.024 
     22 12.9832 1600 3 0 36.099 140.151 -115.879 
     22 118.092 1081 3 1 36.395 141.579 -114.85 
     22 78.3391 1082 3 1 36.45 141.865 -114.637 
     22 6.573 1547 4 0 51.9081 129.56 -86.25 
     22 123.395 1546 4 0 51.9194 129.55 -86.2296 
     22 120.777 1545 4 0 52.1789 129.35 -85.975 
     22 2.32323 1170 4 1 54.2429 127.55 -84.8499 
     22 76.4675 1171 4 1 54.25 127.544 -84.8462 
     22 102.747 1172 4 1 54.45 127.321 -84.7868 
     22 150.964 1173 4 1 54.65 127.035 -84.7649 
     22 102.79 1174 4 1 54.85 126.828 -84.7965 
     22 88.1285 1175 4 1 55.0501 126.625 -84.8332 
     22 180.841 1499 4 0 62.4671 120.119 -85.85 
     22 156.865 1498 4 0 62.7425 119.95 -85.9262 
     22 237.322 1497 4 0 63.2329 119.75 -86.0096 
     22 292.904 1496 4 0 63.8659 119.55 -85.9015 
     22 14.0233 1274 4 1 74.9771 116.233 -84.85 
     22 72.7057 1275 4 1 75.05 116.218 -84.8489 
     22 48.4964 1276 4 1 75.2502 116.181 -84.8133 
     22 66.3596 1277 4 1 75.45 116.12 -84.7834 
     22 72.6424 1278 4 1 75.65 116.016 -84.7348 
     22 50.1868 1279 4 1 75.8512 115.875 -84.67 
     22 94.1995 1280 4 1 76.05 115.775 -84.5924 
     22 99.0682 1221 4 1 64.301 119.393 -84.85 
     22 163.614 1220 4 1 64.25 119.509 -84.7554 
     22 3.49686 1686 3 0 41.9464 157.35 -116.097 
     22 34.2124 1685 3 0 41.6071 157.35 -116.051 
Number of digits in this event: 64
Using G4ParticleGun... 
Particle energy: 9.66055 LIN
Particle: e-
Event: 23
Number of tracker hits in this event: 56
     23 99.9678 962 8 1 12.6484 136.276 35.55 
     23 103.362 1580 8 0 12.6479 136.276 34.15 
     23 170.209 962 7 1 12.6403 136.275 5.55 
     23 125.312 1580 7 0 12.6389 136.276 4.15 
     23 135.091 962 6 1 12.6154 136.278 -24.45 
     23 127.446 1580 6 0 12.6152 136.277 -25.85 
     23 123.415 962 5 1 12.6068 136.268 -54.45 
     23 155.02 1580 5 0 12.6056 136.268 -55.85 
     23 521.356 962 4 1 12.5831 136.257 -84.45 
     23 113.467 1580 4 0 12.582 136.257 -85.85 
     23 209.606 962 3 1 12.5581 136.267 -114.45 
     23 98.0058 1580 3 0 12.5573 136.267 -115.85 
     23 174.972 962 2 1 12.5386 136.282 -144.45 
     23 184.698 1580 2 0 12.5361 136.283 -145.85 
     23 111.416 962 1 1 12.4858 136.299 -174.45 
     23 151.937 1580 1 0 12.4832 136.299 -175.85 
     23 142.834 961 0 1 12.4322 136.299 -204.45 
     23 111.202 1580 0 0 12.4298 136.299 -205.85 
     23 56.5739 1581 1 0 12.4872 136.35 -176.148 
     23 33.4331 1434 1 0 -3.83748 106.988 -176.25 
     23 68.9066 1433 1 0 -3.82877 106.95 -176.225 
     23 16.7415 1350 1 0 -78.184 90.3098 -176.25 
     23 77.9127 1484 1 0 -88.064 116.992 -176.25 
     23 36.0553 1026 3 0 95.7592 25.45 -116.154 
     23 1.48801 1384 3 1 97.0049 24.6139 -114.85 
     23 58.596 992 3 0 99.8629 18.5128 -115.85 
     23 152.333 991 3 0 99.8837 18.45 -115.914 
     23 40.79 961 4 1 12.2865 136.251 -84.4505 
     23 150.205 1583 4 0 12.3519 136.772 -85.8504 
     23 1.4717 1584 4 0 12.3068 136.95 -86.244 
     23 125.654 947 3 1 9.57258 150.62 -114.45 
     23 100.542 1653 3 0 9.32297 150.826 -115.85 
     23 129.611 926 2 1 5.35227 153.729 -144.45 
     23 136.388 1669 2 0 5.39143 154.077 -145.85 
     23 46.1996 1670 2 0 5.4275 154.15 -146.167 
     23 15.0703 1711 2 0 29.0176 162.546 -146.25 
     23 186.151 1712 2 0 29.0502 162.55 -146.197 
     23 71.2949 1050 2 1 30.1114 162.679 -144.85 
     23 95.773 1051 2 1 30.2501 162.717 -144.664 
     23 4.75883 1052 2 1 30.45 162.745 -144.466 
     23 144.348 1783 3 0 18.9047 176.751 -116.25 
     23 31.8111 991 3 1 18.2968 177.464 -114.849 
     23 96.0508 990 3 1 18.2499 177.495 -114.765 
     23 107.842 1700 4 0 26.6047 160.312 -86.25 
     23 115.47 1699 4 0 26.6555 160.15 -85.9858 
     23 21.2787 1698 4 0 26.6727 159.95 -85.8595 
     23 219.552 1034 4 1 26.9267 158.756 -84.85 
     23 200.899 1035 4 1 27.05 158.273 -84.5264 
     23 209.498 963 7 1 12.65 136.258 5.37742 
     23 110.58 1783 2 0 -9.2094 176.878 -146.25 
     23 27.0153 1782 2 0 -8.96996 176.75 -145.955 
     23 183.82 858 2 1 -8.36264 176.671 -144.85 
     23 160.104 857 2 1 -8.45 176.582 -144.523 
     23 135.04 1781 2 0 -8.08441 176.49 -145.85 
     23 100.29 1780 2 0 -7.83015 176.35 -146.075 
     23 243.044 1779 2 0 -7.91584 176.15 -145.904 
Number of digits in this event: 28
Using G4ParticleGun... 
Particle energy: 2.97184 LIN
Particle: e-
Event: 24
Number of tracker hits in this event: 44
     24 112.007 798 11 1 -20.444 -10.6226 125.55 
     24 192.22 847 11 0 -20.4402 -10.6248 124.15 
     24 139.479 798 10 1 -20.3653 -10.6741 95.55 
     24 153.601 846 10 0 -20.363 -10.6741 94.15 
     24 91.0942 798 9 1 -20.3176 -10.682 65.55 
     24 95.4897 846 9 0 -20.3156 -10.6816 64.15 
     24 142.495 798 8 1 -20.27 -10.6671 35.55 
     24 104.966 846 8 0 -20.2666 -10.6675 34.15 
     24 93.7106 799 7 1 -20.2136 -10.6798 5.55 
     24 115.276 846 7 0 -20.2101 -10.6813 4.15 
     24 102.319 799 6 1 -20.1445 -10.6975 -24.45 
     24 133.056 846 6 0 -20.1425 -10.7005 -25.85 
     24 123.83 799 5 1 -20.0964 -10.7609 -54.45 
     24 115.296 846 5 0 -20.0947 -10.7669 -55.85 
     24 111.13 799 4 1 -20.0591 -10.8923 -84.45 
     24 129.45 845 4 0 -20.0553 -10.897 -85.85 
     24 109.517 800 3 1 -19.9648 -10.9931 -114.45 
     24 128.274 845 3 0 -19.96 -10.9953 -115.85 
     24 412.02 800 2 1 -19.8508 -11.0342 -144.45 
     24 386.904 845 2 0 -19.8561 -11.0422 -145.85 
     24 271.272 800 1 1 -19.9893 -11.1311 -174.45 
     24 304.698 844 1 0 -19.9984 -11.1123 -175.85 
     24 116.523 799 0 1 -20.2435 -10.7226 -204.45 
     24 126.666 846 0 0 -20.2516 -10.7006 -205.85 
     24 63.9272 801 2 1 -19.85 -11.0347 -144.629 
     24 132.95 801 1 1 -19.7399 -10.9883 -174.45 
     24 100.071 845 1 0 -19.7316 -10.9844 -175.85 
     24 182.26 802 0 1 -19.571 -10.9055 -204.45 
     24 104.25 845 0 0 -19.5663 -10.8952 -205.85 
     24 68.4448 718 5 0 -97.3958 -36.3743 -56.2497 
     24 102.65 717 5 0 -97.26 -36.45 -56.0027 
     24 34.08 421 5 1 -95.8604 -37.464 -54.85 
     24 77.7456 422 5 1 -95.75 -37.513 -54.8078 
     24 131.204 423 5 1 -95.55 -37.501 -54.7428 
     24 183.921 424 5 1 -95.35 -37.4882 -54.7479 
     24 207.697 425 5 1 -95.15 -37.3498 -54.6809 
     24 36.6553 713 5 0 -94.3411 -37.4013 -55.8502 
     24 114.087 438 5 1 -92.38 -37.9076 -54.85 
     24 50.8385 439 5 1 -92.35 -37.9073 -54.8374 
     24 130.265 801 0 1 -19.7593 -11.1009 -204.45 
     24 138.555 844 0 0 -19.7567 -11.1009 -205.85 
     24 178.359 913 2 1 2.65 -97.4778 -144.828 
     24 143.821 741 12 0 -16.7555 -31.6534 153.75 
     24 100.194 816 12 1 -16.796 -32.2111 155.15 
Number of digits in this event: 24
Using G4ParticleGun... 
Particle energy: 8.76582 LIN
Particle: e-
Event: 25
Number of tracker hits in this event: 122
     25 127.327 947 11 1 9.46434 -71.0749 125.55 
     25 101.575 544 11 0 9.46423 -71.0748 124.15 
     25 181.127 947 10 1 9.45934 -71.0732 95.55 
     25 103.778 544 10 0 9.45951 -71.0728 94.15 
     25 259.114 947 9 1 9.4631 -71.0644 65.55 
     25 140.801 544 9 0 9.46243 -71.0645 64.15 
     25 260.651 946 8 1 9.44823 -71.0667 35.55 
     25 110.399 544 8 0 9.44725 -71.0671 34.15 
     25 97.0862 946 7 1 9.42473 -71.0733 5.55 
     25 152.265 544 7 0 9.42297 -71.0735 4.15 
     25 385.692 946 6 1 9.38807 -71.0752 -24.45 
     25 629.362 544 6 0 9.38698 -71.0759 -25.85 
     25 392.679 946 5 1 9.36314 -71.0907 -54.45 
     25 269.883 544 5 0 9.36252 -71.091 -55.85 
     25 121.33 946 4 1 9.34931 -71.1031 -84.45 
     25 129.551 544 4 0 9.34919 -71.1041 -85.85 
     25 416.908 946 3 1 9.34681 -71.1226 -114.45 
     25 353.946 544 3 0 9.34689 -71.1229 -115.85 
     25 375.591 946 2 1 9.35323 -71.1315 -144.45 
     25 535.555 544 2 0 9.35291 -71.1307 -145.85 
     25 213.384 946 1 1 9.34847 -71.114 -174.45 
     25 174.347 544 1 0 9.34733 -71.1118 -175.85 
     25 116.582 946 0 1 9.32195 -71.067 -204.45 
     25 386.608 544 0 0 9.32166 -71.065 -205.85 
     25 277.966 945 1 1 9.25 -70.915 -174.796 
     25 339.016 948 1 1 9.66225 -70.9718 -174.45 
     25 130.505 545 1 0 9.6826 -70.951 -175.85 
     25 131.741 951 0 1 10.2511 -70.5127 -204.45 
     25 104.438 547 0 0 10.2668 -70.4687 -205.85 
     25 199.194 945 2 1 9.1217 -71.2358 -144.45 
     25 114.004 943 1 1 8.79398 -71.2767 -174.45 
     25 114.694 543 1 0 8.78073 -71.2785 -175.85 
     25 140.662 942 0 1 8.46687 -71.2493 -204.45 
     25 11.0163 765 0 0 37.9838 -26.881 -206.25 
     25 106.721 766 0 0 38.0027 -26.8498 -206.229 
     25 60.2217 767 0 0 38.1015 -26.6497 -206.097 
     25 72.7968 768 0 0 38.1537 -26.45 -205.974 
     25 2.25299 769 0 0 38.2239 -26.25 -205.853 
     25 82.9267 1096 0 1 39.3252 -24.1715 -204.85 
     25 134.243 1097 0 1 39.45 -23.9611 -204.767 
     25 111.408 1098 0 1 39.6501 -23.5257 -204.683 
     25 131.215 1099 0 1 39.85 -23.126 -204.728 
     25 388.858 1100 0 1 40.05 -22.7037 -204.747 
     25 13.3614 1101 0 1 40.25 -22.2622 -204.836 
     25 35.6577 800 0 0 41.2015 -19.9252 -205.85 
     25 51.7308 801 0 0 41.2327 -19.85 -205.888 
     25 58.4981 802 0 0 41.3198 -19.65 -205.967 
     25 143.623 803 0 0 41.3968 -19.4496 -206.03 
     25 93.0545 804 0 0 41.4528 -19.25 -206.073 
     25 41.0249 805 0 0 41.4427 -19.05 -206.118 
     25 51.1858 806 0 0 41.4695 -18.8499 -206.171 
     25 28.6095 1517 0 1 123.55 76.3864 -204.807 
     25 2.6629 1117 0 1 43.5953 25.7482 -204.85 
     25 46.6655 546 3 0 8.78479 -70.6573 -115.85 
     25 155.446 547 3 0 8.77717 -70.65 -115.867 
     25 50.5008 660 3 0 -16.5307 -47.9423 -116.25 
     25 84.4966 661 3 0 -16.5904 -47.85 -116.11 
     25 72.2245 813 3 1 -17.3377 -46.9882 -114.85 
     25 145.384 812 3 1 -17.4501 -46.8219 -114.715 
     25 119.956 545 5 0 9.26608 -70.9231 -55.85 
     25 337.671 942 4 1 8.52905 -70.3704 -84.45 
     25 153.863 548 4 0 8.59497 -70.352 -85.85 
     25 234.65 949 3 1 9.86606 -70.3761 -114.451 
     25 123.025 548 3 0 10.0002 -70.4202 -115.85 
     25 136.704 967 2 1 13.5499 -71.1283 -144.45 
     25 193.587 543 2 0 13.7555 -71.25 -145.93 
     25 115.11 987 1 1 17.464 -73.8307 -174.45 
     25 121.526 530 1 0 17.6094 -73.9373 -175.852 
     25 163.479 1004 0 1 20.9758 -75.9513 -204.45 
     25 117.245 519 0 0 21.2228 -76.1251 -205.85 
     25 41.9741 950 3 1 10.05 -69.8926 -114.707 
     25 161.193 948 3 1 9.84996 -70.4005 -114.588 
     25 160.031 941 4 1 8.45 -70.3125 -84.649 
     25 153.902 550 4 0 8.15306 -70.0074 -85.85 
     25 3.15502 907 3 1 1.45868 -61.4649 -114.45 
     25 106.603 906 3 1 1.45 -61.4553 -114.462 
     25 13.7952 905 3 1 1.25 -61.1395 -114.802 
     25 126.304 599 3 0 0.584845 -60.2128 -115.85 
     25 85.6005 600 3 0 0.475818 -60.05 -116.019 
     25 54.0862 601 3 0 0.332662 -59.8499 -116.187 
     25 125.772 948 3 0 -116.632 9.73012 -116.25 
     25 277.967 949 3 0 -116.984 9.85 -116.076 
     25 199.838 950 3 0 -117.575 10.05 -115.988 
     25 16.5859 294 3 1 -121.284 9.24219 -114.85 
     25 90.8996 293 3 1 -121.35 9.21919 -114.823 
     25 83.8408 292 3 1 -121.55 9.17335 -114.741 
     25 54.7217 291 3 1 -121.75 9.18356 -114.68 
     25 58.5183 290 3 1 -121.95 9.20861 -114.628 
     25 72.4481 289 3 1 -122.15 9.25922 -114.572 
     25 54.5095 288 3 1 -122.35 9.32468 -114.512 
     25 257.463 1355 10 0 -161.43 91.2429 93.75 
     25 99.8382 549 4 0 8.48958 -70.25 -86.0169 
     25 140.789 941 3 1 8.32413 -68.0002 -114.45 
     25 138.661 560 3 0 8.41329 -67.9667 -115.85 
     25 268.218 951 2 1 10.4006 -67.5666 -144.45 
     25 176.295 562 2 0 10.6005 -67.6272 -145.85 
     25 135.9 974 1 1 14.9407 -68.6475 -174.45 
     25 97.3319 556 1 0 14.9601 -68.725 -175.85 
     25 124.382 978 0 1 15.6725 -71.1412 -204.45 
     25 9.6708 1687 0 1 157.55 -67.9416 -204.682 
     25 148.437 1686 0 1 157.55 -67.9617 -204.622 
     25 66.7323 952 2 1 10.45 -67.5434 -144.526 
     25 96.9776 947 5 1 9.45052 -71.1718 -54.45 
     25 125.148 947 4 1 9.48178 -71.5843 -84.45 
     25 270.053 542 4 0 9.4852 -71.603 -85.85 
     25 533.857 947 3 1 9.57197 -71.9796 -114.45 
     25 148.902 540 3 0 9.58353 -71.9983 -115.85 
     25 215.911 948 2 1 9.79146 -72.3193 -144.45 
     25 102.709 538 2 0 9.79397 -72.3336 -145.85 
     25 136.58 536 1 0 9.75018 -72.7395 -175.85 
     25 106.063 948 0 1 9.75521 -73.2975 -204.45 
     25 124.336 533 0 0 9.74175 -73.3216 -205.85 
     25 165.881 536 2 0 10.024 -72.6558 -145.85 
     25 263.066 537 2 0 10.0272 -72.65 -145.971 
     25 7.47986 947 8 1 9.45 -71.0691 35.1719 
     25 70.1984 540 8 0 10.4231 -71.9619 34.15 
     25 249.878 539 8 0 10.5529 -72.05 34.0751 
     25 100.7 538 8 0 11.2937 -72.25 33.8143 
     25 10.7661 537 8 0 11.2959 -72.45 33.7841 
     25 105.947 263 8 0 -6.33084 -127.473 33.7501 
     25 158.872 262 8 0 -6.33605 -127.55 33.8092 
     25 312.574 868 8 1 -6.38603 -128.437 35.1502 
Number of digits in this event: 68
Using G4ParticleGun... 
Particle energy: 9.98573 LIN
Particle: e-
Event: 26
Number of tracker hits in this event: 120
     26 127.437 1120 11 1 44.1716 -18.4253 125.55 
     26 128.586 808 11 0 44.172 -18.426 124.15 
     26 96.0778 1120 10 1 44.1867 -18.4314 95.55 
     26 104.857 808 10 0 44.1754 -18.4223 94.15 
     26 160.417 1119 9 1 43.9409 -18.2363 65.55 
     26 114.065 809 9 0 43.9242 -18.2296 64.15 
     26 258.941 1117 8 1 43.584 -18.1491 35.55 
     26 118.075 809 8 0 43.5098 -18.1195 34.1498 
     26 103.556 1112 7 1 42.5872 -18.1601 5.54964 
     26 130.189 808 7 0 42.4179 -18.3198 4.1497 
     26 145.266 1100 6 1 40.1125 -21.4397 -24.45 
     26 5.7853 792 6 0 40.1724 -21.6455 -25.8509 
     26 100.794 791 6 0 40.1737 -21.65 -25.8813 
     26 119.541 1101 5 1 40.3953 -25.9114 -54.45 
     26 283.414 769 5 0 40.3973 -26.0683 -55.85 
     26 106.813 1099 4 1 40.0359 -29.1844 -84.45 
     26 182.248 753 4 0 39.8216 -29.3851 -85.8502 
     26 101.938 1079 3 1 35.9357 -33.8757 -114.45 
     26 30.1247 1078 3 1 35.85 -33.8538 -114.755 
     26 115.738 731 3 0 35.5418 -33.7875 -115.85 
     26 112.179 1044 2 1 28.9128 -33.3025 -144.451 
     26 30.5957 1043 2 1 28.85 -33.2777 -144.759 
     26 121.945 734 2 0 28.5724 -33.1715 -145.85 
     26 255.014 1010 1 1 22.1977 -29.9693 -174.451 
     26 137.223 750 1 0 21.7097 -29.94 -175.851 
     26 98.2142 963 0 1 12.8342 -26.9788 -204.45 
     26 29.467 962 0 1 12.6499 -26.9703 -204.762 
     26 130.507 765 0 0 12.092 -26.917 -205.85 
     26 103.531 752 4 0 39.8704 -29.45 -86.1543 
     26 249.466 1068 0 1 33.8083 -49.843 -204.45 
     26 150.913 653 0 0 33.6398 -49.4231 -205.85 
     26 26.6206 1310 5 1 82.05 159.442 -54.521 
     26 95.7789 652 0 0 33.6898 -49.5155 -205.85 
     26 323.619 1118 8 1 43.65 -18.3352 35.4238 
     26 288.643 1116 7 1 43.3245 -17.7928 5.55 
     26 224.663 811 7 0 43.3098 -17.75 4.15 
     26 129.18 1114 6 1 43.008 -16.8929 -24.45 
     26 224.346 815 6 0 42.9625 -16.8767 -25.85 
     26 165.042 1109 5 1 41.9266 -16.3661 -54.45 
     26 103.366 818 5 0 41.8596 -16.3619 -55.85 
     26 271.406 1101 4 1 40.4346 -16.2939 -84.45 
     26 137.703 818 4 0 40.3445 -16.2821 -85.85 
     26 108.154 1092 3 1 38.5221 -16.1834 -114.45 
     26 108.791 819 3 0 38.4185 -16.1633 -115.85 
     26 127.223 1080 2 1 36.2438 -15.7528 -144.45 
     26 290.121 821 2 0 36.1277 -15.7469 -145.85 
     26 43.9075 1068 1 1 33.6601 -15.5763 -174.45 
     26 205.334 1067 1 1 33.65 -15.5787 -174.574 
     26 125.892 822 1 0 33.5456 -15.6052 -175.85 
     26 121.204 1055 0 1 31.2371 -16.1813 -204.45 
     26 137.584 819 0 0 31.1425 -16.2039 -205.85 
     26 218.326 782 3 0 23.8397 -23.4599 -116.25 
     26 8.965 783 3 0 23.7502 -23.45 -116.157 
     26 110.233 818 1 0 33.4596 -16.2587 -175.85 
     26 15.3269 787 1 0 18.0932 -22.6408 -176.25 
     26 207.42 786 1 0 18.0816 -22.65 -176.218 
     26 73.7961 989 1 1 17.8673 -23.0731 -174.85 
     26 284.653 988 1 1 17.85 -23.0967 -174.777 
     26 42.1492 776 1 0 19.0528 -24.707 -175.85 
     26 62.1866 775 1 0 19.1023 -24.85 -175.933 
     26 73.429 774 1 0 19.0693 -25.05 -175.932 
     26 175.575 773 1 0 19.1557 -25.25 -175.996 
     26 329.938 720 1 0 56.3533 -35.948 -176.25 
     26 134.747 1087 2 1 37.623 -15.8544 -144.45 
     26 115.204 1088 2 1 37.65 -15.8295 -144.539 
     26 63.8467 823 2 0 37.9836 -15.3503 -145.85 
     26 50.2993 824 2 0 38.0396 -15.2499 -146.109 
     26 95.0766 1134 1 1 46.8594 -1.0844 -174.45 
     26 70.1666 1135 1 1 47.05 -0.957412 -174.696 
     26 45.1951 899 1 0 47.9572 -0.148513 -175.85 
     26 124.893 900 1 0 48.1677 0.0502703 -176.114 
     26 85.5177 820 2 0 37.4581 -15.85 -145.929 
     26 29.1608 1081 1 1 36.2963 -16.2934 -174.45 
     26 253.291 1080 1 1 36.25 -16.2976 -174.51 
     26 66.6056 1095 3 1 39.1148 -16.005 -114.45 
     26 342.157 1094 3 1 39.05 -15.9214 -114.646 
     26 65.9174 1093 3 1 38.85 -15.8977 -114.635 
     26 130.83 1126 6 1 45.3746 -17.4341 -24.4504 
     26 166.064 814 6 0 45.5767 -17.2037 -25.8501 
     26 99.8756 1143 5 1 48.7742 -11.7189 -54.4503 
     26 14.4029 1144 5 1 48.85 -11.7274 -54.8003 
     26 121.528 841 5 0 49.0626 -11.7589 -55.85 
     26 41.3045 1177 4 1 55.4572 -11.4534 -84.45 
     26 91.3717 1176 4 1 55.45 -11.4428 -84.5479 
     26 97.824 843 4 0 55.3018 -11.3215 -85.8501 
     26 18.4822 1164 3 1 53.0365 -7.19763 -114.45 
     26 97.2775 1165 3 1 53.05 -7.19564 -114.503 
     26 129.73 864 3 0 53.3696 -7.23567 -115.85 
     26 1.05748 1201 2 1 60.4474 -7.38562 -144.45 
     26 119.982 1202 2 1 60.4501 -7.38597 -144.456 
     26 131.196 862 2 0 60.9688 -7.45088 -145.85 
     26 73.6695 1252 1 1 70.5013 -12.0676 -174.45 
     26 138.165 1251 1 1 70.4499 -11.946 -174.562 
     26 65.2233 847 1 0 69.8224 -10.5881 -175.85 
     26 84.9536 848 1 0 69.7571 -10.45 -175.98 
     26 30.9567 849 1 0 69.6633 -10.2498 -176.179 
     26 114.301 1185 0 1 57.1899 21.854 -204.45 
     26 65.1837 1184 0 1 57.05 22.0795 -204.728 
     26 116.079 1014 0 0 56.4968 22.8549 -205.85 
     26 25.3331 1015 0 0 56.3282 23.05 -206.171 
     26 142.502 1101 0 1 40.4222 -16.3969 -204.45 
     26 165.403 818 0 0 40.1949 -16.4282 -205.85 
     26 6.85887 777 2 0 42.7223 -24.5587 -146.25 
     26 228.603 1116 2 1 43.3774 -25.2976 -144.85 
     26 104.987 1121 8 1 44.302 -18.2206 35.55 
     26 99.8564 1120 8 1 44.2496 -18.2072 35.4044 
     26 126.198 811 8 0 43.7625 -17.8417 34.15 
     26 102.421 758 8 0 47.9446 -28.2967 33.75 
     26 43.2259 757 8 0 48.0794 -28.45 34.038 
     26 39.2771 1142 8 1 48.6136 -28.6586 35.15 
     26 95.4486 1143 8 1 48.65 -28.6562 35.305 
     26 104.203 1567 13 0 -94.1745 133.568 183.75 
     26 246.49 1122 8 1 44.45 -18.3685 35.5011 
     26 83.3873 1495 2 1 119.15 -80.1748 -144.667 
     26 110.252 1496 2 1 119.351 -80.3085 -144.57 
     26 1.06773 1497 2 1 119.55 -80.4919 -144.456 
     26 107.454 464 9 0 -113.036 -87.1399 63.7502 
     26 180.52 463 9 0 -113.148 -87.2501 63.9366 
     26 279.114 1118 0 1 43.7724 -18.3571 -204.45 
     26 327.355 808 0 0 43.8073 -18.2886 -205.85 
Number of digits in this event: 55
Using G4ParticleGun... 
Particle energy: 3.88737 LIN
Particle: e-
Event: 27
Number of tracker hits in this event: 103
     27 98.4458 527 11 1 -74.5135 0.860892 125.55 
     27 106.984 904 11 0 -74.5142 0.860557 124.15 
     27 148.213 527 10 1 -74.5177 0.849309 95.55 
     27 97.5134 903 10 0 -74.519 0.849848 94.15 
     27 15.3586 904 10 0 -74.5193 0.85 93.8062 
     27 164.526 527 9 1 -74.5407 0.869588 65.55 
     27 122.045 904 9 0 -74.5432 0.872685 64.15 
     27 111.566 527 8 1 -74.5882 0.939196 35.55 
     27 158.467 904 8 0 -74.5842 0.945682 34.15 
     27 102.102 527 7 1 -74.5029 1.08917 5.55 
     27 118.477 905 7 0 -74.496 1.09695 4.15 
     27 101.605 528 6 1 -74.3562 1.26801 -24.45 
     27 156.93 906 6 0 -74.3509 1.27955 -25.85 
     27 112.611 528 5 1 -74.2656 1.50937 -54.45 
     27 213.523 907 5 0 -74.2635 1.52008 -55.85 
     27 109.704 529 4 1 -74.2091 1.75394 -84.45 
     27 130.82 908 4 0 -74.2088 1.76622 -85.85 
     27 142.241 529 3 1 -74.2243 2.03004 -114.45 
     27 67.402 909 3 0 -74.2357 2.04722 -115.85 
     27 49.4907 910 3 0 -74.2375 2.05 -116.08 
     27 295.755 527 2 1 -74.5328 2.28601 -144.45 
     27 170.464 911 2 0 -74.5514 2.2985 -145.85 
     27 147.866 525 1 1 -74.9778 2.55864 -174.45 
     27 106.621 912 1 0 -75.004 2.57408 -175.85 
     27 357.422 522 0 1 -75.5171 2.91649 -204.45 
     27 135.104 914 0 0 -75.5394 2.92977 -205.85 
     27 91.725 1293 2 0 -27.8048 78.7672 -146.25 
     27 228.866 523 0 1 -75.2963 2.72405 -204.45 
     27 161.586 913 0 0 -75.2691 2.80167 -205.85 
     27 11.8714 1004 1 0 -45.6831 20.8554 -176.25 
     27 112.189 1003 1 0 -45.6643 20.85 -176.188 
     27 107.193 912 0 0 -75.2853 2.6405 -205.85 
     27 9.26298 536 0 1 -72.7235 -22.9004 -204.85 
     27 41.1342 256 5 1 -128.75 19.317 -54.714 
     27 431.231 525 6 1 -74.9404 0.688389 -24.4506 
     27 119.777 903 6 0 -75.067 0.65813 -25.85 
     27 240.871 513 5 1 -77.299 2.74994 -54.45 
     27 49.3171 908 5 0 -77.6297 1.77873 -55.85 
     27 51.348 482 4 1 -83.5828 -23.1408 -84.45 
     27 92.6238 481 4 1 -83.6501 -23.1858 -84.5918 
     27 33.768 782 4 0 -84.184 -23.6149 -85.85 
     27 222.652 781 4 0 -84.2298 -23.6501 -85.9638 
     27 173.584 442 3 1 -91.5633 -30.4437 -114.45 
     27 25.1522 755 3 0 -91.9204 -28.9164 -115.85 
     27 99.9605 756 3 0 -91.9364 -28.85 -115.913 
     27 146.482 757 3 0 -92.0051 -28.6499 -116.116 
     27 101.347 400 2 1 -100.089 -5.46517 -144.45 
     27 73.3945 399 2 1 -100.15 -5.4759 -144.481 
     27 97.9257 398 2 1 -100.35 -5.50714 -144.583 
     27 85.6366 397 2 1 -100.55 -5.53731 -144.711 
     27 5.75014 396 2 1 -100.75 -5.55814 -144.837 
     27 162.33 871 2 0 -102.578 -5.71233 -145.85 
     27 48.5711 872 2 0 -103.028 -5.64999 -146.161 
     27 16.5917 437 2 0 -151.892 -92.7071 -146.25 
     27 52.5782 436 2 0 -151.892 -92.75 -146.241 
     27 85.7477 435 2 0 -151.944 -92.95 -146.186 
     27 74.0669 434 2 0 -151.956 -93.15 -146.047 
     27 60.1232 433 2 0 -151.936 -93.35 -145.955 
     27 78.0828 141 2 1 -151.799 -95.4362 -144.85 
     27 79.9545 142 2 1 -151.75 -95.6932 -144.736 
     27 68.524 143 2 1 -151.549 -95.8879 -144.717 
     27 62.8519 144 2 1 -151.35 -95.9299 -144.682 
     27 94.8966 145 2 1 -151.149 -95.9561 -144.598 
     27 244.41 146 2 1 -150.95 -96.018 -144.547 
     27 163.826 422 2 0 -149.694 -95.7073 -145.85 
     27 239.844 444 3 1 -91.2041 -29.4125 -114.85 
     27 99.1123 524 6 1 -75.05 0.527398 -24.6192 
     27 93.0096 899 6 0 -76.1924 -0.1035 -25.85 
     27 36.4475 898 6 0 -76.4059 -0.25 -26.1091 
     27 62.8514 585 6 0 -81.6953 -62.8943 -26.25 
     27 118.909 584 6 0 -81.7014 -63.05 -26.1103 
     27 117.816 488 6 1 -82.3036 -63.9419 -24.85 
     27 97.4221 902 6 0 -75.0262 0.520709 -25.85 
     27 36.9156 517 5 1 -76.5696 -1.2677 -54.45 
     27 100.645 516 5 1 -76.65 -1.21608 -54.5809 
     27 85.8417 896 5 0 -77.3849 -0.746109 -55.85 
     27 45.3358 897 5 0 -77.5264 -0.65 -56.0954 
     27 29.6518 432 4 1 -93.743 12.2005 -84.45 
     27 128.579 431 4 1 -93.75 12.2065 -84.464 
     27 64.971 964 4 0 -94.3197 12.9363 -85.85 
     27 56.6038 965 4 0 -94.4118 13.0502 -86.0695 
     27 274.606 375 3 1 -105 27.689 -114.45 
     27 167.438 1039 3 0 -105.414 27.9808 -115.85 
     27 32.0098 1040 3 0 -105.5 28.05 -116.16 
     27 107.933 338 2 1 -112.532 35.5923 -144.45 
     27 76.104 339 2 1 -112.35 35.7593 -144.687 
     27 292.397 1083 2 0 -111.138 36.6675 -145.85 
     27 80.7753 1084 2 0 -110.89 36.8504 -146.07 
     27 125.84 1168 2 0 -74.674 53.7923 -146.25 
     27 39.1315 526 2 1 -74.65 53.3016 -144.587 
     27 71.7255 1388 3 0 -6.09604 97.8104 -116.25 
     27 192.13 1389 3 0 -6.10137 97.95 -116.119 
     27 113.162 1390 3 0 -6.41218 98.15 -116.127 
     27 138.131 1474 3 0 -5.98109 115.064 -116.25 
     27 8.90364 896 3 0 -118.585 -0.812611 -116.25 
     27 21.4994 816 3 0 -164.394 -16.8085 -116.25 
     27 18.4782 374 3 1 -105.15 27.7789 -114.814 
     27 141.665 1047 3 0 -108.224 29.5759 -115.85 
     27 20.7122 353 3 1 -109.501 29.2019 -114.85 
     27 48.6922 352 3 1 -109.55 29.1854 -114.801 
     27 74.7498 1049 3 0 -110.415 29.9214 -115.85 
     27 6.86418 1050 3 0 -110.443 30.0502 -115.855 
     27 160.874 348 3 1 -110.516 30.8375 -114.85 
Number of digits in this event: 34
Using G4ParticleGun... 
Particle energy: 4.85005 LIN
Particle: e-
Event: 28
Number of tracker hits in this event: 116
     28 113.032 1545 9 1 129.217 19.3352 65.55 
     28 114.591 996 9 0 129.217 19.3394 64.15 
     28 138.124 1545 8 1 129.206 19.4158 35.55 
     28 172.812 996 8 0 129.206 19.4177 34.15 
     28 298.778 1545 7 1 129.168 19.4659 5.55 
     28 187.469 997 7 0 129.172 19.4721 4.15 
     28 602.182 1545 6 1 129.187 19.6215 -24.45 
     28 136.242 997 6 0 129.195 19.633 -25.85 
     28 142.589 1546 5 1 129.379 19.844 -54.45 
     28 113.375 999 5 0 129.377 19.8625 -55.85 
     28 132.92 1546 4 1 129.355 20.3181 -84.45 
     28 123.002 1001 4 0 129.369 20.3159 -85.85 
     28 146.734 1550 3 1 130.321 19.3757 -114.45 
     28 145.942 995 3 0 130.371 19.1387 -115.85 
     28 308.347 1558 2 1 131.853 13.8425 -144.45 
     28 102.312 967 2 0 131.895 13.494 -145.85 
     28 54.7683 966 2 0 131.9 13.4498 -146.028 
     28 147.213 1563 1 1 132.799 6.47198 -174.45 
     28 49.4057 930 1 0 132.903 6.09758 -175.85 
     28 180.222 929 1 0 132.917 6.05 -176.034 
     28 130.856 1576 0 1 135.409 -0.953651 -204.45 
     28 46.4453 892 0 0 135.618 -1.58236 -205.85 
     28 109.806 891 0 0 135.64 -1.65031 -205.999 
     28 66.6036 1562 1 1 132.75 6.38794 -174.651 
     28 38.0942 1561 1 1 132.55 6.37289 -174.759 
     28 237.169 931 1 0 131.051 6.33857 -175.85 
     28 74.4585 932 1 0 130.75 6.45 -176.016 
     28 136.206 1553 2 1 130.892 15.9894 -144.45 
     28 84.7821 1552 2 1 130.75 15.4917 -144.484 
     28 80.1362 1551 2 1 130.55 15.2749 -144.621 
     28 27.4295 971 2 0 130.021 14.3067 -145.85 
     28 126.423 970 2 0 129.993 14.2492 -145.922 
     28 90.3724 969 2 0 129.887 14.05 -146.082 
     28 98.5478 968 2 0 129.786 13.85 -146.122 
     28 74.0176 151 2 0 38.7663 -149.801 -146.25 
     28 144.512 150 2 0 38.7099 -149.95 -146.221 
     28 125.72 149 2 0 38.7449 -150.15 -146.166 
     28 142.376 148 2 0 38.6512 -150.35 -146.123 
     28 24.1668 982 2 0 131.708 16.5098 -145.85 
     28 93.9791 981 2 0 131.7 16.45 -145.926 
     28 79.9101 980 2 0 131.747 16.2498 -146.151 
     28 147.092 860 2 0 160.346 -7.90925 -146.25 
     28 270.164 1696 2 1 159.518 -7.79305 -144.85 
     28 6.28715 1695 2 1 159.164 -7.51703 -144.45 
     28 148.958 1694 2 1 159.15 -7.53009 -144.461 
     28 19.2031 1693 2 1 158.95 -7.51318 -144.474 
     28 97.4057 1557 2 1 131.75 17.6346 -144.534 
     28 41.4866 1556 2 1 131.55 17.8034 -144.743 
     28 35.1138 993 2 0 130.573 18.7697 -145.85 
     28 155.095 994 2 0 130.489 18.85 -145.941 
     28 140.48 995 2 0 130.262 19.05 -146.121 
     28 237.96 1313 1 1 82.7193 44.2462 -174.45 
     28 7.52878 1314 1 1 82.85 44.1801 -174.821 
     28 60.3648 1119 1 0 83.3943 43.8997 -175.85 
     28 267.714 1118 1 0 83.4803 43.85 -175.994 
     28 149.61 1117 1 0 83.8604 43.65 -176.108 
     28 154.542 1116 1 0 84.0844 43.4499 -176.145 
     28 69.3359 1115 1 0 84.0803 43.25 -176.118 
     28 112.308 1546 3 1 129.412 20.9543 -114.45 
     28 134.533 1004 3 0 129.408 20.9778 -115.85 
     28 256.576 1546 2 1 129.516 21.4915 -144.45 
     28 179.136 1007 2 0 129.514 21.5559 -145.85 
     28 119.146 1546 1 1 129.5 22.9721 -174.45 
     28 118.96 1015 1 0 129.504 23.0649 -175.85 
     28 119.088 1547 0 1 129.686 25.0784 -204.45 
     28 109.092 1025 0 0 129.667 25.1317 -205.85 
     28 61.0485 1389 3 1 97.9899 2.8155 -114.45 
     28 190.622 1388 3 1 97.95 2.84451 -114.565 
     28 349.163 1562 14 1 132.557 174.651 215.15 
     28 45.4096 1246 13 0 158.019 69.3225 184.15 
     28 46.3928 1776 14 0 133.683 175.533 214.15 
     28 159.512 1569 14 1 134.078 175.407 215.15 
     28 41.8798 985 6 0 129.937 17.138 -25.85 
     28 102.046 984 6 0 129.973 17.05 -25.9089 
     28 54.3063 983 6 0 130.013 16.85 -26.1108 
     28 76.9643 1517 5 1 123.61 -23.7488 -54.451 
     28 70.2054 1518 5 1 123.75 -23.7034 -54.6479 
     28 146.495 781 5 0 124.433 -23.7085 -55.8506 
     28 163.182 897 5 0 109.948 -0.558943 -56.2497 
     28 442.974 1447 5 1 109.724 -1.55739 -54.85 
     28 39.3992 1448 5 1 109.75 -2.00431 -54.699 
     28 132.975 1446 5 1 109.55 -2.29614 -54.4694 
     28 43.4333 1544 6 1 129.15 19.6473 -24.6853 
     28 101.079 998 6 0 128.975 19.7608 -25.8501 
     28 128.54 1523 5 1 124.774 25.2646 -54.4501 
     28 53.4214 1029 5 0 124.615 25.9833 -55.85 
     28 143.551 1030 5 0 124.602 26.05 -55.9699 
     28 117.264 1519 4 1 124.095 42.6642 -84.45 
     28 205.169 1116 4 0 124.054 43.2691 -85.85 
     28 140.979 1519 3 1 124.01 54.05 -114.45 
     28 146.684 1172 3 0 124.051 54.5282 -115.85 
     28 33.3692 1173 3 0 124.061 54.65 -116.182 
     28 127.954 1523 2 1 124.917 66.4987 -144.45 
     28 113.155 1234 2 0 124.753 66.9095 -145.851 
     28 206.786 1515 1 1 123.301 76.1149 -174.45 
     28 112.756 1280 1 0 122.84 76.0875 -175.85 
     28 26.5438 1279 1 0 122.735 76.0499 -176.141 
     28 237.601 1544 2 1 128.98 19.7644 -144.45 
     28 352.859 1545 2 1 129.15 19.7083 -144.766 
     28 156.129 997 2 0 130.032 19.4602 -145.85 
     28 550.629 996 2 0 130.079 19.45 -145.907 
     28 239.953 1532 1 1 126.623 16.2165 -174.45 
     28 115.904 977 1 0 126.455 15.5889 -175.85 
     28 38.8942 976 1 0 126.412 15.45 -176.157 
     28 69.0011 1513 0 1 122.796 2.91038 -204.45 
     28 153.407 1512 0 1 122.75 2.79869 -204.672 
     28 165.676 910 0 0 122.502 2.19074 -205.85 
     28 53.9711 909 0 0 122.446 2.05 -206.125 
     28 17.3728 179 6 0 76.4596 -144.15 -26.2047 
     28 220.938 1545 1 1 129.227 19.4397 -174.45 
     28 155.222 996 1 0 129.233 19.4373 -175.85 
     28 212.257 1545 0 1 129.312 19.4177 -204.45 
     28 281.6 996 0 0 129.311 19.4079 -205.85 
     28 135.56 997 1 0 129.17 19.4698 -175.85 
     28 111.615 1544 0 1 129.082 19.4393 -204.45 
     28 59.5112 780 9 0 143.962 -23.923 63.75 
Number of digits in this event: 62
Using G4ParticleGun... 
Particle energy: 3.84576 LIN
Particle: e-
Event: 29
Number of tracker hits in this event: 94
     29 118.007 719 10 1 -36.2219 108.609 95.55 
     29 96.7125 1442 10 0 -36.2168 108.612 94.15 
     29 230.986 719 9 1 -36.1138 108.677 65.55 
     29 159.098 1442 9 0 -36.1065 108.68 64.15 
     29 110.079 720 8 1 -35.9615 108.724 35.55 
     29 130.589 1442 8 0 -35.9568 108.724 34.15 
     29 148.783 720 7 1 -35.8522 108.737 5.55 
     29 285.531 1442 7 0 -35.8491 108.739 4.15 
     29 471.387 721 6 1 -35.7975 108.784 -24.45 
     29 607.289 1443 6 0 -35.7898 108.786 -25.85 
     29 108.679 722 5 1 -35.6176 108.857 -54.45 
     29 334.84 1443 5 0 -35.6139 108.861 -55.85 
     29 197.862 722 4 1 -35.5187 108.947 -84.45 
     29 108.268 1444 4 0 -35.5175 108.956 -85.85 
     29 219.256 722 3 1 -35.4911 109.131 -114.45 
     29 118.097 1444 3 0 -35.4886 109.14 -115.85 
     29 94.2957 722 2 1 -35.4566 109.331 -144.45 
     29 255.182 1445 2 0 -35.4543 109.344 -145.85 
     29 107.653 723 1 1 -35.4139 109.789 -174.45 
     29 164.736 1448 1 0 -35.4451 109.817 -175.85 
     29 142.397 719 0 1 -36.1107 110.374 -204.45 
     29 251.525 1451 0 0 -36.1354 110.419 -205.85 
     29 204.059 785 0 0 17.978 -22.85 -205.929 
     29 69.6189 787 0 0 17.9111 -22.65 -205.892 
     29 26.7013 973 0 1 14.85 -52.8166 -204.783 
     29 101.805 786 0 0 18.0924 -22.8499 -206.011 
     29 82.4123 1370 0 0 -78.3421 94.348 -206.25 
     29 129.833 1369 0 0 -78.2038 94.15 -206.036 
     29 53.9203 527 0 1 -74.6449 93.1561 -204.85 
     29 81.3576 528 0 1 -74.45 93.0905 -204.792 
     29 51.0971 529 0 1 -74.25 93.0585 -204.744 
     29 51.6287 530 0 1 -74.05 92.9868 -204.719 
     29 108.735 531 0 1 -73.85 92.9404 -204.737 
     29 58.9138 532 0 1 -73.65 92.903 -204.763 
     29 57.3778 533 0 1 -73.45 92.8699 -204.752 
     29 54.6686 534 0 1 -73.25 92.8783 -204.759 
     29 64.1604 535 0 1 -73.05 92.8731 -204.768 
     29 80.1548 536 0 1 -72.85 92.7184 -204.764 
     29 26.137 1356 0 0 -72.1407 91.4214 -205.85 
     29 116.002 1355 0 0 -72.1085 91.35 -205.918 
     29 124.303 1354 0 0 -71.996 91.15 -206.123 
     29 23.5605 723 3 1 -35.45 109.103 -114.588 
     29 156.799 1446 3 0 -34.5322 109.405 -115.85 
     29 101.887 1445 3 0 -34.2113 109.35 -115.916 
     29 208.272 726 3 1 -34.8438 111.081 -114.85 
     29 249.056 725 3 1 -34.85 111.147 -114.82 
     29 60.4984 654 5 1 -49.0949 114.417 -54.45 
     29 205.612 720 5 1 -35.9044 108.718 -54.45 
     29 224.635 721 4 1 -35.6703 110.449 -84.45 
     29 112.251 1451 4 0 -35.8626 110.515 -85.85 
     29 114.032 699 3 1 -40.1164 111.715 -114.45 
     29 141.035 1458 3 0 -40.2674 111.823 -115.85 
     29 179.49 684 2 1 -43.0938 113.96 -144.45 
     29 172.241 1469 2 0 -43.0775 114.001 -145.85 
     29 285.6 683 1 1 -43.2634 114.717 -174.45 
     29 112.008 1472 1 0 -43.3336 114.728 -175.85 
     29 221.682 673 0 1 -45.3578 114.609 -204.45 
     29 210.972 1472 0 0 -45.5736 114.573 -205.85 
     29 207.233 1471 0 0 -45.5404 114.55 -206.053 
     29 128.642 1473 1 0 -43.5104 114.775 -175.85 
     29 184.849 683 2 1 -43.25 113.759 -144.571 
     29 105.85 1464 2 0 -43.8688 113.107 -145.85 
     29 61.0892 1463 2 0 -44.0315 112.95 -146.069 
     29 95.3271 1442 2 0 -70.368 108.625 -146.25 
     29 261.675 551 2 1 -69.7918 108.917 -144.85 
     29 157.124 552 2 1 -69.6499 108.947 -144.564 
     29 11.0903 550 2 1 -69.8506 109.693 -144.72 
     29 360.129 576 2 1 -64.8396 109.052 -144.85 
     29 172.617 575 2 1 -64.85 109.694 -144.537 
     29 29.3727 721 5 1 -35.8499 107.777 -54.7403 
     29 70.1336 1435 5 0 -35.5252 107.256 -55.85 
     29 124.577 1434 5 0 -35.4615 107.15 -56.0626 
     29 193.197 760 4 1 -27.9364 93.4563 -84.4503 
     29 56.4468 1360 4 0 -28.2047 92.2756 -85.85 
     29 95.5848 1359 4 0 -28.2366 92.1499 -85.9992 
     29 0.310399 1358 4 0 -28.294 91.95 -86.2485 
     29 19.6783 1236 3 0 -34.5436 67.3429 -115.85 
     29 55.5795 1235 3 0 -34.5286 67.2495 -115.901 
     29 64.537 1234 3 0 -34.4901 67.05 -116.018 
     29 73.5865 1233 3 0 -34.4611 66.85 -116.135 
     29 8.45632 770 2 1 -25.8554 24.9186 -144.45 
     29 145.108 771 2 1 -25.85 24.8983 -144.486 
     29 54.0126 1020 2 0 -25.6794 24.1395 -145.85 
     29 62.4496 1019 2 0 -25.661 24.05 -146.018 
     29 119.815 778 1 1 -24.3158 8.676 -174.45 
     29 43.7518 779 1 1 -24.25 8.4655 -174.724 
     29 54.7698 937 1 0 -23.9967 7.58528 -175.851 
     29 175.346 936 1 0 -23.9621 7.44994 -176.017 
     29 166.779 806 0 1 -18.7851 -12.4479 -204.45 
     29 56.0749 833 0 0 -19.1063 -13.3373 -205.851 
     29 80.413 832 0 0 -19.1495 -13.45 -206.015 
     29 33.0324 1000 6 0 -175.765 20.0946 -26.2499 
     29 151.293 999 6 0 -175.761 20.05 -26.2025 
     29 9.5092 410 2 1 -97.95 -10.9296 -144.463 
Number of digits in this event: 42
Using G4ParticleGun... 
Particle energy: 3.60843 LIN
Particle: e-
Event: 30
Number of tracker hits in this event: 22
     30 141.704 468 10 1 -86.2658 11.9612 95.55 
     30 357.335 959 10 0 -86.2654 11.9632 94.15 
     30 114.677 468 9 1 -86.2584 12.0054 65.55 
     30 136.089 959 9 0 -86.257 12.0083 64.15 
     30 182.16 469 8 1 -86.2293 12.0594 35.55 
     30 134.483 960 8 0 -86.2296 12.0636 34.15 
     30 120.465 469 7 1 -86.2251 12.1532 5.55 
     30 102.544 960 7 0 -86.2257 12.1587 4.15 
     30 162.708 469 6 1 -86.244 12.2684 -24.45 
     30 116.813 961 6 0 -86.2471 12.2708 -25.85 
     30 113.601 468 5 1 -86.3099 12.3257 -54.45 
     30 119.488 961 5 0 -86.3181 12.3278 -55.85 
     30 124.328 467 4 1 -86.4836 12.3655 -84.45 
     30 136.959 961 4 0 -86.4897 12.3663 -85.85 
     30 122.541 467 3 1 -86.6199 12.3874 -114.45 
     30 124.781 961 3 0 -86.6227 12.3901 -115.85 
     30 152.485 466 2 1 -86.6758 12.4518 -144.45 
     30 126.285 962 2 0 -86.6802 12.4565 -145.85 
     30 135.646 466 1 1 -86.7787 12.5564 -174.45 
     30 143.909 962 1 0 -86.7817 12.5605 -175.85 
     30 122.978 466 0 1 -86.8396 12.6382 -204.45 
     30 141.272 962 0 0 -86.8446 12.6434 -205.85 
Number of digits in this event: 20
Using G4ParticleGun... 
Particle energy: 2.47665 LIN
Particle: e-
Event: 31
Number of tracker hits in this event: 25
     31 132.628 1142 10 1 48.4987 -96.3386 95.55 
     31 115.554 419 10 0 48.5001 -96.3394 94.15 
     31 133.603 1142 9 1 48.5261 -96.3518 65.55 
     31 128.775 419 9 0 48.53 -96.3473 64.15 
     31 247.092 1142 8 1 48.6033 -96.2442 35.55 
     31 115.64 419 8 0 48.6027 -96.2381 34.15 
     31 117.129 1142 7 1 48.5965 -96.1151 5.55 
     31 218.886 420 7 0 48.5998 -96.1076 4.15 
     31 110.56 1143 6 1 48.6647 -95.956 -24.45 
     31 61.5816 420 6 0 48.6699 -95.9506 -25.85 
     31 82.6941 421 6 0 48.6705 -95.95 -26.0191 
     31 138.491 1143 5 1 48.7801 -95.8423 -54.45 
     31 103.177 421 5 0 48.7845 -95.8362 -55.85 
     31 134.244 1144 4 1 48.8753 -95.7065 -84.45 
     31 119.571 422 4 0 48.8811 -95.6991 -85.85 
     31 120.379 1144 3 1 49.0162 -95.5303 -114.45 
     31 121.784 423 3 0 49.0223 -95.5189 -115.85 
     31 106.355 1145 2 1 49.151 -95.2873 -144.45 
     31 136.343 424 2 0 49.1588 -95.2783 -145.85 
     31 171.593 1146 1 1 49.316 -95.0536 -174.45 
     31 99.5561 425 1 0 49.3236 -95.0464 -175.85 
     31 165.384 1147 0 1 49.4703 -94.8856 -204.45 
     31 151.322 426 0 0 49.4767 -94.8784 -205.85 
     31 84.1959 284 0 0 31.5819 -123.287 -206.25 
     31 138.681 426 3 0 50.9757 -94.7916 -115.85 
Number of digits in this event: 16
Using G4ParticleGun... 
Particle energy: 1.19717 LIN
Particle: e-
Event: 32
Number of tracker hits in this event: 146
     32 228.614 788 11 1 -22.403 -0.841635 125.55 
     32 93.7668 896 11 0 -22.3984 -0.839255 124.15 
     32 122.898 788 10 1 -22.3204 -0.803012 95.55 
     32 136.513 896 10 0 -22.3106 -0.803654 94.15 
     32 131.487 789 9 1 -22.1193 -0.809877 65.55 
     32 121.571 896 9 0 -22.107 -0.807218 64.15 
     32 100.91 790 8 1 -21.9113 -0.793933 35.55 
     32 157.865 896 8 0 -21.9137 -0.791421 34.15 
     32 168.073 790 7 1 -21.9245 -0.718708 5.55 
     32 115.346 896 7 0 -21.9168 -0.725233 4.15 
     32 287.317 791 6 1 -21.792 -0.879758 -24.45 
     32 108.163 895 6 0 -21.7792 -0.874957 -25.85 
     32 139.933 792 5 1 -21.5139 -0.787424 -54.45 
     32 140 896 5 0 -21.4957 -0.78236 -55.85 
     32 188.576 794 4 1 -21.1393 -0.651197 -84.45 
     32 174.445 897 4 0 -21.1198 -0.642078 -85.85 
     32 221.775 796 3 1 -20.8038 -0.563818 -114.45 
     32 103.599 897 3 0 -20.7854 -0.535498 -115.85 
     32 141.309 797 2 1 -20.4518 0.199575 -144.45 
     32 0.669959 798 2 1 -20.45 0.210577 -144.845 
     32 88.6329 900 2 0 -20.4467 0.242289 -145.85 
     32 35.9838 901 2 0 -20.4459 0.25 -146.094 
     32 258.166 798 1 1 -20.3271 1.02477 -174.45 
     32 124.01 904 1 0 -20.2661 1.01046 -175.85 
     32 206.49 805 0 1 -19.0495 0.706166 -204.45 
     32 109.232 903 0 0 -19.0037 0.698071 -205.85 
     32 94.3531 624 0 1 -55.1113 4.44583 -204.85 
     32 99.2184 521 7 0 -38.2098 -75.7289 3.75005 
     32 64.9902 520 7 0 -38.2292 -75.85 3.80877 
     32 82.8194 519 7 0 -38.2578 -76.05 3.94594 
     32 63.2414 518 7 0 -38.2815 -76.25 4.05355 
     32 89.2817 706 7 1 -38.7937 -78.3706 5.15005 
     32 183.839 705 7 1 -38.85 -78.7337 5.31135 
     32 65.9368 894 6 0 -21.7162 -1.209 -25.85 
     32 62.1373 893 6 0 -21.7035 -1.25 -26.0227 
     32 43.1131 799 5 1 -20.2295 -8.28391 -54.45 
     32 61.6654 798 5 1 -20.25 -8.30284 -54.6442 
     32 146.973 858 5 0 -20.3729 -8.39392 -55.85 
     32 111.638 780 4 1 -23.8826 -10.1603 -84.45 
     32 0.432605 781 4 1 -23.85 -10.1563 -84.8478 
     32 98.4727 849 4 0 -23.7946 -10.1463 -85.8503 
     32 26.9265 780 3 1 -23.8792 -9.00902 -114.45 
     32 202.601 781 3 1 -23.8498 -9.03184 -114.555 
     32 173.504 853 3 0 -23.4853 -9.31607 -115.85 
     32 136.002 819 2 1 -16.0699 -14.0821 -144.45 
     32 97.1125 820 2 1 -16.05 -14.0889 -144.477 
     32 51.9256 821 2 1 -15.8498 -14.1572 -144.748 
     32 120.041 828 2 0 -15.0448 -14.3882 -145.85 
     32 31.3444 827 2 0 -14.8438 -14.45 -146.141 
     32 25.6696 903 1 1 0.763818 -18.6166 -174.45 
     32 54.4108 904 1 1 0.85 -18.6085 -174.494 
     32 82.1876 905 1 1 1.05 -18.5837 -174.589 
     32 61.31 906 1 1 1.25 -18.5578 -174.698 
     32 15.8281 907 1 1 1.45 -18.5212 -174.822 
     32 265.367 808 1 0 3.10306 -18.3488 -175.85 
     32 157.675 891 1 0 64.8545 -1.70738 -176.25 
     32 102.138 892 1 0 64.9242 -1.65 -176.107 
     32 25.5626 1228 1 1 65.7926 -1.33989 -174.85 
     32 108.734 1229 1 1 65.8504 -1.31967 -174.768 
     32 52.8989 1230 1 1 66.05 -1.28954 -174.512 
     32 89.0604 1231 1 1 66.25 -0.825585 -174.591 
     32 41.493 901 1 0 66.9572 0.326268 -175.85 
     32 115.097 902 1 0 67.0244 0.450164 -175.957 
     32 64.1426 903 1 0 67.1254 0.65 -176.11 
     32 127.224 789 5 1 -22.2011 -0.462688 -54.45 
     32 101.928 897 5 0 -22.1794 -0.476356 -55.85 
     32 97.7769 792 4 1 -21.4938 -0.865869 -84.4503 
     32 117.715 895 4 0 -21.451 -0.94261 -85.8505 
     32 263.71 798 3 1 -20.4286 -2.61597 -114.451 
     32 95.9678 886 3 0 -20.3162 -2.79498 -115.851 
     32 1.79389 885 3 0 -20.2798 -2.85 -116.243 
     32 179.284 812 2 1 -17.6243 -6.83063 -144.45 
     32 115.596 865 2 0 -17.5692 -7.01046 -145.85 
     32 19.3027 864 2 0 -17.5563 -7.05 -146.167 
     32 132.831 817 1 1 -16.5822 -10.5769 -174.45 
     32 177.967 846 1 0 -16.5493 -10.7445 -175.85 
     32 114.742 819 0 1 -16.1408 -13.7214 -204.45 
     32 26.1995 831 0 0 -16.1889 -13.8418 -205.85 
     32 92.8813 830 0 0 -16.1926 -13.85 -205.948 
     32 0.15155 462 0 0 -52.8617 -87.45 -205.999 
     32 11.4851 461 0 0 -52.9596 -87.65 -205.878 
     32 127.14 631 0 1 -53.7351 -88.1379 -204.85 
     32 191.153 630 0 1 -53.85 -88.1936 -204.7 
     32 109.548 872 6 0 -32.261 -5.5944 -26.25 
     32 93.0016 736 6 1 -32.6877 -5.79102 -24.85 
     32 118.116 735 6 1 -32.85 -5.68071 -24.586 
     32 140.816 734 6 1 -33.05 -5.34828 -24.4799 
     32 105.696 733 6 1 -33.25 -4.89471 -24.5527 
     32 73.3193 732 6 1 -33.4504 -4.70748 -24.5737 
     32 47.6161 731 6 1 -33.65 -4.63648 -24.5373 
     32 40.4055 730 6 1 -33.9402 -4.63531 -24.45 
     32 131.037 729 6 1 -34.0501 -4.57748 -24.5154 
     32 486.746 728 6 1 -34.25 -4.45851 -24.5512 
     32 74.2188 727 6 1 -34.45 -3.972 -24.4896 
     32 212.672 791 3 1 -21.7359 -0.659595 -114.451 
     32 120.472 896 3 0 -21.4492 -0.757561 -115.85 
     32 113.395 892 2 0 -16.1534 -1.45655 -145.85 
     32 124.333 807 1 1 -18.5411 -1.74308 -174.45 
     32 22.8981 890 1 0 -18.6949 -1.85 -176.15 
     32 137.967 794 0 1 -21.0997 -3.79794 -204.45 
     32 233.885 880 0 0 -21.3426 -3.85898 -205.85 
     32 169.832 881 0 0 -21.5968 -3.85 -206.192 
     32 97.095 810 0 0 -43.3665 -17.9734 -206.25 
     32 12.2375 792 3 1 -21.5009 -0.616372 -114.45 
     32 63.8664 793 3 1 -21.45 -0.63321 -114.465 
     32 46.9519 794 3 1 -21.2496 -0.710952 -114.516 
     32 59.4531 795 3 1 -21.0497 -0.754166 -114.551 
     32 63.6857 797 3 1 -20.65 -0.841789 -114.609 
     32 51.7211 799 3 1 -20.25 -0.903653 -114.639 
     32 57.8309 800 3 1 -20.05 -0.93021 -114.657 
     32 54.8035 801 3 1 -19.85 -0.947795 -114.675 
     32 56.382 802 3 1 -19.65 -0.970336 -114.687 
     32 60.7036 803 3 1 -19.45 -1.0072 -114.724 
     32 70.0345 804 3 1 -19.25 -1.05627 -114.744 
     32 68.2836 805 3 1 -19.05 -1.12423 -114.749 
     32 70.3312 806 3 1 -18.8497 -1.19861 -114.75 
     32 50.667 807 3 1 -18.6499 -1.27126 -114.759 
     32 56.9453 808 3 1 -18.45 -1.35507 -114.79 
     32 32.7973 809 3 1 -18.2499 -1.43105 -114.833 
     32 128.409 878 3 0 -9.3703 -4.41352 -115.85 
     32 176.368 877 3 0 -9.25371 -4.45 -115.86 
     32 38.7229 892 3 1 -1.59594 -7.42627 -114.85 
     32 20.647 844 3 0 6.96899 -11.2206 -115.85 
     32 141.306 843 3 0 7.03492 -11.25 -115.859 
     32 115.543 842 3 0 7.46591 -11.45 -115.914 
     32 89.8027 841 3 0 7.79269 -11.65 -115.951 
     32 122.517 840 3 0 8.09169 -11.85 -116.007 
     32 231.635 839 3 0 8.52026 -12.05 -116.06 
     32 196.118 802 3 0 168.664 -19.5209 -116.25 
     32 231.753 803 3 0 169.27 -19.45 -116.156 
     32 94.1258 804 3 0 170.071 -19.25 -115.995 
     32 69.8211 805 3 0 170.336 -19.05 -115.882 
     32 41.8105 1769 3 1 174.034 -16.0622 -114.85 
     32 48.937 1770 3 1 174.15 -15.9873 -114.808 
     32 45.0984 1771 3 1 174.35 -15.9166 -114.754 
     32 46.1958 1772 3 1 174.55 -15.8733 -114.708 
     32 87.281 1773 3 1 174.75 -15.8364 -114.633 
     32 69.0672 1774 3 1 174.95 -15.7505 -114.534 
     32 51.6246 1775 3 1 175.15 -15.6427 -114.472 
     32 13.6902 1776 3 1 175.505 -15.5411 -114.45 
     32 135.616 1777 3 1 175.55 -15.5294 -114.504 
     32 11.7405 1778 3 1 175.75 -15.4743 -114.806 
     32 138.346 823 3 0 176.133 -15.3286 -115.85 
     32 171.39 819 3 0 175.814 -16.1254 -115.85 
     32 77.4897 1790 3 1 178.167 -16.4345 -114.85 
     32 82.2572 824 3 0 176.766 -15.0705 -115.85 
Number of digits in this event: 54
Using G4ParticleGun... 
Particle energy: 3.07407 LIN
Particle: e-
Event: 33
Number of tracker hits in this event: 75
     33 360.796 369 9 1 -106.253 69.5153 65.55 
     33 359.913 1247 9 0 -106.253 69.5158 64.15 
     33 107.685 369 8 1 -106.26 69.5339 35.55 
     33 128.968 1247 8 0 -106.258 69.5306 34.15 
     33 116.979 369 7 1 -106.23 69.4537 5.55 
     33 115.394 1246 7 0 -106.229 69.4465 4.15 
     33 137.091 369 6 1 -106.205 69.3072 -24.45 
     33 176.179 1246 6 0 -106.203 69.3018 -25.85 
     33 137.071 370 5 1 -106.134 69.2164 -54.45 
     33 104.784 1245 5 0 -106.128 69.2159 -55.85 
     33 166.371 370 4 1 -106.01 69.1944 -84.45 
     33 129.15 1245 4 0 -106.011 69.2101 -85.85 
     33 108.193 370 3 1 -106.035 69.532 -114.45 
     33 142.648 1247 3 0 -106.035 69.5527 -115.85 
     33 139.972 370 2 1 -106.024 70.0071 -144.45 
     33 107.043 1249 2 0 -106.028 70.0294 -145.85 
     33 165.988 370 1 1 -106.11 70.481 -174.45 
     33 120.585 1252 1 0 -106.117 70.5087 -175.85 
     33 134.833 369 0 1 -106.265 71.0464 -204.45 
     33 101.392 1255 0 0 -106.271 71.0759 -205.85 
     33 272.995 486 13 1 -82.7721 133.606 185.15 
     33 15.0298 601 6 0 -167.002 -59.7401 -26.25 
     33 54.1681 1247 0 0 -106.47 69.4763 -205.85 
     33 78.4022 1246 0 0 -106.492 69.4499 -206.051 
     33 61.4062 1320 0 0 -105.544 84.104 -206.25 
     33 35.0454 1321 0 0 -105.604 84.2503 -206.221 
     33 134.609 1241 0 0 -97.3488 68.3702 -206.25 
     33 416.764 350 8 1 -110.064 70.5016 35.55 
     33 96.7708 1254 8 0 -110.234 70.9878 34.15 
     33 68.8607 1255 8 0 -110.277 71.05 33.9616 
     33 43.4376 243 7 1 -131.482 81.2253 5.55 
     33 128.252 242 7 1 -131.55 81.2518 5.42894 
     33 17.7758 1307 7 0 -132.497 81.6353 4.15 
     33 270.536 1308 7 0 -132.543 81.65 4.08882 
     33 27.6184 132 6 1 -153.688 86.8734 -24.45 
     33 85.1535 131 6 1 -153.75 86.9183 -24.5148 
     33 85.7557 130 6 1 -153.95 87.0883 -24.6915 
     33 36.5264 1341 6 0 -155.005 88.3587 -25.85 
     33 61.4211 1342 6 0 -155.063 88.45 -25.9249 
     33 56.0292 1343 6 0 -155.156 88.6511 -26.0693 
     33 86.3448 1344 6 0 -155.236 88.8502 -26.1653 
     33 0.590673 1345 6 0 -155.306 89.0503 -26.2483 
     33 19.6836 1309 7 0 -132.75 81.8501 4.13968 
     33 49.7716 233 7 1 -133.46 83.5073 5.15 
     33 70.1376 232 7 1 -133.55 83.5933 5.17373 
     33 162.826 1321 7 0 -133.348 84.3259 4.15 
     33 128.882 1322 7 0 -133.245 84.45 3.95833 
     33 32.6071 351 8 1 -109.949 70.2638 35.2068 
     33 221.926 349 8 1 -110.15 70.4258 35.2508 
     33 23.6624 370 9 1 -106.15 69.5648 65.2413 
     33 50.9481 1248 9 0 -105.874 69.65 63.9377 
     33 35.5758 389 8 1 -102.167 72.3283 35.55 
     33 94.6069 390 8 1 -102.15 72.336 35.4878 
     33 174.606 1262 8 0 -101.869 72.4596 34.15 
     33 141.72 417 7 1 -96.5991 72.5636 5.55 
     33 112.904 1262 7 0 -96.6922 72.6129 4.15 
     33 13.455 1263 7 0 -96.7006 72.65 3.8016 
     33 88.4364 412 6 1 -97.6209 76.3744 -24.4504 
     33 46.5301 411 6 1 -97.7501 76.3564 -24.7541 
     33 47.1728 1281 6 0 -98.1711 76.2601 -25.85 
     33 79.2944 1280 6 0 -98.2158 76.25 -25.9696 
     33 104.063 348 5 1 -110.369 71.6423 -54.45 
     33 16.5505 347 5 1 -110.55 71.764 -54.8025 
     33 3.00291 1259 5 0 -111.144 72.0474 -55.85 
     33 116.743 1260 5 0 -111.149 72.05 -55.86 
     33 123.358 301 4 1 -119.917 73.0894 -84.4502 
     33 163.423 1265 4 0 -119.559 73.1232 -85.85 
     33 124.152 331 3 1 -113.934 76.3392 -114.45 
     33 64.404 1284 3 0 -113.595 76.969 -115.85 
     33 62.5449 1285 3 0 -113.539 77.05 -116.059 
     33 69.2368 380 2 1 -103.975 87.9208 -144.45 
     33 55.5134 379 2 1 -104.15 87.8862 -144.536 
     33 72.6529 378 2 1 -104.35 87.8646 -144.638 
     33 12.0202 377 2 1 -104.55 87.8869 -144.821 
     33 135.266 1340 2 0 -105.322 88.0912 -145.85 
Number of digits in this event: 29
Using G4ParticleGun... 
Particle energy: 1.36622 LIN
Particle: e-
Event: 34
Number of tracker hits in this event: 27
     34 111.933 1549 8 1 130.14 48.3455 35.55 
     34 107.454 1141 8 0 130.14 48.3489 34.15 
     34 129.026 1549 7 1 130.107 48.4448 5.55 
     34 115.91 1142 7 0 130.107 48.4545 4.15 
     34 152.751 1549 6 1 130.124 48.6532 -24.45 
     34 131.918 1143 6 0 130.131 48.663 -25.85 
     34 109.373 1550 5 1 130.268 48.8597 -54.45 
     34 177.425 1144 5 0 130.267 48.8809 -55.85 
     34 157.891 1550 4 1 130.231 49.3067 -84.45 
     34 102.832 1146 4 0 130.23 49.3276 -85.85 
     34 160.791 1550 3 1 130.234 49.7945 -114.45 
     34 167.597 1148 3 0 130.238 49.808 -115.85 
     34 113.64 1550 2 1 130.287 50.2147 -144.45 
     34 109.327 1150 2 0 130.284 50.2425 -145.85 
     34 6.99169 1151 2 0 130.284 50.25 -146.225 
     34 346.194 1550 1 1 130.244 50.7952 -174.45 
     34 203.367 1153 1 0 130.244 50.8199 -175.85 
     34 110.7 1550 0 1 130.239 51.3376 -204.45 
     34 476.164 1549 0 1 130.15 51.2543 -204.718 
     34 301.616 1153 0 0 129.747 50.8475 -205.85 
     34 6.39283 1152 1 0 130.281 50.6452 -175.85 
     34 166.51 1570 0 1 134.245 54.1132 -204.45 
     34 37.1728 1175 0 0 134.185 55.1625 -205.85 
     34 96.1159 1176 0 0 134.183 55.25 -205.962 
     34 5.02945 1177 0 0 134.202 55.45 -206.237 
     34 200.851 1151 1 0 130.154 50.4212 -175.85 
     34 48.4751 1154 0 0 130.095 50.85 -206.117 
Number of digits in this event: 15
Using G4ParticleGun... 
Particle energy: 9.17809 LIN
Particle: e-
Event: 35
Number of tracker hits in this event: 34
     35 112.309 955 11 1 11.2239 17.9202 125.55 
     35 107.792 989 11 0 11.2253 17.9205 124.15 
     35 255.659 956 10 1 11.2564 17.9317 95.55 
     35 130.198 989 10 0 11.2572 17.9317 94.15 
     35 114.273 956 9 1 11.2773 17.9267 65.55 
     35 228.551 989 9 0 11.2772 17.9269 64.15 
     35 161.843 956 8 1 11.2702 17.928 35.55 
     35 124.463 989 8 0 11.2701 17.9303 34.15 
     35 113.892 956 7 1 11.2647 17.9683 5.55 
     35 130.432 989 7 0 11.2637 17.9714 4.15 
     35 150.549 955 6 1 11.2491 18.0346 -24.45 
     35 274.227 989 6 0 11.2479 18.0381 -25.85 
     35 117.399 955 5 1 11.2245 18.1106 -54.45 
     35 132.178 990 5 0 11.2237 18.1147 -55.85 
     35 172.018 955 4 1 11.2071 18.1982 -84.45 
     35 137.43 990 4 0 11.2057 18.2028 -85.85 
     35 177.612 955 3 1 11.1767 18.2976 -114.45 
     35 135.578 991 3 0 11.1754 18.3028 -115.85 
     35 115.624 955 2 1 11.1439 18.4146 -144.45 
     35 100.11 991 2 0 11.145 18.4181 -145.85 
     35 314.875 955 1 1 11.1695 18.4856 -174.45 
     35 150.91 992 1 0 11.1706 18.4881 -175.85 
     35 149.619 955 0 1 11.1961 18.5356 -204.45 
     35 125.671 992 0 0 11.197 18.5376 -205.85 
     35 209.581 991 1 0 11.1846 18.3297 -175.85 
     35 74.4809 961 0 1 12.3716 17.2027 -204.45 
     35 30.717 962 0 1 12.45 17.2382 -204.714 
     35 132.262 986 0 0 12.9491 17.3834 -205.85 
     35 149.398 953 0 1 10.7154 18.2249 -204.45 
     35 134.205 990 0 0 10.926 18.1434 -205.85 
     35 126.207 988 9 0 11.3831 17.85 63.9668 
     35 251.601 985 9 0 55.4318 17.0961 63.7502 
     35 37.1619 984 9 0 55.531 17.0497 63.8452 
     35 98.3186 348 2 0 91.9001 -110.35 -146.07 
Number of digits in this event: 26
Using G4ParticleGun... 
Particle energy: 4.7713 LIN
Particle: e-
Event: 36
Number of tracker hits in this event: 124
     36 25.5452 815 11 1 -16.9616 80.9125 125.162 
     36 298.399 1304 11 0 -16.9616 80.9125 124.15 
     36 105.068 815 10 1 -16.9666 80.9042 95.55 
     36 146.608 1304 10 0 -16.9679 80.9044 94.15 
     36 184.118 815 9 1 -16.9941 80.9051 65.55 
     36 103.43 1304 9 0 -16.9951 80.9033 64.15 
     36 118.518 815 8 1 -17.0056 80.8654 35.55 
     36 103.454 1304 8 0 -17.0059 80.8656 34.15 
     36 163.109 815 7 1 -17.0097 80.8756 5.55 
     36 101.336 1304 7 0 -17.0075 80.8765 4.15 
     36 117.607 815 6 1 -16.96 80.889 -24.45 
     36 154.212 1304 6 0 -16.9575 80.8889 -25.85 
     36 421.25 815 5 1 -16.9101 80.8896 -54.45 
     36 340.054 1304 5 0 -16.9086 80.8899 -55.85 
     36 112.898 815 4 1 -16.881 80.8873 -84.45 
     36 98.9796 1304 4 0 -16.8787 80.8882 -85.85 
     36 128.608 816 3 1 -16.8294 80.9056 -114.45 
     36 140.501 1304 3 0 -16.8283 80.9044 -115.85 
     36 117.677 816 2 1 -16.8116 80.8864 -144.45 
     36 116.37 1304 2 0 -16.8107 80.8842 -145.85 
     36 137.085 816 1 1 -16.7968 80.836 -174.45 
     36 283.257 1303 1 0 -16.7962 80.8337 -175.85 
     36 606.133 816 0 1 -16.7876 80.783 -204.45 
     36 150.794 1303 0 0 -16.7874 80.7797 -205.85 
     36 94.2133 815 1 1 -16.85 80.8157 -174.815 
     36 76.9378 1307 1 0 -17.1844 81.5707 -175.85 
     36 143.756 1304 0 0 -16.7105 80.8956 -205.85 
     36 16.9826 1625 2 1 145.15 -15.7179 -144.829 
     36 15.66 756 2 0 177.576 -28.65 -146.025 
     36 59.9972 815 0 1 -16.8502 80.9434 -204.529 
     36 50.7445 814 0 1 -17.05 80.9502 -204.619 
     36 58.0687 813 0 1 -17.25 80.9356 -204.662 
     36 69.3653 812 0 1 -17.45 80.9603 -204.695 
     36 49.62 811 0 1 -17.65 80.9544 -204.722 
     36 56.0042 810 0 1 -17.85 80.9138 -204.77 
     36 30.7523 809 0 1 -18.0501 80.8123 -204.822 
     36 27.5646 1298 0 0 -20.2789 79.667 -205.85 
     36 59.739 1297 0 0 -20.309 79.65 -205.863 
     36 92.4968 1296 0 0 -20.441 79.45 -205.965 
     36 58.436 1295 0 0 -20.5274 79.25 -206.067 
     36 63.3264 1294 0 0 -20.6005 79.05 -206.172 
     36 22.4526 817 0 1 -16.6242 80.9928 -204.45 
     36 84.0998 814 7 1 -17.05 80.8289 5.31887 
     36 31.2459 813 7 1 -17.25 80.9462 5.19064 
     36 277 1295 7 0 -17.055 79.1906 4.14997 
     36 97.6334 1303 5 0 -16.9969 80.6871 -55.8502 
     36 90.1177 820 4 1 -15.9674 81.8906 -84.4503 
     36 81.2468 819 4 1 -16.05 81.9727 -84.6614 
     36 50.9133 1311 4 0 -16.5276 82.3809 -85.85 
     36 93.0877 1312 4 0 -16.6131 82.45 -86.045 
     36 142.178 1349 4 0 -52.8286 89.982 -86.25 
     36 50.2327 631 4 1 -53.7682 89.6879 -84.85 
     36 264.451 630 4 1 -53.85 89.6537 -84.7226 
     36 278.148 1445 5 0 -56.9562 109.162 -56.25 
     36 62.1886 1446 5 0 -56.9731 109.35 -56.0271 
     36 175.885 614 5 1 -57.0818 110.43 -54.85 
     36 104.542 1535 6 0 -40.9142 127.171 -26.2495 
     36 19.8754 1536 6 0 -40.6986 127.35 -25.9238 
     36 37.9669 700 6 1 -39.9255 127.872 -24.85 
     36 112.287 701 6 1 -39.85 127.919 -24.7494 
     36 37.8601 702 6 1 -39.65 128.001 -24.4898 
     36 44.5757 703 6 1 -39.3623 128.018 -24.4501 
     36 89.4769 704 6 1 -39.25 128.063 -24.5935 
     36 0.0521334 705 6 1 -39.05 128.177 -24.8486 
     36 142.85 1541 6 0 -38.4239 128.443 -25.85 
     36 13.5291 1542 6 0 -38.1992 128.55 -26.2362 
     36 86.7726 792 5 1 -21.6044 134.228 -54.45 
     36 57.1056 793 5 1 -21.45 134.17 -54.5426 
     36 60.9333 794 5 1 -21.25 134.107 -54.6374 
     36 160.498 795 5 1 -21.05 134.027 -54.7437 
     36 80.811 1563 5 0 -19.6254 132.868 -55.85 
     36 71.7227 1562 5 0 -19.4687 132.75 -55.9427 
     36 294.787 1561 5 0 -19.2373 132.55 -56.027 
     36 107.12 1560 5 0 -18.8762 132.35 -56.0743 
     36 71.0446 1559 5 0 -18.5624 132.15 -56.0604 
     36 70.1374 1558 5 0 -18.3371 131.95 -56.0322 
     36 134.939 1557 5 0 -18.174 131.75 -56.0118 
     36 85.9283 1556 5 0 -17.9982 131.55 -56.0235 
     36 162.211 1555 5 0 -17.8002 131.35 -56.1092 
     36 210.439 1554 5 0 -17.5169 131.15 -56.1371 
     36 309.016 1553 5 0 -17.0503 130.95 -56.0887 
     36 274.137 1552 5 0 -16.6721 130.75 -56.0054 
     36 93.6032 810 5 1 -17.9915 132.603 -54.8499 
     36 186.595 809 5 1 -18.05 132.694 -54.7967 
     36 247.876 808 5 1 -18.25 132.943 -54.6242 
     36 217.789 1565 5 0 -17.2578 133.261 -55.8501 
     36 75.7951 1566 5 0 -16.8354 133.35 -56.1163 
     36 9.63298 859 4 1 -8.07859 82.9132 -84.4501 
     36 60.5545 860 4 1 -8.05 82.9365 -84.4609 
     36 57.055 861 4 1 -7.85 83.0696 -84.4937 
     36 118.748 862 4 1 -7.65 83.18 -84.4928 
     36 69.5356 863 4 1 -7.44964 83.2978 -84.4861 
     36 62.9774 864 4 1 -7.25 83.3921 -84.4708 
     36 173.831 865 4 1 -7.05 83.4707 -84.4613 
     36 68.0533 866 4 1 -6.85 83.5147 -84.4582 
     36 50.2072 867 4 1 -6.65 83.5532 -84.4769 
     36 58.3188 868 4 1 -6.44995 83.5801 -84.4818 
     36 57.7875 869 4 1 -6.25 83.6122 -84.5079 
     36 60.3309 870 4 1 -6.05 83.6512 -84.5907 
     36 72.4728 871 4 1 -5.84951 83.6787 -84.667 
     36 127.318 872 4 1 -5.65 83.705 -84.7185 
     36 68.3153 873 4 1 -5.45 83.7653 -84.7778 
     36 7.1619 874 4 1 -5.25 83.8325 -84.8404 
     36 58.1115 1324 4 0 -2.60783 84.9533 -85.85 
     36 120.21 1325 4 0 -2.40244 85.05 -85.9209 
     36 99.5154 1326 4 0 -2.12836 85.25 -85.979 
     36 85.8591 1327 4 0 -1.94339 85.45 -86.0697 
     36 49.023 1328 4 0 -1.74997 85.6501 -86.1701 
     36 35.363 1640 4 0 68.6148 148.237 -86.25 
     36 153.757 1641 4 0 68.7083 148.35 -86.1946 
     36 88.8183 1642 4 0 68.8754 148.55 -86.0943 
     36 140.632 1643 4 0 69.0833 148.75 -85.9794 
     36 2.65927 1644 4 0 69.3095 148.95 -85.8543 
     36 40.3686 1261 4 1 72.2935 150.292 -84.8498 
     36 118.552 1262 4 1 72.4506 150.369 -84.7979 
     36 262.141 1263 4 1 72.65 150.494 -84.6627 
     36 46.5495 1264 4 1 72.85 150.594 -84.4774 
     36 185.504 1651 4 0 71.5453 150.541 -85.85 
     36 45.9452 1652 4 0 71.3426 150.55 -86.0056 
     36 280.513 1424 4 0 61.4342 105.054 -86.25 
     36 100.708 1425 4 0 61.2431 105.15 -86.156 
     36 27.6089 1305 5 0 -16.6823 81.0501 -56.1549 
     36 294.224 804 4 1 -19.0651 92.475 -84.4501 
     36 389.392 805 4 1 -19.05 93.0822 -84.6304 
Number of digits in this event: 43
Using G4ParticleGun... 
Particle energy: 4.91054 LIN
Particle: e-
Event: 37
Number of tracker hits in this event: 24
     37 99.966 1104 9 1 40.9721 -110.249 65.55 
     37 195.064 349 9 0 40.9731 -110.249 64.15 
     37 123.675 1104 8 1 40.9973 -110.255 35.55 
     37 100.422 349 8 0 40.9976 -110.256 34.15 
     37 116.469 1104 7 1 41.0002 -110.264 5.55 
     37 101.412 349 7 0 40.9986 -110.264 4.15 
     37 189.936 1104 6 1 40.9693 -110.266 -24.45 
     37 216.361 349 6 0 40.9665 -110.266 -25.85 
     37 113.713 1104 5 1 40.9073 -110.248 -54.45 
     37 134.258 349 5 0 40.9054 -110.248 -55.85 
     37 160.98 1104 4 1 40.8647 -110.253 -84.45 
     37 155.312 349 4 0 40.8606 -110.252 -85.85 
     37 128.45 1103 3 1 40.7759 -110.234 -114.45 
     37 104.08 349 3 0 40.7722 -110.232 -115.85 
     37 94.6844 1103 2 1 40.6943 -110.207 -144.45 
     37 112.567 349 2 0 40.692 -110.203 -145.85 
     37 109.594 1102 1 1 40.6307 -110.13 -174.45 
     37 134.775 350 1 0 40.6279 -110.125 -175.85 
     37 122.027 1102 0 1 40.5705 -110.022 -204.45 
     37 127.516 350 0 0 40.5682 -110.016 -205.85 
     37 59.483 786 1 1 -22.85 -91.6285 -174.63 
     37 5.25039 845 2 1 -11.05 -80.3504 -144.518 
     37 96.4627 860 3 0 64.7046 -8.05 -116.19 
     37 28.8564 375 3 0 76.4483 -105.102 -116.25 
Number of digits in this event: 13
Using G4ParticleGun... 
Particle energy: 3.42087 LIN
Particle: e-
Event: 38
Number of tracker hits in this event: 36
     38 119.675 364 8 1 -107.35 -93.8879 35.55 
     38 135.213 431 8 0 -107.348 -93.8855 34.15 
     38 158.282 364 7 1 -107.316 -93.8319 5.55 
     38 137.489 431 7 0 -107.317 -93.8315 4.15 
     38 136.884 364 6 1 -107.342 -93.8144 -24.45 
     38 113.748 431 6 0 -107.344 -93.812 -25.85 
     38 132.913 363 5 1 -107.388 -93.7552 -54.45 
     38 126.004 431 5 0 -107.389 -93.756 -55.85 
     38 451.46 363 4 1 -107.421 -93.773 -84.45 
     38 146.674 431 4 0 -107.42 -93.7747 -85.85 
     38 429.509 363 3 1 -107.418 -93.8047 -114.45 
     38 613.459 431 3 0 -107.416 -93.8071 -115.85 
     38 111.837 363 2 1 -107.368 -93.8303 -144.45 
     38 381.121 431 2 0 -107.363 -93.8331 -145.85 
     38 137.34 364 1 1 -107.257 -93.896 -174.45 
     38 125.312 431 1 0 -107.251 -93.9006 -175.85 
     38 167.289 365 0 1 -107.127 -93.9946 -204.45 
     38 148.573 430 0 0 -107.121 -93.9983 -205.85 
     38 460.035 484 9 0 -103.261 -83.1048 63.75 
     38 25.2439 485 9 0 -103.247 -83.05 64.1106 
     38 101.791 243 11 1 -131.424 -107.194 125.15 
     38 66.2185 630 12 0 -165.256 -53.85 153.886 
     38 167.186 361 2 1 -107.846 -93.5825 -144.45 
     38 174.03 432 2 0 -107.837 -93.5847 -145.85 
     38 160.073 362 1 1 -107.614 -93.6842 -174.45 
     38 146.848 432 1 0 -107.612 -93.6952 -175.85 
     38 122.909 361 0 1 -107.899 -93.8659 -204.45 
     38 127.789 431 0 0 -107.888 -93.881 -205.85 
     38 132.431 353 2 1 -109.378 -93.7932 -144.45 
     38 103.012 340 1 1 -112.022 -95.2943 -174.45 
     38 144.468 423 1 0 -112.162 -95.3769 -175.85 
     38 117.986 324 0 1 -115.237 -97.3737 -204.45 
     38 6.24232 413 0 0 -115.29 -97.5474 -205.85 
     38 109.25 412 0 0 -115.291 -97.55 -205.87 
     38 7.80926 1556 5 1 131.35 -149.634 -54.7573 
     38 303.991 430 3 0 -107.554 -93.9504 -116.028 
Number of digits in this event: 26
Using G4ParticleGun... 
Particle energy: 5.98484 LIN
Particle: e-
Event: 39
Number of tracker hits in this event: 67
     39 126.333 621 10 1 -55.6874 -71.017 95.55 
     39 121.355 545 10 0 -55.6849 -71.0173 94.15 
     39 154.686 622 9 1 -55.6275 -71.0169 65.55 
     39 119.47 545 9 0 -55.6225 -71.0161 64.15 
     39 115.36 622 8 1 -55.5209 -70.9962 35.55 
     39 140.576 545 8 0 -55.5163 -70.9954 34.15 
     39 363.395 623 7 1 -55.4181 -70.9841 5.55 
     39 217.112 545 7 0 -55.4121 -70.9836 4.15 
     39 125.092 623 6 1 -55.2962 -70.9743 -24.45 
     39 195.817 545 6 0 -55.2906 -70.9735 -25.85 
     39 128.141 624 5 1 -55.1826 -70.9594 -54.45 
     39 122.259 545 5 0 -55.1771 -70.9589 -55.85 
     39 297.016 624 4 1 -55.0657 -70.9467 -84.45 
     39 124.374 545 4 0 -55.0627 -70.9483 -85.85 
     39 330.007 625 3 1 -55.0018 -70.9801 -114.45 
     39 179.479 545 3 0 -54.9987 -70.9812 -115.85 
     39 114.954 625 2 1 -54.9282 -71.0039 -144.45 
     39 259.138 545 2 0 -54.9242 -71.0052 -145.85 
     39 117.596 626 1 1 -54.8472 -71.032 -174.45 
     39 110.596 545 1 0 -54.8435 -71.0332 -175.85 
     39 232.61 626 0 1 -54.7618 -71.0636 -204.45 
     39 145.627 544 0 0 -54.7581 -71.0661 -205.85 
     39 376.817 627 0 1 -54.65 -70.8317 -204.739 
     39 81.6173 628 0 1 -54.45 -70.7435 -204.694 
     39 355.71 629 0 1 -54.25 -70.6959 -204.648 
     39 113.54 630 0 1 -54.05 -70.7978 -204.674 
     39 136.415 1679 2 0 -56.2359 156.077 -146.25 
     39 16.0988 626 3 1 -54.85 -70.8541 -114.809 
     39 390.445 548 3 0 -54.0113 -70.3917 -115.85 
     39 116.423 630 3 1 -53.9777 -69.2224 -114.85 
     39 113.208 546 0 0 -54.4902 -70.7969 -205.851 
     39 120.476 545 0 0 -54.4303 -70.9756 -205.851 
     39 1.10297 220 5 1 -136.15 -2.48273 -54.5384 
     39 27.3376 604 5 0 -6.70514 -59.1273 -56.25 
     39 227.562 898 5 1 -0.40831 -51.6316 -54.85 
     39 13.5556 573 2 0 -74.4185 -65.4468 -146.25 
     39 104.154 624 6 1 -55.1689 -71.0606 -24.45 
     39 55.4725 546 6 0 -55.1675 -70.85 -26.0599 
     39 94.6384 623 5 1 -55.2542 -67.0195 -54.45 
     39 121.739 566 5 0 -55.2443 -66.8165 -55.85 
     39 166.62 587 4 0 -55.1649 -62.6321 -85.85 
     39 193.345 623 3 1 -55.4063 -58.75 -114.45 
     39 101.243 607 3 0 -55.3888 -58.6201 -115.85 
     39 141.523 624 2 1 -55.05 -55.8239 -144.524 
     39 111.109 622 2 0 -55.1208 -55.6439 -145.85 
     39 120.616 615 1 1 -56.9282 -51.9837 -174.45 
     39 140.198 641 1 0 -57.0247 -51.8216 -175.85 
     39 95.2958 604 0 1 -59.1523 -48.3484 -204.45 
     39 182.74 659 0 0 -59.2597 -48.2332 -205.85 
     39 20.9624 1673 5 0 -46.6392 154.75 -56.0666 
     39 88.4373 666 5 1 -46.8233 155.21 -54.85 
     39 54.8094 594 2 0 -91.3562 -61.1789 -146.25 
     39 31.7216 593 2 0 -91.4829 -61.25 -146.207 
     39 27.6847 618 4 1 -56.2747 -71.0767 -84.45 
     39 106.479 543 4 0 -56.371 -71.3468 -85.85 
     39 35.0834 588 3 1 -62.3222 -73.7864 -114.45 
     39 70.4563 587 3 1 -62.4515 -73.8461 -114.528 
     39 77.7206 586 3 1 -62.65 -73.9633 -114.62 
     39 128.705 585 3 1 -62.8506 -74.1229 -114.667 
     39 154.29 584 3 1 -63.0501 -74.3372 -114.712 
     39 11.7101 521 3 0 -63.913 -75.8182 -115.85 
     39 56.585 520 3 0 -63.9281 -75.85 -115.875 
     39 72.8693 519 3 0 -64.0357 -76.05 -116.014 
     39 91.3989 518 3 0 -64.112 -76.25 -116.063 
     39 64.3165 517 3 0 -64.2283 -76.45 -116.144 
     39 196.823 407 2 1 -98.5571 -127.476 -144.45 
     39 130.83 406 2 1 -98.75 -127.535 -144.622 
Number of digits in this event: 35
Using G4ParticleGun... 
Particle energy: 5.66788 LIN
Particle: e-
Event: 40
Number of tracker hits in this event: 51
     40 106.969 1204 11 1 60.8615 -50.1161 125.55 
     40 109.668 649 11 0 60.8614 -50.115 124.15 
     40 100.636 1204 10 1 60.8542 -50.0955 95.55 
     40 173.167 649 10 0 60.8532 -50.0948 94.15 
     40 89.2403 1203 9 1 60.8333 -50.0793 65.55 
     40 201.946 649 9 0 60.8353 -50.08 64.15 
     40 90.3943 1204 8 1 60.8831 -50.0937 35.55 
     40 160.521 649 8 0 60.8885 -50.0913 34.15 
     40 206.513 1204 7 1 61.0264 -50.014 5.55 
     40 135.049 650 7 0 61.0269 -50.0173 4.15 
     40 201.443 1204 6 1 60.9952 -50.0978 -24.45 
     40 120.807 649 6 0 60.9937 -50.1072 -25.85 
     40 166.423 1204 5 1 60.9622 -50.3081 -54.45 
     40 134.891 648 5 0 60.97 -50.3077 -55.85 
     40 180.993 1205 4 1 61.0879 -50.2842 -84.45 
     40 167.131 648 4 0 61.0919 -50.279 -85.85 
     40 110.368 1205 3 1 61.1566 -50.1704 -114.45 
     40 451.052 649 3 0 61.1674 -50.1616 -115.85 
     40 318.998 1206 2 1 61.401 -49.9419 -144.45 
     40 212.483 650 2 0 61.412 -49.9237 -145.85 
     40 159.65 1208 1 1 61.7076 -49.5218 -174.45 
     40 140.936 652 1 0 61.7123 -49.4958 -175.85 
     40 227.762 1208 0 1 61.8044 -48.987 -204.45 
     40 127.015 655 0 0 61.8161 -48.9668 -205.85 
     40 53.5662 1313 12 1 82.7635 -59.2136 155.15 
     40 58.116 1049 4 0 2.35418 29.85 -85.8529 
     40 82.8172 651 2 0 61.3081 -49.8499 -146.227 
     40 203.766 1205 2 1 61.25 -49.9632 -144.827 
     40 351.188 1204 3 1 60.9249 -50.1336 -114.45 
     40 143.362 1202 2 1 60.6379 -50.1058 -144.45 
     40 125.993 649 2 0 60.588 -50.086 -145.85 
     40 119.288 1196 1 1 59.4003 -49.6619 -174.45 
     40 152.342 651 1 0 59.3116 -49.7664 -175.85 
     40 122.931 1186 0 1 57.4348 -51.954 -204.45 
     40 120.734 639 0 0 57.3569 -52.1257 -205.85 
     40 108.579 657 2 0 61.2574 -48.5956 -145.85 
     40 115.584 1204 1 1 60.995 -47.1861 -174.45 
     40 55.8604 664 1 0 60.9632 -47.0688 -175.85 
     40 50.772 665 1 0 60.961 -47.05 -176.069 
     40 116.62 1200 0 1 60.245 -44.5889 -204.45 
     40 157.517 678 0 0 60.203 -44.3756 -205.85 
     40 90.1113 432 0 0 71.3269 -93.55 -206.045 
     40 5.3325 1248 0 1 69.668 -93.9069 -204.85 
     40 162.319 1247 0 1 69.65 -93.9057 -204.833 
     40 188.414 1246 0 1 69.45 -93.9173 -204.829 
     40 138.052 564 9 0 5.9195 -67.1942 63.75 
     40 65.1666 454 9 0 -43.65 -89.1576 63.7501 
     40 106.824 453 9 0 -43.7045 -89.25 63.9185 
     40 44.8395 679 9 1 -44.2181 -90.3488 65.15 
     40 224.437 678 9 1 -44.25 -90.3622 65.2048 
     40 17.2339 677 9 1 -44.45 -90.2588 65.3634 
Number of digits in this event: 31
Using G4ParticleGun... 
Particle energy: 1.65448 LIN
Particle: e-
Event: 41
Number of tracker hits in this event: 29
     41 155.498 1004 11 1 20.8538 -57.2497 125.55 
     41 145.178 614 11 0 20.8693 -57.2462 124.15 
     41 121.808 1005 10 1 21.1107 -57.22 95.55 
     41 110.9 614 10 0 21.1325 -57.2162 94.15 
     41 104.485 1008 9 1 21.6974 -57.1032 65.55 
     41 127.542 614 9 0 21.7162 -57.1405 64.15 
     41 151.715 1010 8 1 22.104 -57.9898 35.55 
     41 163.8 609 8 0 22.1238 -58.0544 34.15 
     41 365.778 1013 7 1 22.6827 -59.4539 5.55 
     41 101.986 602 7 0 22.7577 -59.4976 4.15 
     41 183.924 1020 6 1 24.2369 -60.4487 -24.45 
     41 235.543 597 6 0 24.2556 -60.5759 -25.85 
     41 101.624 1025 5 1 25.061 -63.4486 -54.45 
     41 124.843 582 5 0 25.148 -63.5914 -55.85 
     41 139.999 1034 4 1 27.0067 -66.6881 -84.45 
     41 142.366 565 4 0 27.1094 -66.8804 -85.8501 
     41 30.1641 1045 3 1 29.2429 -70.6421 -114.45 
     41 136.366 1046 3 1 29.25 -70.648 -114.54 
     41 154.379 546 3 0 29.3583 -70.7367 -115.85 
     41 128.565 1059 2 1 31.9513 -72.2421 -144.45 
     41 115.823 538 2 0 32.0776 -72.3461 -145.85 
     41 127.752 1073 1 1 34.7701 -74.799 -174.45 
     41 103.131 525 1 0 34.726 -74.9185 -175.85 
     41 6.54903 1070 0 1 34.0508 -77.2377 -204.451 
     41 110.261 1069 0 1 34.05 -77.2383 -204.46 
     41 212.395 513 0 0 33.9275 -77.3441 -205.85 
     41 205.302 598 6 0 24.2584 -60.45 -26.1259 
     41 194.934 641 10 0 19.8177 -51.6992 93.75 
     41 195.801 29 3 0 -41.6824 -174.181 -116.25 
Number of digits in this event: 22
Using G4ParticleGun... 
Particle energy: 7.17386 LIN
Particle: e-
Event: 42
Number of tracker hits in this event: 176
     42 114.726 1578 8 1 135.756 39.9465 35.55 
     42 129.406 1099 8 0 135.757 39.9468 34.15 
     42 446.449 1578 7 1 135.769 39.9435 5.55 
     42 514.891 1099 7 0 135.781 39.9578 4.15 
     42 115.435 1579 6 1 135.998 40.2345 -24.45 
     42 21.9645 1100 6 0 136.012 40.2491 -25.85 
     42 78.0213 1101 6 0 136.013 40.25 -25.9396 
     42 120.417 1580 5 1 136.339 40.5174 -54.45 
     42 109.147 1102 5 0 136.353 40.546 -55.85 
     42 293.731 1582 4 1 136.664 41.1262 -84.45 
     42 212.46 1105 4 0 136.683 41.1576 -85.85 
     42 269.949 1584 3 1 137.102 41.786 -114.45 
     42 183.742 1108 3 0 137.119 41.8201 -115.85 
     42 125.946 1586 2 1 137.47 42.4802 -144.45 
     42 139.237 1112 2 0 137.486 42.5139 -145.85 
     42 104.639 1588 1 1 137.789 43.1719 -174.45 
     42 131.107 1115 1 0 137.806 43.1978 -175.85 
     42 138.653 1589 0 1 138.133 43.7331 -204.45 
     42 111.466 1118 0 0 138.146 43.766 -205.85 
     42 170.672 1378 4 0 145.995 95.7989 -86.25 
     42 97.6749 1379 4 0 146.16 95.9501 -86.0492 
     42 260.15 1380 4 0 146.246 96.15 -86.1057 
     42 7.34216 1248 4 0 121.206 69.6684 -86.25 
     42 134.72 1247 4 0 121.197 69.65 -86.2291 
     42 235.392 1505 4 1 121.266 69.9358 -84.85 
     42 31.1958 1504 4 1 121.15 70.052 -84.4941 
     42 168.773 1566 3 1 133.399 43.3752 -114.45 
     42 15.3325 1118 3 0 133.536 43.8324 -115.85 
     42 161.22 1119 3 0 133.541 43.8502 -115.905 
     42 144.087 1587 2 1 137.703 52.9678 -144.45 
     42 98.916 1164 2 0 137.766 52.9397 -145.851 
     42 71.7314 1591 1 1 138.452 52.6183 -174.45 
     42 48.9038 1590 1 1 138.35 52.5785 -174.686 
     42 171.205 1161 1 0 137.838 52.4034 -175.85 
     42 152.741 1523 0 1 124.848 47.8351 -204.45 
     42 78.9446 1522 0 1 124.75 47.8712 -204.575 
     42 18.8389 1521 0 1 124.55 47.9403 -204.807 
     42 165.035 1141 0 0 123.543 48.2607 -205.85 
     42 244.142 1138 0 0 124.639 47.8298 -205.85 
     42 61.9913 1137 0 0 124.576 47.6498 -206.123 
     42 144.996 1162 1 0 137.774 52.4502 -176.061 
     42 100.368 1163 1 0 137.791 52.65 -175.975 
     42 112.869 1583 4 1 136.753 41.0899 -84.45 
     42 169.057 1104 4 0 136.811 41.0158 -85.85 
     42 34.0837 1590 3 1 138.16 39.985 -114.45 
     42 80.7799 1589 3 1 138.15 39.983 -114.547 
     42 235.541 1099 3 0 138.021 39.9607 -115.85 
     42 155.42 1575 2 1 135.325 38.7242 -144.45 
     42 196.719 1093 2 0 135.315 38.7518 -145.85 
     42 934.351 1578 1 1 135.862 39.413 -174.45 
     42 215.242 1096 1 0 135.959 39.38 -175.85 
     42 66.8618 1587 0 1 137.741 38.5849 -204.45 
     42 79.1516 1588 0 1 137.75 38.5975 -204.607 
     42 333.309 1093 0 0 137.777 38.7366 -205.85 
     42 60.5918 1579 5 1 136.053 40.4894 -54.45 
     42 132.708 1578 5 1 135.95 40.5084 -54.4921 
     42 407.583 1099 1 0 135.865 39.9597 -175.85 
     42 346.144 1578 0 1 135.872 39.9538 -204.45 
     42 224.916 1099 0 0 135.873 39.9521 -205.85 
     42 3.23215 1534 5 0 149.342 127.029 -56.25 
     42 87.3414 724 1 0 -7.9413 -35.1432 -176.25 
     42 90.1488 723 1 0 -8.14943 -35.25 -176.043 
     42 131.416 722 1 0 -8.35825 -35.4501 -175.886 
     42 80.4604 721 1 0 -8.52795 -35.65 -176.016 
     42 78.2887 651 1 0 -28.8904 -49.7857 -176.25 
     42 289.319 652 1 0 -29.0263 -49.6496 -176.1 
     42 7.08575 754 1 0 -54.7429 -29.1752 -176.25 
     42 75.6737 871 1 0 -52.1276 -5.72798 -176.25 
     42 135.522 636 5 0 122.411 -52.7933 -56.25 
     42 33.498 1155 0 0 142.24 51.1504 -206.25 
     42 56.4104 1156 0 0 142.276 51.25 -206.172 
     42 63.2555 1157 0 0 142.304 51.45 -206.055 
     42 217.731 1612 0 1 142.659 52.7853 -204.85 
     42 80.5861 1613 0 1 142.75 53.2993 -204.502 
     42 125.469 1614 0 1 142.95 53.4801 -204.532 
     42 120.722 1168 0 0 143.747 53.7312 -205.85 
     42 145.177 1095 0 0 127.468 39.1053 -206.25 
     42 220.504 1094 0 0 127.293 39.05 -206.004 
     42 17.3919 1531 0 1 126.395 38.4764 -204.85 
     42 110.198 1530 0 1 126.35 38.4429 -204.804 
     42 37.517 1529 0 1 126.15 38.314 -204.583 
     42 207.108 1579 0 1 136.103 39.9423 -204.45 
     42 254.941 1578 2 1 135.894 39.5652 -144.45 
     42 428.537 1098 2 0 136.052 39.6505 -145.85 
     42 44.5941 1594 1 1 139.126 41.6719 -174.45 
     42 86.3288 1595 1 1 139.15 41.6947 -174.594 
     42 211.451 1109 1 0 139.376 41.8908 -175.85 
     42 130.018 1625 0 1 145.222 47.4212 -204.45 
     42 154.415 713 5 0 -78.866 -37.2975 -56.25 
     42 6.735 712 5 0 -78.9341 -37.4502 -55.8728 
     42 30.071 505 5 1 -78.8777 -38.1342 -54.85 
     42 352.306 506 5 1 -78.8498 -38.1481 -54.7945 
     42 102.989 1099 2 0 135.789 39.8801 -145.85 
     42 213.669 1098 0 0 135.761 39.7805 -205.85 
     42 204.138 1577 7 1 135.75 39.9413 5.22326 
     42 400.483 1577 6 1 135.589 39.9453 -24.45 
     42 143.306 1099 6 0 135.575 39.9445 -25.85 
     42 122.386 1575 5 1 135.259 39.925 -54.45 
     42 146.292 1099 5 0 135.25 39.9239 -55.85 
     42 134.94 1574 4 1 135.099 39.8995 -84.45 
     42 155.059 1099 4 0 135.085 39.8914 -85.85 
     42 160.46 1572 3 1 134.716 39.7096 -114.45 
     42 142.831 1098 3 0 134.708 39.7217 -115.85 
     42 125.154 1572 2 1 134.631 39.7923 -144.45 
     42 205.077 1576 1 1 135.405 39.1387 -174.45 
     42 121.576 1095 1 0 135.441 39.1177 -175.85 
     42 82.107 1241 0 0 168.287 68.2903 -206.25 
     42 93.703 1242 0 0 168.44 68.45 -206.174 
     42 206.258 1243 0 0 168.58 68.6501 -206.066 
     42 32.0572 1746 0 1 169.506 69.3674 -204.85 
     42 85.9447 1747 0 1 169.55 69.3991 -204.77 
     42 51.5533 1748 0 1 169.75 69.4795 -204.601 
     42 307.667 1570 1 1 134.257 39.4739 -174.45 
     42 140.6 1097 1 0 134.195 39.4793 -175.85 
     42 200.323 1563 0 1 132.947 39.4016 -204.45 
     42 104.953 1096 0 0 132.887 39.3672 -205.85 
     42 59.1117 1564 0 1 133.011 39.8392 -204.45 
     42 101.333 1565 0 1 133.15 39.823 -204.566 
     42 20.8605 1105 0 0 133.232 41.1931 -205.85 
     42 224.813 1106 0 0 133.236 41.2502 -205.901 
     42 11.4229 1107 0 0 133.25 41.45 -206.193 
     42 19.1439 1425 0 0 127.347 105.298 -206.25 
     42 74.7366 1426 0 0 127.343 105.35 -206.228 
     42 74.7574 1427 0 0 127.37 105.55 -206.103 
     42 94.4412 1428 0 0 127.521 105.75 -206.014 
     42 47.3342 1429 0 0 127.824 105.95 -205.866 
     42 65.209 1562 0 1 132.587 109.538 -204.85 
     42 50.5896 1470 0 0 144.547 114.298 -205.85 
     42 50.1675 1658 0 1 151.79 111.266 -204.85 
     42 105.809 1659 0 1 151.95 111.183 -204.787 
     42 101.375 1660 0 1 152.15 110.991 -204.685 
     42 77.4981 1661 0 1 152.35 110.708 -204.609 
     42 71.8228 1662 0 1 152.55 110.609 -204.536 
     42 5.56273 1463 0 0 135.424 112.927 -205.85 
     42 1.975 1104 0 0 133.069 41.05 -205.89 
     42 72.4582 1569 1 1 134.15 39.434 -174.566 
     42 177.987 1568 0 1 133.928 38.8169 -204.45 
     42 124.935 1107 6 0 136.458 41.5108 -25.85 
     42 247.097 1573 2 1 134.87 39.8694 -144.45 
     42 157.142 1579 1 1 136.04 35.8284 -174.45 
     42 98.2481 1076 1 0 136.369 35.3606 -175.85 
     42 26.1537 1075 1 0 136.433 35.2499 -176.159 
     42 138.031 1602 0 1 140.683 24.6539 -204.45 
     42 57.123 1603 0 1 140.75 24.5695 -204.653 
     42 14.2859 1020 0 0 141.152 24.0723 -205.85 
     42 108.068 1019 0 0 141.169 24.0499 -205.904 
     42 62.4588 1574 2 1 134.95 39.9218 -144.612 
     42 102.753 1100 2 0 135.482 40.1729 -145.85 
     42 49.7488 1610 1 1 142.21 43.6392 -174.45 
     42 78.0092 1611 1 1 142.35 43.5818 -174.628 
     42 76.3511 1612 1 1 142.551 43.5175 -174.82 
     42 125.741 1112 1 0 144.395 42.6251 -175.85 
     42 167.891 1111 1 0 144.723 42.45 -175.993 
     42 174.776 1110 1 0 145.037 42.2498 -176.085 
     42 25.5993 1098 7 0 135.725 39.85 3.86366 
     42 146.081 1575 6 1 135.305 38.6595 -24.45 
     42 160.409 1094 6 0 135.084 38.906 -25.8505 
     42 46.9721 1553 5 1 130.771 44.4923 -54.45 
     42 71.3857 1552 5 1 130.75 44.5183 -54.6119 
     42 198.505 1123 5 0 130.592 44.7144 -55.85 
     42 146.566 1534 4 1 127.1 49.4305 -84.45 
     42 140.711 1147 4 0 126.939 49.5992 -85.85 
     42 83.2902 1516 3 1 123.379 53.1472 -114.45 
     42 17.995 1515 3 1 123.35 53.1597 -114.778 
     42 154.582 1165 3 0 123.256 53.2007 -115.851 
     42 127.958 1504 2 1 121.005 54.6776 -144.45 
     42 120.822 1174 2 0 120.943 54.8949 -145.85 
     42 49.9965 1496 1 1 119.357 59.2872 -174.45 
     42 76.8139 1495 1 1 119.35 59.3257 -174.642 
     42 116.816 1197 1 0 119.316 59.5495 -175.85 
     42 170.665 1489 0 1 118.132 64.4925 -204.45 
     42 110.028 1223 0 0 117.997 64.6983 -205.85 
     42 64.2626 1576 7 1 135.55 40.1172 5.37502 
     42 65.5812 1575 7 1 135.35 40.1864 5.27746 
     42 11.1921 1108 7 0 133.15 41.8355 4.15 
     42 170.141 1109 7 0 133.128 41.85 4.13831 
Number of digits in this event: 88
Using G4ParticleGun... 
Particle energy: 7.21394 LIN
Particle: e-
Event: 43
Number of tracker hits in this event: 78
     43 231.415 777 11 1 -24.5576 -39.2877 125.55 
     43 232.475 703 11 0 -24.5584 -39.2867 124.15 
     43 118.065 777 10 1 -24.5918 -39.2745 95.55 
     43 144.62 703 10 0 -24.5959 -39.275 94.15 
     43 140.264 776 9 1 -24.68 -39.2726 65.55 
     43 130.69 703 9 0 -24.6793 -39.267 64.15 
     43 106.757 776 8 1 -24.6586 -39.1513 35.55 
     43 114.914 704 8 0 -24.659 -39.1429 34.15 
     43 214.877 776 7 1 -24.669 -38.9921 5.55 
     43 150.724 705 7 0 -24.6692 -38.9822 4.15 
     43 118.585 776 6 1 -24.6857 -38.7732 -24.45 
     43 134.721 706 6 0 -24.6888 -38.7629 -25.85 
     43 113.017 776 5 1 -24.7598 -38.5586 -54.45 
     43 126.705 707 5 0 -24.763 -38.5478 -55.85 
     43 122.763 776 4 1 -24.8181 -38.3115 -84.45 
     43 195.798 708 4 0 -24.8155 -38.2979 -85.85 
     43 122.382 776 3 1 -24.7537 -38.0222 -114.45 
     43 125.158 710 3 0 -24.7484 -38.0095 -115.85 
     43 117.009 777 2 1 -24.6339 -37.7433 -144.45 
     43 140.948 711 2 0 -24.6284 -37.7275 -145.85 
     43 150.074 777 1 1 -24.5302 -37.4026 -174.45 
     43 254.273 713 1 0 -24.5265 -37.3914 -175.85 
     43 159.786 777 0 1 -24.4578 -37.1667 -204.45 
     43 106.366 714 0 0 -24.4539 -37.1547 -205.85 
     43 33.9287 596 4 1 -60.7457 112.307 -84.4501 
     43 95.8842 597 4 1 -60.65 112.212 -84.5529 
     43 63.2184 598 4 1 -60.45 111.999 -84.749 
     43 70.4499 1453 4 0 -59.3337 110.895 -85.85 
     43 89.8192 1452 4 0 -59.2141 110.75 -85.9843 
     43 110.243 1451 4 0 -59.0719 110.55 -86.0792 
     43 59.1491 1450 4 0 -58.9906 110.35 -86.0427 
     43 58.2434 1449 4 0 -58.882 110.15 -85.9774 
     43 44.6785 1448 4 0 -58.7874 109.95 -85.9092 
     43 182.346 609 4 1 -58.1349 107.92 -84.8499 
     43 102.275 610 4 1 -58.05 107.383 -84.6789 
     43 3.3711 1511 5 0 -68.0698 122.35 -56.165 
     43 66.9067 1512 5 0 -68.2308 122.55 -55.9575 
     43 457.07 559 5 1 -68.1772 122.655 -54.8499 
     43 163.448 560 5 1 -68.05 122.516 -54.5716 
     43 43.1104 561 5 1 -67.8497 122.453 -54.45 
     43 93.3621 1182 3 0 35.392 56.5806 -116.25 
     43 69.6903 1183 3 0 35.5028 56.65 -116 
     43 80.2623 1074 3 1 34.9575 56.3078 -114.85 
     43 115.551 1180 3 0 35.5625 56.115 -115.85 
     43 137.238 1179 3 0 35.6556 56.05 -115.928 
     43 75.2403 775 4 1 -24.85 -38.2579 -84.7294 
     43 199.17 705 4 0 -27.9422 -38.9777 -85.85 
     43 126.552 706 4 0 -28.3742 -38.85 -86.1344 
     43 58.6379 570 4 0 -30.0877 -65.881 -86.25 
     43 54.3638 571 4 0 -30.062 -65.85 -86.2095 
     43 145.564 695 4 0 83.5616 -40.9301 -86.2497 
     43 93.921 774 1 1 -25.0643 -37.5509 -174.45 
     43 70.2267 775 1 1 -25.05 -37.5401 -174.618 
     43 71.5555 712 1 0 -24.9188 -37.4646 -175.85 
     43 61.4216 787 0 1 -22.4832 -36.3761 -204.451 
     43 84.5126 788 0 1 -22.45 -36.3399 -204.688 
     43 158.639 719 0 0 -22.2795 -36.1829 -205.85 
     43 55.0956 773 1 1 -25.25 -36.8231 -174.522 
     43 162.655 772 1 1 -25.45 -36.6673 -174.588 
     43 94.1703 771 1 1 -25.65 -36.4884 -174.635 
     43 103.836 770 1 1 -25.85 -36.2934 -174.694 
     43 158.908 769 1 1 -26.0504 -36.0495 -174.793 
     43 63.2999 754 1 0 -30.9407 -29.1868 -175.85 
     43 107.52 755 1 0 -31.0316 -29.0492 -175.873 
     43 105.279 756 1 0 -31.3859 -28.8498 -175.906 
     43 77.6218 757 1 0 -31.675 -28.65 -175.988 
     43 40.1448 758 1 0 -31.8499 -28.4493 -176.045 
     43 53.7723 759 1 0 -31.9003 -28.25 -176.017 
     43 54.326 760 1 0 -31.9618 -28.0499 -175.965 
     43 65.3037 761 1 0 -31.9553 -27.8499 -175.982 
     43 108.08 762 1 0 -31.8355 -27.65 -175.964 
     43 81.7747 763 1 0 -31.6939 -27.45 -175.904 
     43 10.1853 764 1 0 -31.5021 -27.25 -175.853 
     43 88.9419 764 1 1 -27.1974 -20.6955 -174.85 
     43 154.081 765 1 1 -27.05 -20.5962 -174.756 
     43 182.118 766 1 1 -26.85 -20.3083 -174.535 
     43 186.231 767 1 1 -26.65 -20.1222 -174.543 
     43 18.8994 768 1 1 -26.45 -19.949 -174.519 
Number of digits in this event: 33
Using G4ParticleGun... 
Particle energy: 6.6775 LIN
Particle: e-
Event: 44
Number of tracker hits in this event: 57
     44 123.859 720 11 1 -36.003 -53.5417 125.55 
     44 103.96 632 11 0 -36.0031 -53.5405 124.15 
     44 321.272 720 10 1 -36.0091 -53.5095 95.55 
     44 116.473 632 10 0 -36.0101 -53.5076 94.15 
     44 102.913 720 9 1 -36.0273 -53.4702 65.55 
     44 151.008 632 9 0 -36.0284 -53.4692 64.15 
     44 114.404 719 8 1 -36.0561 -53.4456 35.55 
     44 117.163 633 8 0 -36.0584 -53.4443 34.15 
     44 97.9823 719 7 1 -36.102 -53.4215 5.55 
     44 124.632 633 7 0 -36.104 -53.4205 4.15 
     44 129.295 719 6 1 -36.1449 -53.3892 -24.45 
     44 130.987 633 6 0 -36.1464 -53.3861 -25.85 
     44 273.835 719 5 1 -36.1735 -53.3217 -54.45 
     44 146.734 633 5 0 -36.1737 -53.3185 -55.85 
     44 172.933 719 4 1 -36.1811 -53.2519 -84.45 
     44 139.806 634 4 0 -36.182 -53.2472 -85.85 
     44 130.718 719 3 1 -36.2012 -53.1546 -114.45 
     44 171.621 634 3 0 -36.2022 -53.1499 -115.85 
     44 160.177 719 2 1 -36.2209 -53.0571 -144.45 
     44 95.2393 634 2 0 -36.2224 -53.0512 -145.85 
     44 24.6749 635 2 0 -36.2227 -53.05 -146.147 
     44 99.0139 719 1 1 -36.2483 -52.9358 -174.45 
     44 239.633 635 1 0 -36.25 -52.9306 -175.85 
     44 266.862 718 0 1 -36.2861 -52.8231 -204.45 
     44 116.502 636 0 0 -36.288 -52.8178 -205.85 
     44 16.6 144 2 0 -65.929 -151.199 -146.25 
     44 29.9437 1512 1 0 29.605 122.55 -176.242 
     44 189.68 1513 1 0 29.6028 122.75 -176.225 
     44 3.17765 1178 0 1 55.65 -10.6691 -204.746 
     44 106.496 1179 0 1 55.85 -10.5569 -204.571 
     44 73.0476 1180 0 1 56.0505 -10.3946 -204.469 
     44 109.537 1181 0 1 56.2502 -10.264 -204.471 
     44 94.1306 1182 0 1 56.45 -10.2641 -204.491 
     44 0.192316 1183 0 1 56.65 -10.2362 -204.451 
     44 17.8618 719 0 1 -36.2407 -52.7737 -204.45 
     44 38.4392 641 0 0 -36.423 -51.7395 -205.85 
     44 88.0264 642 0 0 -36.4316 -51.65 -205.983 
     44 96.6626 560 2 0 -42.9694 -67.9176 -146.25 
     44 74.1554 559 2 0 -43.0189 -68.05 -146.012 
     44 47.0652 683 2 1 -43.3978 -68.777 -144.85 
     44 83.0619 682 2 1 -43.45 -68.8711 -144.699 
     44 19.5774 510 3 0 -60.8708 -78.0276 -116.249 
     44 96.4378 509 3 0 -60.8984 -78.05 -116.186 
     44 142.156 598 3 1 -60.3231 -78.5195 -114.85 
     44 13.3898 599 3 1 -60.25 -78.7005 -114.514 
     44 167.641 583 0 0 -39.8384 -63.3207 -206.25 
     44 104.708 584 0 0 -39.9042 -63.2499 -206.135 
     44 238.373 1042 4 0 -126.092 28.4903 -86.25 
     44 97.9573 140 4 1 -151.95 41.5089 -84.7524 
     44 53.364 1041 4 0 -125.891 28.45 -86.1416 
     44 224.467 632 7 0 -36.1112 -53.45 4.11466 
     44 104.816 718 1 1 -36.3754 -53.2693 -174.45 
     44 150.613 634 1 0 -36.5 -53.2094 -175.85 
     44 191.335 603 0 1 -59.2676 36.9327 -204.45 
     44 279.771 604 0 1 -59.25 36.9388 -204.466 
     44 19.9573 719 10 1 -36.0503 -53.828 95.1755 
     44 311.879 638 10 0 -37.2665 -52.4024 94.15 
Number of digits in this event: 27
Using G4ParticleGun... 
Particle energy: 7.12054 LIN
Particle: e-
Event: 45
Number of tracker hits in this event: 38
     45 199.384 1435 9 1 107.296 67.6357 65.55 
     45 105.124 1237 9 0 107.293 67.6353 64.15 
     45 126.906 1435 8 1 107.242 67.6297 35.55 
     45 105.98 1237 8 0 107.24 67.6293 34.15 
     45 311.106 1435 7 1 107.199 67.6189 5.55 
     45 506.346 1237 7 0 107.197 67.6188 4.15 
     45 104.045 1434 6 1 107.147 67.6134 -24.45 
     45 151.436 1237 6 0 107.145 67.613 -25.85 
     45 124.796 1434 5 1 107.106 67.6031 -54.45 
     45 106.729 1237 5 0 107.104 67.6025 -55.85 
     45 136.978 1434 4 1 107.058 67.5883 -84.45 
     45 137.747 1237 4 0 107.055 67.5874 -85.85 
     45 112.269 1434 3 1 106.994 67.5706 -114.45 
     45 116 1237 3 0 106.992 67.5709 -115.85 
     45 274.876 1433 2 1 106.946 67.5754 -144.45 
     45 219.778 1237 2 0 106.944 67.5757 -145.85 
     45 143.516 1433 1 1 106.906 67.5831 -174.45 
     45 119.919 1237 1 0 106.904 67.5835 -175.85 
     45 126.202 1433 0 1 106.875 67.5906 -204.45 
     45 264.212 1237 0 0 106.873 67.5919 -205.85 
     45 59.3568 1073 3 0 137.645 34.8469 -116.25 
     45 109.466 1588 3 1 137.755 34.1296 -114.85 
     45 279.21 1589 3 1 137.95 34.0056 -114.69 
     45 7.02072 1475 4 0 2.31136 115.152 -86.25 
     45 72.8658 1498 2 0 134.731 119.775 -146.25 
     45 175.288 1499 2 0 134.731 119.95 -146.198 
     45 150.973 1500 2 0 134.637 120.15 -146.038 
     45 99.0884 1434 2 1 106.95 67.6007 -144.496 
     45 84.8696 1432 2 1 106.75 67.9707 -144.65 
     45 102.328 1431 2 1 106.55 68.0698 -144.655 
     45 57.3078 1430 2 1 106.35 68.2191 -144.627 
     45 314.147 1429 2 1 106.15 68.3798 -144.569 
     45 288.974 1428 2 1 105.95 68.6444 -144.534 
     45 319.559 1248 2 0 106.451 69.667 -145.85 
     45 86.6747 1247 2 0 106.683 69.65 -146.049 
     45 105.808 1322 8 0 49.0642 84.4677 33.75 
     45 38.0732 1436 7 1 107.35 67.543 5.22805 
     45 37.9074 1434 7 1 107.15 67.6301 5.49977 
Number of digits in this event: 21
Using G4ParticleGun... 
Particle energy: 8.70862 LIN
Particle: e-
Event: 46
Number of tracker hits in this event: 73
     46 163.253 822 8 1 -15.5044 -143.85 35.55 
     46 107.435 181 8 0 -15.5058 -143.849 34.15 
     46 101.426 822 7 1 -15.5311 -143.822 5.55 
     46 106.724 181 7 0 -15.5334 -143.821 4.15 
     46 114.39 822 6 1 -15.5753 -143.801 -24.45 
     46 114.414 181 6 0 -15.5768 -143.799 -25.85 
     46 121.206 822 5 1 -15.6135 -143.766 -54.45 
     46 135.479 181 5 0 -15.6156 -143.765 -55.85 
     46 253.2 821 4 1 -15.6564 -143.732 -84.45 
     46 119.998 182 4 0 -15.6586 -143.73 -85.85 
     46 201.389 821 3 1 -15.7067 -143.696 -114.45 
     46 116.115 182 3 0 -15.7141 -143.7 -115.851 
     46 102.955 820 2 1 -15.9329 -144.097 -144.45 
     46 83.6635 180 2 0 -16.0542 -144.148 -145.85 
     46 101.22 179 2 0 -16.0579 -144.15 -145.894 
     46 85.8863 807 1 1 -18.6187 -145.394 -174.45 
     46 25.0966 806 1 1 -18.65 -145.325 -174.779 
     46 137.659 175 1 0 -18.8074 -145.089 -175.85 
     46 121.189 789 0 1 -22.0573 -140.249 -204.45 
     46 6.73571 790 0 1 -22.05 -140.198 -204.825 
     46 128.31 200 0 0 -22.0369 -140.069 -205.85 
     46 281.494 821 2 1 -15.774 -143.682 -144.45 
     46 288.875 182 2 0 -15.7773 -143.68 -145.85 
     46 152.42 821 1 1 -15.8421 -143.645 -174.45 
     46 279.411 182 1 0 -15.8436 -143.646 -175.85 
     46 727.457 820 0 1 -15.8722 -143.671 -204.45 
     46 277.212 182 0 0 -15.8728 -143.671 -205.85 
     46 42.5618 810 7 0 -68.2094 -17.9406 3.75033 
     46 77.9021 809 7 0 -68.2159 -18.05 3.81022 
     46 134.974 808 7 0 -68.2777 -18.25 3.81033 
     46 97.1808 716 7 0 -51.6576 -36.8348 3.75012 
     46 26.555 717 7 0 -51.4464 -36.65 3.76866 
     46 156.513 40 3 0 -34.7496 -172.046 -116.25 
     46 117.378 181 0 0 -16.3068 -143.868 -205.851 
     46 141.783 535 0 1 -72.85 -122.327 -204.817 
     46 116.755 820 1 1 -15.8525 -143.674 -174.45 
     46 119.133 798 6 1 -20.45 -123.497 -24.818 
     46 270.258 167 7 0 -79.967 -146.55 3.82888 
     46 174.134 797 6 1 -20.45 -123.33 -24.5076 
     46 53.652 290 6 0 -20.9888 -122.067 -25.85 
     46 149.037 291 6 0 -21.0574 -121.95 -25.9249 
     46 26.1583 292 6 0 -21.3649 -121.75 -26.1854 
     46 74.6979 326 6 0 -37.1225 -114.884 -26.25 
     46 95.5694 325 6 0 -37.1306 -114.95 -26.1849 
     46 32.4463 708 6 1 -38.3868 -115.624 -24.85 
     46 391.613 707 6 1 -38.45 -115.672 -24.795 
     46 179.136 497 1 0 -173.535 -80.6316 -176.25 
     46 73.8277 27 1 1 -174.651 -80.6746 -174.85 
     46 202.241 26 1 1 -174.75 -80.7074 -174.632 
     46 117.281 503 1 0 -173.318 -79.4186 -175.85 
     46 151.582 504 1 0 -172.928 -79.25 -176.07 
     46 91.2511 505 1 0 -172.438 -79.0497 -176.049 
     46 122.221 506 1 0 -172.31 -78.85 -175.977 
     46 119.955 507 1 0 -172.144 -78.65 -175.921 
     46 169.358 508 1 0 -171.754 -78.45 -175.878 
     46 12.2463 373 5 0 112.959 -105.458 -56.25 
     46 68.0304 822 4 1 -15.5769 -143.812 -84.45 
     46 91.6315 823 4 1 -15.45 -143.954 -84.6389 
     46 2.59828 824 4 1 -15.25 -144.167 -84.841 
     46 64.4183 175 4 0 -14.3299 -145.052 -85.85 
     46 303.776 174 4 0 -14.2382 -145.15 -85.9569 
     46 69.3831 173 4 0 -14.1368 -145.35 -86.0971 
     46 20.825 172 4 0 -14.0888 -145.55 -86.2101 
     46 58.0319 814 3 1 -17.1187 -150.947 -114.45 
     46 70.3365 813 3 1 -17.25 -150.976 -114.582 
     46 34.0585 812 3 1 -17.45 -151.004 -114.764 
     46 177.92 148 3 0 -19.4044 -150.387 -115.85 
     46 123.239 149 3 0 -19.513 -150.35 -115.897 
     46 79.1715 147 3 0 -20.2445 -150.55 -116.056 
     46 183.435 820 4 1 -15.85 -143.658 -84.5008 
     46 11.1258 819 4 1 -16.05 -143.745 -84.8077 
     46 118.124 181 4 0 -16.7036 -143.847 -85.8503 
     46 5.78143 180 4 0 -16.8724 -143.95 -86.2332 
Number of digits in this event: 34
Using G4ParticleGun... 
Particle energy: 2.74702 LIN
Particle: e-
Event: 47
Number of tracker hits in this event: 48
     47 189.353 897 11 1 -0.506517 -75.1314 125.55 
     47 137.714 524 11 0 -0.506028 -75.1357 124.15 
     47 107.117 897 10 1 -0.489506 -75.2133 95.55 
     47 129.004 524 10 0 -0.48875 -75.2156 94.15 
     47 120.35 897 9 1 -0.471148 -75.2629 65.55 
     47 120.024 523 9 0 -0.471325 -75.268 64.15 
     47 117.35 897 8 1 -0.481753 -75.3895 35.55 
     47 125.605 523 8 0 -0.547715 -75.3739 34.15 
     47 157.356 891 7 1 -1.80708 -75.3187 5.55 
     47 131.998 524 7 0 -1.77179 -75.1992 4.14975 
     47 113.968 897 6 1 -0.602224 -73.0057 -24.4502 
     47 166.933 535 6 0 -0.350251 -72.8689 -25.85 
     47 186.293 536 6 0 -0.319497 -72.85 -26.0242 
     47 113.772 919 5 1 3.96312 -69.2396 -54.45 
     47 127.107 554 5 0 4.11251 -69.1112 -55.85 
     47 107.041 936 4 1 7.41788 -64.7723 -84.4503 
     47 153.39 576 4 0 7.46515 -64.7069 -85.85 
     47 131.066 940 3 1 8.17077 -63.3276 -114.45 
     47 216.006 585 3 0 7.93215 -63.0124 -115.85 
     47 23.6642 904 2 1 0.874781 -55.9908 -144.45 
     47 80.3776 903 2 1 0.85 -55.9405 -144.541 
     47 61.7515 624 2 0 0.450853 -55.1672 -145.85 
     47 61.5317 625 2 0 0.391529 -55.0499 -146.042 
     47 178.355 860 1 1 -7.89526 -38.4759 -174.45 
     47 10.2337 711 1 0 -8.27426 -37.6742 -175.85 
     47 124.006 712 1 0 -8.28499 -37.65 -175.891 
     47 2.33368 713 1 0 -8.37231 -37.4497 -176.243 
     47 137.047 821 0 1 -15.6866 -21.6036 -204.45 
     47 113.097 796 0 0 -15.8887 -20.8379 -205.85 
     47 39.5583 797 0 0 -15.9382 -20.65 -206.199 
     47 53.4171 706 1 0 -8.32744 -38.7391 -175.85 
     47 148.919 705 1 0 -8.33904 -38.85 -176.019 
     47 200.953 537 1 0 -26.6176 -72.5084 -176.25 
     47 8.763 538 1 0 -26.8152 -72.45 -175.863 
     47 58.7894 766 1 1 -26.6649 -71.7893 -174.85 
     47 215.347 767 1 1 -26.65 -71.7198 -174.762 
     47 258.197 546 1 0 -26.2091 -70.7024 -175.85 
     47 150.888 547 1 0 -26.1719 -70.65 -175.942 
     47 88.2002 586 3 0 9.16957 -62.8499 -116.045 
     47 103.257 958 3 0 169.647 11.7735 -116.25 
     47 72.0179 959 3 0 169.912 11.8502 -116.193 
     47 150.446 667 6 0 84.3156 -46.5895 -26.25 
     47 110.161 668 6 0 84.5925 -46.4499 -25.947 
     47 324.004 669 6 0 84.8252 -46.25 -25.9443 
     47 69.0925 525 0 0 -21.2769 -74.9807 -206.25 
     47 267.534 524 0 0 -21.3829 -75.05 -206.202 
     47 24.9947 523 0 0 -21.6572 -75.25 -205.877 
     47 89.4858 793 0 1 -21.4113 -76.141 -204.85 
Number of digits in this event: 28
Using G4ParticleGun... 
Particle energy: 7.11225 LIN
Particle: e-
Event: 48
Number of tracker hits in this event: 77
     48 111.228 1239 10 1 68.0204 59.458 95.55 
     48 115.098 1197 10 0 68.0203 59.4592 94.15 
     48 234.069 1239 9 1 68.0142 59.4886 65.55 
     48 193.159 1197 9 0 68.0145 59.4902 64.15 
     48 119.639 1239 8 1 68.019 59.5256 35.55 
     48 109.498 1197 8 0 68.0198 59.527 34.15 
     48 115.758 1239 7 1 68.0351 59.5551 5.55 
     48 247.794 1197 7 0 68.0349 59.5566 4.15 
     48 114.355 1239 6 1 68.0343 59.588 -24.45 
     48 110.643 1197 6 0 68.034 59.5898 -25.85 
     48 129.892 1239 5 1 68.0266 59.6235 -54.45 
     48 132.168 1197 5 0 68.0272 59.624 -55.85 
     48 160.532 1239 4 1 68.0365 59.6324 -84.45 
     48 350.763 1197 4 0 68.0356 59.6328 -85.85 
     48 913.499 1239 3 1 68.0201 59.6509 -114.45 
     48 763.536 1198 3 0 68.0274 59.6629 -115.85 
     48 290.396 1240 2 1 68.1954 59.933 -144.45 
     48 249.019 1199 2 0 68.2337 59.949 -145.85 
     48 130.309 1246 1 1 69.2752 60.3276 -174.45 
     48 133.163 1201 1 0 69.3442 60.4116 -175.85 
     48 148.398 1253 0 1 70.6918 62.1861 -204.45 
     48 129.984 1211 0 0 70.7635 62.2544 -205.85 
     48 75.7949 1215 0 0 70.2402 63.1049 -205.85 
     48 232.973 1216 0 0 70.1891 63.25 -205.956 
     48 235.627 1242 0 1 68.5809 60.2438 -204.45 
     48 115.095 1200 0 0 68.5557 60.1054 -205.851 
     48 276.214 1201 0 0 68.6539 60.3101 -205.85 
     48 117.582 1240 4 1 68.05 59.6317 -84.4959 
     48 452.544 1197 3 0 68.045 59.6462 -115.85 
     48 123.496 1198 2 0 68.0547 59.688 -145.85 
     48 231.737 1239 1 1 67.9687 59.4406 -174.45 
     48 113.098 1196 1 0 67.9563 59.4217 -175.85 
     48 229.146 1238 0 1 67.7099 59.0335 -204.45 
     48 268.325 1194 0 0 67.7036 59.0146 -205.85 
     48 117.004 1238 2 1 67.7607 59.6295 -144.45 
     48 135.459 1197 2 0 67.6954 59.6083 -145.85 
     48 40.5325 1231 1 1 66.2633 59.2305 -174.45 
     48 67.1058 1230 1 1 66.25 59.2214 -174.614 
     48 119.47 1195 1 0 66.1466 59.1607 -175.85 
     48 241.964 1218 0 1 63.8158 57.851 -204.45 
     48 122.267 1188 0 0 63.7349 57.7872 -205.85 
     48 391.908 1223 0 1 64.8055 58.864 -204.45 
     48 50.2153 1193 0 0 64.4988 58.85 -206.08 
     48 24.9096 1224 0 1 64.85 58.7972 -204.762 
     48 2.81859 1192 0 0 64.7776 58.4546 -205.85 
     48 206.752 1191 0 0 64.7767 58.45 -205.863 
     48 216.417 1239 2 1 67.9935 59.8657 -144.45 
     48 115.587 1200 1 0 67.8605 60.103 -175.85 
     48 76.1327 1203 3 0 66.679 60.7658 -115.85 
     48 571.507 1204 3 0 66.472 60.85 -116.028 
     48 350.396 1234 2 1 66.8948 59.0636 -144.45 
     48 401.638 1194 2 0 66.8755 58.9648 -145.85 
     48 108.584 1232 1 1 66.5685 57.2921 -174.45 
     48 123.891 1185 1 0 66.5197 57.21 -175.85 
     48 137.439 1226 0 1 65.2836 55.358 -204.45 
     48 140.119 1176 0 0 65.17 55.3072 -205.85 
     48 117.975 1238 3 1 67.7303 59.9392 -114.45 
     48 61.2821 1199 3 0 67.7235 59.8555 -115.85 
     48 142.354 1190 2 0 67.93 58.0817 -145.85 
     48 143.81 1241 1 1 68.3432 55.75 -174.45 
     48 147.789 1177 1 0 68.411 55.5278 -175.85 
     48 216.004 1248 0 1 69.7186 51.2914 -204.45 
     48 121.255 1154 0 0 69.6683 50.9478 -205.85 
     48 3.27267 1153 0 0 69.6534 50.85 -206.244 
     48 296.178 1201 2 0 66.9534 60.2883 -145.85 
     48 1.10378 1225 1 1 65.0507 59.0427 -174.45 
     48 100.897 1224 1 1 65.05 59.0421 -174.454 
     48 24.0394 1194 1 0 64.8313 58.8619 -175.85 
     48 132.382 1193 1 0 64.817 58.85 -175.941 
     48 15.9991 1200 0 1 60.0672 54.8804 -204.45 
     48 140.097 1199 0 1 60.05 54.8696 -204.527 
     48 82.2528 1173 0 0 59.7433 54.6808 -205.85 
     48 43.1049 1172 0 0 59.6902 54.65 -206.072 
     48 30.9837 1478 1 1 115.753 -60.0105 -174.85 
     48 20.7079 1477 1 1 115.75 -60.0339 -174.829 
     48 53.4794 1235 2 1 67.05 60.3934 -144.671 
     48 122.485 995 10 0 -31.7694 19.231 93.75 
Number of digits in this event: 46
Using G4ParticleGun... 
Particle energy: 1.12145 LIN
Particle: e-
Event: 49
Number of tracker hits in this event: 113
     49 124.413 549 10 1 -70.0644 86.0033 95.55 
     49 178.024 1329 10 0 -70.0612 85.9899 94.15 
     49 95.0484 550 9 1 -69.9726 85.6857 65.55 
     49 133.407 1328 9 0 -69.9717 85.6658 64.15 
     49 111.253 550 8 1 -69.9544 85.2684 35.55 
     49 96.6257 1326 8 0 -69.9573 85.2554 34.15 
     49 128.803 549 7 1 -70.0653 84.9907 5.55 
     49 123.517 1324 7 0 -70.0692 84.9716 4.15 
     49 134.895 549 6 1 -70.1801 84.5692 -24.45 
     49 246.161 1322 6 0 -70.1879 84.5416 -25.85 
     49 205.265 548 5 1 -70.3197 83.9828 -54.45 
     49 113.754 1319 5 0 -70.3238 83.9536 -55.85 
     49 120.379 548 4 1 -70.4081 83.339 -84.45 
     49 111.02 1316 4 0 -70.3984 83.3109 -85.85 
     49 113.765 549 3 1 -70.1964 82.7529 -114.45 
     49 105.305 1313 3 0 -70.1802 82.7272 -115.85 
     49 110.028 551 2 1 -69.8324 82.2434 -144.45 
     49 214.237 1310 2 0 -69.8279 82.2345 -145.85 
     49 115.139 551 1 1 -69.7785 82.1188 -174.45 
     49 111.103 1310 1 0 -69.7641 82.124 -175.85 
     49 105.266 552 0 1 -69.5383 82.1973 -204.45 
     49 194.168 1310 0 0 -69.5333 82.2128 -205.85 
     49 217.801 547 2 1 -70.5106 82.3015 -144.45 
     49 123.272 1311 2 0 -70.5283 82.275 -145.85 
     49 123.384 545 1 1 -70.8922 81.7017 -174.45 
     49 159.934 1308 1 0 -70.9152 81.664 -175.85 
     49 100.913 542 0 1 -71.4558 80.936 -204.45 
     49 317.246 1304 0 0 -71.4647 80.9049 -205.85 
     49 122.33 544 1 1 -71.1259 80.8962 -174.45 
     49 130.545 1301 1 0 -70.9733 80.2849 -175.85 
     49 141.395 1300 1 0 -70.9643 80.25 -175.93 
     49 77.7956 557 0 1 -68.5068 68.5108 -204.45 
     49 36.6005 558 0 1 -68.45 68.3234 -204.722 
     49 121.917 1237 0 0 -68.2544 67.593 -205.85 
     49 56.4558 1236 0 0 -68.2127 67.4499 -206.076 
     49 259.242 551 6 1 -69.8062 84.6418 -24.4511 
     49 287.438 534 5 1 -73.0804 84.5805 -54.4506 
     49 128.535 1323 5 0 -73.1834 84.7832 -55.8506 
     49 144.179 525 4 1 -74.8876 89.6598 -84.4502 
     49 28.8829 1352 4 0 -75.2262 90.6908 -85.85 
     49 199.266 1353 4 0 -75.2458 90.7502 -85.9304 
     49 19.7525 1354 4 0 -75.3174 90.95 -86.1994 
     49 142.124 482 3 1 -83.5498 112.367 -114.45 
     49 0.916135 481 3 1 -83.65 112.613 -114.848 
     49 77.1062 1465 3 0 -83.9067 113.237 -115.85 
     49 101.721 1466 3 0 -83.9551 113.35 -116.032 
     49 43.5991 441 2 1 -91.8755 130.419 -144.45 
     49 127.229 440 2 1 -91.95 130.514 -144.566 
     49 62.3039 1557 2 0 -92.7856 131.594 -145.85 
     49 120.153 1558 2 0 -92.9056 131.75 -146.03 
     49 115.682 343 1 1 -111.449 156.474 -174.45 
     49 122.936 342 1 1 -111.55 156.769 -174.67 
     49 37.9421 1690 1 0 -112.078 158.235 -175.85 
     49 77.8109 1691 1 0 -112.118 158.35 -175.94 
     49 64.9858 1692 1 0 -112.185 158.55 -176.087 
     49 11.6201 1693 1 0 -112.249 158.75 -176.222 
     49 28.3065 771 0 1 -25.65 165.519 -204.567 
     49 136.084 431 2 1 -93.9238 132.465 -144.45 
     49 145.64 1562 2 0 -93.8497 132.71 -145.85 
     49 120.049 1323 6 0 -69.7722 84.6618 -25.85 
     49 101.745 555 5 1 -69.0037 85.3748 -54.45 
     49 144.688 1326 5 0 -68.9258 85.4301 -55.85 
     49 125.552 564 4 1 -67.1391 86.4949 -84.4504 
     49 105.551 1331 4 0 -67.1045 86.4081 -85.85 
     49 1.78632 564 3 1 -67.0506 84.4005 -114.45 
     49 128.479 565 3 1 -67.05 84.4018 -114.455 
     49 122.584 1323 3 0 -66.9046 84.7235 -115.85 
     49 61.5986 580 2 1 -63.8685 91.1777 -144.451 
     49 95.0958 581 2 1 -63.85 91.2201 -144.619 
     49 3.66194 1356 2 0 -63.7013 91.5445 -145.85 
     49 108.809 1357 2 0 -63.6987 91.55 -145.871 
     49 186.236 598 1 1 -60.3516 98.7053 -174.45 
     49 116.054 1394 1 0 -60.263 99.0872 -175.85 
     49 50.6617 1395 1 0 -60.246 99.15 -176.085 
     49 88.3759 609 0 1 -58.1116 106.567 -204.45 
     49 73.7656 610 0 1 -58.05 106.649 -204.698 
     49 129.439 1434 0 0 -57.7695 107.015 -205.85 
     49 116.615 623 0 1 -55.3708 105.533 -204.45 
     49 21.4935 1327 5 0 -68.9135 85.461 -55.85 
     49 277.446 551 3 1 -69.8465 83.1635 -114.45 
     49 139.498 550 3 1 -69.85 83.161 -114.462 
     49 172.552 1314 3 0 -70.0981 82.9911 -115.85 
     49 54.3379 493 2 1 -81.3258 79.8487 -144.45 
     49 75.6252 492 2 1 -81.45 79.861 -144.51 
     49 50.2137 491 2 1 -81.65 79.8763 -144.589 
     49 104.54 490 2 1 -81.85 79.8849 -144.661 
     49 48.7968 489 2 1 -82.05 79.8796 -144.738 
     49 33.3931 488 2 1 -82.25 79.8895 -144.805 
     49 234.084 1301 2 0 -84.4322 80.3704 -145.85 
     49 6.38381 1302 2 0 -85.0474 80.45 -146.236 
     49 17.0465 278 1 1 -124.404 97.3505 -174.45 
     49 86.9249 279 1 1 -124.35 97.334 -174.507 
     49 42.5576 280 1 1 -124.15 97.3116 -174.736 
     49 233.301 1385 1 0 -123.252 97.2962 -175.85 
     49 96.1652 1318 3 0 -69.926 83.7136 -115.85 
     49 19.6644 1319 3 0 -69.9729 83.85 -116.204 
     49 29.914 1434 3 0 -138.92 107.128 -116.25 
     49 228.24 1435 3 0 -139.027 107.15 -116.205 
     49 3.16546 192 3 1 -141.737 107.665 -114.85 
     49 78.184 191 3 1 -141.75 107.668 -114.843 
     49 58.2828 190 3 1 -141.95 107.713 -114.736 
     49 90.6901 189 3 1 -142.15 107.757 -114.606 
     49 3.0377 188 3 1 -142.35 107.792 -114.459 
     49 90.4214 1552 4 0 -142.3 130.613 -86.25 
     49 82.9096 1553 4 0 -142.295 130.75 -86.0841 
     49 82.1991 189 4 1 -142.18 131.624 -84.8499 
     49 51.4981 190 4 1 -142.15 131.779 -84.6139 
     49 48.5399 1510 5 0 -135.922 122.203 -56.25 
     49 119.348 1509 5 0 -135.89 122.15 -56.082 
     49 229.972 222 5 1 -135.603 121.855 -54.8495 
     49 227.888 1551 6 0 -126.695 130.352 -26.25 
     49 183.593 268 6 1 -126.511 131.61 -24.85 
     49 20.7183 187 3 1 -142.55 107.805 -114.629 
Number of digits in this event: 49
Using G4ParticleGun... 
Particle energy: 7.99992 LIN
Particle: e-
Event: 50
Number of tracker hits in this event: 21
     50 115.132 1085 8 1 37.1981 -135.157 35.55 
     50 142.88 224 8 0 37.198 -135.158 34.15 
     50 161.712 1085 7 1 37.1931 -135.179 5.55 
     50 112.329 224 7 0 37.1929 -135.181 4.15 
     50 110.455 1085 6 1 37.1909 -135.221 -24.45 
     50 99.3615 224 6 0 37.1893 -135.224 -25.85 
     50 276.12 1085 5 1 37.156 -135.285 -54.45 
     50 117.269 224 5 0 37.1544 -135.288 -55.85 
     50 157.051 1085 4 1 37.117 -135.349 -84.45 
     50 319.043 223 4 0 37.1139 -135.352 -85.85 
     50 116.765 1084 3 1 37.0489 -135.416 -114.45 
     50 143.106 223 3 0 37.0459 -135.418 -115.85 
     50 114.76 1084 2 1 36.9798 -135.469 -144.45 
     50 222.386 223 2 0 36.9757 -135.472 -145.85 
     50 173.868 1084 1 1 36.8933 -135.538 -174.45 
     50 153.118 223 1 0 36.889 -135.543 -175.85 
     50 118.446 1083 0 1 36.7996 -135.638 -204.45 
     50 169.056 222 0 0 36.7943 -135.643 -205.85 
     50 1.08625 197 0 0 25.9852 -140.749 -206.25 
     50 237.957 196 0 0 25.9825 -140.75 -206.248 
     50 170.797 224 4 0 37.1078 -135.35 -86.1049 
Number of digits in this event: 14
Using G4ParticleGun... 
Particle energy: 1.65088 LIN
Particle: e-
Event: 51
Number of tracker hits in this event: 168
     51 209.674 657 11 1 -48.5933 24.3619 125.55 
     51 117.463 1021 11 0 -48.5892 24.3589 124.15 
     51 124.509 657 10 1 -48.4885 24.2798 95.55 
     51 127.809 1021 10 0 -48.4794 24.2701 94.15 
     51 101.949 658 9 1 -48.2805 24.0842 65.55 
     51 110.53 1020 9 0 -48.2747 24.0752 64.15 
     51 180.485 659 8 1 -48.1457 23.8986 35.55 
     51 156.595 1019 8 0 -48.137 23.891 34.15 
     51 338.414 660 7 1 -47.9496 23.7407 5.55 
     51 524.734 1018 7 0 -47.9331 23.7374 4.15 
     51 114.903 662 6 1 -47.6048 23.6613 -24.45 
     51 202.218 1018 6 0 -47.5949 23.6561 -25.85 
     51 223.442 663 5 1 -47.3891 23.5523 -54.45 
     51 98.1838 1017 5 0 -47.3826 23.5466 -55.85 
     51 106.112 664 4 1 -47.2262 23.4373 -84.45 
     51 124.474 1016 4 0 -47.2192 23.434 -85.85 
     51 128.425 664 3 1 -47.0906 23.3743 -114.45 
     51 114.216 1016 3 0 -47.0815 23.372 -115.85 
     51 309.757 665 2 1 -46.8526 23.3461 -144.45 
     51 84.8404 666 2 1 -46.85 23.3464 -144.672 
     51 264.829 1016 2 0 -46.8359 23.348 -145.85 
     51 164.474 667 1 1 -46.4645 23.395 -174.45 
     51 125.853 1016 1 0 -46.4397 23.402 -175.85 
     51 125.491 670 0 1 -45.927 23.5338 -204.45 
     51 141.057 1017 0 0 -45.908 23.5405 -205.85 
     51 244.862 669 0 1 -46.117 23.2464 -204.45 
     51 240.567 1015 0 0 -46.091 23.103 -205.85 
     51 80.1908 701 1 1 -39.8004 24.382 -174.45 
     51 79.0543 702 1 1 -39.65 24.4188 -174.67 
     51 118.726 1022 1 0 -38.7863 24.5886 -175.85 
     51 45.6711 1023 1 0 -38.5243 24.65 -176.19 
     51 41.1618 1296 1 0 22.8507 79.3399 -176.25 
     51 61.9024 1297 1 0 22.928 79.45 -176.19 
     51 71.9804 1298 1 0 23.0638 79.65 -176.083 
     51 75.7256 1299 1 0 23.1862 79.85 -175.982 
     51 19.0664 1300 1 0 23.3187 80.05 -175.878 
     51 106.783 1023 1 1 24.7395 82.1147 -174.85 
     51 122.695 1024 1 1 24.85 82.3017 -174.769 
     51 106.657 1025 1 1 25.05 82.6149 -174.608 
     51 14.9131 1026 1 1 25.25 82.8899 -174.48 
     51 145.142 1298 2 0 51.0124 79.7098 -146.25 
     51 30.0287 1162 2 1 52.5517 79.7144 -144.85 
     51 88.69 1163 2 1 52.65 79.7196 -144.769 
     51 46.6078 1164 2 1 52.8501 79.7209 -144.567 
     51 15.9028 1166 2 1 53.4223 79.8707 -144.45 
     51 173.075 1167 2 1 53.45 79.9244 -144.477 
     51 49.1548 1168 2 1 53.65 80.4086 -144.743 
     51 0.820132 1309 2 0 54.1097 82.0433 -145.85 
     51 190.886 1310 2 0 54.1116 82.05 -145.854 
     51 91.7595 1311 2 0 54.1671 82.25 -146 
     51 44.9314 1312 2 0 54.2399 82.4503 -146.129 
     51 383.328 1249 1 1 69.979 119.219 -174.45 
     51 9.94214 1248 1 1 69.85 118.46 -174.825 
     51 3.54806 1487 1 0 69.6226 117.562 -175.85 
     51 172.3 1486 1 0 69.6184 117.55 -175.865 
     51 95.3901 1485 1 0 69.4882 117.35 -176.102 
     51 225.8 1017 6 0 -47.6944 23.65 -26.15 
     51 89.9705 660 6 1 -48.0459 23.5981 -24.45 
     51 38.4279 659 6 1 -48.05 23.587 -24.6914 
     51 270.975 654 5 1 -49.1462 22.0174 -54.45 
     51 149.738 1009 5 0 -49.2416 22.0389 -55.85 
     51 112.273 643 4 1 -51.2983 22.1042 -84.4505 
     51 123.715 1009 4 0 -51.2947 21.9618 -85.85 
     51 167.453 647 3 1 -50.5665 19.3762 -114.45 
     51 170.613 996 3 0 -50.6714 19.2863 -115.85 
     51 2.65935 635 2 1 -53.0403 17.5029 -144.45 
     51 96.6336 634 2 1 -53.0501 17.502 -144.463 
     51 36.8657 633 2 1 -53.25 17.4846 -144.732 
     51 135.046 986 2 0 -54.0946 17.4078 -145.85 
     51 92.0327 524 1 1 -75.119 14.241 -174.45 
     51 67.8284 523 1 1 -75.25 14.1869 -174.675 
     51 137.386 969 1 0 -75.9358 13.931 -175.85 
     51 4.85575 968 1 0 -76.1519 13.85 -176.224 
     51 131.77 436 0 1 -92.7657 8.01504 -204.45 
     51 108.437 435 0 1 -92.9504 7.94324 -204.779 
     51 337.446 938 0 0 -93.5428 7.70485 -205.85 
     51 82.1832 937 0 0 -93.6683 7.65 -206.079 
     51 94.0382 434 0 1 -93.1502 7.54766 -204.508 
     51 72.8321 433 0 1 -93.35 7.31892 -204.667 
     51 109.381 932 0 0 -94.295 6.58037 -205.85 
     51 75.8788 931 0 0 -94.559 6.45 -206.075 
     51 91.799 655 5 1 -49.05 21.5118 -54.6976 
     51 41.3565 996 5 0 -48.7259 19.3766 -55.85 
     51 69.8568 995 5 0 -48.7098 19.25 -55.9127 
     51 59.5628 994 5 0 -48.6837 19.0498 -56.0108 
     51 60.5055 993 5 0 -48.6592 18.8498 -56.1062 
     51 18.3155 992 5 0 -48.6359 18.65 -56.2014 
     51 43.6679 708 5 0 -94.3968 -38.4307 -56.25 
     51 239.792 707 5 0 -94.5287 -38.45 -56.1745 
     51 25.8701 418 5 1 -96.4864 -38.5214 -54.85 
     51 74.9949 417 5 1 -96.55 -38.5214 -54.8076 
     51 69.7647 416 5 1 -96.75 -38.5186 -54.6579 
     51 6.09928 415 5 1 -96.95 -38.5146 -54.4702 
     51 289.172 685 6 0 -102.542 -42.9545 -26.25 
     51 18.3043 684 6 0 -102.603 -43.05 -25.9037 
     51 114.379 386 6 1 -102.793 -43.5101 -24.8498 
     51 142.158 1162 3 0 51.6247 52.45 -116.079 
     51 26.7263 1161 3 0 51.7999 52.45 -116.135 
     51 6.27079 870 5 0 -66.3542 -6.03943 -56.25 
     51 109.16 871 5 0 -42.0822 -5.72772 -56.25 
     51 151.059 653 3 1 -49.3454 20.5959 -114.45 
     51 160.204 997 3 0 -49.2596 19.5984 -115.85 
     51 106.468 651 6 1 -49.7632 24.9236 -24.45 
     51 179.633 1024 6 0 -49.9621 24.9521 -25.8506 
     51 120.036 630 5 1 -53.987 25.0787 -54.4512 
     51 107.726 1025 5 0 -54.0534 25.0899 -55.8501 
     51 67.983 609 4 1 -58.1849 27.4116 -84.4501 
     51 74.2684 608 4 1 -58.25 27.5101 -84.6479 
     51 131.976 1040 4 0 -58.6137 28.0771 -85.8509 
     51 6.05711 1041 4 0 -58.7339 28.25 -86.2266 
     51 46.3481 558 3 1 -68.3965 41.4647 -114.45 
     51 93.2035 557 3 1 -68.4502 41.5001 -114.565 
     51 102.313 1108 3 0 -68.8725 41.769 -115.851 
     51 27.223 1109 3 0 -68.9853 41.85 -116.163 
     51 268.73 505 2 1 -78.9765 50.4255 -144.45 
     51 79.036 1161 2 0 -78.7485 52.2876 -145.85 
     51 66.2968 1162 2 0 -78.7323 52.45 -145.987 
     51 36.5423 1163 2 0 -78.7056 52.65 -146.159 
     51 170.314 536 1 1 -72.6669 82.422 -174.45 
     51 182.944 1316 1 0 -73.0463 83.2634 -175.85 
     51 189.279 1317 1 0 -73.1243 83.45 -176.111 
     51 16.3667 500 0 1 -80.0218 102.5 -204.45 
     51 153.461 499 0 1 -80.0501 102.508 -204.528 
     51 138.709 1413 0 0 -80.5699 102.822 -205.85 
     51 127.288 1397 0 0 -77.6424 99.5961 -206.25 
     51 188.227 1396 0 0 -77.5554 99.55 -206.144 
     51 40.7976 1416 2 0 -49.4836 103.377 -146.25 
     51 24.0525 571 1 1 -65.65 30.9074 -174.604 
     51 182.398 551 1 1 -69.8453 18.6928 -174.732 
     51 124.808 993 1 0 -69.499 18.8202 -175.85 
     51 176.669 994 1 0 -69.4349 18.85 -176.039 
     51 148.288 995 1 0 -69.2784 19.0501 -176.165 
     51 69.5443 996 1 0 -69.2423 19.2501 -176.19 
     51 353.26 997 1 0 -69.2244 19.4508 -176.237 
     51 206.665 552 1 1 -69.5481 19.8319 -174.85 
     51 60.7444 454 2 1 -89.05 -17.2694 -144.832 
     51 56.9965 453 2 1 -89.25 -17.5924 -144.539 
     51 41.2962 610 4 1 -57.8667 25.7946 -84.45 
     51 71.6214 611 4 1 -57.85 25.7885 -84.5487 
     51 30.7348 1060 3 0 -99.2247 32.1624 -116.25 
     51 56.5768 1061 3 0 -99.2857 32.25 -116.193 
     51 45.996 1062 3 0 -99.3157 32.4505 -116.204 
     51 79.2502 1461 3 0 -141.104 112.399 -116.249 
     51 17.98 1462 3 0 -141.184 112.55 -116.231 
     51 75.9288 1013 2 0 -46.6007 22.7666 -145.85 
     51 143.398 1014 2 0 -46.3847 22.85 -145.941 
     51 145.393 1015 2 0 -45.9418 23.05 -146.123 
     51 277.566 1086 1 1 37.2761 61.6325 -174.45 
     51 259.075 1087 1 1 37.45 61.9598 -174.616 
     51 26.3863 1230 1 0 37.0122 66.1411 -175.85 
     51 106.768 1231 1 0 36.9931 66.25 -175.89 
     51 82.5024 1232 1 0 36.9882 66.4503 -176.004 
     51 35.4586 1233 1 0 37.0448 66.65 -176.135 
     51 70.2301 1523 1 0 22.7681 124.782 -176.25 
     51 193.36 1524 1 0 22.6394 124.95 -176.116 
     51 40.5174 997 1 1 19.5904 124.835 -174.85 
     51 59.4606 996 1 1 19.45 124.819 -174.821 
     51 42.1242 995 1 1 19.25 124.735 -174.779 
     51 54.7227 994 1 1 19.05 124.686 -174.749 
     51 76.3938 993 1 1 18.8498 124.629 -174.725 
     51 68.0257 992 1 1 18.65 124.57 -174.708 
     51 52.2598 991 1 1 18.45 124.523 -174.702 
     51 87.107 990 1 1 18.2495 124.476 -174.676 
     51 19.5637 989 1 1 18.05 124.326 -174.51 
     51 8.15502 1526 1 0 17.4559 125.35 -176.133 
     51 13.4579 1083 1 1 36.7944 61.3219 -174.45 
     51 2.36326 1210 1 0 30.1059 62.1745 -176.25 
     51 43.623 1467 1 0 -117.143 113.71 -176.25 
Number of digits in this event: 64
Using G4ParticleGun... 
Particle energy: 2.96792 LIN
Particle: e-
Event: 52
Number of tracker hits in this event: 34
     52 181.237 614 11 1 -57.1899 9.72701 125.55 
     52 209.041 948 11 0 -57.192 9.72483 124.15 
     52 214.666 614 10 1 -57.2447 9.67638 95.55 
     52 98.8546 948 10 0 -57.2467 9.6733 94.15 
     52 102.151 613 9 1 -57.298 9.61761 65.55 
     52 186.383 947 9 0 -57.3029 9.6095 64.15 
     52 209.563 613 8 1 -57.3829 9.43782 35.55 
     52 109.001 946 8 0 -57.3856 9.42888 34.15 
     52 115.266 613 7 1 -57.4454 9.24739 5.55 
     52 276.801 945 7 0 -57.4486 9.23949 4.15 
     52 223.076 612 6 1 -57.5004 9.08822 -24.45 
     52 88.0254 945 6 0 -57.5051 9.07923 -25.85 
     52 119.003 612 5 1 -57.6093 8.89722 -54.45 
     52 126.346 944 5 0 -57.6147 8.88716 -55.85 
     52 112.433 611 4 1 -57.7257 8.68404 -84.45 
     52 161.618 943 4 0 -57.7314 8.67381 -85.85 
     52 154.367 610 3 1 -57.8627 8.46727 -114.45 
     52 113.65 942 3 0 -57.8706 8.4585 -115.85 
     52 142.432 610 2 1 -58.0495 8.25943 -144.45 
     52 143.315 609 2 1 -58.05 8.25892 -144.531 
     52 121.437 940 2 0 -58.0582 8.2492 -145.85 
     52 127.873 609 1 1 -58.2399 8.0146 -174.45 
     52 108.27 939 1 0 -58.2464 7.99869 -175.85 
     52 151.618 608 0 1 -58.3855 7.67571 -204.45 
     52 115.85 938 0 0 -58.3959 7.66351 -205.85 
     52 76.6143 942 2 0 -57.3852 8.59455 -145.85 
     52 50.0417 943 2 0 -57.2646 8.65 -146.04 
     52 78.1917 946 7 0 -32.0364 9.25 3.75955 
     52 190.351 979 7 0 29.186 15.991 3.75 
     52 25.8494 612 3 1 -57.6491 9.28313 -114.45 
     52 163.642 611 3 1 -57.65 9.23538 -114.54 
     52 120.093 1113 11 0 11.0577 42.6907 123.75 
     52 113.216 1114 11 0 11.1853 42.85 123.971 
     52 348.546 958 11 1 11.6691 43.4186 125.15 
Number of digits in this event: 21
Using G4ParticleGun... 
Particle energy: 7.58058 LIN
Particle: e-
Event: 53
Number of tracker hits in this event: 64
     53 105.936 1634 7 1 147.094 -8.76419 5.55 
     53 144.079 856 7 0 147.094 -8.76472 4.15 
     53 127.688 1634 6 1 147.085 -8.77449 -24.45 
     53 139.137 856 6 0 147.085 -8.77381 -25.85 
     53 163.787 1634 5 1 147.089 -8.76331 -54.45 
     53 113.93 856 5 0 147.089 -8.76307 -55.85 
     53 109.67 1634 4 1 147.087 -8.75384 -84.45 
     53 300.357 856 4 0 147.085 -8.75298 -85.85 
     53 102.885 1634 3 1 147.034 -8.73868 -114.45 
     53 151.007 856 3 0 147.033 -8.738 -115.85 
     53 99.0002 1634 2 1 147.028 -8.71298 -144.45 
     53 258.382 856 2 0 147.029 -8.71328 -145.85 
     53 112.343 1634 1 1 147.047 -8.71648 -174.45 
     53 114.503 856 1 0 147.047 -8.71461 -175.85 
     53 124.745 1634 0 1 147.048 -8.6796 -204.45 
     53 112.567 856 0 0 147.047 -8.67827 -205.85 
     53 21.0283 1457 10 1 111.75 21.1802 95.2289 
     53 11.3576 153 3 0 118.177 -149.441 -116.25 
     53 72.7849 152 3 0 118.179 -149.55 -116.098 
     53 232.998 1489 3 1 118.052 -150.406 -114.85 
     53 4.02406 1491 2 1 118.55 64.6041 -144.834 
     53 133.388 1492 2 1 118.55 64.6087 -144.811 
     53 129.702 1629 3 1 146.059 -8.56988 -114.45 
     53 0.671099 1628 3 1 145.95 -8.56042 -114.848 
     53 125.05 857 3 0 145.69 -8.55759 -115.85 
     53 321.562 1587 2 1 137.628 -8.707 -144.45 
     53 90.1466 1586 2 1 137.55 -8.70537 -144.623 
     53 45.6145 1523 1 1 124.87 -7.73915 -174.45 
     53 90.6508 1522 1 1 124.75 -7.80214 -174.605 
     53 140.452 859 1 0 123.751 -8.24453 -175.85 
     53 136.024 858 1 0 123.738 -8.25 -175.866 
     53 142.795 1424 0 1 105.134 -20.5646 -204.45 
     53 344.787 792 0 0 105.136 -21.5618 -205.851 
     53 227.97 791 0 0 105.133 -21.65 -205.974 
     53 104.779 1425 0 1 105.182 -20.469 -204.45 
     53 94.3047 1426 0 1 105.35 -20.6909 -204.645 
     53 46.0491 793 0 0 105.515 -21.3931 -205.85 
     53 100.249 860 1 0 123.68 -8.05 -176.043 
     53 80.8213 861 1 0 123.514 -7.85 -176.139 
     53 124.295 862 1 0 123.519 -7.65 -176.03 
     53 44.1969 863 1 0 123.658 -7.45 -175.892 
     53 78.5001 1517 1 1 123.643 -6.64404 -174.85 
     53 267.287 1518 1 1 123.75 -6.52671 -174.72 
     53 248.836 1636 3 1 147.46 -8.40904 -114.45 
     53 108.582 1637 3 1 147.55 -8.63043 -114.683 
     53 112.953 848 3 0 148.576 -10.3748 -115.85 
     53 66.6097 847 3 0 148.618 -10.45 -115.902 
     53 107.447 846 3 0 148.731 -10.6501 -116.027 
     53 53.433 845 3 0 148.816 -10.85 -116.148 
     53 9.14988 844 3 0 148.888 -11.05 -116.236 
     53 85.8977 412 3 0 180.071 -97.6792 -116.25 
     53 70.9988 411 3 0 180.041 -97.7501 -116.082 
     53 60.0483 410 3 0 179.994 -97.95 -115.907 
     53 48.4097 409 3 0 180.085 -98.15 -115.895 
     53 39.7119 1795 3 1 179.254 -98.2881 -114.849 
     53 76.6244 1794 3 1 179.15 -98.3255 -114.73 
     53 124.202 1793 3 1 178.95 -98.4882 -114.593 
     53 143.805 1792 3 1 178.75 -98.782 -114.525 
     53 247.941 1791 3 1 178.55 -98.9724 -114.48 
     53 126.814 876 4 0 151.519 -4.80042 -86.25 
     53 21.9671 875 4 0 151.447 -4.85022 -85.9031 
     53 110.03 1655 4 1 151.292 -6.66341 -84.85 
     53 184.992 1656 4 1 151.35 -6.81645 -84.7363 
     53 90.6377 1657 4 1 151.55 -6.9024 -84.8127 
Number of digits in this event: 28
Using G4ParticleGun... 
Particle energy: 7.08219 LIN
Particle: e-
Event: 54
Number of tracker hits in this event: 60
     54 129.873 1507 7 1 121.689 81.6339 5.55 
     54 117.427 1307 7 0 121.69 81.6332 4.15 
     54 113.078 1507 6 1 121.704 81.6173 -24.45 
     54 124.399 1307 6 0 121.706 81.6161 -25.85 
     54 144.82 1507 5 1 121.74 81.5898 -54.45 
     54 109.909 1307 5 0 121.742 81.5888 -55.85 
     54 114.037 1508 4 1 121.785 81.5721 -84.45 
     54 143.897 1307 4 0 121.787 81.5716 -85.85 
     54 285.527 1508 3 1 121.828 81.5595 -114.45 
     54 222.233 1307 3 0 121.824 81.5654 -115.85 
     54 137.32 1507 2 1 121.734 81.6814 -144.45 
     54 237.453 1308 2 0 121.737 81.6788 -145.85 
     54 126.778 1508 1 1 121.788 81.7251 -174.45 
     54 118.105 1308 1 0 121.79 81.7334 -175.85 
     54 151.205 1508 0 1 121.816 81.9288 -204.45 
     54 199.498 1309 0 0 121.83 81.9417 -205.85 
     54 38.4839 1703 1 0 70.4633 160.75 -176.012 
     54 236.079 1704 1 0 70.3381 160.95 -175.954 
     54 36.8977 1309 2 0 121.574 82.0126 -145.851 
     54 106.939 1310 2 0 121.557 82.05 -145.971 
     54 44.4907 1496 1 1 119.507 87.9466 -174.45 
     54 100.005 1497 1 1 119.55 87.9053 -174.582 
     54 76.0124 1337 1 0 120.242 87.5171 -175.85 
     54 73.1617 1336 1 0 120.36 87.45 -176.068 
     54 124.788 1575 0 1 135.344 74.9242 -204.45 
     54 114.147 1272 0 0 134.873 74.6041 -205.85 
     54 27.4604 1271 0 0 134.756 74.45 -206.173 
     54 9.85198 164 1 0 126.078 -147.35 -176.168 
     54 99.3036 1507 3 1 121.75 81.6487 -114.56 
     54 24.4818 1309 3 0 121.207 82.0362 -115.85 
     54 187.302 1310 3 0 121.185 82.05 -115.901 
     54 141.154 1460 2 1 112.349 90.3337 -144.45 
     54 7.09055 1459 2 1 112.15 90.4203 -144.825 
     54 150.838 1352 2 0 111.636 90.6326 -145.85 
     54 40.833 1482 3 0 -72.8622 116.663 -116.25 
     54 77.2774 1483 3 0 -72.8758 116.75 -116.124 
     54 99.7232 535 3 1 -72.9579 117.885 -114.85 
     54 47.4438 534 3 1 -73.05 118.11 -114.573 
     54 38.7579 1551 4 0 -84.0346 130.513 -86.25 
     54 108.88 1552 4 0 -84.0781 130.55 -86.1712 
     54 209.472 475 4 1 -84.8608 130.901 -84.85 
     54 559.625 476 4 1 -84.85 131.255 -84.4678 
     54 122.01 1564 4 0 -85.1579 133.021 -85.8502 
     54 191.783 1565 4 0 -85.1192 133.15 -85.9922 
     54 18.8536 1568 4 0 -84.9608 133.892 -85.85 
     54 34.4337 474 4 1 -85.1144 134.252 -84.85 
     54 71.3909 557 2 1 -68.5687 97.2448 -144.45 
     54 286.041 558 2 1 -68.4496 97.0383 -144.514 
     54 128.422 559 2 1 -68.25 96.6325 -144.601 
     54 75.5955 560 2 1 -68.05 96.412 -144.813 
     54 68.018 561 2 1 -67.85 96.4204 -144.831 
     54 10.2905 562 2 1 -67.65 96.4468 -144.828 
     54 407.621 1380 2 0 -67.045 96.3403 -145.85 
     54 132.179 1387 2 0 -67.9021 97.5685 -145.85 
     54 114.222 1509 2 1 122.086 81.7507 -144.45 
     54 101.064 1505 1 1 121.329 82.2983 -174.45 
     54 114.577 1310 1 0 121.228 82.2418 -175.85 
     54 113.203 1496 0 1 119.365 81.3199 -204.45 
     54 105.451 1305 0 0 119.325 81.1728 -205.85 
     54 73.0423 1588 1 1 137.938 77.7822 -174.85 
Number of digits in this event: 27
Using G4ParticleGun... 
Particle energy: 6.78921 LIN
Particle: e-
Event: 55
Number of tracker hits in this event: 32
     55 126.372 1406 10 1 101.391 -52.9608 95.55 
     55 145.16 635 10 0 101.392 -52.9596 94.15 
     55 145.78 1406 9 1 101.402 -52.9361 65.55 
     55 117.974 635 9 0 101.403 -52.9349 64.15 
     55 136.531 1406 8 1 101.434 -52.9123 35.55 
     55 184.516 635 8 0 101.435 -52.9123 34.15 
     55 116.841 1406 7 1 101.458 -52.9144 5.55 
     55 131.384 635 7 0 101.46 -52.913 4.15 
     55 107.06 1406 6 1 101.494 -52.8829 -24.45 
     55 100.844 635 6 0 101.496 -52.8822 -25.85 
     55 136.155 1406 5 1 101.544 -52.871 -54.45 
     55 104.464 635 5 0 101.548 -52.874 -55.85 
     55 121.522 1407 4 1 101.635 -52.9509 -84.45 
     55 116.042 635 4 0 101.643 -52.958 -85.85 
     55 144.069 1408 3 1 101.827 -53.0907 -114.45 
     55 97.7775 634 3 0 101.836 -53.096 -115.85 
     55 110.14 1409 2 1 102.024 -53.1978 -144.45 
     55 94.4004 634 2 0 102.037 -53.1988 -145.85 
     55 156.369 1410 1 1 102.283 -53.217 -174.45 
     55 125.471 634 1 0 102.292 -53.2183 -175.85 
     55 164.262 1411 0 1 102.478 -53.2487 -204.45 
     55 104.886 634 0 0 102.486 -53.2478 -205.85 
     55 44.0423 392 3 0 24.5524 -101.55 -116.058 
     55 76.9473 1024 3 1 24.8689 -102.942 -114.85 
     55 24.7987 374 3 0 24.8187 -105.319 -115.85 
     55 32.4454 373 3 0 24.8423 -105.35 -115.866 
     55 49.5177 1034 3 1 26.9917 -107.625 -114.85 
     55 34.682 362 3 0 26.8577 -107.746 -115.85 
     55 3.90163 361 3 0 26.8591 -107.75 -115.856 
     55 210.663 1480 0 1 116.182 -38.9809 -204.45 
     55 79.8722 1479 0 1 116.15 -39.0056 -204.505 
     55 31.9429 1364 1 1 92.9613 -7.32952 -174.85 
Number of digits in this event: 16
Using G4ParticleGun... 
Particle energy: 3.18957 LIN
Particle: e-
Event: 56
Number of tracker hits in this event: 25
     56 115.207 932 8 1 6.50185 140.638 35.55 
     56 128.671 1602 8 0 6.5023 140.637 34.15 
     56 94.0454 932 7 1 6.51041 140.618 5.55 
     56 112.303 1602 7 0 6.50953 140.618 4.15 
     56 145.138 932 6 1 6.49717 140.615 -24.45 
     56 118.665 1602 6 0 6.49643 140.615 -25.85 
     56 159.265 932 5 1 6.49892 140.635 -54.45 
     56 109.294 1602 5 0 6.49457 140.637 -55.85 
     56 91.0849 931 4 1 6.39492 140.678 -84.45 
     56 129.072 1602 4 0 6.39012 140.681 -85.85 
     56 124.345 931 3 1 6.29015 140.752 -114.45 
     56 135.801 1603 3 0 6.2849 140.758 -115.85 
     56 253.015 930 2 1 6.16585 140.877 -144.45 
     56 118.241 1603 2 0 6.15859 140.884 -145.85 
     56 122.546 929 1 1 6.01029 141.018 -174.45 
     56 201.503 1604 1 0 6.00249 141.024 -175.85 
     56 150.892 928 0 1 5.84027 141.15 -204.45 
     56 136.217 1605 0 0 5.83291 141.153 -205.85 
     56 101.081 933 1 1 6.68573 140.573 -174.85 
     56 15.2103 1594 2 0 6.8599 139.06 -145.85 
     56 144.026 929 0 1 5.98172 140.949 -204.45 
     56 112.432 1603 0 0 5.95936 140.934 -205.85 
     56 25.1681 1602 0 0 3.46735 140.584 -205.85 
     56 180.707 1601 0 0 3.39649 140.55 -205.897 
     56 363.792 1600 0 0 3.1895 140.35 -205.978 
Number of digits in this event: 16
Using G4ParticleGun... 
Particle energy: 4.70968 LIN
Particle: e-
Event: 57
Number of tracker hits in this event: 111
     57 113.063 1293 10 1 78.7049 73.7758 95.55 
     57 187.06 1268 10 0 78.706 73.7752 94.15 
     57 195.954 1293 9 1 78.7229 73.7609 65.55 
     57 109.802 1268 9 0 78.7236 73.7621 64.15 
     57 114.331 1293 8 1 78.7359 73.7903 35.55 
     57 102.036 1268 8 0 78.7389 73.7908 34.15 
     57 101.852 1293 7 1 78.8055 73.7973 5.55 
     57 185.053 1268 7 0 78.8165 73.8051 4.15 
     57 113.427 1294 6 1 79.0336 73.9707 -24.45 
     57 136.452 1269 6 0 79.0411 73.982 -25.85 
     57 137.057 1295 5 1 79.1971 74.2142 -54.45 
     57 119.727 1270 5 0 79.2067 74.2324 -55.85 
     57 167.776 1296 4 1 79.4141 74.5996 -84.45 
     57 126.763 1272 4 0 79.3993 74.5706 -85.85 
     57 167.275 1305 3 1 81.0707 74.6511 -114.45 
     57 506.544 1274 3 0 81.0935 74.8652 -115.85 
     57 132.626 1308 2 1 81.8044 79.8941 -144.45 
     57 71.9665 1297 2 0 81.6009 79.5189 -145.85 
     57 194.967 1296 2 0 81.567 79.45 -146.093 
     57 268.812 1291 1 1 78.3741 70.5079 -174.45 
     57 241.896 1249 1 0 78.1189 70.0266 -175.85 
     57 21.0902 1248 1 0 78.0659 69.8498 -176.247 
     57 77.3164 1270 0 1 74.081 56.0287 -204.45 
     57 69.3529 1271 0 1 74.25 56.0407 -204.688 
     57 151.815 1180 0 0 75.3914 56.1796 -205.85 
     57 65.488 1181 0 0 75.5934 56.25 -206.102 
     57 148.753 1290 1 1 78.2498 70.6158 -174.485 
     57 58.3362 1289 1 1 78.0495 70.7156 -174.689 
     57 15.064 1288 1 1 77.8497 70.8124 -174.819 
     57 21.5018 1257 1 0 76.4378 71.6108 -175.85 
     57 130.43 1258 1 0 76.3676 71.65 -175.903 
     57 83.5347 1259 1 0 76.0294 71.85 -176.168 
     57 349.324 1470 1 0 11.927 114.208 -176.25 
     57 73.1943 1469 1 0 10.8173 114.15 -175.94 
     57 39.0992 931 1 1 6.35823 110.418 -174.85 
     57 22.9132 930 1 1 6.24997 110.331 -174.839 
     57 161.974 1442 1 0 2.81165 108.551 -175.85 
     57 188.557 1441 1 0 2.81023 108.55 -175.85 
     57 36.8206 1443 1 0 2.15416 108.75 -176.184 
     57 366.578 1297 2 1 79.4727 75.2112 -144.45 
     57 768.737 1275 2 0 79.4814 75.217 -145.85 
     57 624.23 1298 1 1 79.6676 75.9921 -174.45 
     57 30.2487 1279 1 0 79.7574 76.0454 -175.85 
     57 102.979 1280 1 0 79.7649 76.05 -175.966 
     57 115.202 1307 0 1 81.5836 77.2451 -204.45 
     57 124.02 1286 0 0 81.6256 77.2682 -205.85 
     57 35.2865 702 1 1 -39.45 133.686 -174.548 
     57 29.7964 701 1 1 -39.65 133.771 -174.472 
     57 231.503 1278 1 0 79.8209 75.6655 -175.85 
     57 188.898 1300 0 1 80.1043 75.8745 -204.45 
     57 253.813 1279 0 0 80.0972 75.8655 -205.85 
     57 1278.39 1297 3 1 79.5995 75.0079 -114.45 
     57 510.515 1298 2 1 79.6554 75.1905 -144.45 
     57 239.839 1276 1 0 79.746 75.4042 -175.85 
     57 275.443 1298 0 1 79.7022 75.6371 -204.45 
     57 228.476 1277 0 0 79.6941 75.6469 -205.85 
     57 3.8823 1271 0 0 79.902 74.2619 -205.85 
     57 76.4998 1270 0 0 79.904 74.2498 -205.859 
     57 87.5075 1269 0 0 79.9776 74.05 -205.961 
     57 91.4758 1268 0 0 80.1795 73.85 -205.979 
     57 101.107 1267 0 0 80.3437 73.6499 -206.173 
     57 80.9231 1266 0 0 80.6137 73.45 -206.196 
     57 286.363 1420 0 0 123.975 104.177 -206.25 
     57 297.419 1421 0 0 123.421 104.35 -206.233 
     57 112.182 1275 3 0 79.5874 75.0642 -115.85 
     57 132.123 1280 2 0 79.4399 76.1005 -145.85 
     57 15.3625 1292 1 1 78.4517 78.3889 -174.45 
     57 238.35 1292 1 0 78.4105 78.5814 -175.85 
     57 111.251 1290 0 1 78.0839 82.6814 -204.45 
     57 115.417 1314 0 0 78.1164 82.8888 -205.85 
     57 244.503 1277 2 0 79.7711 75.6365 -145.85 
     57 184.397 1299 1 1 79.9196 76.5204 -174.451 
     57 134.339 1282 1 0 79.9248 76.6013 -175.85 
     57 96.4469 1299 0 1 80.002 77.8137 -204.45 
     57 106.512 1288 0 0 80.0551 77.771 -205.85 
     57 119.785 1292 2 1 78.6002 73.0848 -144.45 
     57 117.293 1263 2 0 78.5124 72.7381 -145.85 
     57 8.7342 1262 2 0 78.4902 72.65 -146.216 
     57 253.282 1283 1 1 76.7144 66.2841 -174.45 
     57 142.664 1230 1 0 76.6802 66.0737 -175.85 
     57 162.774 1229 1 0 76.6821 66.0499 -176.026 
     57 7.76503 1281 0 1 76.4424 61.4485 -204.45 
     57 146.378 1282 0 1 76.4501 61.4386 -204.481 
     57 3.71542 1205 0 0 76.8047 61.0545 -205.85 
     57 121.035 1204 0 0 76.8093 61.0498 -205.868 
     57 13.2031 1090 3 1 38.25 71.0344 -114.829 
     57 142.38 1282 1 1 76.65 66.1891 -174.774 
     57 167.836 1273 3 0 79.4631 74.7932 -115.85 
     57 155.988 1294 2 1 78.9277 76.2859 -144.45 
     57 166.847 1281 2 0 78.9922 76.3735 -145.85 
     57 152.789 1300 1 1 80.186 78.2638 -174.45 
     57 111.387 1291 1 0 80.2084 78.3135 -175.85 
     57 193.118 1303 0 1 80.6894 79.2096 -204.45 
     57 108.308 1295 0 0 80.6446 79.2326 -205.85 
     57 98.6411 1282 2 0 79.7496 76.5471 -145.85 
     57 117.627 1305 1 1 81.1273 78.6442 -174.45 
     57 122.257 1322 0 1 84.5233 78.656 -204.45 
     57 53.5221 1293 0 0 84.7162 78.6506 -205.85 
     57 81.7894 1292 0 0 84.7412 78.65 -206.031 
     57 119.376 1296 3 1 79.45 74.7336 -114.659 
     57 5.24602 1267 3 0 80.0897 73.4647 -115.85 
     57 120.228 1266 3 0 80.0925 73.45 -115.863 
     57 103.608 1295 3 1 79.1657 72.5337 -114.85 
     57 59.0419 1263 3 0 79.6448 72.7663 -115.85 
     57 48.8006 1275 1 0 79.0029 75.25 -176.21 
     57 13.9381 1317 1 0 -26.9047 83.5815 -176.25 
     57 99.2814 1318 1 0 -26.8847 83.65 -176.247 
     57 31.9879 1319 1 0 -26.8122 83.85 -176.231 
     57 10.3641 1251 6 0 82.5274 70.45 -26.1153 
     57 21.6617 1443 0 1 108.75 49.9883 -204.817 
     57 100.511 1444 0 1 108.95 49.8544 -204.577 
Number of digits in this event: 53
Using G4ParticleGun... 
Particle energy: 9.03699 LIN
Particle: e-
Event: 58
Number of tracker hits in this event: 176
     58 112.343 1153 11 1 50.7808 32.1045 125.55 
     58 115.439 1060 11 0 50.7807 32.1043 124.15 
     58 268.851 1153 10 1 50.7785 32.0983 95.55 
     58 121.832 1060 10 0 50.778 32.0959 94.15 
     58 143.299 1153 9 1 50.7731 32.0464 65.55 
     58 136.707 1059 9 0 50.7706 32.0446 64.15 
     58 103.463 1153 8 1 50.7229 32.0105 35.55 
     58 106.921 1059 8 0 50.7224 32.0085 34.15 
     58 156.281 1153 7 1 50.7067 31.9722 5.55 
     58 160.791 1059 7 0 50.7086 31.9669 4.15 
     58 533.637 1153 6 1 50.7429 31.8581 -24.45 
     58 143.713 1059 6 0 50.7442 31.8534 -25.85 
     58 514.827 1153 5 1 50.7805 31.7434 -54.45 
     58 119.298 1058 5 0 50.7807 31.7366 -55.85 
     58 214.04 1153 4 1 50.7751 31.5998 -84.45 
     58 114.331 1057 4 0 50.7738 31.5918 -85.85 
     58 403.799 1153 3 1 50.7594 31.4275 -114.45 
     58 136.853 1056 3 0 50.7577 31.4194 -115.85 
     58 711.252 1153 2 1 50.7279 31.2627 -144.45 
     58 237.79 1056 2 0 50.7265 31.254 -145.85 
     58 481.263 1153 1 1 50.6995 31.0784 -174.45 
     58 341.723 1055 1 0 50.6993 31.0687 -175.85 
     58 630.812 1153 0 1 50.6782 30.8658 -204.45 
     58 539.997 1054 0 0 50.6825 30.8571 -205.85 
     58 169.07 1152 0 1 50.65 30.8215 -204.465 
     58 815.699 1151 0 1 50.45 30.5368 -204.568 
     58 126.814 1150 0 1 50.25 29.2729 -204.712 
     58 30.7712 1149 0 1 50.0499 29.0065 -204.801 
     58 561.521 1038 0 0 48.1648 27.7709 -205.85 
     58 159.921 1037 0 0 47.4061 27.6499 -206.198 
     58 16.6866 925 2 0 64.3674 5.07248 -146.25 
     58 104.508 924 2 0 64.3816 5.05 -146.207 
     58 164.267 833 2 0 64.548 -13.401 -146.25 
     58 203.311 945 0 0 36.5784 9.09495 -206.25 
     58 136.539 1072 0 1 34.6317 8.97624 -204.85 
     58 158.924 1071 0 1 34.4498 8.96149 -204.727 
     58 189.705 1070 0 1 34.25 8.948 -204.596 
     58 131.926 1069 0 1 34.0499 8.92091 -204.477 
     58 9.93209 1068 0 1 33.8344 8.80629 -204.45 
     58 78.2993 1073 0 1 34.65 7.78634 -204.802 
     58 83.5763 1074 0 1 34.8502 7.6034 -204.79 
     58 99.1282 1075 0 1 35.05 7.34785 -204.777 
     58 98.3954 1076 0 1 35.25 7.11466 -204.766 
     58 102.701 1077 0 1 35.4501 6.8514 -204.79 
     58 23.0553 914 0 0 37.5322 2.9385 -205.85 
     58 68.1275 913 0 0 37.5735 2.85 -205.875 
     58 58.8232 912 0 0 37.7157 2.64986 -205.958 
     58 64.2528 911 0 0 37.8321 2.45 -206.018 
     58 92.8314 910 0 0 37.9271 2.25 -206.062 
     58 79.6082 909 0 0 37.9773 2.05 -206.081 
     58 51.8185 908 0 0 38.0203 1.85 -206.066 
     58 87.0563 907 0 0 38.0677 1.65 -206.041 
     58 66.9225 906 0 0 38.1162 1.45 -206.028 
     58 58.2344 905 0 0 38.1449 1.25 -206.067 
     58 39.7731 904 0 0 38.1294 1.04995 -206.065 
     58 49.8822 903 0 0 38.1512 0.85 -206.045 
     58 58.4969 902 0 0 38.1826 0.65 -206.016 
     58 100.947 901 0 0 38.2409 0.449933 -205.98 
     58 145.09 900 0 0 38.3085 0.25 -205.984 
     58 4.4097 899 0 0 38.0882 -0.05 -206.242 
     58 120.206 492 8 0 15.0143 -81.5087 33.75 
     58 276.941 493 8 0 14.9172 -81.45 33.8452 
     58 22.2045 622 8 0 31.457 -55.6038 33.75 
     58 7.47974 719 8 0 24.618 -36.1309 33.75 
     58 165.953 1055 2 0 50.7103 31.2394 -145.85 
     58 138.463 1054 1 0 50.7312 30.9162 -175.85 
     58 133.835 1052 0 0 50.4293 30.5463 -205.85 
     58 253.331 1151 1 1 50.2738 31.2122 -174.45 
     58 161.471 1057 0 0 50.3152 31.6081 -205.85 
     58 410.966 1154 2 1 50.8546 31.4573 -144.45 
     58 292.738 1057 2 0 50.8816 31.4653 -145.85 
     58 162.708 1157 1 1 51.4809 31.5468 -174.45 
     58 173.128 1057 1 0 51.4855 31.5532 -175.85 
     58 128.178 1157 0 1 51.5677 31.7306 -204.45 
     58 113.398 1058 0 0 51.5365 31.733 -205.85 
     58 169.918 1391 1 0 76.6735 98.35 -176.145 
     58 44.0381 1058 2 0 51.0163 31.6501 -146.078 
     58 32.2816 966 2 0 38.0076 13.2986 -146.25 
     58 144.304 965 2 0 37.9963 13.25 -146.174 
     58 65.184 964 2 0 38.075 13.05 -146.033 
     58 41.4343 963 2 0 38.1661 12.8496 -145.943 
     58 154.047 1094 2 1 38.8833 11.3122 -144.85 
     58 323.673 1095 2 1 39.05 10.8551 -144.569 
     58 461.154 1096 2 1 39.25 10.4702 -144.532 
     58 41.4075 935 2 0 38.5542 7.15566 -145.85 
     58 208.036 934 2 0 38.5377 7.05 -145.976 
     58 30.0295 933 2 0 38.549 6.85 -146.205 
     58 300.787 504 2 0 83.1598 -79.2424 -146.25 
     58 120.323 867 2 0 -21.7884 -6.46875 -146.25 
     58 10.5766 868 2 0 -21.7884 -6.45 -146.144 
     58 186.207 852 2 0 -35.4868 -9.58852 -146.25 
     58 145.808 1156 1 1 51.3448 31.2531 -174.45 
     58 143.966 1159 0 1 51.887 31.0019 -204.45 
     58 117.635 1060 7 0 50.7285 32.05 3.825 
     58 376.34 1058 1 0 50.771 31.7352 -175.85 
     58 167.139 1154 0 1 51.025 31.5025 -204.45 
     58 175.193 1056 0 0 51.0201 31.4494 -205.85 
     58 75.1541 1173 0 1 54.8302 31.0191 -204.45 
     58 105.318 1174 0 1 54.85 31.0178 -204.486 
     58 179.943 1053 0 0 55.6421 30.8497 -205.85 
     58 12.8575 1060 8 0 50.7781 32.0741 34.15 
     58 105.927 1154 7 1 50.8623 32.4973 5.55 
     58 101.646 1062 7 0 51.0917 32.5038 4.15 
     58 105.76 1179 6 1 55.8762 33.0959 -24.45 
     58 103.126 1065 6 0 55.9992 33.087 -25.85 
     58 157.223 1194 5 1 58.9783 32.6296 -54.45 
     58 103.896 1195 5 1 59.0502 32.626 -54.7275 
     58 223.162 1062 5 0 59.3209 32.6185 -55.85 
     58 120.174 1228 4 1 65.667 32.4083 -84.45 
     58 153.947 1060 4 0 65.9831 32.0679 -85.85 
     58 89.5401 1059 4 0 65.9994 32.05 -85.9238 
     58 99.0932 1265 3 1 73.1475 25.7341 -114.45 
     58 31.9928 1266 3 1 73.25 25.7073 -114.784 
     58 25.938 1028 3 0 73.5562 25.6544 -115.851 
     58 98.4951 1027 3 0 73.584 25.65 -115.946 
     58 13.5742 1310 2 1 82.1147 23.8814 -144.45 
     58 71.6203 1309 2 1 82.05 23.8911 -144.479 
     58 57.469 1308 2 1 81.85 23.9381 -144.555 
     58 57.6015 1307 2 1 81.65 23.98 -144.617 
     58 60.3986 1306 2 1 81.4494 23.9984 -144.663 
     58 199.759 1305 2 1 81.25 24.0023 -144.698 
     58 49.5534 1304 2 1 81.05 24.016 -144.744 
     58 71.534 1303 2 1 80.85 24.0187 -144.787 
     58 9.42195 1302 2 1 80.65 24.0083 -144.837 
     58 258.429 1019 2 0 77.3315 24.0326 -145.85 
     58 73.2839 1020 2 0 76.5171 24.05 -146.152 
     58 64.0337 1230 2 0 -21.4342 66.0664 -146.25 
     58 61.3807 1231 2 0 -21.5624 66.25 -146.144 
     58 86.6991 1232 2 0 -21.6879 66.45 -146.04 
     58 53.4569 1233 2 0 -21.8059 66.6504 -145.945 
     58 163.304 785 2 1 -22.876 68.4165 -144.85 
     58 233.098 784 2 1 -23.05 68.7945 -144.564 
     58 35.3493 1244 2 0 -23.0184 68.8806 -145.85 
     58 112.415 1243 2 0 -23.0149 68.85 -145.949 
     58 20.8657 1116 2 0 -36.8704 43.2884 -146.25 
     58 131.981 1115 2 0 -36.8847 43.25 -146.197 
     58 211.022 1114 2 0 -36.6913 43.0498 -146.013 
     58 35.8497 1113 2 0 -36.5767 42.85 -145.932 
     58 5.84464 715 2 1 -37.0441 42.1065 -144.85 
     58 182.563 714 2 1 -37.05 42.1005 -144.831 
     58 32.7444 1018 2 0 71.0718 23.8477 -145.85 
     58 178.116 1060 5 0 59.1648 32.1325 -55.85 
     58 261.108 1061 5 0 59.0483 32.2502 -55.9445 
     58 103.201 1198 5 1 59.7428 32.8838 -54.85 
     58 272.893 1060 6 0 50.7721 32.0786 -25.85 
     58 112.33 1063 4 0 50.7498 32.7118 -85.85 
     58 143.058 1150 3 1 50.1036 32.7947 -114.45 
     58 139.373 1063 3 0 50.0771 32.8065 -115.85 
     58 142.362 1147 2 1 49.5293 33.0727 -144.45 
     58 114.931 1065 2 0 49.4818 33.1059 -145.85 
     58 126.482 1141 1 1 48.4022 33.7762 -174.45 
     58 12.9615 1068 1 0 48.3361 33.847 -175.85 
     58 125.813 1069 1 0 48.3334 33.85 -175.909 
     58 117.543 1134 0 1 46.8986 35.2174 -204.45 
     58 141.77 1076 0 0 46.8408 35.2879 -205.85 
     58 214.302 1139 0 1 48.0319 42.762 -204.45 
     58 122.815 1114 0 0 47.991 42.9272 -205.85 
     58 127.457 1112 0 0 47.8792 42.5944 -205.85 
     58 121.992 1154 4 1 50.8536 32.141 -84.45 
     58 96.923 1060 3 0 50.8108 32.2209 -115.85 
     58 243.099 1061 2 0 50.6773 32.2679 -145.85 
     58 543.386 1152 1 1 50.524 32.1635 -174.45 
     58 118.57 1060 1 0 50.513 32.1592 -175.85 
     58 209.875 1060 0 0 50.2853 32.0881 -205.85 
     58 139.848 1172 1 1 54.4566 34.1782 -174.45 
     58 97.2323 1070 1 0 54.5576 34.2375 -175.85 
     58 21.8024 1071 1 0 54.5788 34.25 -176.134 
     58 119.991 1183 0 1 56.7592 35.165 -204.45 
     58 114.804 1075 0 0 56.891 35.1951 -205.85 
     58 192.977 1152 2 1 50.6207 32.096 -144.573 
     58 353.891 1060 2 0 50.6198 32.0948 -145.85 
     58 99.7134 1059 1 0 50.5939 32.0474 -175.85 
     58 187.634 1059 0 0 50.6605 31.8824 -205.85 
     58 111.797 1154 1 1 50.9887 31.932 -174.45 
     58 136.366 1161 0 1 52.2951 29.7502 -204.45 
     58 118.135 1048 0 0 52.384 29.7314 -205.85 
Number of digits in this event: 92
Using G4ParticleGun... 
Particle energy: 5.79322 LIN
Particle: e-
Event: 59
Number of tracker hits in this event: 63
     59 113.519 687 9 1 -42.5055 -117.27 65.55 
     59 133.074 314 9 0 -42.5052 -117.272 64.15 
     59 165.879 687 8 1 -42.501 -117.308 35.55 
     59 120.66 314 8 0 -42.5003 -117.309 34.15 
     59 141.918 687 7 1 -42.4864 -117.335 5.55 
     59 168.306 314 7 0 -42.4885 -117.337 4.15 
     59 87.1801 687 6 1 -42.533 -117.362 -24.45 
     59 122.481 313 6 0 -42.5371 -117.361 -25.85 
     59 120.181 687 5 1 -42.6365 -117.348 -54.45 
     59 139.898 314 5 0 -42.6408 -117.344 -55.85 
     59 535.46 686 4 1 -42.7276 -117.294 -84.45 
     59 324.738 314 4 0 -42.7283 -117.293 -85.85 
     59 376.489 686 3 1 -42.7749 -117.229 -114.45 
     59 271.269 314 3 0 -42.769 -117.227 -115.85 
     59 270.981 687 2 1 -42.636 -117.132 -144.45 
     59 147.802 315 2 0 -42.6326 -117.125 -145.85 
     59 171.104 687 1 1 -42.5788 -116.963 -174.45 
     59 210.885 316 1 0 -42.595 -116.945 -175.85 
     59 201.008 685 0 1 -42.9284 -116.558 -204.45 
     59 135.922 318 0 0 -42.9457 -116.543 -205.85 
     59 0.788381 56 3 0 71.3993 -168.849 -115.85 
     59 254.336 685 1 1 -42.8778 -117.017 -174.45 
     59 102.128 317 1 0 -43.1771 -116.75 -176.122 
     59 126.655 661 0 1 -47.6854 -110.759 -204.45 
     59 100.394 348 0 0 -47.8263 -110.548 -205.85 
     59 146.617 686 1 1 -42.7485 -116.912 -174.45 
     59 115.577 318 1 0 -42.3827 -116.549 -175.85 
     59 144.638 743 0 1 -31.3717 -106.533 -204.45 
     59 17.5317 744 0 1 -31.25 -106.576 -204.783 
     59 74.9901 366 0 0 -30.8589 -106.863 -205.85 
     59 36.3511 365 0 0 -30.769 -106.95 -206.162 
     59 434.08 313 4 0 -42.7494 -117.432 -85.85 
     59 147.36 692 3 1 -41.582 -121.396 -114.45 
     59 23.2762 693 3 1 -41.45 -121.502 -114.775 
     59 142.051 291 3 0 -40.9107 -121.815 -115.85 
     59 303.67 231 3 0 30.8201 -133.811 -116.25 
     59 42.0851 1059 3 1 31.9985 -134.29 -114.85 
     59 181.577 1060 3 1 32.05 -134.318 -114.796 
     59 169.854 1061 3 1 32.25 -134.431 -114.635 
     59 87.528 232 3 0 30.7549 -133.75 -115.997 
     59 13.0267 233 3 0 30.7615 -133.55 -116.218 
     59 49.3852 312 4 0 -42.8024 -117.55 -86.0358 
     59 117.975 316 3 0 -42.7721 -116.888 -115.85 
     59 151.432 685 2 1 -42.8686 -116.401 -144.45 
     59 136.596 318 2 0 -42.8759 -116.386 -145.85 
     59 297.582 320 1 0 -43.0615 -116.043 -175.85 
     59 149.192 683 0 1 -43.4336 -115.697 -204.45 
     59 278.302 322 0 0 -43.4488 -115.668 -205.85 
     59 198.688 289 8 0 -54.0599 -122.283 33.75 
     59 204.147 626 8 1 -54.7113 -122.112 35.15 
     59 232.05 625 8 1 -54.85 -122.04 35.3704 
     59 224.893 278 8 0 -64.0768 -124.476 34.15 
     59 184.308 277 8 0 -64.2407 -124.55 33.9398 
     59 147.949 312 2 0 -42.9662 -117.605 -145.85 
     59 61.6549 631 1 1 -53.7713 -118.343 -174.45 
     59 155.734 630 1 1 -53.85 -118.354 -174.597 
     59 113.185 308 1 0 -54.5048 -118.456 -175.85 
     59 85.0423 549 0 1 -70.0779 -119.869 -204.45 
     59 52.2824 548 0 1 -70.25 -119.926 -204.69 
     59 167.491 299 0 0 -71.0854 -120.201 -205.85 
     59 427.594 688 2 1 -42.4253 -117.494 -144.45 
     59 42.319 689 2 1 -42.25 -117.277 -144.726 
     59 142.272 317 2 0 -41.8458 -116.681 -145.85 
Number of digits in this event: 46
Using G4ParticleGun... 
Particle energy: 3.28591 LIN
Particle: e-
Event: 60
Number of tracker hits in this event: 66
     60 116.489 839 10 1 -12.1504 -93.9062 95.55 
     60 121.074 431 10 0 -12.1525 -93.9066 94.15 
     60 167.699 839 9 1 -12.1858 -93.9193 65.55 
     60 141.947 431 9 0 -12.188 -93.922 64.15 
     60 165.395 839 8 1 -12.2343 -93.9834 35.55 
     60 185.757 430 8 0 -12.2397 -93.9866 34.15 
     60 484.299 838 7 1 -12.3434 -94.0567 5.55 
     60 181.859 430 7 0 -12.3469 -94.0595 4.15 
     60 151.95 838 6 1 -12.4248 -94.1138 -24.45 
     60 118.838 430 6 0 -12.4284 -94.1188 -25.85 
     60 119.553 837 5 1 -12.4931 -94.2194 -54.45 
     60 212.22 429 5 0 -12.495 -94.2262 -55.85 
     60 289.387 837 4 1 -12.52 -94.3562 -84.45 
     60 140.894 428 4 0 -12.5203 -94.3636 -85.85 
     60 118.791 837 3 1 -12.5276 -94.4999 -114.45 
     60 136.4 428 3 0 -12.5309 -94.5133 -115.85 
     60 132.306 837 2 1 -12.5915 -94.7846 -144.45 
     60 127.786 426 2 0 -12.5985 -94.7956 -145.85 
     60 378.387 836 1 1 -12.7507 -95.0274 -174.45 
     60 130.987 425 1 0 -12.7582 -95.0392 -175.85 
     60 122.516 835 0 1 -12.9009 -95.2626 -204.45 
     60 106.191 424 0 0 -12.9082 -95.2708 -205.85 
     60 111.451 237 1 0 44.5273 -132.55 -176.172 
     60 219.857 1124 1 1 44.882 -133.252 -174.85 
     60 18.3762 1123 1 1 44.85 -133.584 -174.5 
     60 107.186 827 3 1 -14.5572 -104.839 -114.45 
     60 101.853 376 3 0 -14.794 -104.946 -115.85 
     60 45.85 375 3 0 -14.81 -104.95 -115.934 
     60 84.3576 790 2 1 -21.887 -106.426 -144.45 
     60 40.7534 789 2 1 -22.05 -106.491 -144.747 
     60 71.6921 367 2 0 -22.8556 -106.714 -145.85 
     60 56.5864 366 2 0 -23.0037 -106.75 -146.08 
     60 5.59261 396 2 0 -55.0582 -100.758 -146.25 
     60 169.382 397 2 0 -55.0734 -100.75 -146.232 
     60 229.918 623 2 1 -55.3557 -100.327 -144.85 
     60 176.442 624 2 1 -55.25 -100.099 -144.502 
     60 1.17277 418 2 0 -54.4601 -96.3583 -145.85 
     60 59.0441 419 2 0 -54.4582 -96.35 -145.852 
     60 77.7456 420 2 0 -54.3722 -96.15 -145.914 
     60 65.9333 421 2 0 -54.2622 -95.9497 -145.949 
     60 83.3798 422 2 0 -54.1343 -95.75 -146.01 
     60 39.0162 633 2 1 -53.2731 -95.4918 -144.85 
     60 72.0067 634 2 1 -53.2499 -95.4905 -144.805 
     60 107.42 635 2 1 -53.05 -95.4806 -144.596 
     60 125.918 398 2 0 -55.3598 -100.55 -146.053 
     60 72.4962 399 2 0 -55.5812 -100.35 -146.153 
     60 84.6915 400 2 0 -55.6728 -100.15 -146.148 
     60 142.663 401 2 0 -55.6954 -99.9499 -146.084 
     60 40.9369 402 2 0 -55.7699 -99.75 -145.873 
     60 104.669 621 2 1 -55.7501 -99.298 -144.85 
     60 78.5937 836 4 1 -12.65 -94.3317 -84.5986 
     60 7.78884 835 4 1 -12.8501 -94.3238 -84.8371 
     60 153.812 431 4 0 -14.4344 -93.9078 -85.85 
     60 120.769 428 1 0 -12.8093 -94.4327 -175.85 
     60 113.559 830 0 1 -13.8647 -91.2036 -204.45 
     60 105.995 445 0 0 -13.864 -91.0259 -205.85 
     60 41.4693 831 0 1 -13.85 -91.1607 -204.758 
     60 182.558 451 0 0 -12.7613 -89.7971 -205.85 
     60 32.0028 316 0 0 -22.4648 -116.878 -206.25 
     60 92.7229 315 0 0 -22.4591 -116.95 -206.197 
     60 226.252 314 0 0 -22.4769 -117.15 -206.219 
     60 22.5542 422 0 0 -36.2428 -95.7187 -206.25 
     60 121.18 427 1 0 -12.7528 -94.6384 -175.85 
     60 101.698 837 0 1 -12.6278 -95.492 -204.45 
     60 122.308 423 0 0 -12.6215 -95.5223 -205.85 
     60 42.4982 837 7 1 -12.4501 -94.4019 5.32088 
Number of digits in this event: 32
Using G4ParticleGun... 
Particle energy: 6.1625 LIN
Particle: e-
Event: 61
Number of tracker hits in this event: 93
     61 251.784 845 11 1 -11.0102 -15.546 125.55 
     61 209.122 822 11 0 -11.009 -15.5465 124.15 
     61 111.15 845 10 1 -10.9859 -15.5536 95.55 
     61 183.606 822 10 0 -10.9863 -15.5522 94.15 
     61 175.032 845 9 1 -10.9913 -15.5286 65.55 
     61 99.3496 822 9 0 -10.9939 -15.529 64.15 
     61 117.337 845 8 1 -11.0464 -15.5356 35.55 
     61 133.542 822 8 0 -11.0504 -15.5361 34.15 
     61 177.172 844 7 1 -11.1315 -15.5412 5.55 
     61 139.934 822 7 0 -11.1363 -15.5418 4.15 
     61 119.693 844 6 1 -11.2439 -15.5759 -24.45 
     61 100.605 822 6 0 -11.2538 -15.5777 -25.85 
     61 143.013 842 5 1 -11.4553 -15.6037 -54.45 
     61 135.445 822 5 0 -11.4624 -15.6073 -55.85 
     61 109.329 842 4 1 -11.5855 -15.7154 -84.45 
     61 180.353 821 4 0 -11.5883 -15.7218 -85.85 
     61 130.783 842 3 1 -11.6455 -15.8709 -114.45 
     61 154.484 820 3 0 -11.6507 -15.8759 -115.85 
     61 115.563 841 2 1 -11.7589 -15.9931 -144.45 
     61 173.977 820 2 0 -11.7705 -15.9934 -145.85 
     61 126.796 840 1 1 -11.988 -15.9761 -174.45 
     61 214.273 820 1 0 -11.9871 -15.9786 -175.85 
     61 128.042 840 0 1 -11.9644 -16.0455 -204.45 
     61 265.252 820 0 0 -11.9596 -16.046 -205.85 
     61 122.567 896 7 0 -65.484 -0.834775 3.75 
     61 234.362 841 3 1 -11.778 -15.8606 -114.45 
     61 48.6229 840 3 1 -11.85 -15.9151 -114.713 
     61 259.287 819 3 0 -12.3218 -16.0559 -115.85 
     61 118.502 783 2 1 -23.2925 -22.1693 -144.45 
     61 68.1765 784 2 0 -23.6077 -23.1301 -145.85 
     61 92.1576 783 2 0 -23.6304 -23.2504 -145.986 
     61 43.6455 782 2 0 -23.6306 -23.45 -146.187 
     61 28.8836 821 1 1 -15.7269 -51.2426 -174.45 
     61 82.3229 822 1 1 -15.6496 -51.2123 -174.459 
     61 73.1858 823 1 1 -15.4497 -51.1504 -174.466 
     61 54.7868 824 1 1 -15.2499 -51.1345 -174.475 
     61 51.5381 825 1 1 -15.05 -51.1363 -174.484 
     61 91.5747 826 1 1 -14.8499 -51.1473 -174.497 
     61 68.9241 827 1 1 -14.6499 -51.158 -174.511 
     61 76.2444 828 1 1 -14.4493 -51.1443 -174.551 
     61 59.2088 829 1 1 -14.25 -51.1448 -174.64 
     61 85.098 830 1 1 -14.05 -51.17 -174.739 
     61 3.94241 831 1 1 -13.85 -51.2119 -174.843 
     61 7.04367 642 1 0 -12.1505 -51.6444 -175.85 
     61 113.498 641 1 0 -12.1315 -51.65 -175.861 
     61 138.698 640 1 0 -11.8084 -51.8501 -176.048 
     61 54.7077 639 1 0 -11.5504 -52.05 -176.203 
     61 186.476 818 2 1 -16.3859 -20.0398 -144.45 
     61 129.757 798 2 0 -16.5535 -20.3165 -145.85 
     61 117.819 803 1 1 -19.3721 -25.8025 -174.45 
     61 357.494 769 1 0 -19.5758 -26.0814 -175.851 
     61 242.125 782 0 1 -23.5638 -32.0461 -204.45 
     61 0.462458 781 0 1 -23.6502 -32.1399 -204.845 
     61 113.404 738 0 0 -23.8671 -32.3723 -205.85 
     61 22.6581 737 0 0 -23.9453 -32.45 -206.194 
     61 138.936 783 0 1 -23.45 -32.2685 -204.669 
     61 52.0497 730 0 0 -22.072 -33.8704 -205.85 
     61 38.3712 729 0 0 -21.9356 -34.05 -205.885 
     61 13.0225 810 0 1 -17.893 -38.2097 -204.85 
     61 34.1436 811 0 1 -17.85 -38.2503 -204.841 
     61 54.0076 694 0 0 -12.7602 -41.1939 -205.85 
     61 159.327 693 0 0 -12.5694 -41.25 -205.966 
     61 75.5313 597 0 0 12.7876 -60.4638 -206.25 
     61 124.026 596 0 0 12.6911 -60.6501 -206.067 
     61 31.196 956 0 1 11.3133 -61.5806 -204.85 
     61 59.2171 955 0 1 11.2499 -61.6341 -204.791 
     61 65.8337 954 0 1 11.05 -61.7539 -204.693 
     61 147.803 953 0 1 10.85 -61.7743 -204.572 
     61 59.4831 952 0 1 10.6499 -61.9134 -204.502 
     61 70.355 951 0 1 10.45 -61.9265 -204.639 
     61 94.9616 950 0 1 10.2499 -61.8995 -204.769 
     61 87.2722 949 0 1 10.05 -61.9338 -204.8 
     61 55.0193 948 0 1 9.85 -61.9512 -204.754 
     61 63.7159 947 0 1 9.64986 -62.0143 -204.728 
     61 133.25 946 0 1 9.44973 -62.0015 -204.726 
     61 138.642 945 0 1 9.25 -61.8924 -204.523 
     61 136.66 944 0 1 9.05 -61.8847 -204.735 
     61 139.712 593 0 0 7.48648 -61.3266 -205.85 
     61 71.6889 822 3 0 -11.5054 -15.5944 -115.85 
     61 249.821 841 0 1 -11.7018 -15.6155 -204.45 
     61 133.889 821 0 0 -11.7144 -15.6667 -205.85 
     61 107.513 751 0 0 -27.072 -29.7476 -206.25 
     61 25.8118 750 0 0 -27.231 -29.85 -205.96 
     61 80.5092 760 0 1 -27.8882 -30.2645 -204.85 
     61 159.188 759 0 1 -28.05 -30.3949 -204.677 
     61 7.12221 758 0 1 -28.25 -30.5739 -204.461 
     61 16.3087 710 2 0 -65.199 -37.8602 -146.25 
     61 185.159 711 2 0 -65.2122 -37.85 -146.192 
     61 63.4027 557 2 1 -68.4582 -37.0081 -144.85 
     61 128.81 556 2 1 -68.65 -36.981 -144.849 
     61 356.311 555 2 1 -68.85 -36.9572 -144.78 
     61 1.79323 719 2 0 -68.6631 -36.0526 -145.85 
     61 11.9015 720 2 0 -68.6627 -36.05 -145.851 
Number of digits in this event: 42
Using G4ParticleGun... 
Particle energy: 2.77538 LIN
Particle: e-
Event: 62
Number of tracker hits in this event: 47
     62 126.602 293 8 1 -121.355 70.2078 35.55 
     62 149.623 1250 8 0 -121.354 70.2056 34.15 
     62 115.782 294 7 1 -121.319 70.1655 5.55 
     62 107.004 1250 7 0 -121.31 70.1612 4.15 
     62 103.462 295 6 1 -121.142 70.0811 -24.45 
     62 114.42 1250 6 0 -121.135 70.0759 -25.85 
     62 420.259 295 5 1 -120.97 69.975 -54.45 
     62 119.798 1249 5 0 -120.961 69.9706 -55.85 
     62 109.027 296 4 1 -120.777 69.8745 -84.45 
     62 133.842 1249 4 0 -120.771 69.8661 -85.85 
     62 141.857 297 3 1 -120.625 69.7048 -114.45 
     62 350.72 1248 3 0 -120.62 69.698 -115.85 
     62 126.858 298 2 1 -120.524 69.5654 -144.45 
     62 116.473 1247 2 0 -120.53 69.5495 -145.85 
     62 139.599 297 1 1 -120.679 69.2247 -174.45 
     62 219.283 1245 1 0 -120.676 69.1981 -175.85 
     62 141.34 297 0 1 -120.622 68.6513 -204.45 
     62 168.752 1242 0 0 -120.625 68.621 -205.85 
     62 127.189 29 2 1 -174.239 49.5327 -144.85 
     62 47.5469 294 5 1 -121.15 70.0967 -54.7387 
     62 122.122 1252 5 0 -122.126 70.4809 -55.85 
     62 221.699 164 4 1 -147.319 74.6382 -84.4502 
     62 133.245 165 4 1 -147.15 74.2258 -84.6492 
     62 52.5836 1258 4 0 -146.849 71.8197 -85.85 
     62 86.4518 1257 4 0 -146.843 71.65 -85.9329 
     62 89.1574 1256 4 0 -146.851 71.45 -86.0664 
     62 48.924 1255 4 0 -146.866 71.2497 -86.1826 
     62 121.744 1254 4 0 -146.9 71.05 -86.2362 
     62 8.605 376 4 0 -81.1761 -104.927 -86.25 
     62 88.3855 375 4 0 -81.1601 -104.95 -86.2408 
     62 62.5706 374 4 0 -80.9829 -105.15 -86.1363 
     62 34.528 373 4 0 -80.8878 -105.35 -85.9656 
     62 21.0831 500 4 1 -79.8833 -107.126 -84.85 
     62 331.504 501 4 1 -79.85 -107.177 -84.817 
     62 138.009 363 4 0 -79.6055 -107.548 -85.85 
     62 345.574 405 4 0 -52.6919 -98.9768 -86.25 
     62 41.0905 406 4 0 -52.6656 -98.95 -86.0898 
     62 307.624 1253 4 0 -147.026 70.8496 -86.1768 
     62 375.105 1250 5 0 -120.724 70.2059 -55.85 
     62 580.195 299 1 1 -120.158 69.5722 -174.45 
     62 105.887 1247 1 0 -120.196 69.6083 -175.85 
     62 235.371 1211 2 0 -141.321 62.4304 -146.25 
     62 123.703 298 1 1 -120.35 69.4746 -174.68 
     62 104.148 1243 1 0 -120.809 68.7838 -175.85 
     62 12.6317 1242 1 0 -120.956 68.65 -176.213 
     62 299.837 1263 9 0 -139.987 72.6861 63.75 
     62 54.1309 1264 9 0 -140.033 72.85 63.9487 
Number of digits in this event: 28
Using G4ParticleGun... 
Particle energy: 5.69605 LIN
Particle: e-
Event: 63
Number of tracker hits in this event: 126
     63 125.44 463 10 1 -87.3376 24.2531 95.55 
     63 128.439 1021 10 0 -87.3364 24.2541 94.15 
     63 123.196 463 9 1 -87.3056 24.2718 65.55 
     63 188.806 1021 9 0 -87.3029 24.2732 64.15 
     63 97.9788 464 8 1 -87.2495 24.3059 35.55 
     63 112.362 1021 8 0 -87.2466 24.307 34.15 
     63 126.444 464 7 1 -87.185 24.3245 5.55 
     63 246.205 1021 7 0 -87.1804 24.3279 4.15 
     63 137.676 464 6 1 -87.0914 24.4004 -24.45 
     63 183.818 1021 6 0 -87.0868 24.4023 -25.85 
     63 143.669 465 5 1 -87.0005 24.4442 -54.45 
     63 130.464 1021 5 0 -86.9945 24.4442 -55.85 
     63 605.442 465 4 1 -86.8747 24.4386 -84.45 
     63 250.376 1021 4 0 -86.8682 24.4352 -85.85 
     63 204.038 466 3 1 -86.7528 24.3543 -114.45 
     63 176.017 1021 3 0 -86.7401 24.3403 -115.85 
     63 127.229 467 2 1 -86.4803 23.9514 -144.45 
     63 109.661 1019 2 0 -86.4861 23.9201 -145.85 
     63 131.514 467 1 1 -86.5251 23.3076 -174.45 
     63 143.735 1016 1 0 -86.5208 23.2665 -175.85 
     63 197.316 468 0 1 -86.423 22.4378 -204.45 
     63 141.897 1011 0 0 -86.4107 22.4177 -205.85 
     63 105.114 1022 3 0 -86.6788 24.45 -116.106 
     63 119.256 1003 3 0 45.3294 20.7403 -116.25 
     63 209.5 1002 3 0 45.4199 20.6499 -116.109 
     63 79.6409 1127 3 1 45.466 20.5723 -114.85 
     63 154.365 1126 3 1 45.45 20.5784 -114.794 
     63 104.831 1125 3 1 45.25 20.7238 -114.733 
     63 194.991 996 3 0 42.8501 19.3854 -115.85 
     63 71.4423 995 3 0 42.7379 19.25 -115.945 
     63 125.526 471 3 1 -85.7403 22.7855 -114.45 
     63 114.789 1013 3 0 -85.7074 22.7454 -115.85 
     63 109.07 475 2 1 -84.8993 21.905 -144.45 
     63 243.626 1008 2 0 -84.8756 21.8476 -145.85 
     63 219.648 478 1 1 -84.3891 20.725 -174.45 
     63 116.799 1002 1 0 -84.157 20.582 -175.85 
     63 76.5063 508 0 1 -78.2964 17.9291 -204.45 
     63 70.4896 509 0 1 -78.2499 17.9298 -204.612 
     63 183.085 989 0 0 -77.8718 17.9866 -205.85 
     63 451.137 1022 4 0 -86.8656 24.4587 -85.85 
     63 35.2632 465 3 1 -86.8526 24.8528 -114.45 
     63 141.503 1024 3 0 -86.8104 24.8757 -115.85 
     63 69.6896 470 2 1 -85.8559 25.263 -144.45 
     63 162.172 471 2 1 -85.85 25.2656 -144.548 
     63 148.676 1026 2 0 -85.7634 25.303 -145.85 
     63 59.8504 481 1 1 -83.669 26.0668 -174.45 
     63 40.3564 482 1 1 -83.65 26.0714 -174.691 
     63 119.209 1030 1 0 -83.5482 26.097 -175.85 
     63 340.43 495 0 1 -80.9885 26.8857 -204.45 
     63 128.726 1034 0 0 -80.8931 26.9879 -205.85 
     63 126.497 1048 4 0 -47.0897 29.7973 -86.25 
     63 79.6071 1024 2 0 -85.8634 25.006 -145.85 
     63 87.5591 960 2 0 -90.3265 12.05 -146.173 
     63 31.2893 452 2 1 -89.4781 12.5204 -144.85 
     63 257.341 470 3 1 -86.0405 25.522 -114.45 
     63 115.904 1027 3 0 -85.9958 25.5426 -115.85 
     63 137.163 474 2 1 -85.0794 25.967 -144.45 
     63 163.233 1029 2 0 -85.0474 25.9927 -145.85 
     63 208.551 1032 1 0 -84.3183 26.5877 -175.85 
     63 254.596 482 0 1 -83.542 27.0335 -204.45 
     63 219.695 1035 0 0 -83.4976 27.0908 -205.85 
     63 113.134 1023 3 0 -85.8551 24.7327 -115.85 
     63 296.507 478 2 1 -84.4205 24.6376 -144.45 
     63 121.724 1022 2 0 -84.3449 24.6241 -145.85 
     63 136.715 486 1 1 -82.7395 24.1917 -174.45 
     63 140.135 1020 1 0 -82.6254 24.2295 -175.85 
     63 121.891 499 0 1 -80.1243 24.9297 -204.45 
     63 156.378 1024 0 0 -80.0053 24.9519 -205.85 
     63 63.6556 971 0 0 -90.4803 14.3996 -206.25 
     63 149.17 970 0 0 -90.5144 14.25 -206.085 
     63 1.11741 969 0 0 -90.5193 14.05 -205.853 
     63 22.9636 448 0 1 -90.3639 13.3417 -204.85 
     63 142.367 449 0 1 -90.35 13.2886 -204.767 
     63 71.3995 1154 1 0 -100.313 50.8515 -176.25 
     63 93.0928 1155 1 0 -100.398 51.05 -176.136 
     63 33.7383 1156 1 0 -100.502 51.25 -175.96 
     63 163.643 396 1 1 -100.777 52.0402 -174.85 
     63 119.823 617 1 0 -49.7342 -56.5377 -176.25 
     63 149.745 463 7 1 -87.2668 24.3138 5.55 
     63 151.186 467 6 1 -86.6314 25.4023 -24.45 
     63 108.881 1027 6 0 -86.602 25.4531 -25.85 
     63 136.587 470 5 1 -86.0165 26.4811 -54.45 
     63 126.547 1032 5 0 -85.9898 26.5361 -55.85 
     63 113.075 472 4 1 -85.4606 27.6608 -84.45 
     63 129.961 1038 4 0 -85.4315 27.7194 -85.85 
     63 207.588 476 3 1 -84.8213 28.9136 -114.45 
     63 120.268 1044 3 0 -84.7972 28.973 -115.85 
     63 113.303 1051 2 0 -84.2888 30.2508 -145.85 
     63 112.828 480 1 1 -83.863 31.4372 -174.45 
     63 92.6853 1057 1 0 -83.8479 31.499 -175.85 
     63 144.736 1063 0 0 -83.5046 32.8119 -205.85 
     63 17.0226 1324 8 0 -76.1203 84.9791 33.75 
     63 31.0431 1401 2 0 -169.409 100.493 -146.25 
     63 374.626 466 6 1 -86.6503 25.414 -24.6326 
     63 112.872 1022 6 0 -86.7846 24.5555 -25.8503 
     63 62.3186 462 7 1 -87.45 24.3437 5.36049 
     63 117.136 1022 7 0 -88.0358 24.4816 4.14981 
     63 22.1402 392 6 1 -101.726 28.8366 -24.45 
     63 113.63 391 6 1 -101.75 28.8464 -24.5127 
     63 174.824 1045 6 0 -102.235 29.1056 -25.85 
     63 30.3255 338 5 1 -112.528 33.7855 -54.45 
     63 135.235 337 5 1 -112.55 33.8014 -54.51 
     63 154.961 1070 5 0 -113.005 34.172 -55.85 
     63 21.3835 1071 5 0 -113.104 34.2501 -56.1551 
     63 72.0735 289 4 1 -122.299 40.6905 -84.45 
     63 71.8373 288 4 1 -122.35 40.6793 -84.6143 
     63 268.094 1102 4 0 -122.761 40.5813 -85.85 
     63 156.399 241 3 1 -131.879 33.2356 -114.45 
     63 120.675 240 3 1 -131.95 33.1921 -114.639 
     63 114.379 1064 3 0 -132.41 32.9832 -115.85 
     63 106.906 188 2 1 -142.359 28.5126 -144.45 
     63 44.3308 187 2 1 -142.55 28.3981 -144.765 
     63 111.172 1039 2 0 -143.23 27.9726 -145.85 
     63 51.6872 1038 2 0 -143.418 27.85 -146.163 
     63 67.8157 104 1 1 -159.188 16.907 -174.45 
     63 77.1535 103 1 1 -159.35 16.7703 -174.654 
     63 71.5608 979 1 0 -160.25 15.9424 -175.85 
     63 101.756 978 1 0 -160.353 15.85 -175.987 
     63 117.799 3 0 1 -179.398 0.495936 -204.45 
     63 11.1638 2 0 1 -179.55 0.311374 -204.814 
     63 94.5768 899 0 0 -179.87 -0.147409 -205.85 
     63 75.7187 898 0 0 -179.944 -0.250138 -206.079 
     63 17.3973 1071 3 0 -131.946 34.2732 -115.85 
     63 111.51 235 3 1 -133.101 36.3454 -114.85 
     63 131.876 1067 3 0 -132.288 33.5052 -115.85 
     63 140.078 1068 3 0 -132.377 33.65 -116.029 
Number of digits in this event: 68
Using G4ParticleGun... 
Particle energy: 4.95929 LIN
Particle: e-
Event: 64
Number of tracker hits in this event: 31
     64 86.0253 665 11 1 -46.8961 2.73004 125.55 
     64 100.586 913 11 0 -46.8962 2.73172 124.15 
     64 99.401 665 10 1 -46.9011 2.76183 95.55 
     64 165.842 913 10 0 -46.903 2.76444 94.15 
     64 235.99 665 9 1 -46.939 2.81512 65.55 
     64 125.471 913 9 0 -46.9406 2.8183 64.15 
     64 111.278 665 8 1 -46.975 2.88323 35.55 
     64 112.103 914 8 0 -46.9764 2.8869 34.15 
     64 221.44 665 7 1 -47.0049 2.95999 5.55 
     64 161.281 914 7 0 -47.0054 2.96384 4.15 
     64 128.193 665 6 1 -47.0148 3.04925 -24.45 
     64 124.781 915 6 0 -47.0139 3.05393 -25.85 
     64 156.346 665 5 1 -47.0007 3.14969 -54.45 
     64 113.456 915 5 0 -46.9999 3.15573 -55.85 
     64 114.49 665 4 1 -46.9884 3.27891 -84.45 
     64 109.401 916 4 0 -46.9883 3.28688 -85.85 
     64 131.105 665 3 1 -46.9864 3.45914 -114.45 
     64 217.399 917 3 0 -46.9859 3.46712 -115.85 
     64 107.964 665 2 1 -46.9738 3.6211 -144.45 
     64 162.523 917 2 0 -46.9752 3.62964 -145.85 
     64 117.878 665 1 1 -47.0103 3.79716 -174.45 
     64 175.644 918 1 0 -47.0117 3.80376 -175.85 
     64 541.95 665 0 1 -47.0447 3.93153 -204.45 
     64 347.002 919 0 0 -47.0431 3.93244 -205.85 
     64 11.9504 1197 0 0 -49.5217 59.65 -206.042 
     64 49.8596 916 3 0 -47.0102 3.45 -116.146 
     64 275.002 750 6 0 43.1628 -29.8789 -26.25 
     64 89.4023 663 0 1 -47.2912 3.49042 -204.45 
     64 47.0549 664 0 1 -47.25 3.47886 -204.711 
     64 92.3177 916 0 0 -47.0431 3.41443 -205.85 
     64 52.6858 1042 0 0 -21.3887 28.4659 -206.25 
Number of digits in this event: 16
Using G4ParticleGun... 
Particle energy: 1.72547 LIN
Particle: e-
Event: 65
Number of tracker hits in this event: 88
     65 127.62 1318 10 1 83.7861 -30.4675 95.55 
     65 109.912 747 10 0 83.7851 -30.4671 94.15 
     65 335.393 1318 9 1 83.781 -30.4527 65.55 
     65 250.856 747 9 0 83.7879 -30.4534 64.15 
     65 114.955 1319 8 1 83.9647 -30.4743 35.55 
     65 241.354 747 8 0 83.9689 -30.4768 34.15 
     65 285.768 1319 7 1 84.0385 -30.5225 5.55 
     65 138.31 747 7 0 84.043 -30.5258 4.15 
     65 132.456 1320 6 1 84.1387 -30.5993 -24.45 
     65 107.762 747 6 0 84.144 -30.601 -25.85 
     65 196.953 1321 5 1 84.2603 -30.6306 -54.45 
     65 162.585 747 5 0 84.2669 -30.6313 -55.85 
     65 132.252 1321 4 1 84.3992 -30.6443 -84.45 
     65 176.749 747 4 0 84.4082 -30.6394 -85.85 
     65 117.861 1322 3 1 84.5873 -30.5392 -114.45 
     65 129.142 747 3 0 84.6006 -30.5391 -115.85 
     65 126.072 1324 2 1 84.8878 -30.5411 -144.45 
     65 189.28 747 2 0 84.9016 -30.5429 -145.85 
     65 188.752 1325 1 1 85.1667 -30.5847 -174.45 
     65 487.294 747 1 0 85.1787 -30.5903 -175.85 
     65 123.818 1326 0 1 85.4215 -30.7222 -204.45 
     65 287.263 746 0 0 85.4403 -30.7302 -205.85 
     65 218.039 1324 1 1 85.0499 -30.4865 -174.72 
     65 169.332 749 1 0 84.6129 -30.1666 -175.85 
     65 162.68 750 1 0 84.542 -30.05 -176.103 
     65 62.6258 751 1 0 84.3205 -29.8492 -176.166 
     65 261.338 535 1 0 57.7736 -73.0472 -176.25 
     65 126.109 534 1 0 57.7746 -73.05 -176.243 
     65 257.503 748 1 0 84.5418 -30.25 -176.155 
     65 199.915 1323 1 1 84.8365 -30.58 -174.45 
     65 107.352 1380 0 1 96.3326 -33.2696 -204.45 
     65 93.8931 730 0 0 95.9398 -33.9348 -205.85 
     65 20.6498 729 0 0 95.8007 -34.05 -206.194 
     65 8.51459 764 0 0 106.083 -27.055 -206.25 
     65 69.7728 765 0 0 106.085 -27.05 -206.241 
     65 54.2917 1346 0 1 89.3721 -22.3332 -204.45 
     65 68.1351 1347 0 1 89.45 -22.436 -204.619 
     65 89.7675 782 0 0 90.1501 -23.4591 -205.989 
     65 50.6002 1322 8 1 84.5502 -30.6968 35.55 
     65 87.7755 1323 8 1 84.65 -30.6511 35.4029 
     65 11.5639 1324 8 1 84.85 -30.5945 35.1796 
     65 123.749 1376 7 1 95.4357 -40.6388 5.54997 
     65 138.991 702 7 0 95.7876 -39.5588 4.14979 
     65 184.412 703 7 0 95.8296 -39.45 4.03188 
     65 75.1955 701 7 0 96.3057 -39.6502 3.77432 
     65 81.2846 700 7 0 96.4813 -39.8501 3.77074 
     65 113.751 550 7 0 27.2733 -69.9108 3.75001 
     65 136.402 1348 3 1 89.7953 -33.361 -114.45 
     65 110.657 731 3 0 89.7927 -33.6716 -115.851 
     65 333.786 727 3 0 121.601 -34.6359 -116.25 
     65 82.1694 1513 3 1 122.781 -34.4223 -114.85 
     65 73.3555 1514 3 1 122.95 -34.3896 -114.62 
     65 116.495 674 4 0 116.633 -45.1402 -86.25 
     65 79.4304 673 4 0 116.576 -45.25 -86.0044 
     65 26.5408 1479 4 1 115.996 -46.2522 -84.85 
     65 180.789 1478 4 1 115.95 -46.3447 -84.7682 
     65 212.837 725 5 0 149.792 -35.0095 -56.25 
     65 12.8141 726 5 0 150.305 -34.8498 -55.8789 
     65 51.6345 1656 5 1 151.426 -34.2024 -54.85 
     65 89.3532 1657 5 1 151.55 -34.1434 -54.714 
     65 39.9663 1499 4 1 120.047 -46.8747 -84.85 
     65 176.081 663 4 0 121.251 -47.4203 -85.8505 
     65 13.5259 726 3 0 121.989 -34.65 -115.869 
     65 113.062 742 3 0 86.8397 -31.5076 -116.25 
     65 70.0858 1317 9 1 83.65 -30.4163 65.3581 
     65 119.86 749 9 0 83.1312 -30.2407 64.15 
     65 58.1669 1278 8 1 75.7644 -25.6233 35.55 
     65 150.202 1279 8 1 75.8502 -25.8233 35.3977 
     65 2.37159 761 8 0 76.7094 -27.8427 34.15 
     65 73.7921 760 8 0 76.7123 -27.85 34.1457 
     65 69.3835 759 8 0 76.799 -28.05 34.0176 
     65 53.2917 758 8 0 76.8862 -28.25 33.8734 
     65 112.817 1369 7 1 94.0627 -60.8502 5.55 
     65 66.1167 1368 7 1 93.9498 -60.6348 5.23072 
     65 2.28513 606 7 0 92.4722 -58.6556 4.15 
     65 76.6357 607 7 0 92.4681 -58.65 4.14703 
     65 73.6346 608 7 0 92.3264 -58.45 4.0589 
     65 55.4842 609 7 0 92.2554 -58.25 4.05287 
     65 40.062 610 7 0 92.205 -58.0493 4.06886 
     65 46.9217 611 7 0 92.1655 -57.85 4.09197 
     65 255.014 1354 7 1 91.1238 -56.1505 5.15 
     65 320.442 1353 7 1 90.95 -55.6851 5.38454 
     65 25.2568 615 7 0 94.6145 -56.936 4.14995 
     65 14.4574 616 7 0 94.6169 -56.8492 4.14222 
     65 577.229 1370 7 1 94.2002 -54.2951 5.15 
     65 82.4173 633 7 0 94.9757 -53.3204 4.14999 
     65 319.348 686 8 0 76.3585 -42.7592 33.75 
     65 114.613 687 8 0 76.3843 -42.65 33.9018 
Number of digits in this event: 40
Using G4ParticleGun... 
Particle energy: 7.79186 LIN
Particle: e-
Event: 66
Number of tracker hits in this event: 50
     66 181.59 995 10 1 19.0541 -85.2443 95.55 
     66 147.829 474 10 0 19.0555 -85.244 94.15 
     66 119.086 995 9 1 19.0844 -85.2357 65.55 
     66 142.078 474 9 0 19.0861 -85.2359 64.15 
     66 123.197 995 8 1 19.1243 -85.2416 35.55 
     66 129.35 474 8 0 19.1256 -85.2426 34.15 
     66 96.3995 995 7 1 19.1515 -85.2639 5.55 
     66 131.081 473 7 0 19.153 -85.2643 4.15 
     66 174.416 995 6 1 19.1821 -85.2754 -24.45 
     66 142.395 473 6 0 19.1828 -85.276 -25.85 
     66 226.169 995 5 1 19.1983 -85.296 -54.45 
     66 112.095 473 5 0 19.1993 -85.297 -55.85 
     66 129.068 995 4 1 19.2229 -85.322 -84.45 
     66 122.956 473 4 0 19.2225 -85.3243 -85.85 
     66 126.102 995 3 1 19.2025 -85.3755 -114.45 
     66 204.161 473 3 0 19.2018 -85.3798 -115.85 
     66 119.418 995 2 1 19.1949 -85.4618 -144.45 
     66 102.078 472 2 0 19.1957 -85.4669 -145.85 
     66 139.839 995 1 1 19.209 -85.5704 -174.45 
     66 121.206 472 1 0 19.2098 -85.5752 -175.85 
     66 107.196 995 0 1 19.2308 -85.6718 -204.45 
     66 197.135 471 0 0 19.231 -85.6765 -205.85 
     66 35.2708 658 0 0 27.3034 -48.45 -205.991 
     66 148.855 272 1 0 -46.7325 -125.581 -176.25 
     66 265.784 1306 4 0 -158.124 81.3099 -86.25 
     66 185.417 572 1 0 7.23311 -65.5977 -176.25 
     66 75.0219 562 1 0 20.9792 -67.5802 -176.25 
     66 111.127 573 1 0 7.33431 -65.45 -175.879 
     66 34.9943 400 0 1 -100.15 -52.8064 -204.725 
     66 216.458 759 0 0 -123.388 -28.1939 -206.25 
     66 15.2055 301 0 1 -119.95 -21.8326 -204.796 
     66 115.374 996 5 1 19.2815 -85.3577 -54.4502 
     66 38.2945 477 5 0 19.2327 -84.5151 -55.8503 
     66 158.298 478 5 0 19.2209 -84.4499 -55.9837 
     66 514.718 937 4 1 7.5618 -75.6876 -84.45 
     66 131.247 475 5 0 18.9499 -85.0021 -55.8501 
     66 111.146 978 4 1 15.7004 -79.7791 -84.45 
     66 122.851 503 4 0 15.7729 -79.3994 -85.85 
     66 115.509 984 3 1 16.9356 -71.2565 -114.45 
     66 109.614 544 3 0 17.0483 -71.0956 -115.85 
     66 161.606 993 2 1 18.6507 -68.193 -144.45 
     66 124.425 560 2 0 19.0314 -67.9511 -145.85 
     66 196.139 1023 1 1 24.7951 -63.1105 -174.45 
     66 43.9375 590 1 0 24.8621 -61.966 -175.85 
     66 93.1929 591 1 0 24.8684 -61.85 -175.988 
     66 6.7772 592 1 0 24.8828 -61.6496 -176.227 
     66 168.274 1034 0 1 26.8765 -38.4128 -204.45 
     66 34.404 715 0 0 26.9889 -36.9569 -205.85 
     66 82.3098 716 0 0 26.9928 -36.85 -205.948 
     66 52.6277 717 0 0 27.0022 -36.65 -206.126 
Number of digits in this event: 30
Using G4ParticleGun... 
Particle energy: 1.57559 LIN
Particle: e-
Event: 67
Number of tracker hits in this event: 133
     67 387.965 1120 10 1 44.1786 101.197 95.55 
     67 125.082 1405 10 0 44.1801 101.197 94.15 
     67 132.835 1120 9 1 44.1838 101.206 65.55 
     67 121.245 1405 9 0 44.1852 101.201 64.15 
     67 210.177 1120 8 1 44.2418 101.101 35.55 
     67 383.735 1404 8 0 44.2408 101.09 34.15 
     67 286.352 1120 7 1 44.2033 100.876 5.55 
     67 405.752 1403 7 0 44.2025 100.863 4.15 
     67 216.775 1120 6 1 44.1816 100.567 -24.45 
     67 150.135 1402 6 0 44.182 100.557 -25.85 
     67 112.122 1120 5 1 44.2008 100.359 -54.45 
     67 113.408 1400 5 0 44.1963 100.343 -55.85 
     67 103.33 1120 4 1 44.0953 100.002 -84.45 
     67 125.584 1399 4 0 44.0892 99.9829 -85.85 
     67 114.916 1119 3 1 43.965 99.5847 -114.45 
     67 101.016 1397 3 0 43.9532 99.5652 -115.85 
     67 347.759 1118 2 1 43.7063 99.1704 -144.45 
     67 123.4 1395 2 0 43.6886 99.158 -145.85 
     67 143.236 1116 1 1 43.3196 98.9027 -174.45 
     67 113.795 1393 1 0 43.31 98.8956 -175.85 
     67 154.998 1115 0 1 43.0979 98.741 -204.45 
     67 139.978 1392 0 0 43.0821 98.7419 -205.85 
     67 2.87251 1399 6 0 44.4593 99.9538 -25.8507 
     67 97.6803 1398 6 0 44.461 99.95 -25.8578 
     67 29.1819 1397 6 0 44.4557 99.75 -26.1472 
     67 112.951 1253 6 0 26.478 70.7933 -26.2496 
     67 18.7296 1252 6 0 26.3949 70.65 -25.9118 
     67 144.654 1031 6 1 26.3199 70.0955 -24.85 
     67 32.3041 1501 6 0 54.0279 120.456 -26.25 
     67 179.443 1400 2 0 43.5574 100.208 -145.85 
     67 52.5846 1399 2 0 43.5366 100.15 -146.088 
     67 106.37 1108 1 1 41.8154 92.9576 -174.45 
     67 106.319 1361 1 0 41.824 92.4647 -175.85 
     67 11.2968 1360 1 0 41.8318 92.35 -176.205 
     67 46.8944 1113 0 1 42.7187 83.1389 -204.45 
     67 132.979 1112 0 1 42.65 83.0618 -204.634 
     67 20.4596 1312 0 0 42.2106 82.4917 -205.85 
     67 117.975 1311 0 0 42.1771 82.45 -205.94 
     67 14.9394 1341 0 0 -3.17966 88.3728 -206.25 
     67 182.99 1342 0 0 -3.2255 88.4501 -206.168 
     67 0.610729 1135 1 1 47.0522 98.2912 -174.45 
     67 102.012 1134 1 1 47.0499 98.2909 -174.452 
     67 75.8836 1133 1 1 46.8499 98.2394 -174.638 
     67 16.0426 1388 1 0 45.8619 97.7699 -175.85 
     67 160.806 1387 1 0 45.8249 97.75 -175.898 
     67 153.867 1032 0 1 26.5529 88.3261 -204.45 
     67 28.4385 1337 0 0 26.3006 87.4954 -205.85 
     67 86.754 1336 0 0 26.2845 87.45 -205.939 
     67 20.9707 1335 0 0 26.3675 87.25 -206.218 
     67 256.341 1121 7 1 44.25 101.051 5.44406 
     67 10.2552 1401 7 0 44.8383 100.358 4.15 
     67 161.098 1400 7 0 44.8455 100.35 4.13482 
     67 2.03712 1399 7 0 44.9732 100.15 3.76066 
     67 46.2604 1163 6 1 52.8347 84.8625 -24.45 
     67 72.8005 1162 6 1 52.65 84.8489 -24.5334 
     67 57.1043 1161 6 1 52.45 84.8352 -24.6334 
     67 60.1807 1160 6 1 52.25 84.8475 -24.7574 
     67 106.993 1324 6 0 50.5768 85.0126 -25.85 
     67 118.07 1325 6 0 50.3093 85.05 -26.0247 
     67 27.6707 1674 6 0 -66.819 155.079 -26.25 
     67 108.179 1675 6 0 -66.906 155.15 -26.2168 
     67 101.5 1676 6 0 -67.2019 155.35 -26.162 
     67 77.0954 1677 6 0 -67.4796 155.55 -26.1776 
     67 73.8594 1678 6 0 -67.7031 155.75 -26.2204 
     67 66.6351 1679 6 0 -67.8831 155.95 -26.2419 
     67 80.3821 1680 6 0 -68.0139 156.15 -26.247 
     67 84.7177 1681 6 0 -68.1311 156.35 -26.2447 
     67 92.5044 1682 6 0 -68.2786 156.55 -26.2436 
     67 27.7096 1683 6 0 -68.451 156.75 -26.2378 
     67 98.9789 1289 7 0 20.5621 77.9629 3.75011 
     67 71.428 1288 7 0 20.4696 77.85 3.98016 
     67 421.691 999 7 1 19.8856 77.1688 5.15 
     67 222.118 998 7 1 19.85 77.1272 5.21595 
     67 51.9788 1296 7 0 20.9838 79.3163 4.14994 
     67 288.012 1297 7 0 21.041 79.4507 4.07493 
     67 155.976 1298 7 0 21.2127 79.6502 4.07525 
     67 222.438 1121 8 1 44.3213 101.07 35.549 
     67 46.7546 1134 7 1 46.8949 100.033 5.55 
     67 38.97 1133 7 1 46.85 99.9973 5.30419 
     67 72.68 1397 7 0 46.6296 99.6139 4.15 
     67 77.2208 1396 7 0 46.5869 99.55 4.01535 
     67 21.8191 1431 7 0 31.6144 106.48 3.75 
     67 136.346 1432 7 0 31.5857 106.55 3.82391 
     67 68.9057 1055 7 1 31.113 106.177 5.15068 
     67 102.665 1054 7 1 31.0496 106.162 5.3608 
     67 103.432 1368 4 0 56.9743 93.7897 -85.85 
     67 49.2513 1367 4 0 57.021 93.75 -86.0607 
     67 86.1669 1231 3 1 66.4237 81.9458 -114.45 
     67 65.9311 1230 3 1 66.2497 81.9972 -114.637 
     67 14.257 1229 3 1 66.05 82.016 -114.82 
     67 129.856 1308 3 0 65.0138 81.7832 -115.85 
     67 40.4777 1183 2 1 56.7672 78.4346 -144.45 
     67 56.3677 1182 2 1 56.6499 78.4306 -144.505 
     67 67.2734 1181 2 1 56.45 78.4595 -144.556 
     67 122.923 1180 2 1 56.2497 78.4229 -144.578 
     67 29.1503 1179 2 1 56.05 78.0788 -144.788 
     67 42.7203 1283 2 0 55.8874 76.7595 -145.85 
     67 60.0945 1282 2 0 55.8681 76.65 -145.941 
     67 65.1017 1281 2 0 55.9011 76.45 -146.034 
     67 52.2968 1280 2 0 55.9513 76.25 -146.15 
     67 102.441 1404 7 0 44.418 101.062 4.15 
     67 150.963 1122 6 1 44.6392 103.478 -24.45 
     67 109.921 1417 6 0 44.6614 103.653 -25.85 
     67 104.001 1125 5 1 45.2227 107.291 -54.45 
     67 97.9835 1436 5 0 45.2268 107.467 -55.85 
     67 118.214 1125 4 1 45.2283 111.047 -84.45 
     67 138.79 1455 4 0 45.2946 111.171 -85.8504 
     67 103.701 1132 3 1 46.606 113.683 -114.45 
     67 136.367 1468 3 0 46.5165 113.805 -115.85 
     67 367.166 1121 2 1 44.396 116.275 -144.45 
     67 273.879 1481 2 0 44.3244 116.449 -145.85 
     67 153.165 1115 1 1 43.1047 119.987 -174.45 
     67 120.169 1499 1 0 42.9429 120.117 -175.85 
     67 22.7888 1500 1 0 42.9051 120.15 -176.205 
     67 171.599 1100 0 1 40.1078 122.669 -204.45 
     67 108.021 1513 0 0 40.1187 122.79 -205.85 
     67 132.196 1107 1 1 41.5358 121.059 -174.45 
     67 116.21 1506 1 0 41.6941 121.355 -175.85 
     67 124.436 1114 0 1 42.9776 129.515 -204.45 
     67 115.231 1548 0 0 43.3911 129.804 -205.85 
     67 137.778 1122 2 1 44.45 116.456 -144.573 
     67 56.8308 1484 2 0 44.9635 117.057 -145.85 
     67 128.189 1485 2 0 45.0281 117.15 -146.058 
     67 66.8138 1715 2 0 50.2857 163.171 -146.25 
     67 110.739 1716 2 0 50.3245 163.35 -146.043 
     67 1.37905 1717 2 0 50.3165 163.55 -145.854 
     67 198.684 1150 2 1 50.2318 165.558 -144.85 
     67 280.665 1151 2 1 50.25 165.861 -144.7 
     67 36.5441 1152 2 1 50.45 166.221 -144.737 
     67 147.241 1729 2 0 50.7009 166.031 -145.85 
     67 375.953 1799 2 0 72.7567 179.999 -146.25 
     67 65.7698 1259 2 1 71.9501 179.823 -144.85 
     67 42.4363 1135 3 1 47.05 113.722 -114.538 
Number of digits in this event: 51
Using G4ParticleGun... 
Particle energy: 9.25554 LIN
Particle: e-
Event: 68
Number of tracker hits in this event: 37
     68 112.419 1225 11 1 65.0742 4.35235 125.55 
     68 123.509 921 11 0 65.0739 4.3524 124.15 
     68 152.052 1225 10 1 65.0694 4.35093 95.55 
     68 107.53 921 10 0 65.0688 4.35078 94.15 
     68 123.908 1225 9 1 65.0558 4.35116 65.55 
     68 136.501 921 9 0 65.0553 4.34986 64.15 
     68 114.985 1224 8 1 65.0439 4.3243 35.55 
     68 148.384 921 8 0 65.0433 4.32277 34.15 
     68 105.257 1224 7 1 65.0332 4.29309 5.55 
     68 109.206 921 7 0 65.0329 4.29214 4.15 
     68 140.832 1224 6 1 65.0273 4.27085 -24.45 
     68 165.158 921 6 0 65.0264 4.27028 -25.85 
     68 118.715 1224 5 1 65.0055 4.25722 -54.45 
     68 133.853 921 5 0 65.0052 4.25651 -55.85 
     68 128.167 1224 4 1 64.9972 4.24486 -84.45 
     68 160.606 920 4 0 64.9985 4.2432 -85.85 
     68 104.148 1224 3 1 65.0354 4.21349 -114.45 
     68 179.836 920 3 0 65.0396 4.21326 -115.85 
     68 113.975 1225 2 1 65.1232 4.20176 -144.45 
     68 127.188 920 2 0 65.1244 4.20105 -145.85 
     68 129.701 1225 1 1 65.1573 4.19031 -174.45 
     68 573.26 920 1 0 65.1576 4.19141 -175.85 
     68 110.166 1225 0 1 65.1592 4.22046 -204.45 
     68 113.132 920 0 0 65.1555 4.22304 -205.85 
     68 39.1076 716 2 1 -36.6979 -29.9467 -144.85 
     68 144.693 715 2 1 -36.85 -30.0284 -144.749 
     68 96.5971 1223 1 1 64.7099 4.04004 -174.45 
     68 118.66 1221 0 1 64.3118 4.49297 -204.45 
     68 54.7724 922 0 0 64.2934 4.45513 -205.85 
     68 77.6491 921 0 0 64.2909 4.45 -206.037 
     68 117.902 1222 1 1 64.4585 3.66129 -174.45 
     68 29.5846 1221 1 1 64.45 3.6174 -174.804 
     68 11.3379 917 1 0 64.415 3.45718 -175.85 
     68 103.963 916 1 0 64.4131 3.44997 -175.897 
     68 178.452 1212 0 1 62.523 -0.860465 -204.45 
     68 147.566 896 0 0 62.3929 -0.827506 -205.85 
     68 21.2904 919 1 0 65.6461 4.03868 -175.85 
Number of digits in this event: 18
Using G4ParticleGun... 
Particle energy: 5.77627 LIN
Particle: e-
Event: 69
Number of tracker hits in this event: 35
     69 226.689 357 10 1 -108.553 -32.8256 95.55 
     69 181.911 736 10 0 -108.551 -32.8254 94.15 
     69 159.231 358 9 1 -108.509 -32.817 65.55 
     69 103.75 736 9 0 -108.507 -32.8173 64.15 
     69 86.2792 358 8 1 -108.477 -32.8244 35.55 
     69 281.304 736 8 0 -108.476 -32.8244 34.15 
     69 102.379 358 7 1 -108.462 -32.822 5.55 
     69 120.367 736 7 0 -108.461 -32.8216 4.15 
     69 116.158 358 6 1 -108.444 -32.8056 -24.45 
     69 113.314 736 6 0 -108.442 -32.8032 -25.85 
     69 105.557 358 5 1 -108.409 -32.755 -54.45 
     69 110.105 736 5 0 -108.407 -32.7539 -55.85 
     69 105.796 358 4 1 -108.375 -32.7369 -84.45 
     69 174.889 736 4 0 -108.374 -32.7356 -85.85 
     69 125.751 358 3 1 -108.359 -32.7077 -114.45 
     69 122.018 736 3 0 -108.357 -32.7074 -115.85 
     69 494.538 359 2 1 -108.315 -32.7034 -144.45 
     69 216.11 736 2 0 -108.313 -32.7022 -145.85 
     69 133.353 359 1 1 -108.268 -32.6771 -174.45 
     69 114.278 736 1 0 -108.265 -32.6745 -175.85 
     69 250.855 359 0 1 -108.199 -32.6228 -204.45 
     69 157.372 737 0 0 -108.197 -32.6204 -205.85 
     69 108.938 735 7 0 -108.454 -32.8501 4.01288 
     69 69.3016 734 7 0 -108.354 -33.05 3.93521 
     69 79.5925 733 7 0 -108.202 -33.25 3.8564 
     69 91.288 732 7 0 -108.051 -33.4501 3.8039 
     69 62.0776 731 7 0 -108.065 -33.65 3.79955 
     69 5.70787 730 7 0 -108.137 -33.85 3.75767 
     69 34.2381 735 8 0 -108.419 -32.85 33.9767 
     69 104.016 360 1 1 -107.976 -32.5354 -174.45 
     69 100.963 737 1 0 -107.99 -32.5574 -175.85 
     69 121.014 735 0 0 -108.237 -32.8904 -205.85 
     69 11.1717 731 10 0 -108.9 -33.8207 94.1497 
     69 126.67 730 10 0 -108.91 -33.85 94.107 
     69 101.481 729 10 0 -108.85 -34.05 93.8064 
Number of digits in this event: 18
Using G4ParticleGun... 
Particle energy: 8.46529 LIN
Particle: e-
Event: 70
Number of tracker hits in this event: 34
     70 120.614 1238 11 1 67.8456 21.116 125.55 
     70 95.4976 1005 11 0 67.8466 21.1166 124.15 
     70 158.604 1239 10 1 67.8685 21.1298 95.55 
     70 147.242 1005 10 0 67.8694 21.131 94.15 
     70 130.404 1239 9 1 67.8823 21.1564 65.55 
     70 145.503 1005 9 0 67.8824 21.1579 64.15 
     70 220.136 1239 8 1 67.8829 21.1903 35.55 
     70 132.398 1005 8 0 67.883 21.1917 34.15 
     70 106.066 1239 7 1 67.888 21.2195 5.55 
     70 157.16 1005 7 0 67.8879 21.2203 4.15 
     70 113.084 1239 6 1 67.8907 21.2395 -24.45 
     70 129.233 1005 6 0 67.8891 21.2417 -25.85 
     70 118.139 1239 5 1 67.8592 21.2879 -54.45 
     70 168.51 1006 5 0 67.8583 21.2914 -55.85 
     70 93.5298 1238 4 1 67.8345 21.3595 -84.45 
     70 142.717 1006 4 0 67.8328 21.3609 -85.85 
     70 397.353 1238 3 1 67.8063 21.39 -114.45 
     70 423.729 1006 3 0 67.805 21.3909 -115.85 
     70 461.757 1238 2 1 67.7831 21.4102 -144.45 
     70 174.318 1006 2 0 67.7788 21.4131 -145.85 
     70 391.687 1238 1 1 67.6795 21.4735 -174.45 
     70 300.526 1007 1 0 67.6745 21.4755 -175.85 
     70 97.2473 1237 0 1 67.5703 21.533 -204.45 
     70 443.988 1007 0 0 67.5655 21.5385 -205.85 
     70 54.01 1179 1 0 100.128 55.8839 -176.25 
     70 196.482 1178 1 0 100.171 55.8499 -176.093 
     70 133.862 904 0 0 80.134 1.00956 -206.25 
     70 76.6246 1595 0 1 139.15 -47.0128 -204.797 
     70 227.361 1007 2 0 67.8377 21.5776 -145.85 
     70 161.267 1009 1 0 67.8495 21.9567 -175.85 
     70 299.61 1239 0 1 67.9153 22.4935 -204.45 
     70 111.793 1012 0 0 67.9206 22.5214 -205.85 
     70 110.769 1006 0 0 67.8843 21.4496 -206.199 
     70 68.448 949 0 0 59.7721 10.0203 -206.25 
Number of digits in this event: 26
Using G4ParticleGun... 
Particle energy: 6.99081 LIN
Particle: e-
Event: 71
Number of tracker hits in this event: 191
     71 119.192 717 11 1 -36.5692 5.35404 125.55 
     71 127.379 926 11 0 -36.5695 5.35332 124.15 
     71 105.592 717 10 1 -36.5737 5.341 95.55 
     71 195.994 926 10 0 -36.5735 5.34104 94.15 
     71 117.477 717 9 1 -36.5708 5.34149 65.55 
     71 122.137 926 9 0 -36.5716 5.34802 64.15 
     71 374.09 717 8 1 -36.6089 5.49664 35.55 
     71 112.066 927 8 0 -36.6135 5.50845 34.15 
     71 102.466 716 7 1 -36.7223 5.71514 5.55 
     71 254.067 928 7 0 -36.727 5.73272 4.15 
     71 111.093 716 6 1 -36.8265 6.08021 -24.45 
     71 143.389 930 6 0 -36.8345 6.0861 -25.85 
     71 196.514 715 5 1 -36.9969 6.24327 -54.45 
     71 101.204 931 5 0 -37.0049 6.25083 -55.85 
     71 123.154 714 4 1 -37.1572 6.42225 -84.45 
     71 258.114 931 4 0 -37.1669 6.43915 -85.85 
     71 179.564 713 3 1 -37.3229 6.81991 -114.45 
     71 101.145 933 3 0 -37.3022 6.83179 -115.85 
     71 378.262 717 2 1 -36.473 7.02476 -144.45 
     71 132.462 934 2 0 -36.3976 6.98005 -145.85 
     71 127.394 726 1 1 -34.7315 6.11723 -174.45 
     71 109.081 930 1 0 -34.6786 6.14304 -175.85 
     71 128.165 731 0 1 -33.7497 6.34377 -204.45 
     71 97.8384 931 0 0 -33.6697 6.33785 -205.85 
     71 125.343 1102 3 0 -12.7425 40.5592 -116.25 
     71 102.861 833 3 1 -13.3815 41.0565 -114.85 
     71 52.6662 832 3 1 -13.45 41.1584 -114.648 
     71 205.601 1018 0 0 -53.6355 23.7506 -206.25 
     71 23.3468 1019 0 0 -53.7055 23.8501 -206.162 
     71 174.087 713 2 1 -37.44 6.82673 -144.571 
     71 15.7835 712 2 1 -37.45 6.81003 -144.807 
     71 308.174 933 2 0 -37.5178 6.70516 -145.85 
     71 633.681 698 1 1 -40.3751 3.34909 -174.45 
     71 461.358 699 1 1 -40.25 4.77563 -174.758 
     71 180.775 700 1 1 -40.05 5.23676 -174.676 
     71 105.834 701 1 1 -39.8498 5.62433 -174.551 
     71 107.201 697 1 1 -40.45 4.90978 -174.589 
     71 202.146 917 1 0 -40.7028 3.56752 -175.85 
     71 102.37 916 1 0 -40.8206 3.45 -175.934 
     71 30.9925 760 1 0 -51.7501 -27.9952 -176.25 
     71 187.648 759 1 0 -51.7437 -28.05 -176.211 
     71 275.782 718 1 1 -36.4113 5.47387 -174.45 
     71 1.7239 719 1 1 -36.2498 5.33409 -174.843 
     71 58.2689 924 1 0 -35.9133 4.93618 -175.85 
     71 234.568 923 1 0 -35.8504 4.85 -176.034 
     71 144.128 765 0 1 -26.921 -9.0653 -204.45 
     71 98.9169 766 0 1 -26.85 -9.03897 -204.538 
     71 13.4526 767 0 1 -26.6499 -8.98888 -204.805 
     71 130.67 856 0 0 -25.922 -8.82977 -205.85 
     71 221.743 926 8 0 -36.5381 5.37566 34.15 
     71 268.057 717 7 1 -36.4807 5.76375 5.55 
     71 112.925 719 6 1 -36.1819 6.416 -24.45 
     71 186.797 932 6 0 -36.1655 6.46809 -25.85 
     71 127.407 721 5 1 -35.8191 7.6315 -54.45 
     71 116.485 938 5 0 -35.8015 7.68184 -55.85 
     71 131.619 723 4 1 -35.3511 8.69475 -84.45 
     71 105.181 943 4 0 -35.3512 8.75623 -85.85 
     71 103.286 723 3 1 -35.2794 9.91644 -114.45 
     71 138.775 949 3 0 -35.2576 9.9923 -115.85 
     71 131.458 726 2 1 -34.751 11.606 -144.45 
     71 169.033 958 2 0 -34.6995 11.6841 -145.85 
     71 107.628 732 1 1 -33.5928 13.2299 -174.45 
     71 107.057 966 1 0 -33.5492 13.2932 -175.85 
     71 135.189 736 0 1 -32.7452 14.3238 -204.45 
     71 132.466 971 0 0 -32.6293 14.3821 -205.85 
     71 56.2563 161 2 0 -67.5483 -147.75 -145.87 
     71 242.315 160 2 0 -67.5476 -147.95 -146.014 
     71 219.803 662 7 0 -61.0882 -47.4858 3.75039 
     71 73.9473 661 7 0 -61.1483 -47.65 3.84067 
     71 96.0213 718 7 1 -36.4461 5.29338 5.55 
     71 120.469 925 7 0 -36.726 5.19601 4.15 
     71 122.198 681 6 1 -43.7954 4.62156 -24.45 
     71 38.206 680 6 1 -43.8501 4.56824 -24.7549 
     71 119.28 921 6 0 -44.0465 4.38426 -25.85 
     71 144.08 652 5 1 -49.4741 -0.876243 -54.45 
     71 113.904 651 5 1 -49.6501 -0.924749 -54.7093 
     71 115.62 894 5 0 -50.3739 -1.17582 -55.85 
     71 7.27778 893 5 0 -50.6094 -1.25 -56.2283 
     71 99.1807 560 4 1 -67.8849 -5.97207 -84.4507 
     71 47.9617 559 4 1 -68.05 -6.08084 -84.7087 
     71 127.739 867 4 0 -68.7839 -6.53918 -85.85 
     71 33.9253 866 4 0 -68.9754 -6.65 -86.1441 
     71 63.08 464 3 1 -87.1309 -16.6205 -114.45 
     71 114.942 463 3 1 -87.2501 -16.6943 -114.6 
     71 121.977 813 3 0 -88.2418 -17.2896 -115.85 
     71 28.671 812 3 0 -88.5117 -17.45 -116.183 
     71 33.4892 345 2 1 -111.084 -30.928 -144.45 
     71 84.8142 344 2 1 -111.15 -30.9531 -144.565 
     71 35.996 744 2 0 -111.918 -31.2277 -145.85 
     71 139.588 743 2 0 -111.979 -31.25 -145.956 
     71 312.12 263 1 1 -127.416 -37.6514 -174.451 
     71 118.029 262 1 1 -127.55 -37.7164 -174.713 
     71 65.233 710 1 0 -128.138 -38.0061 -175.851 
     71 70.9462 709 1 0 -128.231 -38.05 -176.039 
     71 81.6091 189 0 1 -142.208 -44.4015 -204.45 
     71 53.2327 188 0 1 -142.35 -44.4734 -204.724 
     71 136.616 676 0 0 -142.92 -44.7291 -205.85 
     71 38.026 927 6 0 -36.4978 5.54186 -26.2165 
     71 162.158 717 5 1 -36.5999 5.7881 -54.45 
     71 315.77 928 5 0 -36.5735 5.81215 -55.85 
     71 289.812 720 4 1 -35.9449 6.37307 -84.45 
     71 127.524 724 3 1 -35.1966 6.23335 -114.45 
     71 130.771 931 3 0 -35.1528 6.27334 -115.85 
     71 118.352 730 2 1 -33.9822 7.33707 -144.451 
     71 102.225 936 2 0 -33.8525 7.34734 -145.85 
     71 317.655 747 1 1 -30.5834 8.06054 -174.45 
     71 109.022 940 1 0 -30.4097 8.15104 -175.85 
     71 144.393 948 0 0 -26.9376 9.81912 -205.85 
     71 137.897 748 1 1 -30.4485 7.85704 -174.698 
     71 85.5707 749 1 1 -30.2495 7.74643 -174.761 
     71 17.323 750 1 1 -30.05 7.60778 -174.841 
     71 54.6515 920 1 0 -26.7831 4.23536 -175.85 
     71 104.925 919 1 0 -26.6119 4.04946 -175.88 
     71 4.58532 783 1 1 -23.2567 3.30111 -174.85 
     71 66.495 784 1 1 -23.25 3.29989 -174.848 
     71 59.772 785 1 1 -23.0497 3.18069 -174.793 
     71 52.5358 786 1 1 -22.85 3.06706 -174.75 
     71 77.9794 787 1 1 -22.65 3.06427 -174.683 
     71 91.5599 788 1 1 -22.45 3.06084 -174.549 
     71 116.543 789 1 1 -22.25 3.07325 -174.496 
     71 55.7471 790 1 1 -22.05 3.09631 -174.679 
     71 129.403 791 1 1 -21.8495 3.11602 -174.794 
     71 114.185 792 1 1 -21.65 3.00202 -174.789 
     71 117.059 793 1 1 -21.45 2.86762 -174.628 
     71 92.4537 794 1 1 -21.25 2.655 -174.493 
     71 98.503 795 1 1 -21.05 2.46009 -174.588 
     71 253.966 796 1 1 -20.85 2.33169 -174.668 
     71 52.224 797 1 1 -20.65 1.9557 -174.827 
     71 3.46318 365 1 0 98.8816 -106.95 -175.899 
     71 115.55 718 5 1 -36.3813 5.71908 -54.45 
     71 111.843 922 4 0 -35.8676 4.58884 -85.85 
     71 237.74 730 3 1 -33.9368 4.98405 -114.451 
     71 112.522 924 3 0 -33.8132 4.98521 -115.85 
     71 113.593 743 2 1 -31.3337 4.56784 -144.45 
     71 127.219 922 2 0 -31.1622 4.47915 -145.85 
     71 103.834 761 1 1 -27.7509 2.73856 -174.45 
     71 189.242 912 1 0 -27.5911 2.61804 -175.85 
     71 147.054 775 0 1 -25.0078 -0.257965 -204.45 
     71 53.0701 898 0 0 -24.8413 -0.253509 -205.85 
     71 77.3297 899 0 0 -24.818 -0.25 -206.076 
     71 17.7942 1545 13 1 129.202 -103.98 185.55 
     71 108.606 1544 13 1 129.15 -104.007 185.516 
     71 101.155 1543 13 1 128.95 -104.017 185.345 
     71 4.61263 382 13 0 128.633 -103.554 184.15 
     71 114.44 383 13 0 128.63 -103.55 184.134 
     71 125.947 758 1 1 -28.3593 2.23205 -174.85 
     71 6.19596 608 2 0 -150.235 -58.25 -145.998 
     71 1.5029 729 3 1 -34.05 5.15409 -114.846 
     71 363.007 926 3 0 -35.0134 5.26498 -115.85 
     71 326.158 927 3 0 -35.0902 5.45007 -116.04 
     71 23.5596 927 5 0 -36.4986 5.64965 -56.1889 
     71 110.534 924 7 0 -36.4146 5.01971 4.14989 
     71 149.46 710 6 1 -38.0349 1.66921 -24.45 
     71 119.044 906 6 0 -38.0302 1.38827 -25.85 
     71 175.875 725 5 1 -34.8848 -6.64509 -54.45 
     71 11.6594 863 5 0 -35.2568 -7.43007 -55.8501 
     71 155.183 862 5 0 -35.2665 -7.45005 -55.886 
     71 3.37582 861 5 0 -35.3722 -7.65007 -56.2359 
     71 99.0048 677 4 1 -44.5498 -25.0016 -84.45 
     71 49.6595 676 4 1 -44.65 -25.2701 -84.6916 
     71 41.3597 769 4 0 -44.8273 -26.1823 -85.8501 
     71 161.886 768 4 0 -44.8374 -26.25 -85.9316 
     71 21.3317 767 4 0 -44.8662 -26.45 -86.1954 
     71 66.9261 909 4 0 -9.26378 1.87871 -86.25 
     71 120.501 910 4 0 -9.11134 2.05 -86.1612 
     71 62.1161 911 4 0 -8.96774 2.25038 -86.0944 
     71 62.9075 912 4 0 -8.84274 2.45006 -86.076 
     71 59.1053 913 4 0 -8.78094 2.65 -86.056 
     71 76.586 914 4 0 -8.73957 2.85019 -86.0251 
     71 58.8985 915 4 0 -8.70989 3.05009 -85.935 
     71 7.14837 916 4 0 -8.69701 3.25092 -85.8612 
     71 583.906 857 4 1 -8.46527 6.07741 -84.8499 
     71 35.5817 858 4 1 -8.45 6.16995 -84.815 
     71 20.9918 856 4 1 -8.65 8.01072 -84.8206 
     71 229.499 717 3 1 -36.5384 5.36292 -114.45 
     71 236.229 926 2 0 -36.4559 5.34902 -145.85 
     71 244.57 926 1 0 -36.3701 5.33098 -175.85 
     71 124.18 719 0 1 -36.2474 5.3227 -204.45 
     71 394.347 926 0 0 -36.243 5.32201 -205.85 
     71 263.56 1415 1 0 -2.40504 103.15 -176.019 
     71 28.5588 1416 1 0 -2.72572 103.35 -175.917 
     71 184.079 1167 1 0 99.9855 53.6187 -176.25 
     71 23.8128 1408 1 1 101.922 53.718 -174.85 
     71 230.349 1409 1 1 101.95 53.7107 -174.809 
     71 37.5296 989 2 0 -46.512 17.9582 -146.25 
     71 87.829 222 3 1 -135.55 80.8363 -114.774 
     71 118.72 717 1 1 -36.5146 5.30842 -174.45 
     71 389.2 717 0 1 -36.484 5.25307 -204.45 
     71 412.543 925 0 0 -36.3618 5.17615 -205.946 
     71 5.59821 1434 0 0 13.8623 107.043 -206.25 
     71 199.534 969 0 1 13.8847 106.227 -204.85 
Number of digits in this event: 84
Using G4ParticleGun... 
Particle energy: 1.26629 LIN
Particle: e-
Event: 72
Number of tracker hits in this event: 39
     72 123.408 1245 11 1 69.1022 -29.2806 125.55 
     72 90.6001 753 11 0 69.1111 -29.2878 124.15 
     72 160.524 1246 10 1 69.2988 -29.4204 95.55 
     72 126.834 753 10 0 69.3062 -29.4289 94.15 
     72 122.972 1246 9 1 69.4244 -29.6052 65.55 
     72 127.399 752 9 0 69.4336 -29.6125 64.15 
     72 146.815 1248 8 1 69.6532 -29.7732 35.55 
     72 140.74 751 8 0 69.6661 -29.7826 34.15 
     72 115.656 1249 7 1 69.9351 -29.9932 5.55 
     72 166.703 750 7 0 69.9484 -30.0044 4.15 
     72 116.89 1250 6 1 70.2058 -30.2322 -24.45 
     72 123.113 749 6 0 70.2195 -30.241 -25.85 
     72 100.591 1252 5 1 70.5196 -30.435 -54.45 
     72 113.991 748 5 0 70.5381 -30.4421 -55.85 
     72 109.867 1254 4 1 70.901 -30.5801 -84.45 
     72 108.642 747 4 0 70.9204 -30.606 -85.85 
     72 162.064 1256 3 1 71.3218 -31.1044 -114.45 
     72 185.327 744 3 0 71.3374 -31.1304 -115.85 
     72 125.026 1258 2 1 71.6664 -31.7149 -144.45 
     72 112.876 741 2 0 71.7036 -31.747 -145.85 
     72 103.679 1262 1 1 72.5091 -32.5023 -174.45 
     72 113.696 737 1 0 72.5385 -32.5399 -175.85 
     72 136.281 1265 0 1 73.1754 -33.2015 -204.45 
     72 203.511 734 0 0 73.2265 -33.2036 -205.85 
     72 25.1603 875 2 0 77.7143 -5.05 -146.086 
     72 173.644 874 2 0 77.7168 -5.05 -145.962 
     72 77.7524 873 2 0 77.9076 -5.25004 -145.889 
     72 102.633 1259 1 1 71.8885 -31.7104 -174.45 
     72 379.168 742 1 0 72.378 -31.4954 -175.85 
     72 35.947 743 1 0 72.4742 -31.45 -176.143 
     72 3.16589 343 1 0 168.6 -111.546 -176.25 
     72 128.537 342 1 0 168.604 -111.55 -176.249 
     72 116.487 341 1 0 168.934 -111.75 -176.18 
     72 180.309 340 1 0 169.339 -111.95 -176.177 
     72 253.913 339 1 0 169.716 -112.15 -176.233 
     72 60.8535 338 1 0 170.216 -112.35 -176.224 
     72 225.158 752 10 0 69.3511 -29.45 93.8052 
     72 118.61 750 10 0 109.61 -29.998 93.75 
     72 121.125 751 10 0 109.527 -29.85 93.9228 
Number of digits in this event: 24
Using G4ParticleGun... 
Particle energy: 5.82401 LIN
Particle: e-
Event: 73
Number of tracker hits in this event: 33
     73 124.852 232 8 1 -133.698 -28.5002 35.55 
     73 121.646 757 8 0 -133.698 -28.5005 34.15 
     73 366.64 232 7 1 -133.682 -28.5104 5.55 
     73 115.115 757 7 0 -133.685 -28.5028 4.15 
     73 149.384 231 6 1 -133.782 -28.2814 -24.45 
     73 133.822 758 6 0 -133.789 -28.2699 -25.85 
     73 149.808 231 5 1 -133.922 -28.0333 -54.45 
     73 126.104 760 5 0 -133.928 -28.0213 -55.85 
     73 132.252 230 4 1 -134.044 -27.7757 -84.45 
     73 137.661 761 4 0 -134.049 -27.7638 -85.85 
     73 232.524 229 3 1 -134.159 -27.5227 -114.45 
     73 127.023 762 3 0 -134.164 -27.5089 -115.85 
     73 111.982 229 2 1 -134.272 -27.225 -144.45 
     73 111.185 764 2 0 -134.277 -27.2151 -145.85 
     73 145.479 228 1 1 -134.373 -27.0323 -174.45 
     73 115.843 765 1 0 -134.377 -27.0205 -175.85 
     73 406.609 228 0 1 -134.476 -26.7841 -204.45 
     73 320.818 766 0 0 -134.481 -26.7605 -205.85 
     73 121.656 767 0 0 -134.406 -26.6366 -205.85 
     73 116.955 763 3 0 -134.763 -27.3264 -115.85 
     73 71.4836 160 2 1 -148.084 -24.2754 -144.45 
     73 66.7762 159 2 1 -148.15 -24.187 -144.643 
     73 43.1241 780 2 0 -148.554 -23.8857 -145.85 
     73 79.2879 781 2 0 -148.621 -23.85 -146.025 
     73 8.89028 901 2 0 -162.109 0.436459 -146.25 
     73 97.8689 902 2 0 -162.11 0.45 -146.227 
     73 70.4278 903 2 0 -162.114 0.65 -145.988 
     73 71.2193 904 2 0 -162 0.85 -145.892 
     73 58.9704 905 2 0 -161.898 1.05003 -145.876 
     73 52.8617 906 2 0 -161.821 1.25 -145.884 
     73 14.6519 907 2 0 -161.77 1.45 -145.862 
     73 126.972 97 2 1 -160.679 4.41835 -144.85 
     73 37.9447 98 2 1 -160.55 4.7972 -144.599 
Number of digits in this event: 19
Using G4ParticleGun... 
Particle energy: 9.40321 LIN
Particle: e-
Event: 74
Number of tracker hits in this event: 37
     74 215.275 479 9 1 -84.158 81.9137 65.55 
     74 118.579 1309 9 0 -84.1578 81.9138 64.15 
     74 141.216 479 8 1 -84.1563 81.9131 35.55 
     74 123.233 1309 8 0 -84.1561 81.9128 34.15 
     74 110.232 479 7 1 -84.1476 81.907 5.55 
     74 122.711 1309 7 0 -84.1476 81.9073 4.15 
     74 95.3121 479 6 1 -84.1498 81.9119 -24.45 
     74 227.796 1309 6 0 -84.1493 81.9119 -25.85 
     74 346.906 479 5 1 -84.1402 81.9117 -54.45 
     74 393.807 1309 5 0 -84.1402 81.9113 -55.85 
     74 311.44 479 4 1 -84.1409 81.9054 -84.45 
     74 106.578 1309 4 0 -84.1409 81.9046 -85.85 
     74 512.224 479 3 1 -84.1439 81.8891 -114.45 
     74 380.274 1309 3 0 -84.144 81.8883 -115.85 
     74 251.893 479 2 1 -84.1465 81.8704 -144.45 
     74 164.57 1309 2 0 -84.1474 81.8707 -145.85 
     74 128.001 479 1 1 -84.167 81.8765 -174.45 
     74 126.063 1309 1 0 -84.1698 81.8768 -175.85 
     74 115.192 479 0 1 -84.2218 81.886 -204.45 
     74 127.991 1309 0 0 -84.225 81.8843 -205.85 
     74 19.1695 1112 2 0 -13.3503 42.5255 -146.25 
     74 51.6967 1111 2 0 -13.1011 42.45 -145.923 
     74 551.797 842 2 1 -11.5994 42.0551 -144.85 
     74 133.314 480 4 1 -84.0321 81.6322 -84.45 
     74 178.873 1307 4 0 -84.0417 81.6197 -85.85 
     74 120.673 1306 3 0 -84.2285 81.2876 -115.85 
     74 120.293 476 2 1 -84.6582 80.5199 -144.45 
     74 144.284 1302 2 0 -84.6554 80.481 -145.85 
     74 111.164 477 1 1 -84.5631 79.7347 -174.451 
     74 116.314 1298 1 0 -84.3255 79.7025 -175.85 
     74 158.455 1308 4 0 -84.1266 81.7904 -85.85 
     74 106.809 1307 3 0 -84.1959 81.6339 -115.85 
     74 135.272 1306 2 0 -84.0813 81.3692 -145.85 
     74 122.024 480 1 1 -84.0141 81.102 -174.45 
     74 105.579 1305 1 0 -84.007 81.0781 -175.85 
     74 136.157 481 0 1 -83.8272 80.65 -204.45 
     74 140.526 1302 0 0 -83.8019 80.6306 -205.85 
Number of digits in this event: 29
Using G4ParticleGun... 
Particle energy: 9.31415 LIN
Particle: e-
Event: 75
Number of tracker hits in this event: 176
     75 134.728 806 11 1 -18.6825 -34.641 125.55 
     75 121.059 727 11 0 -18.6822 -34.6408 124.15 
     75 322.049 806 10 1 -18.676 -34.6423 95.55 
     75 109.863 727 10 0 -18.675 -34.6425 94.15 
     75 262.178 806 9 1 -18.6586 -34.6499 65.55 
     75 121.984 726 9 0 -18.6538 -34.6539 64.15 
     75 112.084 807 8 1 -18.5556 -34.7473 35.55 
     75 132.672 726 8 0 -18.5534 -34.7517 34.15 
     75 122.248 807 7 1 -18.5182 -34.8409 5.55 
     75 263.246 726 7 0 -18.5149 -34.8477 4.15 
     75 425.619 808 6 1 -18.4487 -34.9799 -24.45 
     75 347.993 725 6 0 -18.4433 -34.9863 -25.85 
     75 119.238 808 5 1 -18.3352 -35.1125 -54.45 
     75 121.764 724 5 0 -18.3301 -35.1157 -55.85 
     75 409.211 809 4 1 -18.2047 -35.2199 -84.45 
     75 430.906 724 4 0 -18.2005 -35.2201 -85.85 
     75 230.203 809 3 1 -18.1202 -35.2451 -114.45 
     75 391.904 724 3 0 -18.1179 -35.2488 -115.85 
     75 362.212 809 2 1 -18.0568 -35.326 -144.45 
     75 321.027 723 2 0 -18.0518 -35.3253 -145.85 
     75 139.864 810 1 1 -17.9445 -35.3283 -174.45 
     75 218.854 723 1 0 -17.9484 -35.3206 -175.85 
     75 103.156 810 0 1 -18.0053 -35.1653 -204.45 
     75 125.086 724 0 0 -18.0113 -35.1617 -205.85 
     75 17.8967 280 7 0 14.3322 -123.977 3.75 
     75 216.476 281 7 0 14.3269 -123.95 3.79145 
     75 138.233 282 7 0 14.598 -123.75 3.92217 
     75 182.538 969 0 0 121.351 13.85 -205.944 
     75 342.639 808 4 1 -18.257 -35.1619 -84.45 
     75 257.545 726 2 0 -18.1209 -34.7971 -145.85 
     75 110.972 812 1 1 -17.6172 -34.2848 -174.45 
     75 40.3765 728 1 0 -17.5674 -34.2532 -175.85 
     75 65.0275 729 1 0 -17.5624 -34.25 -175.991 
     75 227.388 817 0 1 -16.5825 -33.6172 -204.45 
     75 116.424 732 0 0 -16.5589 -33.5944 -205.85 
     75 41.9516 731 4 0 -19.6227 -33.7573 -85.8501 
     75 1.00355 784 4 1 -23.2423 -34.9236 -84.85 
     75 99.9907 783 4 1 -23.25 -34.9265 -84.8476 
     75 69.653 782 4 1 -23.45 -35.0177 -84.817 
     75 145.204 781 4 1 -23.65 -34.9181 -84.7624 
     75 65.303 780 4 1 -23.85 -34.7879 -84.8038 
     75 2.79351 736 4 0 -25.9988 -32.6537 -85.85 
     75 176.065 737 4 0 -26.0025 -32.65 -85.8518 
     75 114.146 808 3 1 -18.3403 -35.0728 -114.45 
     75 227.768 807 2 1 -18.6177 -34.9954 -144.45 
     75 121.824 725 2 0 -18.6331 -34.9866 -145.85 
     75 438.902 805 1 1 -18.9545 -34.8544 -174.45 
     75 141.676 726 1 0 -18.957 -34.8247 -175.85 
     75 142.973 804 0 1 -19.0976 -34.2214 -204.45 
     75 105.078 729 0 0 -19.0529 -34.1973 -205.85 
     75 462.323 803 0 1 -19.333 -34.6921 -204.45 
     75 595.437 726 0 0 -19.3334 -34.6815 -205.85 
     75 114.762 727 0 0 -19.3357 -34.65 -206.183 
     75 113.698 725 0 0 -19.5817 -34.8914 -205.85 
     75 185.071 725 7 0 -18.5135 -34.85 4.11494 
     75 23.7604 1716 7 0 -56.1579 163.503 3.75001 
     75 409.645 1717 7 0 -56.1724 163.55 3.76916 
     75 106.375 803 5 1 -19.2561 -34.8211 -54.45 
     75 380.565 726 5 0 -19.2747 -34.764 -55.85 
     75 133.678 801 4 1 -19.6706 -33.4983 -84.45 
     75 93.1135 733 4 0 -19.8536 -33.3643 -85.85 
     75 91.2538 780 3 1 -23.8654 -30.3619 -114.45 
     75 212.548 748 3 0 -24.0654 -30.3032 -115.85 
     75 29.7529 759 2 1 -28.2239 -28.8972 -144.45 
     75 85.4009 758 2 1 -28.25 -28.894 -144.567 
     75 259.843 756 2 0 -28.5257 -28.8471 -145.85 
     75 112.929 725 1 1 -34.9273 -27.5311 -174.45 
     75 237.024 762 1 0 -35.2775 -27.4994 -175.85 
     75 42.7295 687 0 1 -42.5918 -26.8753 -204.45 
     75 84.8215 686 0 1 -42.65 -26.872 -204.592 
     75 121.031 765 0 0 -43.1716 -26.8602 -205.85 
     75 145.43 798 3 1 -20.2775 -34.1834 -114.45 
     75 123.575 730 3 0 -20.4822 -33.9693 -115.85 
     75 63.6073 756 2 1 -28.6925 -41.4222 -144.45 
     75 196.547 757 2 1 -28.65 -41.6313 -144.6 
     75 52.2639 684 2 0 -28.2906 -43.0898 -145.85 
     75 160.441 683 2 0 -28.2445 -43.2501 -145.999 
     75 182.809 682 2 0 -28.181 -43.4504 -146.186 
     75 4.21695 539 1 0 -18.7837 -72.0668 -175.85 
     75 66.8548 540 1 0 -18.7833 -72.05 -175.856 
     75 61.8795 541 1 0 -18.7597 -71.85 -175.98 
     75 34.0173 542 1 0 -18.6742 -71.65 -176.134 
     75 447.593 777 0 1 -24.6243 -15.2637 -204.451 
     75 1.79948 824 0 0 -24.7314 -15.0513 -205.85 
     75 99.5415 825 0 0 -24.7321 -15.05 -205.858 
     75 93.5594 799 3 1 -20.25 -34.2119 -114.495 
     75 40.2578 728 3 0 -19.9476 -34.4358 -115.85 
     75 72.6134 727 3 0 -19.9226 -34.45 -115.96 
     75 124.178 830 2 1 -13.9961 -38.291 -144.45 
     75 94.154 831 2 1 -13.8499 -38.4071 -144.621 
     75 2.18829 832 2 1 -13.65 -38.5568 -144.842 
     75 134.314 703 2 0 -12.7202 -39.2694 -145.85 
     75 86.4774 702 2 0 -12.4812 -39.45 -146.088 
     75 370.389 959 1 1 11.8504 -60.8868 -174.45 
     75 36.8395 610 1 0 11.4706 -57.9579 -175.85 
     75 71.4015 611 1 0 11.4561 -57.85 -175.896 
     75 65.014 612 1 0 11.4295 -57.6493 -175.957 
     75 78.0009 613 1 0 11.378 -57.45 -175.978 
     75 91.1757 614 1 0 11.3111 -57.25 -175.977 
     75 61.9516 615 1 0 11.2039 -57.05 -175.948 
     75 70.4868 616 1 0 11.0634 -56.85 -175.922 
     75 77.9404 617 1 0 10.9033 -56.65 -175.879 
     75 32.695 618 1 0 10.7693 -56.45 -175.866 
     75 15.0616 928 1 1 5.68843 -50.6757 -174.85 
     75 129.905 927 1 1 5.65 -50.6327 -174.845 
     75 83.2935 926 1 1 5.45 -50.3002 -174.641 
     75 24.6529 958 1 1 11.8498 -60.8713 -174.455 
     75 2.10716 1223 0 0 13.3964 64.6514 -206.25 
     75 94.5863 467 2 0 66.8505 -86.45 -146.109 
     75 102.037 466 2 0 67.0791 -86.65 -146.014 
     75 134.246 465 2 0 67.0893 -86.85 -145.961 
     75 14.488 1233 2 1 66.8499 -88.1031 -144.85 
     75 58.0231 450 2 0 65.2791 -90.035 -145.85 
     75 91.6856 963 1 1 12.65 -61.655 -174.723 
     75 96.9322 964 1 1 12.85 -61.8825 -174.772 
     75 82.9838 965 1 1 13.05 -62.0933 -174.712 
     75 59.4163 966 1 1 13.2502 -62.2822 -174.616 
     75 162.836 967 1 1 13.4505 -62.2539 -174.493 
     75 136.098 593 1 0 13.7171 -61.4149 -175.85 
     75 51.5864 594 1 0 13.8524 -61.2498 -176.159 
     75 360.266 515 1 0 151.47 -76.9286 -176.25 
     75 6.87101 516 1 0 152.352 -76.85 -175.867 
     75 127.69 1663 1 1 152.872 -76.6364 -174.85 
     75 119.016 1662 1 1 152.75 -76.6291 -174.562 
     75 180.909 1661 1 1 152.55 -76.7742 -174.563 
     75 339.07 1660 1 1 152.35 -76.8903 -174.616 
     75 21.1655 1659 1 1 152.15 -76.9324 -174.66 
     75 45.1907 956 1 1 11.2563 -60.2751 -174.45 
     75 30.6465 1114 0 1 42.85 -105.575 -204.694 
     75 16.7404 369 0 0 43.1631 -106.309 -205.85 
     75 196.677 368 0 0 43.1673 -106.35 -205.9 
     75 196.417 809 5 1 -18.0931 -34.3415 -54.45 
     75 13.5397 728 5 0 -18.0542 -34.4449 -55.8503 
     75 93.9036 727 5 0 -18.0524 -34.45 -55.9143 
     75 141.484 815 4 1 -17.0267 -36.9428 -84.45 
     75 104.477 715 4 0 -17.0095 -36.8757 -85.8501 
     75 179.345 814 3 1 -17.0772 -36.1266 -114.45 
     75 97.9285 719 3 0 -17.1063 -36.0726 -115.85 
     75 130.464 814 2 1 -17.1501 -35.3657 -144.45 
     75 120.203 731 1 0 -19.0433 -33.7058 -175.851 
     75 95.3569 739 0 0 -19.3176 -32.0599 -205.85 
     75 94.0372 1101 0 1 40.4356 40.8399 -204.45 
     75 335.428 1100 0 1 40.2498 40.7933 -204.589 
     75 11.9609 751 4 0 -19.981 -29.8358 -85.85 
     75 16.517 722 9 0 -18.9814 -35.6104 64.15 
     75 56.153 721 9 0 -18.9804 -35.6502 64.1 
     75 68.4521 720 9 0 -18.9769 -35.85 64.0244 
     75 107.962 719 9 0 -18.9181 -36.05 63.8832 
     75 170.901 718 9 0 -18.8637 -36.25 63.8385 
     75 71.3806 809 9 1 -18.115 -35.823 65.15 
     75 246.59 810 9 1 -18.05 -35.7221 65.2527 
     75 204.188 807 5 1 -18.6037 -34.7067 -54.45 
     75 234.943 807 4 1 -18.6337 -34.7709 -84.45 
     75 423.451 726 4 0 -18.628 -34.7778 -85.85 
     75 304.516 807 3 1 -18.4897 -34.9261 -114.45 
     75 148.807 725 3 0 -18.4743 -34.928 -115.85 
     75 1.31679 810 2 1 -18.05 -35.0279 -144.846 
     75 122.219 724 2 0 -17.9372 -35.1415 -145.85 
     75 26.9861 824 1 1 -15.0581 -38.5264 -174.45 
     75 83.9382 825 1 1 -15.0499 -38.5477 -174.539 
     75 260.086 705 1 0 -14.9236 -38.8601 -175.85 
     75 105.576 837 0 1 -12.6345 -45.6261 -204.45 
     75 24.086 670 0 0 -12.4667 -46.0171 -205.85 
     75 80.2765 669 0 0 -12.4526 -46.05 -205.968 
     75 339.592 811 1 1 -17.7867 -35.192 -174.45 
     75 231.986 724 1 0 -17.7781 -35.1978 -175.85 
     75 126.431 812 0 1 -17.61 -35.2908 -204.45 
     75 115.535 723 0 0 -17.5938 -35.2992 -205.85 
     75 117.683 816 0 1 -16.7921 -34.6814 -204.45 
     75 311.903 726 3 0 -18.6375 -34.7339 -115.85 
     75 399.107 807 1 1 -18.5391 -34.6119 -174.45 
     75 115.977 727 1 0 -18.5346 -34.6076 -175.85 
     75 118.514 808 0 1 -18.4467 -34.5085 -204.45 
     75 54.8999 1736 3 1 167.472 147.626 -114.45 
     75 162.869 806 1 1 -18.6501 -34.6691 -174.499 
     75 21.778 696 5 0 73.9047 -40.85 -56.2065 
Number of digits in this event: 86
Using G4ParticleGun... 
Particle energy: 8.74945 LIN
Particle: e-
Event: 76
Number of tracker hits in this event: 16
     76 162.89 1457 7 1 111.7 -97.0187 5.55 
     76 242.079 415 7 0 111.699 -97.0199 4.15 
     76 102.609 1457 6 1 111.7 -97.0437 -24.45 
     76 117.457 415 6 0 111.699 -97.0446 -25.85 
     76 178.854 1457 5 1 111.679 -97.068 -54.45 
     76 122.856 415 5 0 111.678 -97.0688 -55.85 
     76 115.426 1457 4 1 111.644 -97.084 -84.45 
     76 151.703 415 4 0 111.642 -97.0848 -85.85 
     76 110.112 1457 3 1 111.615 -97.1071 -114.45 
     76 103.536 415 3 0 111.613 -97.1087 -115.85 
     76 145.274 1457 2 1 111.567 -97.1395 -144.45 
     76 127.407 415 2 0 111.565 -97.1415 -145.85 
     76 101.359 1456 1 1 111.525 -97.1818 -174.45 
     76 144.605 414 1 0 111.523 -97.183 -175.85 
     76 103.443 1456 0 1 111.499 -97.209 -204.45 
     76 132.886 414 0 0 111.498 -97.2111 -205.85 
Number of digits in this event: 12
Using G4ParticleGun... 
Particle energy: 9.51647 LIN
Particle: e-
Event: 77
Number of tracker hits in this event: 119
     77 223.762 512 11 1 -77.5008 21.065 125.55 
     77 117.728 1005 11 0 -77.4995 21.0646 124.15 
     77 118.241 512 10 1 -77.4752 21.0581 95.55 
     77 128.55 1005 10 0 -77.4731 21.0581 94.15 
     77 129.675 513 9 1 -77.4379 21.0553 65.55 
     77 111.963 1005 9 0 -77.4559 21.0603 64.15 
     77 159.865 510 8 1 -77.8566 21.1909 35.55 
     77 357.215 1005 8 0 -77.875 21.1971 34.15 
     77 267.35 509 7 1 -78.2256 21.3366 5.55 
     77 289.284 1006 7 0 -78.2524 21.3441 4.15 
     77 108.968 506 6 1 -78.7902 21.4968 -24.45 
     77 108.918 1007 6 0 -78.8178 21.502 -25.85 
     77 147.064 503 5 1 -79.3596 21.6002 -54.45 
     77 275.898 1007 5 0 -79.3934 21.6154 -55.85 
     77 128.801 499 4 1 -80.0716 21.9524 -84.45 
     77 143.183 1009 4 0 -80.0735 21.9664 -85.85 
     77 230.896 499 3 1 -80.2075 22.3456 -114.45 
     77 311.542 1011 3 0 -80.2259 22.3751 -115.85 
     77 138.798 497 2 1 -80.6279 22.953 -144.45 
     77 153.492 1014 2 0 -80.6548 22.9776 -145.85 
     77 172.666 494 1 1 -81.1618 23.3992 -174.45 
     77 298.313 1016 1 0 -81.1772 23.4253 -175.85 
     77 159.46 492 0 1 -81.5909 24.0663 -204.45 
     77 259.331 1020 0 0 -81.6416 24.1014 -205.85 
     77 73.8534 359 0 1 -108.232 32.3733 -204.85 
     77 71.7044 491 0 1 -81.65 24.0542 -204.512 
     77 116.774 490 0 1 -81.8501 23.9859 -204.641 
     77 23.6762 1006 0 0 -81.7402 21.3293 -205.85 
     77 90.8092 1005 0 0 -81.7243 21.25 -205.864 
     77 59.1444 1004 0 0 -81.7123 21.05 -205.892 
     77 52.5618 1003 0 0 -81.6513 20.8499 -205.879 
     77 42.2844 494 0 1 -81.1345 19.7033 -204.849 
     77 145.597 495 0 1 -81.05 19.6907 -204.786 
     77 212.674 496 0 1 -80.85 19.8829 -204.765 
     77 357.672 498 3 1 -80.25 22.2971 -114.577 
     77 76.6642 1077 4 0 -62.9672 35.5671 -86.25 
     77 94.693 1078 4 0 -63.0837 35.6502 -86.0133 
     77 63.2061 1079 4 0 -63.2695 35.85 -85.8869 
     77 82.0162 579 4 1 -64.1539 37.8046 -84.8499 
     77 73.1213 578 4 1 -64.25 38.0012 -84.7767 
     77 70.6918 577 4 1 -64.45 38.1421 -84.765 
     77 99.0663 576 4 1 -64.6503 38.1961 -84.791 
     77 32.004 575 4 1 -64.8504 38.2406 -84.8483 
     77 35.2108 1156 4 0 -74.9212 51.3063 -85.85 
     77 5.81574 521 4 1 -75.8381 52.5756 -84.8498 
     77 100.038 520 4 1 -75.85 52.5881 -84.8361 
     77 63.4071 519 4 1 -76.0504 52.594 -84.8029 
     77 233.789 1170 4 0 -75.8681 54.1466 -85.8503 
     77 114.481 497 3 1 -80.4806 21.9524 -114.45 
     77 245.88 1009 3 0 -80.4967 22.001 -115.85 
     77 202.097 495 2 1 -81.038 23.1278 -144.45 
     77 220.731 1015 2 0 -81.0556 23.103 -145.85 
     77 157.326 491 1 1 -81.6545 22.4637 -174.45 
     77 99.1668 1011 1 0 -81.7113 22.4408 -175.85 
     77 176.607 485 0 1 -83.0352 21.7943 -204.45 
     77 125.292 1008 0 0 -83.0083 21.7919 -205.85 
     77 92.1782 484 0 1 -83.05 21.8801 -204.457 
     77 186.843 1016 2 0 -80.9375 23.2503 -146.021 
     77 357.216 1017 2 0 -81.0669 23.4501 -146.083 
     77 226.238 1010 3 0 -80.4916 22.0504 -116.131 
     77 115.466 539 2 1 -72.1969 20.2026 -144.45 
     77 18.2361 558 1 0 -101.196 -68.3812 -176.25 
     77 255.473 513 8 1 -77.4094 21.0574 35.5499 
     77 113.962 1004 8 0 -77.4121 21.0463 34.15 
     77 191.018 511 7 1 -77.8103 21.3877 5.55 
     77 100.254 519 6 1 -76.1302 22.0208 -24.45 
     77 172.163 1009 6 0 -75.9698 22.0031 -25.8514 
     77 123.924 539 5 1 -72.1251 21.471 -54.45 
     77 116.459 568 4 1 -66.3108 21.5504 -84.4503 
     77 11.5925 569 4 1 -66.25 21.5526 -84.7957 
     77 301.761 1007 4 0 -66.0587 21.5628 -85.85 
     77 100.782 599 3 1 -60.1757 22.1815 -114.45 
     77 193.385 633 2 1 -53.3782 22.801 -144.45 
     77 131.438 1013 2 0 -53.0966 22.8223 -145.85 
     77 56.6818 662 1 1 -47.4786 23.2191 -174.45 
     77 49.6934 663 1 1 -47.4499 23.227 -174.655 
     77 114.172 686 0 1 -42.7618 23.9883 -204.45 
     77 72.0874 1010 6 0 -76.0789 22.05 -26.1122 
     77 49.8552 856 6 0 -115.981 -8.70674 -26.2499 
     77 145.318 1009 7 0 -77.9844 22.0403 4.15 
     77 153.937 521 6 1 -75.6891 21.158 -24.45 
     77 89.1957 1003 6 0 -76.1145 20.7559 -25.85 
     77 54.9491 1002 6 0 -76.2112 20.65 -26.1823 
     77 79.4139 478 5 1 -84.373 11.1343 -54.4501 
     77 53.2229 479 5 1 -84.25 10.9707 -54.7171 
     77 24.7607 951 5 0 -83.2896 10.2782 -55.85 
     77 141.696 950 5 0 -83.2495 10.25 -55.8975 
     77 12.4787 949 5 0 -83.0212 10.05 -56.2199 
     77 199.32 937 5 0 -46.4757 7.49713 -56.25 
     77 4.72095 938 5 0 -46.2317 7.65 -55.8703 
     77 7.11363 672 5 1 -45.4703 7.81116 -54.85 
     77 105.123 673 5 1 -45.4499 7.81533 -54.8247 
     77 60.1648 674 5 1 -45.25 7.85551 -54.6033 
     77 49.8369 810 6 0 -51.3303 -17.8989 -26.25 
     77 65.1369 809 6 0 -51.3474 -18.0503 -26.116 
     77 79.459 808 6 0 -51.3378 -18.25 -25.9732 
     77 60.7104 643 6 1 -51.2782 -19.8684 -24.85 
     77 154.115 644 6 1 -51.25 -19.9967 -24.7455 
     77 203.582 843 7 0 -40.8762 -11.4238 3.75 
     77 379.073 698 7 1 -40.3742 -11.1385 5.15012 
     77 14.6287 699 7 1 -40.1101 -10.9031 5.55 
     77 51.0746 700 7 1 -40.05 -10.8767 5.53122 
     77 76.9856 701 7 1 -39.8499 -10.7703 5.50125 
     77 81.7811 702 7 1 -39.65 -10.6902 5.45509 
     77 58.1446 703 7 1 -39.45 -10.6423 5.41476 
     77 74.5494 704 7 1 -39.25 -10.6575 5.33811 
     77 72.6318 705 7 1 -39.05 -10.743 5.25709 
     77 51.1553 839 7 0 -38.891 -12.0734 4.14995 
     77 94.5944 838 7 0 -38.8671 -12.25 3.9821 
     77 293.424 583 7 0 -37.4378 -63.3993 3.75 
     77 236.627 582 7 0 -37.4175 -63.45 3.80354 
     77 17.168 734 7 1 -33.1052 -61.8198 5.15 
     77 91.3538 735 7 1 -33.05 -61.7909 5.17953 
     77 426.213 736 7 1 -32.85 -61.6571 5.32015 
     77 199.019 612 0 1 -57.6386 14.9921 -204.45 
     77 32.4967 611 0 1 -57.6502 14.9411 -204.739 
     77 15.1418 972 0 0 -58.5599 14.4658 -205.85 
     77 106.933 971 0 0 -58.6063 14.4499 -205.895 
     77 109.652 974 0 0 -57.4047 14.9786 -205.85 
Number of digits in this event: 52
Using G4ParticleGun... 
Particle energy: 6.95213 LIN
Particle: e-
Event: 78
Number of tracker hits in this event: 28
     78 121.827 454 8 1 -89.086 107.642 35.55 
     78 118.115 1437 8 0 -89.0862 107.643 34.15 
     78 120.438 454 7 1 -89.0938 107.65 5.55 
     78 109.193 1437 7 0 -89.0933 107.65 4.15 
     78 117.993 454 6 1 -89.0802 107.654 -24.45 
     78 154.7 1437 6 0 -89.0798 107.655 -25.85 
     78 116.214 454 5 1 -89.0713 107.674 -54.45 
     78 131.871 1437 5 0 -89.0712 107.674 -55.85 
     78 153.619 454 4 1 -89.0695 107.673 -84.45 
     78 352.441 1437 4 0 -89.0685 107.673 -85.85 
     78 90.08 455 3 1 -89.044 107.681 -114.45 
     78 125.423 1437 3 0 -89.0415 107.681 -115.85 
     78 146.036 455 2 1 -88.9892 107.684 -144.45 
     78 184.187 1437 2 0 -88.9856 107.684 -145.85 
     78 107.212 455 1 1 -88.9146 107.67 -174.45 
     78 158.395 1437 1 0 -88.9053 107.671 -175.85 
     78 118.762 456 0 1 -88.7107 107.71 -204.45 
     78 508.74 1437 0 0 -88.6996 107.712 -205.85 
     78 195.683 1577 0 0 -114.611 135.605 -206.25 
     78 5.83228 1537 0 0 -113.462 127.75 -206.198 
     78 37.5624 1536 0 0 -113.429 127.55 -206.207 
     78 62.9537 335 0 1 -112.99 136.676 -204.85 
     78 30.5091 336 0 1 -112.95 136.662 -204.84 
     78 238.883 455 0 1 -88.9013 107.638 -204.45 
     78 11.2586 1578 0 0 -65.7297 135.765 -206.25 
     78 95.0741 577 0 1 -64.4898 137.33 -204.85 
     78 59.483 1182 10 0 -9.71953 56.5041 93.75 
     78 54.7751 1621 4 1 144.381 130.992 -84.85 
Number of digits in this event: 16
Using G4ParticleGun... 
Particle energy: 6.05973 LIN
Particle: e-
Event: 79
Number of tracker hits in this event: 36
     79 116.035 257 9 1 -128.594 39.3373 65.55 
     79 210.103 1096 9 0 -128.593 39.3385 64.15 
     79 120.386 257 8 1 -128.57 39.3667 35.55 
     79 103.05 1096 8 0 -128.569 39.3693 34.15 
     79 110.729 258 7 1 -128.544 39.4201 5.55 
     79 117.929 1096 7 0 -128.543 39.4229 4.15 
     79 128.434 258 6 1 -128.522 39.4812 -24.45 
     79 138.723 1097 6 0 -128.52 39.4854 -25.85 
     79 100.773 258 5 1 -128.486 39.5729 -54.45 
     79 104.943 1097 5 0 -128.484 39.5771 -55.85 
     79 106.75 258 4 1 -128.457 39.6639 -84.45 
     79 180.176 1098 4 0 -128.457 39.6674 -85.85 
     79 119 258 3 1 -128.445 39.7379 -114.45 
     79 281.044 1098 3 0 -128.445 39.7412 -115.85 
     79 126.225 258 2 1 -128.435 39.8161 -144.45 
     79 108.241 1098 2 0 -128.435 39.8173 -145.85 
     79 270.501 258 1 1 -128.43 39.8365 -174.45 
     79 156.556 1098 1 0 -128.432 39.8392 -175.85 
     79 102.454 258 0 1 -128.452 39.8803 -204.45 
     79 136.444 1099 0 0 -128.454 39.8832 -205.85 
     79 43.0749 1094 1 0 -128.284 38.9216 -175.85 
     79 96.5767 1093 1 0 -128.279 38.85 -175.951 
     79 48.7043 251 0 1 -129.92 26.1521 -204.45 
     79 131.329 250 0 1 -129.95 26.1503 -204.583 
     79 64.7558 1030 0 0 -130.559 26.0655 -205.85 
     79 155.88 1029 0 0 -130.627 26.05 -205.995 
     79 3.54937 1032 0 0 -130.273 26.4505 -205.85 
     79 110.542 1031 0 0 -130.271 26.45 -205.857 
     79 67.7272 19 2 0 173.23 -176.15 -146.164 
     79 108.642 1177 3 0 -81.6925 55.5127 -116.25 
     79 56.4342 1178 3 0 -81.5933 55.65 -116.026 
     79 195.87 489 3 1 -82.0669 55.7181 -114.85 
     79 75.1131 488 3 1 -82.25 55.6987 -114.718 
     79 111.366 490 3 1 -82.05 55.4742 -114.563 
     79 281.141 491 3 1 -81.85 55.5747 -114.666 
     79 11.768 268 3 0 -178.165 -126.35 -116.225 
Number of digits in this event: 17
Using G4ParticleGun... 
Particle energy: 6.53681 LIN
Particle: e-
Event: 80
Number of tracker hits in this event: 183
     80 699.404 938 11 1 7.81269 12.0381 125.55 
     80 230.987 959 11 0 7.81209 12.0373 124.15 
     80 120.85 938 10 1 7.80263 12.0166 95.55 
     80 224.738 959 10 0 7.80294 12.016 94.15 
     80 283.212 938 9 1 7.80943 12.0061 65.55 
     80 287.397 959 9 0 7.8106 12.0049 64.15 
     80 284.951 938 8 1 7.83545 11.9816 35.55 
     80 321.173 959 8 0 7.83625 11.9818 34.15 
     80 111.922 939 7 1 7.85377 11.9861 5.55 
     80 109.229 959 7 0 7.85491 11.987 4.15 
     80 102.388 939 6 1 7.87679 12.0036 -24.45 
     80 119.309 959 6 0 7.87677 12.005 -25.85 
     80 111.921 939 5 1 7.88276 12.0353 -54.45 
     80 102.832 959 5 0 7.88376 12.0358 -55.85 
     80 113.197 939 4 1 7.90033 12.0495 -84.45 
     80 118.131 960 4 0 7.89945 12.0503 -85.85 
     80 567.875 939 3 1 7.88058 12.0646 -114.45 
     80 387.663 960 3 0 7.88048 12.0654 -115.85 
     80 257.642 939 2 1 7.87728 12.0722 -144.45 
     80 235.532 960 2 0 7.87673 12.0742 -145.85 
     80 108.824 939 1 1 7.864 12.1283 -174.45 
     80 154.098 960 1 0 7.86418 12.1321 -175.85 
     80 248.42 939 0 1 7.87112 12.2114 -204.45 
     80 267.781 960 0 0 7.90596 12.23 -205.85 
     80 97.9548 959 0 0 7.8493 12.0499 -206.207 
     80 283.631 958 0 0 54.232 11.85 -206.085 
     80 4.34215 1708 4 0 -36.0575 161.82 -86.25 
     80 106.953 940 1 1 8.14017 12.3103 -174.45 
     80 116.923 961 1 0 8.14754 12.3172 -175.85 
     80 238.03 941 0 1 8.32272 12.4479 -204.45 
     80 142.548 961 0 0 8.33454 12.4107 -205.85 
     80 113.893 941 2 1 8.32938 12.4127 -144.45 
     80 179.01 962 2 0 8.35456 12.4678 -145.85 
     80 116.714 943 1 1 8.82113 13.6065 -174.45 
     80 118.494 968 1 0 8.86877 13.6819 -175.85 
     80 141.065 950 0 1 10.0956 15.2268 -204.45 
     80 110.319 976 0 0 10.1756 15.3197 -205.85 
     80 281.39 938 7 1 7.83718 12.0046 5.55 
     80 356.321 961 7 0 7.699 12.311 4.15 
     80 61.3759 927 6 1 5.61728 18.4931 -24.45 
     80 203.124 928 6 1 5.65001 18.5902 -24.6782 
     80 140.22 995 6 0 5.88102 19.094 -25.8501 
     80 40.9187 996 6 0 5.95173 19.2501 -26.1869 
     80 290.914 951 5 1 10.3991 34.7972 -54.45 
     80 21.516 1078 5 0 9.94534 35.8121 -55.85 
     80 113.571 1079 5 0 9.92807 35.8501 -55.9031 
     80 21.8442 1080 5 0 9.82338 36.05 -56.1926 
     80 32.0915 895 4 1 -0.994273 56.4699 -84.45 
     80 101.941 894 4 1 -1.05 56.5374 -84.4907 
     80 105.516 893 4 1 -1.25 56.8019 -84.6481 
     80 36.7247 892 4 1 -1.45 57.0678 -84.7984 
     80 52.1101 1194 4 0 -2.91791 58.9 -85.85 
     80 76.0069 1195 4 0 -3.05221 59.05 -85.9375 
     80 89.1243 1196 4 0 -3.23241 59.2501 -86.0535 
     80 61.5821 1197 4 0 -3.41381 59.4502 -86.1689 
     80 101.88 694 3 1 -41.0916 99.4245 -114.45 
     80 53.8227 693 3 1 -41.25 99.4925 -114.49 
     80 58.9091 692 3 1 -41.45 99.5885 -114.549 
     80 52.9705 691 3 1 -41.6501 99.6881 -114.617 
     80 66.4861 690 3 1 -41.85 99.7825 -114.68 
     80 101.658 689 3 1 -42.05 99.8818 -114.74 
     80 61.5853 688 3 1 -42.25 99.9762 -114.796 
     80 17.2603 1408 3 0 -46.1315 101.926 -115.85 
     80 139.432 1409 3 0 -46.1778 101.95 -115.863 
     80 105.111 1410 3 0 -46.5769 102.15 -115.983 
     80 115.603 1411 3 0 -46.9359 102.35 -116.106 
     80 22.8455 1412 3 0 -47.2977 102.55 -116.221 
     80 14.0578 238 2 1 -132.5 148.219 -144.451 
     80 59.0725 237 2 1 -132.55 148.204 -144.478 
     80 58.2933 236 2 1 -132.75 148.155 -144.569 
     80 121.829 235 2 1 -132.95 148.119 -144.658 
     80 69.7574 234 2 1 -133.15 148.088 -144.736 
     80 22.012 233 2 1 -133.35 148.054 -144.819 
     80 103.572 1637 2 0 -135.616 147.598 -145.85 
     80 241.791 1636 2 0 -135.854 147.55 -145.962 
     80 18.2047 960 7 0 7.10613 12.2261 4.14986 
     80 89.6488 962 7 0 6.80249 12.45 3.9011 
     80 48.2957 963 7 0 6.72245 12.65 3.85784 
     80 69.2749 951 8 0 7.45086 10.4247 34.15 
     80 79.6834 950 8 0 7.39831 10.2497 33.9759 
     80 59.8434 949 8 0 7.36368 10.05 33.8546 
     80 135.873 676 8 0 9.68214 -44.7258 33.75 
     80 1.60542 952 8 1 10.6466 -44.7815 35.15 
     80 186.068 953 8 1 10.65 -44.7816 35.1545 
     80 146.948 954 8 1 10.8502 -44.7566 35.4577 
     80 119.969 912 10 1 2.58775 8.5433 95.5498 
     80 3.67827 911 10 1 2.45 8.54652 95.1657 
     80 137.784 942 10 0 2.05742 8.56166 94.15 
     80 127.063 866 9 1 -6.79582 9.21589 65.549 
     80 87.5426 865 9 1 -6.85 9.15573 65.361 
     80 262.838 943 9 0 -7.15725 8.77461 64.15 
     80 149.32 819 8 1 -16.0879 -0.242155 35.55 
     80 15.104 818 8 1 -16.2503 -0.397265 35.2058 
     80 134.257 895 8 0 -16.7848 -0.875652 34.15 
     80 34.2403 757 7 1 -28.6253 -12.2896 5.54961 
     80 129.014 756 7 1 -28.65 -12.3678 5.42482 
     80 35.9212 834 7 0 -28.8429 -13.2111 4.15 
     80 93.3356 833 7 0 -28.8508 -13.2504 4.09286 
     80 21.2671 832 7 0 -28.8937 -13.4504 3.81335 
     80 108.916 734 6 1 -33.1665 -34.7187 -24.45 
     80 71.8772 735 6 1 -33.05 -35.0133 -24.6991 
     80 71.6298 717 6 0 -32.4764 -36.5252 -25.8502 
     80 84.3211 716 6 0 -32.4283 -36.65 -25.9418 
     80 72.0183 715 6 0 -32.3448 -36.85 -26.0832 
     80 7.70817 714 6 0 -32.2712 -37.05 -26.2277 
     80 120.133 805 5 1 -18.9077 -74.6908 -54.4501 
     80 100.927 806 5 1 -18.85 -75.0841 -54.7212 
     80 4.76149 516 5 0 -18.5116 -76.8408 -55.85 
     80 69.6445 515 5 0 -18.5098 -76.8503 -55.8561 
     80 58.8695 514 5 0 -18.4681 -77.05 -55.9818 
     80 64.3297 513 5 0 -18.4222 -77.25 -56.1074 
     80 31.1691 512 5 0 -18.388 -77.4501 -56.2205 
     80 153.597 233 5 0 2.34991 -133.47 -56.25 
     80 26.5219 917 5 1 3.57453 -133.205 -54.85 
     80 62.199 918 5 1 3.65017 -133.192 -54.7751 
     80 71.9308 919 5 1 3.85 -133.119 -54.6188 
     80 79.5595 920 5 1 4.05 -133.009 -54.5925 
     80 74.5875 921 5 1 4.25 -132.865 -54.5886 
     80 324.067 922 5 1 4.4511 -132.683 -54.5835 
     80 64.1817 923 5 1 4.65 -132.132 -54.4644 
     80 58.6483 924 5 1 4.85024 -132.183 -54.8444 
     80 94.0462 925 5 1 5.0502 -132.269 -54.8409 
     80 85.2375 926 5 1 5.25 -132.404 -54.7827 
     80 76.0776 927 5 1 5.45 -132.62 -54.7376 
     80 75.1718 928 5 1 5.65 -132.767 -54.6912 
     80 265.067 929 5 1 5.85 -132.833 -54.5549 
     80 46.7951 227 5 0 4.75698 -134.647 -55.8501 
     80 291.119 226 5 0 4.69202 -134.75 -55.9095 
     80 131.369 960 11 0 7.7843 12.1231 124.15 
     80 117.017 914 10 1 2.99157 16.3733 95.55 
     80 139.847 979 10 0 2.92812 16.0391 94.1499 
     80 152.442 928 9 1 5.65039 4.67993 65.55 
     80 14.1323 921 9 0 5.80848 4.2636 64.15 
     80 110.507 920 9 0 5.81481 4.25 64.0998 
     80 202.377 875 9 0 28.1763 -4.9388 63.75 
     80 100.548 1044 9 1 28.9142 -4.94493 65.15 
     80 91.8992 839 9 0 24.0881 -12.05 64.0007 
     80 49.8905 950 8 1 10.0768 12.199 35.5495 
     80 179.244 949 8 1 10.05 12.1897 35.4602 
     80 108.727 902 7 1 0.598141 7.53891 5.55 
     80 88.3768 935 7 0 0.212329 7.12528 4.14992 
     80 58.2723 934 7 0 0.141083 7.05 3.89675 
     80 286.063 863 6 1 -7.38627 -1.20069 -24.45 
     80 57.5645 862 6 1 -7.45037 -1.26209 -24.6745 
     80 82.4872 892 6 0 -7.76067 -1.57922 -25.85 
     80 35.7508 891 6 0 -7.82936 -1.65 -26.1173 
     80 144.138 825 5 1 -14.8925 -9.00288 -54.45 
     80 142.828 854 5 0 -15.3543 -9.14297 -55.8503 
     80 109.446 776 4 1 -24.742 -13.2503 -84.45 
     80 166.802 832 4 0 -24.9089 -13.4752 -85.8506 
     80 98.2759 753 3 1 -29.3667 -18.6369 -114.45 
     80 97.0863 804 3 0 -29.6178 -19.1602 -115.85 
     80 45.8558 803 3 0 -29.6614 -19.2502 -116.101 
     80 137.765 731 2 1 -33.7029 -30.328 -144.45 
     80 101.916 745 2 0 -33.6443 -30.9102 -145.85 
     80 29.3039 744 2 0 -33.6418 -31.05 -146.167 
     80 223.762 724 1 1 -35.1685 -45.2941 -174.45 
     80 114.386 670 1 0 -34.9104 -45.9088 -175.85 
     80 37.2879 669 1 0 -34.8371 -46.05 -176.14 
     80 251.254 761 0 1 -27.7385 -61.6234 -204.451 
     80 22.7543 585 0 0 -28.1226 -63.0152 -205.85 
     80 79.4993 584 0 0 -28.1322 -63.05 -205.883 
     80 60.7362 583 0 0 -28.1896 -63.25 -206.082 
     80 34.5273 725 1 1 -34.9931 -45.1569 -174.45 
     80 143.698 723 1 1 -35.2501 -45.3259 -174.717 
     80 219.629 722 1 1 -35.45 -45.5913 -174.727 
     80 11.343 665 1 0 -35.2213 -47.0284 -175.85 
     80 196.863 664 1 0 -35.2152 -47.0505 -175.867 
     80 201.09 815 1 0 -58.8657 -16.9626 -176.25 
     80 74.6044 816 1 0 -58.8279 -16.85 -175.872 
     80 59.5454 602 1 1 -59.546 -16.7886 -174.85 
     80 163.121 721 1 1 -35.6501 -45.7026 -174.611 
     80 69.2694 476 4 1 -84.7461 52.1471 -84.85 
     80 118.739 939 9 1 7.85 12.0434 65.5397 
     80 274.68 961 9 0 8.34895 12.2902 64.15 
     80 75.5655 1011 8 1 22.3782 16.9544 35.55 
     80 60.6643 1012 8 1 22.45 17.0059 35.2652 
     80 124.592 985 8 0 22.7542 17.1899 34.1499 
     80 179.351 1045 7 1 29.1285 19.0811 5.55 
     80 161.902 997 7 0 28.9019 19.4671 4.14944 
     80 140.885 1012 6 1 22.5845 28.3632 -24.45 
     80 60.531 1046 6 0 22.7074 29.3146 -25.85 
     80 76.6414 1047 6 0 22.7203 29.45 -26.0458 
Number of digits in this event: 67
Using G4ParticleGun... 
Particle energy: 4.63538 LIN
Particle: e-
Event: 81
Number of tracker hits in this event: 93
     81 124.58 1142 11 1 48.4816 32.1862 125.55 
     81 138.517 1060 11 0 48.4817 32.1865 124.15 
     81 111.127 1142 10 1 48.4836 32.1947 95.55 
     81 143.801 1060 10 0 48.4822 32.1936 94.15 
     81 123.7 1142 9 1 48.4604 32.1635 65.55 
     81 407.97 1060 9 0 48.4592 32.1606 64.15 
     81 214.088 1141 8 1 48.4415 32.1082 35.55 
     81 228.084 1060 8 0 48.4393 32.1035 34.15 
     81 127.733 1141 7 1 48.3961 32.0133 5.55 
     81 89.7278 1059 7 0 48.394 32.0086 4.15 
     81 97.6955 1141 6 1 48.3545 31.9171 -24.45 
     81 114.065 1059 6 0 48.3529 31.9132 -25.85 
     81 118.98 1141 5 1 48.3196 31.8417 -54.45 
     81 111.724 1058 5 0 48.3172 31.8401 -55.85 
     81 387.219 1141 4 1 48.273 31.8003 -84.45 
     81 112.299 1058 4 0 48.2721 31.7991 -85.85 
     81 124.057 1140 3 1 48.2407 31.7772 -114.45 
     81 133.482 1058 3 0 48.2387 31.7773 -115.85 
     81 444.618 1140 2 1 48.1921 31.7743 -144.45 
     81 113.054 1058 2 0 48.1905 31.7752 -145.85 
     81 246.548 1140 1 1 48.1531 31.7916 -174.45 
     81 126.866 1058 1 0 48.1529 31.7879 -175.85 
     81 182.398 1140 0 1 48.1471 31.7037 -204.45 
     81 360.409 1058 0 0 48.1487 31.6983 -205.85 
     81 322.553 1059 0 0 47.9555 31.85 -205.997 
     81 28.6301 732 2 1 -33.45 74.5281 -144.847 
     81 333.089 1057 2 0 48.171 31.5306 -145.85 
     81 111.133 1139 1 1 47.992 31.2424 -174.45 
     81 90.7275 1055 1 0 48.0068 31.228 -175.85 
     81 191.551 1141 0 1 48.3328 30.9263 -204.45 
     81 112.903 1054 0 0 48.3731 30.9147 -205.85 
     81 91.5884 1143 1 1 48.8274 33.144 -174.45 
     81 53.4329 1142 1 1 48.65 33.3099 -174.693 
     81 132.963 1070 1 0 47.7355 34.0596 -175.85 
     81 39.3047 1071 1 0 47.4931 34.25 -176.15 
     81 393.187 1019 0 1 23.91 53.0281 -204.45 
     81 964.769 1018 0 1 23.85 53.3127 -204.519 
     81 51.0298 1020 0 1 24.05 55.9882 -204.708 
     81 51.7318 1182 0 0 24.8805 56.5847 -205.85 
     81 85.9933 1183 0 0 24.9756 56.6501 -205.984 
     81 11.2724 1023 0 1 24.65 58.7349 -204.563 
     81 190.75 1022 0 1 24.65 58.763 -204.563 
     81 106.156 1059 4 0 48.4116 31.9373 -85.8503 
     81 117.436 1148 3 1 49.8251 36.905 -114.45 
     81 140.646 1083 3 0 49.3647 36.8351 -115.85 
     81 24.002 1057 2 1 31.5119 31.0338 -144.45 
     81 104.41 1056 2 1 31.45 30.9862 -144.525 
     81 29.3689 1055 2 1 31.25 30.8187 -144.769 
     81 32.8888 1050 2 0 30.3459 30.0759 -145.85 
     81 322.606 1049 2 0 30.3147 30.05 -145.889 
     81 3.01493 1048 2 0 30.0431 29.85 -146.242 
     81 117.879 934 1 1 6.91732 15.8909 -174.45 
     81 117.571 979 1 0 6.80712 15.9395 -175.85 
     81 3.25269 951 1 0 48.7254 10.3674 -176.25 
     81 1.88269 985 1 0 41.3339 17.2334 -176.25 
     81 5.78696 955 1 0 3.44571 11.17 -176.25 
     81 23.1107 1055 4 0 48.6428 31.0833 -85.85 
     81 82.763 1054 4 0 48.66 31.05 -85.9254 
     81 176.813 1175 3 1 55.1186 18.9136 -114.45 
     81 37.1409 986 3 0 55.0224 17.2985 -115.85 
     81 132.453 985 3 0 55.0193 17.25 -115.893 
     81 71.2234 984 3 0 55.0039 17.05 -116.071 
     81 3.68855 983 3 0 54.992 16.85 -116.237 
     81 9.85783 264 3 0 32.1759 -127.311 -116.25 
     81 64.3277 263 3 0 32.1679 -127.35 -116.241 
     81 52.1277 262 3 0 32.1155 -127.55 -116.187 
     81 55.9533 261 3 0 32.0504 -127.75 -116.134 
     81 65.8362 260 3 0 31.983 -127.95 -116.078 
     81 62.9253 259 3 0 31.9043 -128.15 -116.031 
     81 57.5798 258 3 0 31.811 -128.35 -115.974 
     81 80.2287 257 3 0 31.7144 -128.55 -115.93 
     81 71.411 256 3 0 31.5985 -128.75 -115.891 
     81 279.442 1047 3 1 29.5123 -133.14 -114.85 
     81 259.058 1046 3 1 29.45 -133.267 -114.809 
     81 144.462 1045 3 1 29.25 -133.638 -114.681 
     81 51.3039 1044 3 1 29.0499 -134.036 -114.537 
     81 84.0748 221 4 0 9.73156 -135.924 -86.25 
     81 54.0453 220 4 0 9.58098 -135.95 -86.0429 
     81 40.2861 943 4 1 8.72779 -136.207 -84.85 
     81 100.242 942 4 1 8.64962 -136.236 -84.7388 
     81 120.258 219 5 0 25.0701 -136.186 -56.2498 
     81 16.2766 220 5 0 25.2793 -136.15 -55.88 
     81 165.896 1028 5 1 25.7229 -135.993 -54.85 
     81 69.3387 1027 5 1 25.6252 -135.959 -54.4501 
     81 85.2954 1026 5 1 25.45 -135.845 -54.5436 
     81 60.0686 1025 5 1 25.25 -135.79 -54.6802 
     81 31.5846 1024 5 1 25.05 -135.755 -54.8051 
     81 34.4476 224 5 0 23.3335 -135.195 -55.85 
     81 114.053 225 5 0 23.2422 -135.15 -55.9173 
     81 42.4306 164 5 0 19.9474 -147.289 -56.2498 
     81 118.735 163 5 0 20.0195 -147.35 -56.1373 
     81 402.434 1007 5 1 21.4797 -147.353 -54.85 
     81 173.355 1008 5 1 21.65 -147.303 -54.7549 
Number of digits in this event: 36
Using G4ParticleGun... 
Particle energy: 8.25561 LIN
Particle: e-
Event: 82
Number of tracker hits in this event: 116
     82 146.048 865 10 1 -6.98625 -95.5443 95.55 
     82 100.593 423 10 0 -6.98658 -95.5443 94.15 
     82 131.182 865 9 1 -6.99565 -95.5464 65.55 
     82 138.01 423 9 0 -6.99598 -95.5464 64.15 
     82 182.66 865 8 1 -7.00427 -95.5471 35.55 
     82 123.479 423 8 0 -7.0043 -95.5478 34.15 
     82 128.846 865 7 1 -7.0187 -95.5531 5.55 
     82 108.594 422 7 0 -7.0188 -95.553 4.15 
     82 405.268 865 6 1 -7.02102 -95.5509 -24.45 
     82 337.305 422 6 0 -7.02142 -95.5514 -25.85 
     82 549.208 865 5 1 -7.02939 -95.5582 -54.45 
     82 464.477 422 5 0 -7.03101 -95.5586 -55.85 
     82 275.974 864 4 1 -7.06504 -95.5662 -84.45 
     82 427.534 422 4 0 -7.06621 -95.5669 -85.85 
     82 210.576 864 3 1 -7.0934 -95.5802 -114.45 
     82 226.063 422 3 0 -7.0954 -95.5802 -115.85 
     82 771.01 864 2 1 -7.13563 -95.5739 -144.45 
     82 127.179 422 2 0 -7.13485 -95.574 -145.85 
     82 400.659 864 1 1 -7.12136 -95.5719 -174.45 
     82 120.281 422 1 0 -7.12169 -95.5675 -175.85 
     82 189.588 864 0 1 -7.14611 -95.4896 -204.45 
     82 402.641 423 0 0 -7.15307 -95.4792 -205.85 
     82 328.007 863 0 1 -7.25002 -95.046 -204.488 
     82 79.4043 862 0 1 -7.45044 -95.0041 -204.632 
     82 52.7854 861 0 1 -7.65094 -95.0103 -204.755 
     82 432.909 424 0 0 -9.78857 -95.35 -206.05 
     82 1.94568 859 0 1 -8.0594 -94.5259 -204.85 
     82 54.5748 860 0 1 -8.04951 -94.5236 -204.847 
     82 172.671 428 0 0 -7.2503 -94.469 -205.85 
     82 21.1793 466 0 0 20.0132 -86.6627 -206.25 
     82 142.076 467 0 0 20.0483 -86.6498 -206.185 
     82 187.671 1003 0 1 20.6591 -86.4352 -204.85 
     82 192.911 1004 0 1 20.85 -86.3541 -204.751 
     82 22.4311 74 1 0 -70.9158 -165.15 -175.954 
     82 127.538 73 1 0 -70.909 -165.35 -175.873 
     82 33.4782 548 1 1 -70.3731 -166.158 -174.85 
     82 150.415 418 1 0 -6.84646 -96.4749 -175.85 
     82 308.806 417 1 0 -6.83165 -96.55 -175.976 
     82 121.4 881 0 1 -3.71855 -113.302 -204.45 
     82 139.356 334 0 0 -3.66312 -113.346 -205.85 
     82 321.33 864 5 1 -7.08909 -95.5531 -54.45 
     82 386.569 421 2 0 -7.18198 -95.9284 -145.85 
     82 121.602 865 0 1 -7.00904 -97.8049 -204.45 
     82 107.649 411 0 0 -6.98275 -97.8765 -205.85 
     82 43.8213 290 0 0 -0.944909 -121.95 -206.05 
     82 136.435 869 1 1 -6.16767 -96.4268 -174.45 
     82 174.766 882 0 1 -3.61848 -96.5584 -204.45 
     82 108.567 417 0 0 -3.45555 -96.5989 -205.85 
     82 122.519 861 1 1 -7.81065 -96.2708 -174.45 
     82 220.426 419 1 0 -7.87619 -96.2503 -175.85 
     82 129.146 854 0 1 -9.12656 -95.2365 -204.45 
     82 123.176 866 5 1 -6.69785 -96.1373 -54.45 
     82 138.948 420 5 0 -6.76112 -96.0619 -55.85 
     82 109.109 859 4 1 -8.20165 -94.5076 -84.45 
     82 105.507 428 4 0 -8.29697 -94.4235 -85.85 
     82 130.826 849 3 1 -10.2481 -92.7464 -114.45 
     82 103 848 3 1 -10.25 -92.7444 -114.491 
     82 136.256 437 3 0 -10.3268 -92.6644 -115.85 
     82 119.166 841 2 1 -11.6881 -91.0569 -144.45 
     82 138.016 445 2 0 -11.8193 -91.0016 -145.85 
     82 172.716 827 1 1 -14.5889 -89.5745 -174.45 
     82 30.6772 826 1 1 -14.65 -89.5738 -174.819 
     82 201.987 452 1 0 -14.8129 -89.5634 -175.85 
     82 99.0732 802 0 1 -19.5532 -89.1879 -204.45 
     82 32.8096 454 0 0 -19.7486 -89.2435 -205.851 
     82 74.1179 453 0 0 -19.7689 -89.25 -206 
     82 208.893 453 1 0 -12.9795 -89.45 -175.923 
     82 27.9814 994 0 0 -74.529 18.85 -205.992 
     82 86.6465 423 7 0 -7.55526 -95.3704 4.15 
     82 27.3715 424 7 0 -7.557 -95.35 4.12737 
     82 103.939 858 4 1 -8.27156 -95.7449 -84.45 
     82 113.901 847 3 1 -10.4914 -95.1985 -114.45 
     82 135.453 424 3 0 -10.5366 -95.2211 -115.85 
     82 133.628 840 2 1 -11.9281 -96.6695 -144.45 
     82 128.538 417 2 0 -11.86 -96.6739 -145.85 
     82 283.906 848 1 1 -10.3044 -96.4342 -174.45 
     82 129.107 851 0 1 -9.74143 -94.786 -204.45 
     82 136.775 427 0 0 -9.84001 -94.6441 -205.851 
     82 134.714 424 5 0 -6.96033 -95.1643 -55.8502 
     82 107.397 425 5 0 -6.95705 -95.15 -55.907 
     82 194.472 880 4 1 -3.88066 -89.0223 -84.45 
     82 70.8898 455 4 0 -3.97306 -88.8786 -85.8514 
     82 40.8629 456 4 0 -3.98545 -88.85 -86.0849 
     82 218.89 876 3 1 -4.72685 -85.7329 -114.45 
     82 81.3463 472 3 0 -4.8309 -85.4971 -115.85 
     82 29.8357 473 3 0 -4.8504 -85.45 -116.13 
     82 127.755 868 2 1 -6.40662 -81.0331 -144.45 
     82 1.00215 498 2 0 -6.12552 -80.253 -145.85 
     82 154.657 499 2 0 -6.1245 -80.25 -145.855 
     82 11.3379 500 2 0 -6.04931 -80.05 -146.219 
     82 132.615 897 1 1 -0.555522 -64.7554 -174.45 
     82 140.352 577 1 0 -0.751785 -64.6137 -175.85 
     82 109.023 873 0 1 -5.44415 -61.1364 -204.45 
     82 68.1534 596 0 0 -5.20984 -60.7112 -205.85 
     82 50.8829 597 0 0 -5.17962 -60.65 -206.061 
     82 104.2 877 3 1 -4.65 -85.7454 -114.728 
     82 65.9944 437 5 0 -5.97142 -92.6681 -55.85 
     82 7.5039 438 5 0 -5.80238 -92.55 -55.8564 
     82 14.3847 886 5 1 -2.70029 -91.9138 -54.85 
     82 77.7762 887 5 1 -2.65 -91.908 -54.8273 
     82 91.2069 888 5 1 -2.45 -91.9261 -54.735 
     82 82.6896 889 5 1 -2.25 -91.877 -54.6661 
     82 353.345 890 5 1 -2.05 -91.8967 -54.6653 
     82 19.9451 891 5 1 -1.84999 -91.9712 -54.609 
     82 81.2662 422 8 0 -7.0017 -95.55 33.9746 
     82 129.76 888 7 1 -2.43094 -98.8913 5.54962 
     82 106.297 406 7 0 -2.23052 -98.8416 4.15 
     82 109.959 909 6 1 1.87371 -96.7092 -24.45 
     82 133.392 417 6 0 2.31177 -96.739 -25.85 
     82 130.303 965 5 1 13.0587 -95.1922 -54.4501 
     82 106.609 428 5 0 13.59 -94.5105 -55.8502 
     82 26.1355 429 5 0 13.694 -94.35 -56.1602 
     82 127.754 1023 4 1 24.8043 -75.0254 -84.45 
     82 83.2588 523 4 0 25.0653 -75.253 -85.8501 
     82 13.2637 524 4 0 25.138 -75.25 -86.1894 
     82 150.493 1713 2 1 162.75 -120.556 -144.845 
Number of digits in this event: 69
Using G4ParticleGun... 
Particle energy: 7.26767 LIN
Particle: e-
Event: 83
Number of tracker hits in this event: 186
     83 105.931 260 9 1 -127.955 27.411 65.55 
     83 111.702 1036 9 0 -127.955 27.4118 64.15 
     83 142.22 260 8 1 -127.957 27.437 35.55 
     83 137.887 1036 8 0 -127.957 27.4368 34.15 
     83 433.621 260 7 1 -127.966 27.437 5.55 
     83 299.951 1036 7 0 -127.968 27.4338 4.15 
     83 172.434 260 6 1 -128.006 27.3716 -24.45 
     83 100.592 1036 6 0 -128.01 27.3685 -25.85 
     83 372.669 260 5 1 -128.113 27.306 -54.45 
     83 121.322 1036 5 0 -128.121 27.3033 -55.85 
     83 305.942 259 4 1 -128.289 27.2442 -84.45 
     83 106.615 1035 4 0 -128.298 27.2419 -85.85 
     83 409.07 258 3 1 -128.476 27.1969 -114.45 
     83 385.709 1035 3 0 -128.486 27.1979 -115.85 
     83 246.367 257 2 1 -128.692 27.2117 -144.45 
     83 115.221 1035 2 0 -128.705 27.2124 -145.85 
     83 135.586 255 1 1 -128.966 27.2162 -174.45 
     83 136.135 1035 1 0 -128.986 27.2175 -175.85 
     83 268.993 253 0 1 -129.369 27.2187 -204.45 
     83 105.448 1035 0 0 -129.378 27.2184 -205.85 
     83 98.0608 1495 11 0 -44.8369 119.165 123.75 
     83 149.211 1496 11 0 -45.1581 119.35 123.786 
     83 222.285 670 11 1 -45.8575 118.451 125.15 
     83 79.5655 669 11 1 -46.05 118.307 125.481 
     83 205.018 1494 11 0 -46.274 119.044 124.15 
     83 38.953 1528 11 0 56.9218 125.897 123.75 
     83 187.704 1350 11 0 108.062 90.335 123.75 
     83 345.406 1036 3 0 -128.651 27.4181 -115.85 
     83 159.736 1037 3 0 -128.7 27.45 -116.116 
     83 67.9223 221 2 1 -135.927 29.392 -144.45 
     83 39.8771 220 2 1 -135.95 29.3442 -144.678 
     83 118.838 1045 2 0 -135.985 29.1105 -145.85 
     83 34.1487 223 1 1 -135.51 26.0748 -174.45 
     83 90.3256 222 1 1 -135.55 26.1008 -174.552 
     83 131.588 1032 1 0 -136.116 26.4629 -175.85 
     83 37.2006 154 0 1 -149.309 40.4613 -204.45 
     83 80.2419 153 0 1 -149.35 40.506 -204.561 
     83 151.404 1104 0 0 -149.455 40.9457 -205.85 
     83 86.1265 1105 0 0 -149.456 41.05 -206.076 
     83 165.901 1043 2 0 -128.747 28.8327 -145.85 
     83 170.082 254 1 1 -129.236 29.783 -174.45 
     83 11.6322 1048 1 0 -129.243 29.8473 -175.85 
     83 91.9204 1049 1 0 -129.244 29.85 -175.916 
     83 126.886 1056 0 0 -129.586 31.3727 -205.85 
     83 3.41485 259 3 1 -128.3 27.091 -114.841 
     83 277.416 259 2 1 -128.293 26.547 -144.45 
     83 132.344 1032 2 0 -128.305 26.5338 -145.85 
     83 110.243 258 1 1 -128.438 26.1759 -174.45 
     83 210.51 1030 1 0 -128.449 26.1545 -175.85 
     83 105.74 257 0 1 -128.644 25.7525 -204.45 
     83 167.97 1028 0 0 -128.669 25.7354 -205.85 
     83 58.8435 144 0 1 -151.269 137.988 -204.85 
     83 101.933 143 0 1 -151.35 138.273 -204.669 
     83 65.4453 313 13 0 -164.039 -117.469 183.75 
     83 33.1111 136 1 1 -152.835 -69.7838 -174.85 
     83 121.834 262 2 1 -127.685 27.4808 -144.45 
     83 220.702 1037 2 0 -127.806 27.625 -145.851 
     83 43.894 1038 2 0 -127.828 27.6501 -146.101 
     83 35.1073 248 1 1 -130.442 30.8633 -174.45 
     83 68.452 247 1 1 -130.55 30.8619 -174.528 
     83 79.0602 246 1 1 -130.75 30.8565 -174.675 
     83 16.0047 245 1 1 -130.95 30.8525 -174.823 
     83 213.364 1053 1 0 -132.353 30.816 -175.85 
     83 51.8083 41 0 1 -171.835 28.1872 -204.45 
     83 62.5838 40 0 1 -171.95 28.1791 -204.507 
     83 76.0703 39 0 1 -172.15 28.1708 -204.606 
     83 62.6807 38 0 1 -172.35 28.1673 -204.7 
     83 47.3611 37 0 1 -172.55 28.1706 -204.791 
     83 547.458 1041 0 0 -174.821 28.2678 -205.85 
     83 80.033 1042 0 0 -176.189 28.4505 -206.012 
     83 106.401 1043 0 0 -176.406 28.6502 -205.92 
     83 65.5369 8 0 1 -178.377 30.265 -204.85 
     83 231.769 7 0 1 -178.55 30.3254 -204.763 
     83 192.592 6 0 1 -178.75 30.4339 -204.509 
     83 119.18 5 0 1 -178.95 30.5666 -204.732 
     83 319.601 1051 1 0 -131.262 30.3658 -175.85 
     83 9.90269 1052 1 0 -131.397 30.45 -176.006 
     83 115.975 1037 7 0 -127.949 27.4958 4.15 
     83 165.001 262 6 1 -127.736 28.7484 -24.45 
     83 113.936 1043 6 0 -127.664 28.7893 -25.85 
     83 133.965 268 5 1 -126.367 29.6689 -54.45 
     83 208.654 1048 5 0 -126.365 29.7498 -55.85 
     83 202.177 268 4 1 -126.416 31.509 -84.4505 
     83 144.75 1057 4 0 -126.431 31.5087 -85.85 
     83 116.583 266 3 1 -126.934 31.3625 -114.45 
     83 104.192 1056 3 0 -126.887 31.3876 -115.85 
     83 146.963 271 2 1 -125.939 32.1331 -144.45 
     83 284.996 270 2 1 -125.95 32.1644 -144.703 
     83 177.096 1061 2 0 -125.998 32.3054 -145.85 
     83 247.769 265 1 1 -127.082 35.6363 -174.45 
     83 140.45 1078 1 0 -127.108 35.6877 -175.851 
     83 177.072 260 0 1 -128.012 37.0533 -204.45 
     83 252.543 1085 0 0 -128.086 37.1493 -205.85 
     83 102.986 1084 0 0 -128.149 37.05 -206.141 
     83 240.796 264 1 1 -127.15 35.7465 -174.582 
     83 20.0132 263 1 1 -127.35 36.1129 -174.654 
     83 11.6713 1103 1 0 -125.266 40.7989 -175.85 
     83 90.3168 279 1 1 -124.265 43.8027 -174.85 
     83 154.947 280 1 1 -124.15 43.902 -174.734 
     83 265.369 281 1 1 -123.95 44.0345 -174.492 
     83 169.484 256 6 1 -128.863 27.2085 -24.4504 
     83 188.805 1035 6 0 -128.912 27.1369 -25.8501 
     83 147.086 248 5 1 -130.359 25.3558 -54.45 
     83 256.585 1026 5 0 -130.65 25.3206 -55.85 
     83 104.299 215 4 1 -136.956 24.6812 -84.4506 
     83 33.9947 1023 4 0 -137.242 24.653 -85.8504 
     83 82.4323 1022 4 0 -137.263 24.65 -85.9576 
     83 61.0365 188 3 1 -142.507 22.9305 -114.45 
     83 57.481 187 3 1 -142.55 22.9087 -114.645 
     83 128.208 1013 3 0 -142.827 22.7807 -115.85 
     83 27.1429 152 2 1 -149.727 20.2859 -144.45 
     83 82.2356 151 2 1 -149.75 20.2702 -144.56 
     83 35.9685 1000 2 0 -149.987 20.0699 -145.85 
     83 106.649 999 2 0 -150.009 20.05 -145.971 
     83 79.7449 124 1 1 -155.28 15.1048 -174.45 
     83 51.2565 123 1 1 -155.35 15.1047 -174.66 
     83 126.331 975 1 0 -155.76 15.1199 -175.85 
     83 25.9554 70 0 1 -166.104 15.1848 -204.45 
     83 92.2624 69 0 1 -166.15 15.185 -204.553 
     83 390.057 975 0 0 -166.735 15.1958 -205.85 
     83 420.206 261 4 1 -127.891 27.6052 -84.4511 
     83 171.574 1039 4 0 -127.745 27.8955 -85.85 
     83 140.963 272 3 1 -125.561 32.9763 -114.451 
     83 74.9598 1067 3 0 -125.704 33.5087 -115.85 
     83 46.5856 1068 3 0 -125.722 33.6504 -116.156 
     83 56.1306 1161 2 0 -126.532 52.3233 -145.85 
     83 73.0587 1162 2 0 -126.572 52.45 -145.939 
     83 71.2345 1163 2 0 -126.647 52.6501 -146.071 
     83 23.749 1164 2 0 -126.736 52.8502 -146.206 
     83 123.373 202 1 1 -139.71 102.987 -174.45 
     83 69.7932 1417 1 0 -139.658 103.643 -175.85 
     83 46.754 1418 1 0 -139.655 103.75 -176.072 
     83 137.275 219 0 1 -136.244 118.92 -204.45 
     83 182.752 1488 0 0 -136.218 117.897 -205.85 
     83 129.467 1487 0 0 -136.249 117.75 -206.113 
     83 147.811 1040 4 0 -127.457 28.05 -86.0137 
     83 12.5595 336 3 1 -112.772 29.9548 -114.45 
     83 140.53 337 3 1 -112.75 29.993 -114.493 
     83 7.98312 338 3 1 -112.55 30.2496 -114.814 
     83 155.363 1054 3 0 -111.99 30.8586 -115.85 
     83 92.98 1693 3 0 79.1272 158.85 -116.25 
     83 52.3525 1694 3 0 79.2711 158.95 -116.211 
     83 61.336 1695 3 0 79.423 159.15 -116.166 
     83 88.1893 1696 3 0 79.5315 159.35 -116.14 
     83 89.8411 1697 3 0 79.6285 159.55 -116.116 
     83 59.2399 1698 3 0 79.7191 159.75 -116.083 
     83 58.9576 1699 3 0 79.7937 159.95 -116.053 
     83 85.9521 1700 3 0 79.75 160.151 -116.111 
     83 11.2291 1701 3 0 79.7664 160.35 -116.23 
     83 72.3348 1041 4 0 -127.496 28.2504 -86.1282 
     83 60.2632 1042 4 0 -127.546 28.45 -86.1901 
     83 2.28318 1043 4 0 -127.59 28.6503 -86.2448 
     83 27.9388 1754 4 0 -119.709 171.096 -86.25 
     83 337.444 1755 4 0 -119.683 171.15 -86.2168 
     83 471.569 261 5 1 -127.928 27.4591 -54.45 
     83 98.863 1037 5 0 -127.925 27.46 -55.85 
     83 137.726 1037 4 0 -127.874 27.4851 -85.85 
     83 125.293 261 3 1 -127.861 27.56 -114.45 
     83 118.24 261 2 1 -127.846 27.632 -144.45 
     83 102.015 261 1 1 -127.851 27.722 -174.45 
     83 131.472 1038 1 0 -127.849 27.7246 -175.85 
     83 106.17 261 0 1 -127.797 27.784 -204.45 
     83 139.543 1038 0 0 -127.796 27.7853 -205.85 
     83 69.7834 259 0 1 -128.35 -54.8145 -204.702 
     83 71.282 1123 3 0 -78.7166 44.7072 -116.25 
     83 122.301 1039 5 0 -127.618 27.897 -55.85 
     83 69.9676 274 4 1 -125.226 37.4596 -84.45 
     83 76.2947 273 4 1 -125.35 37.5764 -84.5135 
     83 79.3867 272 4 1 -125.55 37.7629 -84.6035 
     83 61.5285 271 4 1 -125.75 37.9436 -84.6809 
     83 71.9102 270 4 1 -125.95 38.1055 -84.7441 
     83 22.3366 269 4 1 -126.15 38.2788 -84.8233 
     83 13.9106 1099 4 0 -128.249 40.0108 -85.85 
     83 101.037 1100 4 0 -128.297 40.05 -85.8745 
     83 84.9498 1101 4 0 -128.527 40.25 -86.0137 
     83 121.979 1102 4 0 -128.747 40.4502 -86.1407 
     83 34.0424 51 3 1 -169.84 80.41 -114.45 
     83 52.2171 50 3 1 -169.95 80.4735 -114.52 
     83 159.845 49 3 1 -170.15 80.5779 -114.61 
     83 70.2125 48 3 1 -170.35 80.6636 -114.682 
     83 73.0796 47 3 1 -170.55 80.7462 -114.749 
     83 32.5963 46 3 1 -170.75 80.8412 -114.814 
     83 59.41 1311 3 0 -174.398 82.3685 -115.85 
     83 118.744 1312 3 0 -174.601 82.45 -115.905 
     83 160.299 1313 3 0 -175.058 82.65 -116.034 
     83 177.628 1314 3 0 -175.514 82.8502 -116.152 
Number of digits in this event: 82
Using G4ParticleGun... 
Particle energy: 4.68271 LIN
Particle: e-
Event: 84
Number of tracker hits in this event: 36
     84 335.028 974 10 1 14.969 -91.4671 95.55 
     84 130.264 443 10 0 14.9674 -91.4675 94.15 
     84 144.594 974 9 1 14.9389 -91.476 65.55 
     84 132.252 443 9 0 14.9334 -91.4757 64.15 
     84 132.732 973 8 1 14.8167 -91.4693 35.55 
     84 136.285 443 8 0 14.8099 -91.4694 34.15 
     84 213.614 973 7 1 14.6682 -91.4683 5.55 
     84 252.928 443 7 0 14.6613 -91.4684 4.15 
     84 133.248 972 6 1 14.5125 -91.4765 -24.45 
     84 180.007 443 6 0 14.505 -91.4754 -25.85 
     84 101.737 971 5 1 14.3467 -91.4549 -54.45 
     84 131.369 443 5 0 14.3393 -91.4539 -55.85 
     84 141.495 970 4 1 14.1902 -91.4307 -84.45 
     84 155.496 443 4 0 14.1839 -91.4319 -85.85 
     84 117.877 970 3 1 14.058 -91.4532 -114.45 
     84 164.572 443 3 0 14.0532 -91.4539 -115.85 
     84 182.876 969 2 1 13.9602 -91.4646 -144.45 
     84 110.695 443 2 0 13.9576 -91.4652 -145.85 
     84 156.09 969 1 1 13.9107 -91.4767 -174.45 
     84 165.307 443 1 0 13.9109 -91.4776 -175.85 
     84 160.03 969 0 1 13.9133 -91.5011 -204.45 
     84 106.399 443 0 0 13.9164 -91.5021 -205.85 
     84 55.1438 206 1 1 -138.75 39.0359 -174.743 
     84 165.473 205 1 1 -138.95 39.0737 -174.588 
     84 291.018 204 1 1 -139.15 39.0988 -174.621 
     84 205.338 770 2 1 -25.9648 -69.5727 -144.85 
     84 36.6385 769 2 1 -26.05 -69.0694 -144.523 
     84 320.52 716 2 0 13.1817 -36.7884 -146.25 
     84 275.836 439 3 0 17.1976 -92.1834 -116.25 
     84 92.933 438 3 0 17.2707 -92.35 -115.922 
     84 47.2096 437 3 0 17.3059 -92.5503 -115.867 
     84 56.0332 436 3 0 17.2429 -92.7508 -115.911 
     84 86.5391 435 3 0 17.2065 -92.95 -116.047 
     84 30.3749 434 3 0 17.1252 -93.15 -116.179 
     84 156.449 718 0 1 -36.25 -129.037 -204.769 
     84 217.403 717 0 1 -36.45 -128.972 -204.564 
Number of digits in this event: 28
Using G4ParticleGun... 
Particle energy: 5.1918 LIN
Particle: e-
Event: 85
Number of tracker hits in this event: 198
     85 50.7155 790 11 0 81.5699 -22.0375 123.938 
     85 136.974 1307 10 1 81.5659 -22.0369 95.55 
     85 159.802 790 10 0 81.565 -22.036 94.15 
     85 506.792 1307 9 1 81.564 -22.008 65.55 
     85 442.549 790 9 0 81.5653 -22.0027 64.15 
     85 115.676 1307 8 1 81.5918 -21.8889 35.55 
     85 119.641 790 8 0 81.5935 -21.8831 34.15 
     85 512.784 1307 7 1 81.6321 -21.7652 5.55 
     85 297.235 791 7 0 81.6324 -21.7605 4.15 
     85 317.106 1307 6 1 81.6446 -21.6973 -24.45 
     85 183.253 791 6 0 81.646 -21.6949 -25.85 
     85 345.163 1308 5 1 81.6825 -21.6418 -54.45 
     85 113.507 791 5 0 81.6978 -21.7247 -55.85 
     85 196.675 1309 4 1 81.9613 -23.3078 -84.4507 
     85 142.2 783 4 0 82.0687 -23.4233 -85.85 
     85 23.3759 782 4 0 82.0953 -23.45 -86.1784 
     85 131.137 1322 3 1 84.5589 -25.6049 -114.45 
     85 108.434 771 3 0 84.7723 -25.7329 -115.85 
     85 155.371 1344 2 1 88.9901 -28.2907 -144.45 
     85 34.7287 1345 2 1 89.05 -28.2983 -144.719 
     85 118.089 758 2 0 89.2921 -28.3467 -145.85 
     85 11.3429 1367 1 1 93.7401 -28.9287 -174.45 
     85 178.689 1368 1 1 93.75 -28.9293 -174.501 
     85 111.379 755 1 0 94.0181 -28.9319 -175.85 
     85 69.3246 1397 0 1 99.7134 -29.2326 -204.45 
     85 49.5978 1398 0 1 99.75 -29.2572 -204.685 
     85 131.987 753 0 0 99.9272 -29.3681 -205.851 
     85 89.7941 502 0 0 -54.8154 -79.4943 -206.25 
     85 2.63004 620 0 1 -55.867 -81.8299 -204.85 
     85 75.7527 490 0 0 -56.6102 -81.91 -205.85 
     85 25.4546 1554 5 0 99.0498 131.112 -56.2497 
     85 83.1634 1555 5 0 99.0402 131.15 -56.2149 
     85 76.6239 1556 5 0 98.9365 131.35 -56.0928 
     85 70.9913 1557 5 0 98.881 131.55 -56.0004 
     85 18.7711 1558 5 0 98.7753 131.75 -55.8854 
     85 105.666 1386 5 1 97.5459 132.722 -54.85 
     85 118.637 1385 5 1 97.35 132.791 -54.6763 
     85 73.7778 1308 7 1 81.65 -21.7618 5.42938 
     85 251.66 792 7 0 81.7798 -21.65 4.13619 
     85 127.59 1327 6 1 85.5236 -19.5546 -24.4507 
     85 133.444 806 6 0 85.705 -18.836 -25.8501 
     85 0.902257 807 6 0 85.7446 -18.65 -26.246 
     85 180.332 1342 5 1 88.5055 -5.46716 -54.45 
     85 7.50852 1341 5 1 88.45 -5.35393 -54.8326 
     85 13.8015 874 5 0 88.3012 -5.06731 -55.8501 
     85 84.7738 875 5 0 88.2922 -5.05 -55.9131 
     85 161.899 1318 4 1 83.711 2.80519 -84.45 
     85 116.099 915 4 0 83.8549 3.0749 -85.85 
     85 86.8204 1335 3 1 87.1756 8.45792 -114.45 
     85 28.9086 1336 3 1 87.25 8.55856 -114.738 
     85 76.3851 944 3 0 87.5308 8.95259 -115.85 
     85 52.781 945 3 0 87.5928 9.05004 -116.108 
     85 110.475 1367 2 1 93.6067 20.2518 -144.45 
     85 2.04356 1003 2 0 93.7604 20.8453 -145.85 
     85 105.949 1004 2 0 93.7616 20.85 -145.861 
     85 261.493 1379 1 1 96.0344 33.2221 -174.45 
     85 53.8379 1073 1 0 96.0814 34.6986 -175.85 
     85 106.701 1074 1 0 96.0891 34.8504 -175.995 
     85 30.4923 1075 1 0 96.105 35.0502 -176.184 
     85 78.5938 1393 0 1 98.8963 65.2062 -204.45 
     85 139.597 1392 0 1 98.7499 65.4492 -204.608 
     85 12.7447 1236 0 0 97.7377 67.4103 -205.85 
     85 80.1641 1237 0 0 97.717 67.45 -205.875 
     85 95.7522 1238 0 0 97.6026 67.65 -206.006 
     85 61.0926 1239 0 0 97.5015 67.8501 -206.121 
     85 0.131133 1240 0 0 97.3935 68.05 -206.25 
     85 224.177 1309 6 1 81.9155 -21.3152 -24.4501 
     85 137.521 793 6 0 81.9885 -21.3149 -25.8502 
     85 193.095 1320 5 1 84.0745 -20.7261 -54.4509 
     85 149.148 797 5 0 84.2087 -20.6122 -55.85 
     85 126.291 1321 4 1 84.4188 -17.6004 -84.45 
     85 195.927 813 4 0 84.4454 -17.4072 -85.85 
     85 217.119 1323 3 1 84.8234 -13.0646 -114.45 
     85 165.671 1324 3 1 84.85 -13.0374 -114.607 
     85 119.18 836 3 0 85.1253 -12.8012 -115.85 
     85 112.359 1355 2 1 91.2643 -7.64969 -144.45 
     85 14.0666 1356 2 1 91.35 -7.53479 -144.8 
     85 106.497 864 2 0 91.6124 -7.18307 -145.85 
     85 34.9937 1390 1 1 98.3331 1.80655 -174.45 
     85 95.162 1391 1 1 98.35 1.82393 -174.524 
     85 151.738 910 1 0 98.6586 2.11375 -175.85 
     85 2.72524 1421 0 1 104.548 9.23632 -204.45 
     85 111.526 1422 0 1 104.55 9.238 -204.459 
     85 130.878 947 0 0 104.839 9.50034 -205.851 
     85 24.5802 1208 5 0 -43.9839 61.7547 -56.25 
     85 33.2243 1209 5 0 -44.224 61.8501 -55.9457 
     85 151.237 674 5 1 -45.1212 62.3431 -54.85 
     85 69.204 673 5 1 -45.2502 62.3667 -54.7166 
     85 144.867 672 5 1 -45.4502 62.4416 -54.5093 
     85 143.218 1211 5 0 -45.3129 62.3148 -55.85 
     85 87.5617 1212 5 0 -45.2681 62.45 -56.202 
     85 134.488 1330 5 0 -81.3552 86.1415 -56.25 
     85 203.783 1331 5 0 -81.489 86.25 -56.1152 
     85 73.6735 105 4 0 135.783 -159.068 -86.25 
     85 160.743 104 4 0 135.731 -159.15 -86.1467 
     85 384.703 831 3 0 84.6315 -13.6979 -115.85 
     85 242.9 790 6 0 81.3787 -22.0095 -25.85 
     85 37.3193 789 9 0 81.473 -22.05 63.8601 
     85 143.911 1303 8 1 80.7536 -22.7067 35.55 
     85 117.243 786 8 0 80.6473 -22.7013 34.1499 
     85 107.915 1293 7 1 78.7527 -22.3142 5.55 
     85 118.6 788 7 0 78.6888 -22.2781 4.15 
     85 27.5331 1285 6 1 77.0581 -21.2819 -24.45 
     85 107.801 1284 6 1 77.05 -21.2977 -24.501 
     85 47.0021 1276 5 1 75.3208 -32.8131 -54.45 
     85 148.355 1275 5 1 75.2498 -32.8297 -54.5664 
     85 163.46 734 5 0 74.4618 -33.0772 -55.85 
     85 14.0176 1161 4 1 52.2759 -36.1394 -84.45 
     85 103.13 1160 4 1 52.25 -36.1219 -84.4705 
     85 67.4702 1159 4 1 52.0487 -36.0521 -84.6678 
     85 25.409 722 4 0 51.0371 -35.4907 -85.85 
     85 147.551 723 4 0 50.9612 -35.45 -85.9327 
     85 66.1809 1097 3 1 39.5514 -26.4802 -114.45 
     85 157.22 1096 3 1 39.45 -26.5758 -114.495 
     85 200.707 1095 3 1 39.25 -26.843 -114.522 
     85 183.692 767 3 0 40.0967 -26.6424 -115.85 
     85 57.345 1306 9 1 81.45 -21.9501 65.3853 
     85 102.762 1306 8 1 81.2844 -21.3448 35.55 
     85 173.741 793 8 0 81.3631 -21.3687 34.15 
     85 166.788 1315 7 1 83.0502 -22.0215 5.54919 
     85 115.797 789 7 0 83.1432 -22.1092 4.15 
     85 209.346 1326 6 1 85.3426 -23.9545 -24.45 
     85 152.582 780 6 0 85.4959 -24.04 -25.8503 
     85 114.69 779 6 0 85.5151 -24.05 -26.0192 
     85 133.493 1344 5 1 88.8841 -25.6316 -54.4502 
     85 96.7813 771 5 0 89.1257 -25.7234 -55.8501 
     85 114.694 1370 4 1 94.2704 -26.9474 -84.45 
     85 12.6322 1371 4 1 94.35 -26.9514 -84.8029 
     85 105.082 765 4 0 94.5845 -26.9634 -85.85 
     85 104.991 1406 3 1 101.404 -27.192 -114.45 
     85 150.056 764 3 0 101.853 -27.1823 -115.85 
     85 91.6054 1452 2 1 110.594 -26.481 -144.45 
     85 277.849 768 2 0 110.985 -26.3165 -145.85 
     85 58.196 1494 1 1 119.124 -22.7464 -174.45 
     85 108.094 1495 1 1 119.15 -22.7364 -174.576 
     85 112.789 787 1 0 119.425 -22.6396 -175.85 
     85 11.1828 1526 0 1 125.537 -20.5095 -204.45 
     85 219.837 1527 0 1 125.55 -20.5088 -204.494 
     85 118.503 797 0 0 125.972 -20.4606 -205.85 
     85 28.4901 798 0 0 126.059 -20.45 -206.132 
     85 59.483 796 0 0 125.813 -20.6612 -205.85 
     85 68.584 1138 0 0 140.198 47.65 -206.157 
     85 174.267 1515 0 1 123.268 -49.637 -204.45 
     85 5.91044 1516 0 1 123.35 -49.7316 -204.841 
     85 218.111 652 0 0 124.413 -49.5284 -205.85 
     85 22.183 1325 6 1 85.25 -23.9671 -24.7787 
     85 63.975 781 6 0 84.7059 -23.8107 -25.8506 
     85 127.532 858 6 0 50.1988 -8.43539 -26.25 
     85 209.238 859 6 0 49.9573 -8.25 -26.1137 
     85 65.5857 1141 6 1 48.4197 -7.92696 -24.8499 
     85 239.885 1140 6 1 48.25 -7.83909 -24.7103 
     85 112.921 1139 6 1 48.05 -7.82484 -24.5896 
     85 262.717 866 6 0 48.4981 -6.79048 -25.8504 
     85 288.904 790 7 0 81.5763 -22.0165 4.15 
     85 137.95 789 6 0 81.6744 -22.1235 -25.85 
     85 131.111 1311 5 1 82.4175 -23.6274 -54.45 
     85 147.214 781 5 0 82.4761 -23.693 -55.85 
     85 172.489 1317 4 1 83.5153 -24.9804 -84.45 
     85 132.701 774 4 0 83.5468 -25.0926 -85.85 
     85 117.848 1319 3 1 83.9141 -27.4461 -114.45 
     85 112.035 762 3 0 83.9883 -27.5185 -115.85 
     85 125.931 1329 2 1 85.8787 -29.0994 -144.45 
     85 126.7 754 2 0 86.0178 -29.1508 -145.85 
     85 156.08 1343 1 1 88.7643 -30.3233 -174.45 
     85 71.2575 748 1 0 88.8352 -30.4352 -175.85 
     85 47.164 747 1 0 88.8451 -30.45 -176.033 
     85 232.659 1351 0 1 90.5191 -32.592 -204.45 
     85 107.843 736 0 0 90.5881 -32.7281 -205.85 
     85 212.506 1354 0 1 91.0575 -32.0592 -204.45 
     85 197.564 740 0 0 91.106 -31.8984 -205.85 
     85 44.3167 741 0 0 91.1223 -31.85 -206.087 
     85 328.606 885 0 0 66.4014 -3.05 -205.966 
     85 33.9863 1355 0 1 91.15 -32.0334 -204.729 
     85 174.86 1325 3 1 85.0505 -27.2568 -114.564 
     85 187.629 1326 3 1 85.25 -27.2642 -114.663 
     85 112.979 763 3 0 84.4224 -27.2889 -115.85 
     85 108.435 1284 2 1 76.9607 -31.4508 -144.45 
     85 121.38 740 2 0 76.6775 -31.8524 -145.85 
     85 62.6519 1266 1 1 73.3482 -43.3453 -174.45 
     85 77.7458 1265 1 1 73.25 -43.3224 -174.647 
     85 116.951 684 1 0 72.5624 -43.1677 -175.85 
     85 189.569 769 1 0 39.8042 -26.2444 -176.25 
     85 51.1195 1096 1 1 39.3074 -26.1018 -174.85 
     85 463.768 1095 1 1 39.25 -26.0863 -174.684 
     85 68.9816 1094 1 1 39.0499 -25.8462 -174.792 
     85 212.083 1093 1 1 38.85 -25.9513 -174.756 
     85 186.053 1092 1 1 38.65 -25.9618 -174.629 
     85 105.697 790 5 0 81.7275 -22.0068 -55.85 
     85 18.0987 1308 4 1 81.8497 -22.0485 -84.45 
     85 168.219 789 4 0 81.8578 -22.0638 -85.85 
     85 136.372 1310 3 1 82.0702 -22.4033 -114.45 
     85 125.702 788 3 0 82.0828 -22.4315 -115.85 
     85 131.973 1311 2 1 82.3133 -23.0133 -144.45 
     85 165.797 785 2 0 82.3159 -23.0388 -145.85 
     85 145.737 1311 1 1 82.3864 -23.6142 -174.45 
     85 117.239 781 1 0 82.3858 -23.6502 -175.85 
     85 100.255 1311 0 1 82.379 -24.3351 -204.45 
     85 101.801 778 0 0 82.3737 -24.3721 -205.85 
Number of digits in this event: 89
Using G4ParticleGun... 
Particle energy: 4.78491 LIN
Particle: e-
Event: 86
Number of tracker hits in this event: 93
     86 112.562 1254 11 1 71.0418 18.373 125.55 
     86 110.59 991 11 0 71.0452 18.3742 124.15 
     86 113.84 1255 10 1 71.118 18.395 95.55 
     86 169.364 991 10 0 71.1217 18.3969 94.15 
     86 116.979 1255 9 1 71.2031 18.4294 65.55 
     86 136.739 991 9 0 71.2065 18.4299 64.15 
     86 121.826 1256 8 1 71.281 18.4455 35.55 
     86 61.1697 992 8 0 71.1649 18.6173 34.15 
     86 51.6013 993 8 0 71.1408 18.65 33.8901 
     86 128.186 1241 7 1 68.3311 21.026 5.55 
     86 52.3502 1007 7 0 68.0456 21.5708 4.14972 
     86 82.1786 1008 7 0 68.0056 21.65 3.957 
     86 111.368 1207 6 1 61.517 33.898 -24.4501 
     86 67.5176 1072 6 0 61.2583 34.5481 -25.85 
     86 74.011 1073 6 0 61.2225 34.65 -26.0741 
     86 120.946 1186 5 1 57.2793 48.3635 -54.45 
     86 78.6785 1144 5 0 57.2215 48.9421 -55.85 
     86 45.084 1145 5 0 57.2038 49.05 -56.1206 
     86 119.657 1174 4 1 54.969 60.346 -84.45 
     86 21.4056 1173 4 1 54.85 60.5902 -84.7937 
     86 70.9312 1206 4 0 54.5195 61.3284 -85.85 
     86 85.5735 1207 4 0 54.4666 61.45 -86.0297 
     86 129.64 1132 3 1 46.5405 80.0923 -114.45 
     86 65.7853 1131 3 1 46.45 80.2095 -114.723 
     86 139.556 1303 3 0 46.0725 80.6885 -115.85 
     86 7.09071 1304 3 0 45.9599 80.85 -116.22 
     86 53.1543 1088 2 1 37.6951 93.4923 -144.45 
     86 143.601 1087 2 1 37.65 93.5806 -144.595 
     86 6.10245 1370 2 0 37.34 94.3393 -145.85 
     86 210.246 1371 2 0 37.3361 94.35 -145.867 
     86 5.18437 1372 2 0 37.2518 94.55 -146.23 
     86 272.236 1054 1 1 31.0427 106.325 -174.451 
     86 120.822 1431 1 0 30.8424 106.498 -175.85 
     86 108.542 1034 0 1 26.9457 110.215 -204.45 
     86 25.2549 1450 0 0 26.8914 110.34 -205.85 
     86 94.7389 1451 0 0 26.8888 110.35 -205.952 
     86 202.995 1256 7 1 71.3788 18.4621 5.55 
     86 213.586 990 7 0 71.374 18.2414 4.15 
     86 138.151 1251 6 1 70.2956 14.2124 -24.45 
     86 240.091 968 6 0 70.61 13.7402 -25.85 
     86 64.6777 967 6 0 70.6614 13.65 -26.1162 
     86 89.4486 1276 5 1 75.3496 4.4012 -54.4503 
     86 43.781 1277 5 1 75.45 4.29288 -54.69 
     86 126.399 918 5 0 75.9039 3.78253 -55.8501 
     86 23.6737 917 5 0 76.012 3.64997 -56.1613 
     86 94.9457 1325 4 1 85.1417 -9.04613 -84.45 
     86 33.6267 1324 4 1 85.0499 -9.19861 -84.7363 
     86 173.611 850 4 0 84.7441 -9.87672 -85.8504 
     86 30.7879 849 4 0 84.652 -10.0501 -86.123 
     86 35.999 1269 3 1 74.0031 -27.5989 -114.45 
     86 106.034 1270 3 1 74.05 -27.6097 -114.566 
     86 215.127 762 3 0 74.6729 -27.637 -115.85 
     86 98.1204 864 2 0 41.9258 -7.25 -146 
     86 41.9344 863 2 0 41.7624 -7.25 -146.01 
     86 12.841 910 4 0 83.2705 2.2316 -85.85 
     86 17.5449 1255 7 1 71.25 18.37 5.19101 
     86 91.6189 1217 6 1 63.6004 13.8961 -24.45 
     86 56.547 1216 6 1 63.45 13.7927 -24.6903 
     86 33.374 966 6 0 62.7235 13.2924 -25.85 
     86 159.633 965 6 0 62.6635 13.25 -25.9491 
     86 19.7925 1121 5 1 44.2678 7.97326 -54.4501 
     86 157.361 1120 5 1 44.2498 7.95962 -54.4802 
     86 14.0152 1119 5 1 44.05 7.78971 -54.8138 
     86 97.4865 935 5 0 43.404 7.21918 -55.85 
     86 58.4865 934 5 0 43.2271 7.05 -56.146 
     86 21.1388 1023 4 1 24.6785 -13.5997 -84.45 
     86 140.442 1022 4 1 24.6499 -13.6455 -84.4997 
     86 11.5595 826 4 0 24.0173 -14.8266 -85.8502 
     86 108.999 825 4 0 24.0051 -14.85 -85.8764 
     86 53.9776 824 4 0 23.8902 -15.05 -86.1254 
     86 119.455 958 3 1 11.8101 -34.733 -114.45 
     86 35.5962 957 3 1 11.65 -34.7797 -114.725 
     86 109.111 726 3 0 11.1527 -34.7674 -115.85 
     86 12.8317 887 3 0 -23.5501 -2.47546 -116.25 
     86 83.5295 888 3 0 -23.569 -2.45 -116.227 
     86 111.802 889 3 0 -23.666 -2.25 -116.024 
     86 355.775 781 3 1 -23.795 -1.42787 -114.85 
     86 59.8647 782 3 1 -23.5655 -1.38586 -114.45 
     86 107.796 780 3 1 -23.85 -0.854453 -114.753 
     86 173.22 779 3 1 -24.05 -0.555065 -114.624 
     86 53.5169 778 3 1 -24.2503 -0.318819 -114.521 
     86 53.6436 773 3 1 -25.2726 -3.85701 -114.85 
     86 12.2082 883 3 0 -24.0918 -3.44984 -115.85 
     86 80.7307 882 3 0 -24.0901 -3.45 -115.854 
     86 71.0736 992 10 0 71.1366 18.45 94.0069 
     86 262.434 1430 10 0 84.2546 106.31 93.75 
     86 233.415 1431 10 0 84.2456 106.35 93.7697 
     86 143.655 1432 10 0 84.0637 106.55 93.9527 
     86 42.2805 1316 10 1 83.3401 107.301 95.15 
     86 75.6069 1315 10 1 83.2497 107.387 95.2873 
     86 65.1976 1314 10 1 83.0498 107.436 95.4012 
     86 150.683 1313 10 1 82.85 107.482 95.4652 
     86 180.478 1312 10 1 82.65 107.444 95.4692 
Number of digits in this event: 30
Using G4ParticleGun... 
Particle energy: 9.84283 LIN
Particle: e-
Event: 87
Number of tracker hits in this event: 41
     87 202.058 609 9 1 -58.0683 102.505 65.55 
     87 129.708 1411 9 0 -58.0683 102.505 64.15 
     87 120.109 609 8 1 -58.069 102.508 35.55 
     87 121.853 1411 8 0 -58.0694 102.508 34.15 
     87 106.601 609 7 1 -58.0748 102.512 5.55 
     87 149.656 1411 7 0 -58.0741 102.512 4.15 
     87 264.636 609 6 1 -58.0571 102.512 -24.45 
     87 116.617 1411 6 0 -58.056 102.512 -25.85 
     87 117.606 610 5 1 -58.0341 102.523 -54.45 
     87 138.614 1411 5 0 -58.0334 102.523 -55.85 
     87 130.306 610 4 1 -58.0226 102.529 -84.45 
     87 109.617 1411 4 0 -58.0221 102.528 -85.85 
     87 208.324 610 3 1 -58.014 102.512 -114.45 
     87 131.174 1411 3 0 -58.0134 102.51 -115.85 
     87 170.404 610 2 1 -57.9982 102.467 -144.45 
     87 147.303 1411 2 0 -57.9977 102.466 -145.85 
     87 117.156 610 1 1 -57.9819 102.433 -174.45 
     87 141.733 1411 1 0 -57.9803 102.432 -175.85 
     87 173.05 610 0 1 -57.9516 102.403 -204.45 
     87 110.37 1411 0 0 -57.9492 102.402 -205.85 
     87 204.008 1662 8 0 143.813 152.632 33.75 
     87 88.4673 610 6 1 -58.05 102.423 -24.654 
     87 49.521 1409 6 0 -57.7685 102.006 -25.8501 
     87 47.5682 1408 6 0 -57.7463 101.95 -26.0228 
     87 50.3221 622 5 1 -55.5983 89.6563 -54.4501 
     87 121.605 621 5 1 -55.65 89.4831 -54.5286 
     87 121.438 620 5 1 -55.85 89.0297 -54.58 
     87 211.007 619 5 1 -56.05 88.7803 -54.7545 
     87 52.6133 1338 5 0 -57.0549 87.7999 -55.85 
     87 85.3116 1337 5 0 -57.1354 87.65 -55.9523 
     87 78.0132 1336 5 0 -57.1714 87.45 -56.0584 
     87 59.7386 1357 9 0 -61.6788 91.6588 63.75 
     87 123.348 1356 9 0 -61.7383 91.5495 63.9184 
     87 81.0417 1355 9 0 -61.558 91.3497 64.1431 
     87 4.2192 612 9 1 -57.4576 84.2904 65.15 
     87 8.05037 613 9 1 -57.45 84.2766 65.1522 
     87 35.7201 1294 9 0 -53.8519 79.0348 64.15 
     87 9.31404 672 9 1 -45.5154 76.4176 65.15 
     87 110.177 1278 9 0 -41.5528 75.6641 64.15 
     87 281.415 1277 9 0 -41.4843 75.65 64.1404 
     87 76.0881 1276 9 0 -41.371 75.45 64.0075 
Number of digits in this event: 23
Using G4ParticleGun... 
Particle energy: 6.46184 LIN
Particle: e-
Event: 88
Number of tracker hits in this event: 167
     88 231.673 730 11 1 -33.9344 52.2249 125.55 
     88 123.607 1160 11 0 -33.9345 52.2257 124.15 
     88 566.506 730 10 1 -33.9368 52.2395 95.55 
     88 234.255 1160 10 0 -33.9364 52.2417 94.15 
     88 135.752 730 9 1 -33.9297 52.2853 65.55 
     88 109.121 1161 9 0 -33.9276 52.2874 64.15 
     88 139.658 730 8 1 -33.888 52.3336 35.55 
     88 364.845 1161 8 0 -33.8872 52.3352 34.15 
     88 111.739 730 7 1 -33.8706 52.3633 5.55 
     88 106.474 1161 7 0 -33.8699 52.3638 4.15 
     88 61.8321 730 6 1 -33.8504 52.3736 -24.45 
     88 52.6646 731 6 1 -33.85 52.3734 -24.6642 
     88 121.574 1161 6 0 -33.8476 52.3723 -25.85 
     88 151.114 731 5 1 -33.7939 52.3464 -54.45 
     88 139.984 1161 5 0 -33.7912 52.3431 -55.85 
     88 253.558 731 4 1 -33.7395 52.2807 -84.45 
     88 157.513 1161 4 0 -33.7369 52.2779 -85.85 
     88 119.28 731 3 1 -33.6739 52.2216 -114.45 
     88 99.9048 1160 3 0 -33.6699 52.2187 -115.85 
     88 108.753 732 2 1 -33.5785 52.1635 -144.45 
     88 163.12 1160 2 0 -33.5751 52.1595 -145.85 
     88 221.239 732 1 1 -33.5068 52.0819 -174.45 
     88 134.87 1160 1 0 -33.5038 52.0775 -175.85 
     88 131.597 733 0 1 -33.4363 51.992 -204.45 
     88 128.91 1159 0 0 -33.4336 51.9885 -205.85 
     88 95.4764 979 1 1 16.05 11.1158 -174.776 
     88 99.1556 978 1 1 15.85 10.9572 -174.533 
     88 91.399 977 1 1 15.65 10.819 -174.502 
     88 132.412 976 1 1 15.45 10.766 -174.477 
     88 188.654 975 1 1 15.25 10.7508 -174.512 
     88 98.7826 1196 4 0 -62.1845 59.3371 -86.25 
     88 55.123 1197 4 0 -62.317 59.4501 -86.0067 
     88 127.165 586 4 1 -62.7821 59.7499 -84.85 
     88 245.547 729 3 1 -34.1767 52.5393 -114.45 
     88 124.879 1162 3 0 -34.2117 52.5666 -115.85 
     88 123.36 725 2 1 -35 53.4655 -144.45 
     88 119.799 1167 2 0 -35.0398 53.5249 -145.85 
     88 212.534 721 1 1 -35.6602 54.7509 -174.45 
     88 103.382 1173 1 0 -35.7127 54.8201 -175.85 
     88 111.659 716 0 1 -36.7859 56.3282 -204.45 
     88 116.047 1181 0 0 -36.8135 56.3388 -205.85 
     88 75.7224 1171 1 0 -35.9406 54.3553 -175.85 
     88 67.7945 1170 1 0 -35.9181 54.25 -176.024 
     88 155.836 1057 1 0 -27.453 31.5837 -176.25 
     88 150.416 762 1 1 -27.5447 31.4289 -174.85 
     88 465.785 761 1 1 -27.65 31.3244 -174.511 
     88 122.841 1161 3 0 -34.0662 52.4295 -115.85 
     88 201.558 740 2 1 -31.8649 50.3485 -144.45 
     88 126.34 1150 2 0 -31.8321 50.0972 -145.85 
     88 58.6514 1149 2 0 -31.8241 50.05 -146.116 
     88 171.636 744 1 1 -31.1853 45.2082 -174.45 
     88 129.065 1124 1 0 -31.0733 44.9581 -175.85 
     88 108.305 756 0 1 -28.6998 39.4606 -204.45 
     88 236.494 1095 0 0 -28.6278 39.2163 -205.85 
     88 147.446 734 9 1 -33.2139 51.1826 65.55 
     88 137.179 1154 9 0 -33.1723 51.0454 64.15 
     88 145.556 738 8 1 -32.4122 48.235 35.55 
     88 251.721 1140 8 0 -32.4637 48.0865 34.15 
     88 19.4438 1139 8 0 -32.4757 48.05 33.8272 
     88 124.57 729 7 1 -34.0937 44.6799 5.55 
     88 94.7981 1122 7 0 -34.1964 44.5163 4.15 
     88 148.143 719 6 1 -36.1118 41.3489 -24.4502 
     88 162.703 1106 6 0 -36.1592 41.2861 -25.85 
     88 111.005 713 5 1 -37.4224 39.7585 -54.45 
     88 6.4188 712 5 1 -37.45 39.7084 -54.8162 
     88 110.403 1097 5 0 -37.5291 39.5655 -55.8502 
     88 115.3 700 4 1 -39.9103 35.2354 -84.45 
     88 108.577 1074 4 0 -40.0714 34.9504 -85.85 
     88 463.963 682 3 1 -43.4869 28.9858 -114.45 
     88 137.846 1044 3 0 -43.6085 28.8553 -115.85 
     88 79.4824 1043 3 0 -43.6137 28.85 -115.908 
     88 31.6514 666 2 1 -46.8143 26.6294 -144.45 
     88 137.316 665 2 1 -46.85 26.672 -144.575 
     88 139.076 1035 2 0 -47.1764 27.1002 -145.85 
     88 24.8442 626 1 1 -54.8257 36.6769 -174.45 
     88 132.53 625 1 1 -54.85 36.6891 -174.512 
     88 22.9517 1084 1 0 -55.3857 37.0278 -175.85 
     88 192.214 1085 1 0 -55.4208 37.05 -175.936 
     88 165.013 565 0 1 -66.9032 43.4737 -204.45 
     88 97.5952 1120 0 0 -67.3718 44.1309 -205.85 
     88 36.4013 1121 0 0 -67.4508 44.2502 -206.108 
     88 100.357 1110 2 0 -52.1092 42.1706 -146.25 
     88 88.3811 1109 2 0 -52.1202 42.05 -146.158 
     88 160.364 1108 2 0 -52.0621 41.85 -146.109 
     88 23.7671 1107 2 0 -52.0642 41.65 -146.229 
     88 41.0932 1019 2 0 -35.2832 24.0078 -146.25 
     88 65.1362 681 3 1 -43.65 28.7422 -114.724 
     88 36.2224 1037 3 0 -44.174 27.5498 -115.85 
     88 433.022 1036 3 0 -44.2703 27.45 -115.944 
     88 187.622 1035 3 0 -44.7585 27.25 -116.14 
     88 64.7042 1007 3 0 -70.9339 21.6031 -116.25 
     88 117.195 659 2 1 -48.1906 27.5501 -144.451 
     88 82.2669 1039 2 0 -48.2423 27.9731 -145.851 
     88 53.0445 1040 2 0 -48.2685 28.05 -146.065 
     88 46.606 1023 2 0 -60.4234 24.7292 -146.25 
     88 87.0983 1022 2 0 -60.4528 24.6496 -146.109 
     88 123.262 598 2 1 -60.4274 23.9591 -144.85 
     88 108.995 1045 3 0 -44.0036 29.0598 -115.85 
     88 43.1634 1183 3 0 -61.9121 56.7637 -116.25 
     88 107.194 1184 3 0 -61.8932 56.85 -116.128 
     88 30.4538 1185 3 0 -61.8519 57.05 -115.892 
     88 204.673 589 3 1 -62.099 58.0312 -114.85 
     88 48.8897 590 3 1 -61.9745 58.6617 -114.45 
     88 91.8772 591 3 1 -61.8498 58.7073 -114.554 
     88 49.1075 592 3 1 -61.6497 58.7099 -114.748 
     88 247.595 1193 3 0 -60.7788 58.7716 -115.85 
     88 85.7197 1126 3 0 -57.0646 45.4042 -116.25 
     88 192.983 1127 3 0 -57.1263 45.45 -116.086 
     88 101.407 1098 5 0 -35.7056 39.65 -55.9767 
     88 124.292 1161 10 0 -34.0253 52.4022 94.15 
     88 5.08055 1162 10 0 -34.0432 52.45 93.7575 
     88 9.19201 721 9 1 -35.6546 56.4876 65.55 
     88 202.72 722 9 1 -35.65 56.495 65.5141 
     88 33.1874 1183 9 0 -35.4115 56.8162 64.1497 
     88 57.9212 1184 9 0 -35.387 56.85 64.0112 
     88 208.942 751 8 1 -29.8383 64.0578 35.5495 
     88 119.528 1221 8 0 -29.4039 64.3023 34.15 
     88 267.959 803 7 1 -19.4401 71.1582 5.54997 
     88 34.9647 1257 7 0 -18.9889 71.6177 4.14989 
     88 102.333 1258 7 0 -18.9598 71.65 4.05637 
     88 138.482 848 6 1 -10.3048 81.6226 -24.45 
     88 115.233 1311 6 0 -10.73 82.4047 -25.85 
     88 113.286 1312 6 0 -10.755 82.45 -25.9312 
     88 89.3095 805 5 1 -18.9647 97.3657 -54.45 
     88 52.3091 804 5 1 -19.05 97.5117 -54.7142 
     88 147.235 1390 5 0 -19.3409 98.1525 -55.85 
     88 14.0877 1391 5 0 -19.4257 98.3501 -56.2108 
     88 25.2122 771 4 1 -25.7863 112.433 -84.45 
     88 66.7753 770 4 1 -25.8502 112.484 -84.4569 
     88 72.9124 769 4 1 -26.0502 112.65 -84.4762 
     88 146.657 768 4 1 -26.25 112.821 -84.4994 
     88 67.1636 767 4 1 -26.45 112.966 -84.5218 
     88 68.5875 766 4 1 -26.65 113.104 -84.5579 
     88 75.1586 765 4 1 -26.8502 113.248 -84.5863 
     88 73.0976 764 4 1 -27.05 113.405 -84.6266 
     88 90.2784 763 4 1 -27.25 113.589 -84.6676 
     88 99.904 762 4 1 -27.45 113.799 -84.7125 
     88 96.5286 761 4 1 -27.65 114.036 -84.7534 
     88 196.966 760 4 1 -27.85 114.281 -84.7768 
     88 201.784 759 4 1 -28.05 114.576 -84.778 
     88 178.899 758 4 1 -28.25 114.919 -84.7448 
     88 119.767 757 4 1 -28.45 115.355 -84.7078 
     88 217.053 756 4 1 -28.6503 115.743 -84.6475 
     88 111.772 755 4 1 -28.85 116.117 -84.5327 
     88 55.3448 1477 4 0 -26.9209 115.613 -85.85 
     88 155.236 1476 4 0 -26.8211 115.55 -85.9491 
     88 45.4456 1475 4 0 -26.5776 115.35 -86.1725 
     88 120.41 895 3 1 -1.03164 84.3681 -114.45 
     88 0.172846 1325 3 0 -0.431341 85.2499 -115.85 
     88 72.2893 1326 3 0 -0.431177 85.2501 -115.85 
     88 131.302 1327 3 0 -0.358407 85.45 -116.047 
     88 19.9494 1328 3 0 -0.310897 85.6504 -116.201 
     88 71.4735 1370 3 0 52.7749 94.2531 -116.25 
     88 108.757 1369 3 0 52.9655 94.15 -116.114 
     88 37.8044 1368 3 0 53.1352 93.9499 -115.939 
     88 71.3102 1169 3 1 53.9614 92.984 -114.849 
     88 217.891 1170 3 1 54.05 92.8623 -114.706 
     88 41.8459 1171 3 1 54.25 92.052 -114.773 
     88 18.0801 1354 3 0 54.381 90.9879 -115.85 
     88 82.0935 1353 3 0 54.392 90.95 -115.887 
     88 67.1641 1352 3 0 54.4559 90.75 -116.078 
     88 28.0266 1351 3 0 54.5648 90.55 -116.218 
     88 170.466 1118 3 0 79.2545 43.7734 -116.25 
     88 194.846 1119 3 0 79.0521 43.85 -116.167 
     88 282.077 1117 3 0 78.5 43.65 -116.023 
     88 47.1016 1387 3 0 14.4394 97.75 -115.873 
     88 22.1418 443 0 1 -91.35 163.543 -204.628 
Number of digits in this event: 75
Using G4ParticleGun... 
Particle energy: 2.87526 LIN
Particle: e-
Event: 89
Number of tracker hits in this event: 49
     89 158.277 1589 8 1 138.071 17.2406 35.55 
     89 122.123 985 8 0 138.067 17.2396 34.15 
     89 116.888 1589 7 1 137.992 17.2232 5.55 
     89 164.709 985 7 0 137.99 17.2242 4.15 
     89 104.82 1588 6 1 137.941 17.2447 -24.45 
     89 112.679 985 6 0 137.943 17.2434 -25.85 
     89 173.057 1589 5 1 137.977 17.2323 -54.45 
     89 136.902 985 5 0 137.976 17.2311 -55.85 
     89 129.896 1589 4 1 137.951 17.2137 -84.45 
     89 159.254 985 4 0 137.949 17.2154 -85.85 
     89 104.094 1588 3 1 137.909 17.2522 -114.45 
     89 139.798 986 3 0 137.908 17.2555 -115.85 
     89 307.55 1588 2 1 137.877 17.3086 -144.45 
     89 105.007 986 2 0 137.879 17.3122 -145.85 
     89 129.983 1588 1 1 137.911 17.3848 -174.45 
     89 105.255 986 1 0 137.907 17.3872 -175.85 
     89 216.542 1588 0 1 137.809 17.4473 -204.45 
     89 177.186 987 0 0 137.795 17.4547 -205.85 
     89 27.7438 1372 2 1 94.7217 -40.496 -144.45 
     89 220.207 986 0 0 137.734 17.45 -206.169 
     89 155.604 1587 0 1 137.75 17.7088 -204.669 
     89 29.6274 997 0 0 136.772 19.5604 -205.85 
     89 30.125 998 0 0 136.731 19.65 -205.866 
     89 230.729 1581 0 1 136.488 18.9605 -204.85 
     89 179.749 1588 4 1 137.95 17.2142 -84.5886 
     89 37.5081 1589 2 1 137.958 17.2351 -144.45 
     89 240.949 985 2 0 137.862 17.095 -145.85 
     89 83.3285 1577 1 1 135.606 14.4782 -174.45 
     89 36.6967 1578 1 1 135.75 14.4226 -174.711 
     89 147.391 970 1 0 136.387 14.1831 -175.85 
     89 155.411 1662 0 1 152.588 6.25051 -204.45 
     89 31.9327 1661 0 1 152.55 6.09339 -204.726 
     89 73.9944 927 0 0 152.352 5.52859 -205.85 
     89 86.293 926 0 0 152.322 5.44998 -206.001 
     89 244.986 930 0 0 136.673 6.11727 -206.25 
     89 109.912 931 0 0 136.61 6.25 -206.124 
     89 150.677 932 0 0 136.367 6.45 -205.96 
     89 12.1512 933 0 0 136.161 6.65 -206.136 
     89 204.013 929 0 0 153.37 5.93767 -205.85 
     89 55.2647 1599 1 1 140.05 15.1456 -174.45 
     89 74.4739 1600 1 1 140.15 15.2046 -174.626 
     89 27.5808 977 1 0 140.778 15.625 -175.85 
     89 156.931 978 1 0 140.813 15.65 -175.918 
     89 45.3471 1699 0 1 159.992 24.3519 -204.45 
     89 68.4019 1700 0 1 160.15 24.3448 -204.605 
     89 18.3702 1701 0 1 160.35 24.3368 -204.802 
     89 176.25 1021 0 0 161.354 24.2776 -205.85 
     89 22.5327 1020 0 0 161.703 24.25 -206.206 
     89 117.698 1588 5 1 137.95 17.2829 -54.5033 
Number of digits in this event: 26
Using G4ParticleGun... 
Particle energy: 5.53101 LIN
Particle: e-
Event: 90
Number of tracker hits in this event: 90
     90 155.616 950 11 1 10.1412 -31.5501 125.55 
     90 126.875 742 11 0 10.1407 -31.55 124.15 
     90 125.194 950 10 1 10.1354 -31.547 95.55 
     90 115.655 742 10 0 10.1343 -31.5478 94.15 
     90 310.177 950 9 1 10.1136 -31.566 65.55 
     90 297.976 742 9 0 10.1143 -31.5682 64.15 
     90 126.573 950 8 1 10.1327 -31.6088 35.55 
     90 113.983 742 8 0 10.1325 -31.6121 34.15 
     90 110.224 950 7 1 10.1249 -31.683 5.55 
     90 182.07 741 7 0 10.1237 -31.6868 4.15 
     90 110.277 950 6 1 10.0997 -31.7676 -24.45 
     90 121.632 741 6 0 10.0972 -31.7687 -25.85 
     90 128.128 950 5 1 10.0573 -31.7784 -54.45 
     90 102.382 741 5 0 10.0513 -31.7787 -55.85 
     90 154.176 949 4 1 9.92346 -31.7865 -84.45 
     90 181.267 741 4 0 9.91828 -31.7877 -85.85 
     90 96.7357 948 3 1 9.80927 -31.8163 -114.45 
     90 121.549 741 3 0 9.8011 -31.8166 -115.85 
     90 125.458 948 2 1 9.65197 -31.8064 -144.45 
     90 115.304 741 2 0 9.6457 -31.8061 -145.85 
     90 179.834 947 1 1 9.51463 -31.7918 -174.45 
     90 92.516 741 1 0 9.50826 -31.7869 -175.85 
     90 114.638 946 0 1 9.3799 -31.6857 -204.45 
     90 252.328 741 0 0 9.37063 -31.6864 -205.85 
     90 10.327 947 0 1 9.53447 -31.8591 -204.833 
     90 115.516 740 0 0 9.44037 -31.85 -205.899 
     90 7.20349 192 12 0 -106.688 -141.634 153.75 
     90 7.11674 716 1 0 19.2494 -36.7601 -176.25 
     90 9.6919 1536 5 1 127.404 -69.8248 -54.45 
     90 7.39651 1392 5 0 -170.497 98.6005 -56.25 
     90 30.9305 40 5 1 -171.95 99.9716 -54.7751 
     90 98.8816 742 6 0 10.0919 -31.6161 -25.85 
     90 28.4501 908 5 1 1.81282 -25.484 -54.45 
     90 107.227 909 5 1 1.85032 -25.4956 -54.5241 
     90 157.515 770 5 0 2.58089 -25.8734 -55.85 
     90 3.34072 769 5 0 2.78057 -26.05 -56.2354 
     90 86.4764 967 4 1 13.5535 -41.863 -84.45 
     90 20.7281 968 4 1 13.65 -41.8198 -84.7605 
     90 126.353 692 4 0 14.0379 -41.6422 -85.85 
     90 47.5576 963 3 1 12.7201 -31.2813 -114.45 
     90 53.7837 964 3 1 12.85 -31.2763 -114.492 
     90 54.5058 965 3 1 13.05 -31.2849 -114.566 
     90 85.8694 966 3 1 13.25 -31.2665 -114.665 
     90 127.934 967 3 1 13.45 -31.2616 -114.755 
     90 50.5581 968 3 1 13.65 -31.2746 -114.812 
     90 13.0316 969 3 1 13.85 -31.2615 -114.84 
     90 358.975 744 3 0 17.764 -31.1158 -115.85 
     90 401.446 743 3 0 18.5352 -31.25 -116.051 
     90 46.2617 1014 3 1 22.9044 -31.9837 -114.85 
     90 53.2942 1015 3 1 23.0502 -32.0171 -114.786 
     90 174.012 1016 3 1 23.25 -32.016 -114.673 
     90 330.798 1017 3 1 23.45 -31.997 -114.556 
     90 1.31713 951 9 1 10.25 -31.5456 65.1556 
     90 156.433 972 8 1 14.47 -34.2265 35.5499 
     90 111.862 728 8 0 14.7641 -34.3387 34.15 
     90 107.946 991 7 1 18.4068 -37.3058 5.55 
     90 88.3264 992 7 1 18.45 -37.4554 5.24739 
     90 96.9809 709 7 0 18.6723 -38.0828 4.15 
     90 59.2153 708 7 0 18.7313 -38.2502 3.82779 
     90 149.498 1022 6 1 24.481 -51.3862 -24.45 
     90 17.5013 639 6 0 24.5561 -52.2297 -25.85 
     90 137.859 638 6 0 24.5586 -52.25 -25.884 
     90 51.4268 1034 5 1 27.0197 -67.4098 -54.4507 
     90 99.0345 1035 5 1 27.05 -67.4765 -54.6456 
     90 14.6503 559 5 0 27.0881 -68.2197 -55.85 
     90 98.2181 558 5 0 27.0898 -68.25 -55.8968 
     90 28.8565 557 5 0 27.0947 -68.45 -56.1867 
     90 25.0434 1037 4 1 27.46 -88.9566 -84.45 
     90 47.738 1107 7 0 36.7192 41.5329 3.75026 
     90 87.0712 1108 7 0 36.7832 41.65 3.8206 
     90 198.077 1109 7 0 36.8039 41.85 3.85011 
     90 80.243 1110 7 0 36.7586 42.05 3.83604 
     90 155.285 741 9 0 10.5468 -31.65 63.819 
     90 55.7911 949 9 1 9.96223 -31.52 65.55 
     90 97.2266 948 9 1 9.85 -31.4581 65.4176 
     90 168.826 744 9 0 9.00282 -31.1449 64.15 
     90 63.0088 781 8 1 -23.808 -21.5548 35.5493 
     90 77.0056 782 8 1 -23.65 -21.5124 35.3429 
     90 222.164 794 8 0 -22.3923 -21.2256 34.15 
     90 87.3005 922 7 1 4.48568 -5.89802 5.55 
     90 74.8832 923 7 1 4.65037 -5.94774 5.33797 
     90 134.122 868 7 0 5.44223 -6.28111 4.15 
     90 64.6305 867 7 0 5.7201 -6.45 3.91848 
     90 61.8448 866 7 0 5.81235 -6.65 3.84932 
     90 67.9162 865 7 0 5.87894 -6.85 3.86435 
     90 62.0693 864 7 0 5.90507 -7.05 3.81587 
     90 41.1555 515 7 0 30.155 -76.9213 3.75007 
     90 91.8577 514 7 0 30.1844 -77.05 3.80645 
     90 99.9514 513 7 0 30.1683 -77.25 3.8265 
     90 251.062 512 7 0 30.0633 -77.45 3.92682 
Number of digits in this event: 33
Using G4ParticleGun... 
Particle energy: 2.9065 LIN
Particle: e-
Event: 91
Number of tracker hits in this event: 65
     91 170.874 867 9 1 -6.6019 -117.697 65.55 
     91 150.856 312 9 0 -6.6023 -117.694 64.15 
     91 241.27 867 8 1 -6.60028 -117.626 35.55 
     91 174.479 312 8 0 -6.60081 -117.626 34.15 
     91 107.205 867 7 1 -6.61684 -117.596 5.55 
     91 119.408 312 7 0 -6.6165 -117.597 4.15 
     91 136.356 867 6 1 -6.61144 -117.594 -24.45 
     91 93.1344 312 6 0 -6.61208 -117.592 -25.85 
     91 143.885 867 5 1 -6.62812 -117.551 -54.45 
     91 110.587 313 5 0 -6.62885 -117.55 -55.85 
     91 112.072 867 4 1 -6.64202 -117.516 -84.45 
     91 125.475 313 4 0 -6.64401 -117.516 -85.85 
     91 122.439 866 3 1 -6.66753 -117.51 -114.45 
     91 99.3087 313 3 0 -6.67165 -117.513 -115.85 
     91 515.569 866 2 1 -6.76189 -117.601 -144.45 
     91 311.636 312 2 0 -6.77654 -117.611 -145.85 
     91 117.011 864 1 1 -7.09393 -117.843 -174.45 
     91 268.067 311 1 0 -7.11457 -117.856 -175.85 
     91 123.102 862 0 1 -7.56877 -118.111 -204.45 
     91 136.407 310 0 0 -7.60164 -118.128 -205.85 
     91 206.595 309 0 0 -7.58497 -118.15 -205.883 
     91 77.0789 319 2 0 -7.54921 -116.338 -145.851 
     91 321.746 320 2 0 -7.55623 -116.15 -146.046 
     91 223.374 321 2 0 -7.54241 -115.95 -146.145 
     91 28.2943 867 2 1 -6.65 -117.605 -144.763 
     91 254.212 313 2 0 -6.66954 -117.487 -145.85 
     91 117.679 865 1 1 -6.87884 -117.751 -174.45 
     91 305.539 865 0 1 -7.0285 -118.379 -204.45 
     91 129.485 308 0 0 -7.04155 -118.418 -205.85 
     91 29.7964 868 1 1 -6.26969 -116.34 -174.45 
     91 183.985 869 1 1 -6.25 -116.333 -174.548 
     91 177.143 319 1 0 -5.97503 -116.231 -175.85 
     91 155.977 904 0 1 0.887985 -114.214 -204.45 
     91 115.506 330 0 0 1.21743 -114.01 -205.85 
     91 404.786 866 1 1 -6.73718 -117.507 -174.45 
     91 247.168 313 1 0 -6.74489 -117.496 -175.85 
     91 145.795 314 0 0 -6.95188 -117.309 -205.85 
     91 48.4449 867 1 1 -6.65 -117.829 -174.747 
     91 3.78212 306 1 0 -6.51068 -118.941 -175.85 
     91 129.781 305 1 0 -6.50974 -118.95 -175.859 
     91 58.2462 304 1 0 -6.48489 -119.15 -176.073 
     91 158.352 882 0 1 -3.56493 -142.565 -204.45 
     91 73.3638 883 0 1 -3.45 -143.168 -204.767 
     91 58.1261 140 0 0 -0.706275 -151.962 -205.85 
     91 64.3734 139 0 0 -0.63873 -152.15 -205.859 
     91 69.3467 138 0 0 -0.508328 -152.35 -205.916 
     91 53.9512 137 0 0 -0.384744 -152.55 -205.982 
     91 63.0342 136 0 0 -0.257617 -152.75 -206.026 
     91 44.3474 135 0 0 -0.139449 -152.95 -206.028 
     91 35.4757 133 0 0 0.05 -153.397 -205.99 
     91 83.8908 132 0 0 0.15534 -153.55 -205.985 
     91 78.1904 131 0 0 0.398222 -153.75 -205.947 
     91 17.6826 130 0 0 0.606536 -153.95 -205.881 
     91 40.6091 910 0 1 2.17157 -155.648 -204.85 
     91 106.595 911 0 1 2.2505 -155.745 -204.804 
     91 109.436 912 0 1 2.45041 -156.057 -204.768 
     91 93.8521 913 0 1 2.65013 -156.398 -204.783 
     91 49.7852 108 0 0 3.95863 -158.425 -205.85 
     91 555.02 107 0 0 4.04296 -158.55 -205.893 
     91 32.5379 106 0 0 4.07627 -158.75 -205.891 
     91 61.49 925 0 1 5.19929 -162.436 -204.85 
     91 146.828 926 0 1 5.25 -162.623 -204.809 
     91 76.5539 1278 5 1 75.726 -167.912 -54.85 
     91 126.001 864 0 1 -7.14512 -117.469 -204.45 
     91 114.08 313 0 0 -7.16588 -117.471 -205.85 
Number of digits in this event: 32
Using G4ParticleGun... 
Particle energy: 4.54946 LIN
Particle: e-
Event: 92
Number of tracker hits in this event: 52
     92 368.08 1215 8 1 63.2106 124.344 35.55 
     92 233.2 1520 8 0 63.2109 124.343 34.15 
     92 378.916 1215 7 1 63.2194 124.335 5.55 
     92 571.295 1520 7 0 63.2181 124.335 4.15 
     92 313.697 1215 6 1 63.1886 124.314 -24.45 
     92 330.112 1520 6 0 63.191 124.316 -25.85 
     92 194.628 1215 5 1 63.2376 124.351 -54.45 
     92 105.017 1521 5 0 63.2405 124.353 -55.85 
     92 118.733 1216 4 1 63.299 124.391 -84.45 
     92 148.772 1521 4 0 63.3017 124.393 -85.85 
     92 107.29 1216 3 1 63.3552 124.441 -114.45 
     92 140.945 1521 3 0 63.3593 124.445 -115.85 
     92 107.575 1216 2 1 63.4343 124.513 -144.45 
     92 122.064 1521 2 0 63.4383 124.518 -145.85 
     92 151.568 1217 1 1 63.5192 124.61 -174.45 
     92 107.867 1522 1 0 63.5224 124.614 -175.85 
     92 178.34 1217 0 1 63.5821 124.686 -204.45 
     92 258.136 1522 0 0 63.5857 124.689 -205.85 
     92 103.693 1609 0 0 56.9453 141.994 -206.249 
     92 231.586 1608 0 0 56.8671 141.95 -206.125 
     92 71.7181 1521 7 0 63.3434 124.35 3.76151 
     92 44.4036 1422 7 0 95.5615 104.564 3.75 
     92 119.048 1521 8 0 63.2046 124.38 34.15 
     92 110.991 1529 7 0 63.2252 126.037 4.15 
     92 85.9339 1217 6 1 63.5362 128.963 -24.45 
     92 228.581 1544 6 0 63.8823 128.959 -25.85 
     92 111.421 1250 5 1 70.1145 130.141 -54.45 
     92 6.50734 1251 5 1 70.25 130.142 -54.8206 
     92 129.524 1550 5 0 70.6437 130.194 -55.8502 
     92 69.3675 1312 4 1 82.5324 131.264 -84.45 
     92 140.115 1313 4 1 82.65 131.22 -84.676 
     92 135.942 1554 4 0 83.2925 131.031 -85.85 
     92 1.13059 1396 3 1 99.3523 125.583 -114.45 
     92 182.417 1395 3 1 99.35 125.581 -114.454 
     92 25.2557 1394 3 1 99.1499 125.417 -114.78 
     92 26.3098 1523 3 0 98.8399 124.79 -115.85 
     92 92.7169 1522 3 0 98.822 124.75 -115.905 
     92 39.9578 1548 10 1 129.936 48.7646 95.15 
     92 234.408 1086 11 0 97.5429 37.3776 123.75 
     92 159.517 1219 5 1 63.9442 124.552 -54.45 
     92 225.366 1522 5 0 64.0157 124.558 -55.85 
     92 113.382 1226 4 1 65.3964 124.767 -84.45 
     92 200.419 1522 4 0 65.466 124.742 -85.85 
     92 107.658 1233 3 1 66.8326 124.203 -114.45 
     92 116.755 1520 3 0 66.8613 124.21 -115.85 
     92 120.806 1235 2 1 67.1721 124.371 -144.45 
     92 120.167 1520 2 0 67.2191 124.303 -145.85 
     92 112.211 1238 1 1 67.6686 122.591 -174.45 
     92 218.707 1511 1 0 67.6054 122.444 -175.85 
     92 185.512 1231 0 1 66.3381 119.296 -204.45 
     92 102.736 1494 0 0 66.4092 119.123 -205.85 
     92 20.0995 1222 0 0 104.723 64.5168 -206.25 
Number of digits in this event: 29
Using G4ParticleGun... 
Particle energy: 2.19894 LIN
Particle: e-
Event: 93
Number of tracker hits in this event: 206
     93 109.163 1240 11 1 68.2438 16.5142 125.55 
     93 116.416 982 11 0 68.2432 16.5165 124.15 
     93 127.921 1240 10 1 68.2316 16.5634 95.55 
     93 137.674 982 10 0 68.2305 16.566 94.15 
     93 153.11 1240 9 1 68.205 16.623 65.55 
     93 107.873 982 9 0 68.204 16.6254 64.15 
     93 106.522 1240 8 1 68.203 16.6766 35.55 
     93 112.038 983 8 0 68.2034 16.68 34.15 
     93 380.082 1240 7 1 68.2092 16.7684 5.55 
     93 466.57 983 7 0 68.2057 16.7718 4.15 
     93 489.046 1240 6 1 68.1131 16.8427 -24.45 
     93 302.635 983 6 0 68.1081 16.8404 -25.85 
     93 344.51 1239 5 1 67.9956 16.8043 -54.45 
     93 427.075 983 5 0 67.9908 16.7961 -55.85 
     93 115.056 1239 4 1 67.9173 16.6205 -84.45 
     93 104.805 982 4 0 67.9175 16.6095 -85.85 
     93 112.7 1239 3 1 67.9156 16.3804 -114.45 
     93 256.735 981 3 0 67.9055 16.3707 -115.85 
     93 222.666 1238 2 1 67.6823 16.182 -144.45 
     93 123.667 980 2 0 67.6697 16.1713 -145.85 
     93 121.73 1236 1 1 67.408 15.9641 -174.45 
     93 110.844 979 1 0 67.3993 15.9503 -175.85 
     93 120.131 1235 0 1 67.2254 15.6616 -204.45 
     93 121.286 977 0 0 67.2132 15.6458 -205.85 
     93 110.315 1441 5 1 108.35 102.13 -54.769 
     93 217.065 977 2 0 67.2586 15.4569 -145.85 
     93 403.937 1238 3 1 67.7741 17.0146 -114.45 
     93 124.708 985 3 0 67.7961 17.1189 -115.85 
     93 144.333 1244 2 1 68.9244 19.2703 -144.45 
     93 99.4539 996 2 0 69.0751 19.3428 -145.85 
     93 16.3863 1249 1 1 69.9845 16.4075 -174.45 
     93 68.1861 1250 1 1 70.05 16.4246 -174.476 
     93 103.886 1251 1 1 70.25 16.4952 -174.511 
     93 215.86 1252 1 1 70.45 16.6222 -174.539 
     93 183.581 1253 1 1 70.65 16.7241 -174.606 
     93 57.5319 1254 1 1 70.85 16.8842 -174.634 
     93 65.5109 1255 1 1 71.0502 17.0021 -174.598 
     93 31.8688 1256 1 1 71.2501 17.1144 -174.495 
     93 123.078 984 3 0 67.7759 17.0122 -115.85 
     93 124.683 984 2 0 67.762 16.8864 -145.85 
     93 143.537 1238 1 1 67.7512 16.6151 -174.45 
     93 132.495 982 1 0 67.7894 16.6279 -175.85 
     93 151.171 1242 0 1 68.6268 16.7594 -204.45 
     93 239.271 983 0 0 68.6739 16.768 -205.85 
     93 21.1984 1239 1 1 67.8501 16.6552 -174.81 
     93 210.18 984 1 0 69.116 17.0303 -175.85 
     93 232.565 1241 5 1 68.2595 16.6303 -54.45 
     93 29.5435 1278 4 1 75.8156 18.5052 -84.45 
     93 110.404 1279 4 1 75.8501 18.5102 -84.5825 
     93 128.209 992 4 0 76.1793 18.5814 -85.85 
     93 31.0815 1319 3 1 84.0167 20.7704 -114.45 
     93 260.295 1320 3 1 84.05 20.799 -114.557 
     93 148.955 1005 3 0 84.4176 21.0996 -115.851 
     93 120.723 1365 2 1 93.1905 27.8879 -144.45 
     93 157.425 1042 2 0 93.6077 28.4541 -145.85 
     93 123.478 1406 1 1 101.445 38.8584 -174.45 
     93 2.87097 1407 1 1 101.55 39.0006 -174.838 
     93 58.7682 1096 1 0 101.802 39.3869 -175.85 
     93 106.51 1097 1 0 101.843 39.45 -176.016 
     93 151.313 1433 0 1 106.809 49.174 -204.45 
     93 18.9045 1434 0 1 106.95 49.2409 -204.791 
     93 130.866 1147 0 0 107.342 49.4681 -205.85 
     93 497.71 1432 0 1 106.75 49.1344 -204.531 
     93 12.5005 1019 3 0 84.0395 24.0064 -115.85 
     93 23.5109 1020 3 0 84.0379 24.05 -115.856 
     93 28.6673 1322 3 1 84.5617 28.9449 -114.85 
     93 17.382 1059 3 0 84.3813 32.0449 -115.85 
     93 279.456 1060 3 0 84.3806 32.0502 -115.852 
     93 53.9182 1061 3 0 84.6132 32.25 -115.983 
     93 153.426 1241 6 1 68.2502 16.8833 -24.7059 
     93 131.964 980 6 0 67.8078 16.1864 -25.85 
     93 110.798 984 6 0 68.1158 16.9823 -25.8502 
     93 75.0933 1233 5 1 66.6912 19.4987 -54.4506 
     93 70.1513 1234 5 1 66.85 19.5988 -54.576 
     93 68.3587 1235 5 1 67.05 19.7509 -54.7231 
     93 51.5435 1005 5 0 68.528 21.1292 -55.8508 
     93 91.6347 1006 5 0 68.6591 21.25 -55.9431 
     93 88.795 1007 5 0 68.851 21.4502 -56.0712 
     93 72.5622 1008 5 0 69.032 21.65 -56.1864 
     93 74.7592 1536 4 1 127.495 93.8508 -84.45 
     93 145.522 1535 4 1 127.35 94.0873 -84.5594 
     93 133.324 1534 4 1 127.15 94.5849 -84.6809 
     93 82.3574 1533 4 1 126.95 94.9797 -84.7456 
     93 158.281 1532 4 1 126.75 95.2279 -84.7265 
     93 63.7829 1531 4 1 126.55 95.4494 -84.6832 
     93 63.9268 1530 4 1 126.35 95.6014 -84.6559 
     93 70.2377 1529 4 1 126.15 95.734 -84.6412 
     93 111.677 1528 4 1 125.95 95.881 -84.6456 
     93 150.617 1527 4 1 125.75 96.0774 -84.6692 
     93 125.015 1526 4 1 125.55 96.3591 -84.7406 
     93 132.37 1525 4 1 125.35 96.5797 -84.8009 
     93 70.8057 1390 4 0 123.611 98.179 -85.85 
     93 72.7522 1391 4 0 123.434 98.35 -85.9462 
     93 89.6376 1392 4 0 123.268 98.5501 -86.0731 
     93 16.0441 1393 4 0 123.059 98.75 -86.2111 
     93 87.8218 1524 4 1 125.15 96.1917 -84.5468 
     93 109.84 1523 4 1 124.95 96.2311 -84.5751 
     93 97.8366 1522 4 1 124.75 96.0156 -84.4773 
     93 99.0721 1521 4 1 124.55 95.9109 -84.5574 
     93 85.0074 1520 4 1 124.35 96.0135 -84.7075 
     93 332.84 1519 4 1 124.15 96.0342 -84.703 
     93 156.423 1235 6 1 67.2249 16.4123 -24.45 
     93 108.418 982 6 0 67.2328 16.5221 -25.8506 
     93 40.6698 1238 5 1 67.8325 18.687 -54.45 
     93 182.856 994 5 0 67.9825 18.896 -55.85 
     93 229.729 1253 4 1 70.8219 23.3402 -84.45 
     93 130.429 1017 4 0 70.7744 23.5879 -85.8506 
     93 1.7302 1018 4 0 70.7661 23.65 -86.2385 
     93 198.072 1252 3 1 70.4696 28.2228 -114.45 
     93 12.763 1041 3 0 70.6301 28.4419 -115.85 
     93 103.713 1042 3 0 70.6372 28.4501 -115.904 
     93 155.124 1269 2 1 73.8837 32.5885 -144.45 
     93 88 1063 2 0 74.0296 32.8032 -145.851 
     93 172.347 1064 2 0 74.0626 32.85 -146.148 
     93 21.0364 1283 1 1 76.8321 37.6565 -174.45 
     93 113.078 1284 1 1 76.8501 37.6792 -174.519 
     93 70.9345 1090 1 0 77.1616 38.167 -175.85 
     93 276.914 1091 1 0 77.2099 38.25 -176.044 
     93 125.711 1322 0 1 84.4909 48.231 -204.45 
     93 143.557 1140 0 0 84.8034 48.1468 -205.85 
     93 146.15 1251 6 1 70.3733 17.9888 -24.45 
     93 467.161 990 6 0 70.324 18.0981 -25.85 
     93 150.149 1004 5 0 68.1172 20.96 -55.85 
     93 90.7323 1215 4 1 63.1846 21.5984 -84.4505 
     93 10.546 1214 4 1 63.05 21.6347 -84.8002 
     93 136.719 1008 4 0 62.6548 21.771 -85.85 
     93 61.0154 1168 3 1 53.6786 27.0741 -114.45 
     93 84.7688 1167 3 1 53.65 27.0886 -114.571 
     93 129.354 1036 3 0 53.3667 27.2603 -115.85 
     93 35.9514 1131 2 1 46.2786 32.9679 -144.45 
     93 74.0942 1130 2 1 46.25 32.9726 -144.588 
     93 92.8854 1088 1 1 37.7234 38.0394 -174.45 
     93 56.08 1087 1 1 37.65 38.0716 -174.653 
     93 107.828 1039 0 1 28.0099 42.6213 -204.45 
     93 37.0197 1038 0 1 27.85 42.626 -204.752 
     93 200.309 1112 0 0 27.3471 42.6178 -205.85 
     93 413.638 1240 5 1 68.0723 16.8932 -54.45 
     93 133.429 984 5 0 68.0722 16.872 -55.85 
     93 117.636 1240 4 1 68.1007 16.4064 -84.45 
     93 135.952 980 4 0 67.973 16.1986 -85.85 
     93 160.176 1225 3 1 65.2276 11.9306 -114.45 
     93 121.952 958 3 0 65.0821 11.7255 -115.85 
     93 157.388 1209 2 1 62.0285 7.34503 -144.45 
     93 131.541 935 2 0 61.8858 7.11958 -145.85 
     93 73.637 1194 1 1 58.8835 2.49849 -174.45 
     93 74.5203 1193 1 1 58.85 2.45894 -174.68 
     93 5.90967 911 1 0 58.67 2.25428 -175.85 
     93 113.911 910 1 0 58.6662 2.25 -175.875 
     93 266.827 1169 0 1 53.9613 -2.57654 -204.45 
     93 114.332 885 0 0 53.7365 -2.85765 -205.85 
     93 291.21 1226 2 1 65.343 18.1008 -144.45 
     93 30.0679 990 2 0 65.2358 18.2407 -145.85 
     93 75.0602 991 2 0 65.2296 18.25 -145.936 
     93 110.067 1211 1 1 62.3928 23.2122 -174.45 
     93 124.954 1017 1 0 62.2628 23.468 -175.85 
     93 187.482 1200 0 1 60.2156 29.8168 -204.45 
     93 3.81233 1058 0 0 60.4216 31.8327 -205.85 
     93 59.7217 1059 0 0 60.4239 31.85 -205.861 
     93 78.4767 1060 0 0 60.4526 32.05 -205.988 
     93 66.5775 1061 0 0 60.4778 32.2502 -206.103 
     93 27.3877 1062 0 0 60.5051 32.4506 -206.203 
     93 9.6919 1152 1 0 55.3075 50.5345 -176.25 
     93 67.8478 1225 2 1 65.25 18.1036 -144.699 
     93 116.88 1237 3 1 67.65 16.404 -114.578 
     93 62.5259 982 3 0 67.4868 16.45 -116.034 
     93 129.486 1221 2 1 64.384 16.7644 -144.45 
     93 15.8922 983 2 0 64.168 16.6544 -145.85 
     93 83.0978 982 2 0 64.1605 16.65 -145.908 
     93 7.94309 1205 1 1 61.0595 13.2403 -174.45 
     93 101.214 1204 1 1 61.05 13.2436 -174.488 
     93 123.283 966 1 0 60.7104 13.3517 -175.85 
     93 92.0907 1160 0 1 52.1384 14.5627 -204.45 
     93 50.2785 1159 0 1 52.05 14.5644 -204.691 
     93 105.301 972 0 0 51.6096 14.5878 -205.85 
     93 120.256 1236 4 1 67.2966 11.3861 -84.45 
     93 145.408 955 4 0 67.4175 11.1352 -85.8501 
     93 84.1533 1251 3 1 70.369 7.47067 -114.45 
     93 71.2525 1250 3 1 70.2499 7.48742 -114.639 
     93 148.86 938 3 0 69.4247 7.67738 -115.85 
     93 286.235 1127 2 1 45.6381 12.2649 -144.45 
     93 115.256 1126 2 1 45.4495 12.1378 -144.653 
     93 2.2167 1125 2 1 45.25 12.0214 -144.846 
     93 143.835 956 2 0 44.2555 11.4343 -145.85 
     93 92.5817 955 2 0 43.9381 11.2499 -146.105 
     93 81.3302 975 1 1 15.2116 -3.42612 -174.45 
     93 89.8976 974 1 1 15.05 -3.51905 -174.625 
     93 13.03 973 1 1 14.85 -3.61798 -174.827 
     93 42.683 880 1 0 13.8079 -4.03362 -175.85 
     93 187.411 879 1 0 13.7684 -4.05002 -175.89 
     93 48.5666 595 1 0 -35.5915 -60.905 -176.25 
     93 73.6236 594 1 0 -35.682 -61.0501 -176.155 
     93 91.1156 593 1 0 -35.8164 -61.2504 -176.031 
     93 34.6942 592 1 0 -35.9517 -61.4503 -175.912 
     93 66.3028 714 1 1 -37.1093 -62.9559 -174.85 
     93 355.964 713 1 1 -37.25 -63.1421 -174.725 
     93 295.997 712 1 1 -37.45 -63.622 -174.58 
     93 209.552 711 1 1 -37.65 -64.4964 -174.477 
     93 171.404 710 1 1 -37.85 -65.3571 -174.624 
     93 281.249 558 1 0 -37.9697 -68.3389 -175.85 
     93 57.0195 557 1 0 -37.9842 -68.45 -175.898 
     93 63.2163 556 1 0 -38.0222 -68.65 -175.965 
     93 48.295 555 1 0 -38.0645 -68.8502 -176.027 
     93 90.3461 554 1 0 -38.116 -69.0502 -176.087 
     93 53.4162 553 1 0 -38.1661 -69.2502 -176.147 
     93 121.822 552 1 0 -38.2182 -69.45 -176.202 
     93 110.361 559 1 0 -38.0064 -68.25 -176.081 
Number of digits in this event: 92
Using G4ParticleGun... 
Particle energy: 2.68915 LIN
Particle: e-
Event: 94
Number of tracker hits in this event: 219
     94 170.138 1159 11 1 51.9111 39.321 125.55 
     94 116.034 1096 11 0 51.9114 39.3211 124.15 
     94 113.463 1159 10 1 51.9227 39.3219 95.55 
     94 111.588 1096 10 0 51.9241 39.3224 94.15 
     94 360.287 1159 9 1 51.9531 39.3492 65.55 
     94 508.247 1096 9 0 51.9511 39.347 64.15 
     94 251.426 1159 8 1 51.9147 39.2854 35.55 
     94 278.371 1096 8 0 51.9052 39.2779 34.15 
     94 114.596 1158 7 1 51.6868 39.1524 5.55 
     94 268.266 1095 7 0 51.6841 39.1483 4.15 
     94 137.546 1157 6 1 51.5116 38.5365 -24.45 
     94 132.105 1092 6 0 51.4767 38.4912 -25.85 
     94 136.558 1153 5 1 50.7673 37.5963 -54.45 
     94 130.051 1087 5 0 50.7386 37.5525 -55.85 
     94 158.725 1150 4 1 50.1728 36.7047 -84.45 
     94 123.12 1083 4 0 50.1423 36.6631 -85.85 
     94 104.71 1147 3 1 49.5257 35.8092 -114.45 
     94 99.4131 1078 3 0 49.4825 35.7758 -115.85 
     94 206.623 1142 2 1 48.6231 35.0996 -144.45 
     94 149.445 1075 2 0 48.5724 35.0647 -145.85 
     94 116.929 1137 1 1 47.5662 34.2823 -174.45 
     94 126.551 1070 1 0 47.498 34.228 -175.85 
     94 99.5338 1130 0 1 46.1124 33.133 -204.45 
     94 105.264 1065 0 0 46.025 33.0913 -205.85 
     94 9.13714 1064 0 0 45.9815 33.0441 -205.85 
     94 112.631 1079 0 0 42.924 35.9983 -206.25 
     94 24.5446 1074 2 0 48.5337 35.05 -146.243 
     94 73.8179 78 2 0 150.984 -164.518 -146.25 
     94 49.5067 1086 5 0 50.4187 37.3054 -55.85 
     94 79.2028 1085 5 0 50.3651 37.2493 -56.0217 
     94 136.076 1121 4 1 44.3532 27.2649 -84.4505 
     94 125.349 1035 4 0 44.4171 27.1223 -85.85 
     94 88.8774 1151 3 1 50.4084 21.7986 -114.45 
     94 79.0788 1150 3 1 50.25 21.6914 -114.596 
     94 68.0994 1149 3 1 50.05 21.566 -114.752 
     94 16.804 1003 3 0 48.8998 20.6985 -115.85 
     94 97.5953 1002 3 0 48.8434 20.65 -115.903 
     94 85.4412 1001 3 0 48.6555 20.45 -116.08 
     94 1.10275 1000 3 0 48.5011 20.2498 -116.246 
     94 123.342 761 3 0 44.68 -27.7062 -116.249 
     94 5.59817 1126 3 1 45.4402 -28.1269 -114.85 
     94 111.77 1127 3 1 45.45 -28.1327 -114.832 
     94 21.962 1128 3 1 45.65 -28.2904 -114.52 
     94 36.4758 1026 4 1 25.45 -71.3433 -84.7376 
     94 175.058 1142 1 1 48.5241 33.3586 -174.45 
     94 76.4658 1141 1 1 48.45 33.2343 -174.69 
     94 138.674 1062 1 0 47.8996 32.5433 -175.85 
     94 38.0555 1061 1 0 47.9572 32.45 -176.097 
     94 138.376 1019 1 0 32.4931 24.0274 -176.25 
     94 10.2922 1020 1 0 32.2733 24.05 -175.891 
     94 83.232 1059 1 1 31.9563 24.3558 -174.85 
     94 102.261 1058 1 1 31.85 24.4379 -174.692 
     94 153.813 1057 1 1 31.6496 24.5915 -174.574 
     94 25.5442 1056 1 1 31.45 24.7054 -174.452 
     94 187.81 1024 1 0 32.1987 24.855 -175.85 
     94 284.481 1023 1 0 32.2196 24.85 -175.886 
     94 3.81821 1069 1 1 34.0458 23.1091 -174.85 
     94 97.5619 1070 1 1 34.0502 23.102 -174.845 
     94 204.946 1071 1 1 34.25 23.0155 -174.728 
     94 100.069 1066 1 0 48.6575 33.3449 -175.85 
     94 311.974 1150 0 1 50.0783 31.1573 -204.45 
     94 281.907 1052 0 0 50.3373 30.5895 -205.85 
     94 28.4047 1051 0 0 50.4031 30.45 -206.167 
     94 53.4807 1055 0 0 49.8875 31.2267 -205.85 
     94 63.3376 1056 0 0 49.8478 31.25 -206.014 
     94 96.8442 1091 6 0 51.5452 38.4499 -25.925 
     94 87.855 1160 6 1 52.113 38.202 -24.85 
     94 200.395 1154 2 1 50.99 38.5552 -144.45 
     94 72.4001 1090 2 0 51.0732 38.0893 -145.85 
     94 188.493 1089 2 0 51.0802 38.0498 -145.969 
     94 0.54721 1171 1 1 54.4482 26.349 -174.45 
     94 130.381 1172 1 1 54.45 26.3491 -174.452 
     94 42.2726 1173 1 1 54.65 26.3396 -174.735 
     94 241.484 1030 1 0 55.382 26.2221 -175.85 
     94 35.3788 1278 0 1 75.7591 23.441 -204.45 
     94 236.883 1279 0 1 75.85 23.3882 -204.495 
     94 292.481 1280 0 1 76.05 23.2375 -204.635 
     94 15.3106 1281 0 1 76.2503 23.0686 -204.808 
     94 75.6096 1010 0 0 77.3942 22.195 -205.85 
     94 117.549 1009 0 0 77.6096 22.05 -206.032 
     94 195.95 1598 1 0 10.9831 139.862 -176.25 
     94 141.879 1599 1 0 10.9278 139.95 -176.13 
     94 115.085 1150 8 1 50.2477 38.1486 35.55 
     94 152.235 1090 8 0 50.2014 38.1278 34.15 
     94 169.179 1145 7 1 49.1671 37.721 5.5498 
     94 119.795 1088 7 0 49.2338 37.8064 4.15 
     94 133.436 1151 6 1 50.2788 39.8954 -24.45 
     94 139.205 1100 6 0 50.265 40.1818 -25.8505 
     94 30.9559 1101 6 0 50.2587 40.25 -26.1849 
     94 119.066 1150 5 1 50.2089 46.251 -54.45 
     94 106.364 1132 5 0 50.0771 46.5434 -55.85 
     94 135.322 1135 4 1 47.2056 52.2887 -84.45 
     94 151.811 1162 4 0 47.2457 52.4655 -85.8502 
     94 210.264 1138 3 1 47.7984 56.5364 -114.45 
     94 115.368 1184 3 0 47.4604 56.9039 -115.85 
     94 218.797 1100 2 1 40.2082 64.4653 -144.45 
     94 129.175 1223 2 0 39.7124 64.7461 -145.85 
     94 27.195 1041 1 1 28.3026 71.9552 -174.45 
     94 93.1821 1040 1 1 28.2499 71.9796 -174.528 
     94 149.057 1039 1 1 28.05 72.0501 -174.777 
     94 191.26 1261 1 0 27.0762 72.324 -175.85 
     94 89.3905 856 0 1 -8.67428 78.5514 -204.45 
     94 76.4933 855 0 1 -8.85 78.6471 -204.718 
     94 116.707 1295 0 0 -9.5862 79.0505 -205.851 
     94 177.538 1123 3 1 44.6753 58.2653 -114.45 
     94 90.4132 1124 3 1 44.85 58.4684 -114.701 
     94 44.198 1194 3 0 45.6114 59.0355 -115.85 
     94 140.099 1195 3 0 45.63 59.05 -115.88 
     94 168.589 1122 3 1 44.65 58.2892 -114.457 
     94 47.5541 1121 3 1 44.45 58.7833 -114.786 
     94 21.6839 1203 3 0 43.5835 60.7704 -115.85 
     94 66.279 1204 3 0 43.561 60.8506 -115.871 
     94 135.327 1107 3 1 41.5097 64.3423 -114.85 
     94 230.78 1106 3 1 41.45 64.4804 -114.788 
     94 126.99 1160 7 1 52.1065 39.1332 5.55 
     94 120.314 1161 6 1 52.3371 39.1509 -24.45 
     94 136.914 1095 6 0 52.3531 39.1509 -25.85 
     94 105.029 1163 5 1 52.7096 39.1423 -54.45 
     94 115.464 1095 5 0 52.728 39.1427 -55.85 
     94 111.707 1165 4 1 53.1101 39.1272 -84.45 
     94 122.34 1095 4 0 53.1224 39.1225 -85.85 
     94 105.657 1166 3 1 53.3701 39.0622 -114.45 
     94 304.565 1095 3 0 53.3744 39.0756 -115.85 
     94 169.75 1167 2 1 53.4717 39.3451 -144.45 
     94 382.391 1096 2 0 53.4757 39.3551 -145.85 
     94 145.544 1167 1 1 53.539 39.5962 -174.45 
     94 133.502 1097 1 0 53.5388 39.6104 -175.85 
     94 206.969 1167 0 1 53.5259 39.9214 -204.45 
     94 125.371 1099 0 0 53.5221 39.9329 -205.85 
     94 53.4475 1403 2 0 22.7312 100.815 -146.25 
     94 483.076 1169 1 1 53.8899 41.6128 -174.45 
     94 90.1104 1108 1 0 53.7889 41.827 -175.85 
     94 481.966 1109 1 0 53.7797 41.85 -175.998 
     94 134.448 1159 0 1 51.8713 45.2072 -204.45 
     94 107.891 1125 0 0 52.2435 45.1858 -205.85 
     94 148.123 1168 1 1 53.7082 37.5523 -174.45 
     94 253.771 1085 1 0 53.6298 37.2221 -175.85 
     94 164.789 1168 0 1 53.7302 29.4006 -204.45 
     94 234.16 1045 0 0 53.7296 29.1797 -205.85 
     94 73.199 1032 0 0 57.1148 26.5394 -206.25 
     94 118.345 1031 0 0 57.1289 26.45 -206.031 
     94 157.739 1030 0 0 57.3712 26.25 -205.913 
     94 174.203 1029 0 0 57.394 26.05 -205.966 
     94 251.219 1044 0 0 53.888 29.05 -206.008 
     94 132.917 1097 9 0 51.8835 39.45 63.9414 
     94 221.909 1160 3 1 52.2032 39.0516 -114.45 
     94 130.75 1162 2 1 52.5185 40.1123 -144.45 
     94 145.567 1100 2 0 52.4983 40.2046 -145.85 
     94 107.224 1159 1 1 51.9073 42.1103 -174.45 
     94 116.657 1110 1 0 51.8772 42.2022 -175.85 
     94 212.526 1156 0 1 51.3924 43.9519 -204.45 
     94 22.3519 1119 0 0 51.3109 44.044 -205.85 
     94 161.3 1120 0 0 51.3055 44.05 -205.942 
     94 58.4873 1054 0 0 33.8638 30.9889 -206.25 
     94 189.032 1053 0 0 33.7321 30.85 -206.117 
     94 52.6703 1065 0 1 33.0994 28.3025 -204.85 
     94 102.411 1064 0 1 33.0499 28.074 -204.811 
     94 18.4126 1063 0 1 32.85 27.7155 -204.844 
     94 102.665 1007 0 0 29.0279 21.6046 -205.85 
     94 84.014 1006 0 0 28.9439 21.45 -205.888 
     94 95.4249 1005 0 0 28.7968 21.25 -205.981 
     94 39.2393 1004 0 0 28.72 21.05 -206.184 
     94 212.297 1101 2 0 52.5182 40.25 -146.087 
     94 132.804 1158 0 1 51.7429 44.2229 -204.45 
     94 136.007 1122 0 0 51.9705 44.454 -205.85 
     94 151.908 1094 3 0 52.185 39.0351 -115.85 
     94 136.26 1156 2 1 51.3111 39.5369 -144.45 
     94 15.5076 1098 2 0 51.6019 39.8361 -145.85 
     94 229.841 1099 2 0 51.6142 39.85 -145.909 
     94 243.114 1199 1 1 59.8951 47.8034 -174.45 
     94 29.7252 1200 1 1 60.05 47.8099 -174.74 
     94 126.17 1138 1 0 60.7118 47.7741 -175.85 
     94 179.3 1292 0 1 78.5215 46.5372 -204.45 
     94 57.8355 1138 0 0 78.9288 47.7314 -205.85 
     94 89.3258 1139 0 0 78.9773 47.85 -205.995 
     94 6.17779 1140 0 0 79.0621 48.0503 -206.225 
     94 9.23257 1306 0 0 101.302 81.4353 -206.25 
     94 143.68 1307 0 0 101.32 81.45 -206.228 
     94 59.8909 1412 0 1 102.604 82.0468 -204.85 
     94 101.587 1413 0 1 102.75 82.1238 -204.705 
     94 10.3058 1414 0 1 102.95 82.2617 -204.475 
     94 267.983 1161 2 1 52.3209 37.925 -144.45 
     94 70.7846 1087 2 0 52.3213 37.5238 -145.85 
     94 33.15 1086 2 0 52.3298 37.45 -146.125 
     94 41.6799 1164 1 1 52.9826 27.3492 -174.45 
     94 120.607 1165 1 1 53.05 27.2182 -174.602 
     94 1.73023 1031 1 0 53.5747 26.2546 -175.85 
     94 77.1152 1029 1 0 53.6926 26.0499 -176.1 
     94 28.7009 1252 0 1 70.5996 2.43701 -204.451 
     94 97.7794 1253 0 1 70.65 2.47387 -204.515 
     94 19.6125 1254 0 1 70.85 2.6488 -204.802 
     94 78.0244 916 0 0 71.4172 3.31582 -205.85 
     94 60.2899 917 0 0 71.5441 3.45 -206.08 
     94 110.376 995 0 0 83.2388 19.2327 -206.25 
     94 107.82 1081 1 0 53.9513 36.3878 -175.85 
     94 123.753 1179 0 1 55.9995 34.358 -204.45 
     94 93.8462 1070 0 0 56.1449 34.1972 -205.85 
     94 12.99 1146 1 0 96.2219 49.2988 -175.85 
     94 33.8222 1170 1 1 54.05 36.2237 -174.777 
     94 5.612 1075 1 0 54.6738 35.0738 -175.85 
     94 89.1969 1074 1 0 54.6865 35.0496 -175.872 
     94 87.9245 1073 1 0 54.8076 34.85 -176.04 
     94 26.8144 1072 1 0 54.9255 34.6492 -176.205 
     94 229.834 1327 0 1 85.5252 -1.90186 -204.45 
     94 268.329 885 0 0 85.1265 -2.90663 -205.85 
     94 1.49747 884 0 0 84.9992 -3.05028 -206.242 
     94 241.675 826 0 0 77.1347 -14.7219 -206.25 
     94 247.098 825 0 0 76.9518 -14.8501 -205.867 
     94 88.417 1277 0 1 75.65 -15.9511 -204.474 
     94 111.737 1276 0 1 75.45 -15.9298 -204.592 
     94 96.7679 1275 0 1 75.2499 -15.8698 -204.725 
     94 53.2886 1274 0 1 75.05 -15.7665 -204.8 
     94 10.185 1273 0 1 74.85 -15.7072 -204.837 
     94 155.304 824 0 0 73.7723 -15.1731 -205.85 
     94 193.037 827 0 0 73.7074 -14.6497 -206.091 
     94 71.4351 1002 1 0 85.9992 20.4594 -176.25 
     94 82.8733 1003 1 0 85.9873 20.65 -176.189 
     94 374.991 1004 1 0 85.9526 20.8504 -176.127 
     94 6.30214 1079 1 0 54.213 36.0041 -175.85 
Number of digits in this event: 101
Using G4ParticleGun... 
Particle energy: 9.35962 LIN
Particle: e-
Event: 95
Number of tracker hits in this event: 28
     95 141.138 1633 7 1 146.793 5.5551 5.55 
     95 113.665 927 7 0 146.794 5.55464 4.15 
     95 112.234 1633 6 1 146.811 5.54903 -24.45 
     95 138.391 927 6 0 146.812 5.54865 -25.85 
     95 125.617 1633 5 1 146.829 5.53956 -54.45 
     95 113.317 927 5 0 146.829 5.539 -55.85 
     95 245.24 1633 4 1 146.839 5.53201 -84.45 
     95 222.951 927 4 0 146.838 5.53227 -85.85 
     95 132.471 1633 3 1 146.83 5.53436 -114.45 
     95 130.12 927 3 0 146.829 5.53493 -115.85 
     95 125.951 1633 2 1 146.804 5.54402 -144.45 
     95 119.355 927 2 0 146.803 5.54594 -145.85 
     95 134.645 1633 1 1 146.773 5.5917 -174.45 
     95 123.557 927 1 0 146.771 5.59412 -175.85 
     95 91.2292 1632 0 1 146.749 5.64652 -204.45 
     95 115.437 927 0 0 146.748 5.64898 -205.85 
     95 227.047 1558 0 1 131.95 22.0394 -204.575 
     95 180.286 926 4 0 146.801 5.44992 -86.18 
     95 101.044 1639 3 1 147.96 1.89018 -114.45 
     95 4.66476 908 3 0 148.175 1.6541 -115.85 
     95 134.07 907 3 0 148.179 1.65 -115.874 
     95 110.707 1659 2 1 151.954 -3.29449 -144.45 
     95 51.105 881 2 0 152.049 -3.7905 -145.85 
     95 80.0284 880 2 0 152.059 -3.85 -146.02 
     95 143.426 1667 1 1 153.655 -14.344 -174.451 
     95 151.795 826 1 0 153.626 -14.728 -175.85 
     95 118.564 1663 0 1 152.92 -22.1529 -204.45 
     95 146.057 787 0 0 152.932 -22.4705 -205.85 
Number of digits in this event: 18
Using G4ParticleGun... 
Particle energy: 7.81118 LIN
Particle: e-
Event: 96
Number of tracker hits in this event: 113
     96 381.428 1535 9 1 127.261 0.0573903 65.55 
     96 238.951 900 9 0 127.26 0.0596124 64.15 
     96 112.351 1535 8 1 127.236 0.0979468 35.55 
     96 107.343 900 8 0 127.236 0.0988261 34.15 
     96 105.801 1535 7 1 127.226 0.115375 5.55 
     96 120.576 900 7 0 127.224 0.116605 4.15 
     96 420.5 1535 6 1 127.194 0.139411 -24.45 
     96 234.154 900 6 0 127.194 0.139993 -25.85 
     96 201.802 1535 5 1 127.185 0.156091 -54.45 
     96 299.586 900 5 0 127.185 0.156335 -55.85 
     96 380.696 1535 4 1 127.199 0.156966 -84.45 
     96 575.188 900 4 0 127.2 0.157071 -85.85 
     96 111.56 1535 3 1 127.217 0.160214 -114.45 
     96 134.99 900 3 0 127.218 0.160045 -115.85 
     96 135.151 1535 2 1 127.248 0.158691 -144.45 
     96 172.409 900 2 0 127.249 0.158896 -145.85 
     96 103.465 1535 1 1 127.276 0.161531 -174.45 
     96 111.518 900 1 0 127.277 0.162324 -175.85 
     96 139.891 1535 0 1 127.29 0.180508 -204.45 
     96 101.695 900 0 0 127.292 0.180884 -205.85 
     96 1.35895 1681 7 1 156.416 51.0898 5.54997 
     96 24.0678 1163 1 0 53.9579 52.8027 -176.25 
     96 343.08 1164 1 0 53.8859 52.85 -176.179 
     96 335.825 716 7 0 93.1664 -36.7758 3.75 
     96 171.298 717 7 0 93.1404 -36.6499 3.81451 
     96 82.6766 573 1 1 -65.3528 148.507 -174.45 
     96 283.775 572 1 1 -65.45 148.421 -174.559 
     96 216.956 1534 4 1 127.15 0.102243 -84.6517 
     96 175.816 706 4 0 142.066 -38.7259 -86.2499 
     96 101.885 458 4 0 102.682 -88.3656 -86.25 
     96 71.5553 457 4 0 102.644 -88.45 -86.2417 
     96 119.861 1533 3 1 126.924 0.643346 -114.45 
     96 151.277 902 3 0 126.98 0.486721 -115.85 
     96 50.3531 901 3 0 126.993 0.45 -116.213 
     96 119.075 1539 2 1 128.085 -2.42969 -144.45 
     96 131.587 887 2 0 128.079 -2.54442 -145.85 
     96 112.199 1539 1 1 128.132 -5.32891 -174.45 
     96 197.953 872 1 0 128.051 -5.48624 -175.85 
     96 116.267 1543 0 1 128.831 -11.2319 -204.45 
     96 6.01904 840 0 0 128.575 -12.0355 -205.85 
     96 112.051 839 0 0 128.57 -12.0501 -205.876 
     96 16.392 838 0 0 128.503 -12.25 -206.202 
     96 55.0362 1526 3 1 125.476 2.15731 -114.45 
     96 121.697 1525 3 1 125.35 2.20831 -114.618 
     96 14.346 1524 3 1 125.15 2.42421 -114.829 
     96 34.549 920 3 0 124.082 4.1918 -115.85 
     96 97.7664 921 3 0 124.041 4.25 -115.886 
     96 107.589 922 3 0 123.913 4.45 -116.047 
     96 68.6991 923 3 0 123.668 4.65 -116.21 
     96 27.0614 1210 3 0 77.9963 62.1459 -116.25 
     96 79.1205 1211 3 0 78.0318 62.25 -116.189 
     96 71.1864 1212 3 0 78.0917 62.4503 -116.027 
     96 2.26069 1213 3 0 78.2201 62.65 -115.855 
     96 228.276 1294 3 1 78.8655 64.0236 -114.85 
     96 25.3181 901 0 0 127.235 0.348365 -206.193 
     96 105.83 1048 6 0 166.415 29.7212 -26.25 
     96 148.467 901 5 0 127.192 0.268767 -55.85 
     96 109.719 1528 4 1 125.863 3.22837 -84.45 
     96 109.459 915 4 0 125.809 3.19237 -85.85 
     96 113.998 1527 3 1 125.672 2.16484 -114.45 
     96 155.155 911 3 0 125.872 2.44598 -115.85 
     96 133.833 912 3 0 125.875 2.45 -115.869 
     96 141.256 1545 2 1 129.228 8.01884 -144.45 
     96 99.1548 941 2 0 129.147 8.38887 -145.851 
     96 85.2114 942 2 0 129.13 8.45 -146.086 
     96 109.818 1525 1 1 125.321 13.7264 -174.45 
     96 167.37 966 1 0 124.882 13.4412 -175.85 
     96 38.0546 1463 0 1 112.829 5.18451 -204.45 
     96 105.99 1462 0 1 112.75 5.15277 -204.589 
     96 92.2021 924 0 0 112.061 4.91011 -205.85 
     96 32.1912 923 0 0 111.874 4.84996 -206.153 
     96 238.4 1546 2 1 129.376 8.37966 -144.85 
     96 94.6013 1536 9 1 127.35 0.103082 65.4119 
     96 162.232 901 6 0 127.433 0.383186 -25.85 
     96 135.906 1563 5 1 132.87 4.06081 -54.45 
     96 111.535 913 5 0 132.502 2.84908 -55.8501 
     96 84.1057 912 5 0 132.417 2.65 -56.0693 
     96 0.937692 911 5 0 132.36 2.45 -56.2469 
     96 281.636 716 5 0 155.783 -36.655 -56.25 
     96 32.5802 715 5 0 156.253 -36.85 -55.8959 
     96 11.2289 1688 5 1 157.911 -37.5232 -54.85 
     96 76.4457 1689 5 1 157.95 -37.5403 -54.8237 
     96 61.452 1690 5 1 158.15 -37.6096 -54.7071 
     96 77.6844 1691 5 1 158.35 -37.6806 -54.5886 
     96 13.6651 1692 5 1 158.55 -37.7482 -54.4803 
     96 219.024 633 6 0 168.973 -53.2508 -26.2491 
     96 32.7209 632 6 0 169.11 -53.4501 -25.9481 
     96 175.606 1744 6 1 168.992 -52.2877 -24.85 
     96 235.248 1743 6 1 168.95 -52.1822 -24.7956 
     96 279.227 1748 6 1 169.808 -54.0772 -24.8497 
     96 589.661 1749 6 1 169.95 -54.202 -24.6679 
     96 66.9842 1750 6 1 170.173 -54.5287 -24.45 
     96 113.063 1747 6 1 169.749 -55.6822 -24.532 
     96 64.8636 1746 6 1 169.55 -55.4675 -24.6934 
     96 131.964 1745 6 1 169.35 -55.2839 -24.6975 
     96 291.021 1742 6 1 168.75 -54.6322 -24.5174 
     96 145.362 1741 6 1 168.55 -54.4286 -24.5722 
     96 234.35 626 6 0 168.416 -54.7034 -25.85 
     96 17.8164 625 6 0 168.326 -54.85 -25.9493 
     96 101.822 628 6 0 169.659 -54.3508 -25.85 
     96 113.225 1530 5 1 126.239 -0.643561 -54.45 
     96 113.398 896 5 0 126.52 -0.719199 -55.8506 
     96 163.326 1561 4 1 132.356 -1.94728 -84.45 
     96 109.684 891 4 0 132.732 -1.77561 -85.85 
     96 146.466 1601 3 1 140.432 1.39993 -114.45 
     96 96.7449 907 3 0 140.775 1.5475 -115.85 
     96 157.731 1634 2 1 147.045 5.60745 -144.45 
     96 121.495 928 2 0 147.225 5.72983 -145.85 
     96 133.756 1654 1 1 150.965 8.96717 -174.45 
     96 117.482 945 1 0 151.299 9.15727 -175.85 
     96 52.978 1691 0 1 158.478 13.0158 -204.451 
     96 69.4843 1692 0 1 158.55 13.0515 -204.629 
     96 140.054 966 0 0 159.067 13.2823 -205.85 
Number of digits in this event: 51
Using G4ParticleGun... 
Particle energy: 4.75844 LIN
Particle: e-
Event: 97
Number of tracker hits in this event: 80
     97 199.617 883 11 1 -3.43508 -48.779 125.55 
     97 254.782 656 11 0 -3.43511 -48.7815 124.15 
     97 176.914 883 10 1 -3.43671 -48.83 95.55 
     97 106.676 656 10 0 -3.43704 -48.833 94.15 
     97 132.546 882 9 1 -3.45185 -48.8882 65.55 
     97 98.9141 655 9 0 -3.44653 -48.8863 64.15 
     97 119.611 883 8 1 -3.33575 -48.8515 35.55 
     97 106.438 656 8 0 -3.33128 -48.8477 34.15 
     97 95.1716 884 7 1 -3.24208 -48.7844 5.55 
     97 145.949 656 7 0 -3.23593 -48.7804 4.15 
     97 148.898 884 6 1 -3.12433 -48.7153 -24.45 
     97 130.195 656 6 0 -3.1164 -48.709 -25.85 
     97 292.096 885 5 1 -2.94787 -48.5689 -54.45 
     97 109.154 657 5 0 -2.94211 -48.5613 -55.85 
     97 141.245 886 4 1 -2.81145 -48.405 -84.45 
     97 108.518 658 4 0 -2.80293 -48.3976 -85.85 
     97 323.964 887 3 1 -2.64045 -48.2421 -114.45 
     97 297.733 659 3 0 -2.63021 -48.2331 -115.85 
     97 218.307 888 2 1 -2.4053 -48.0872 -144.45 
     97 237.587 659 2 0 -2.3925 -48.0756 -145.85 
     97 103.047 889 1 1 -2.12968 -47.8344 -174.45 
     97 157.387 661 1 0 -2.11435 -47.8251 -175.85 
     97 106.579 891 0 1 -1.78913 -47.6332 -204.45 
     97 130.23 662 0 0 -1.77686 -47.6267 -205.85 
     97 133.614 163 0 0 99.6396 -147.35 -205.973 
     97 248.687 885 4 1 -2.86644 -48.7113 -84.45 
     97 224.957 656 4 0 -2.85888 -48.7089 -85.85 
     97 102.157 886 3 1 -2.68103 -48.641 -114.45 
     97 218.412 657 3 0 -2.68441 -48.6384 -115.85 
     97 197.727 886 2 1 -2.7321 -48.5848 -144.45 
     97 118.72 657 2 0 -2.73627 -48.5786 -145.85 
     97 162.817 886 1 1 -2.8342 -48.4486 -174.45 
     97 404.176 658 1 0 -2.83256 -48.4472 -175.85 
     97 142.915 886 0 1 -2.84156 -48.4232 -204.45 
     97 216.788 658 0 0 -2.84648 -48.4152 -205.85 
     97 320.648 656 3 0 -2.79982 -48.6501 -116.103 
     97 63.4861 655 3 0 -2.81545 -48.85 -116.181 
     97 59.77 654 3 0 -2.87927 -49.05 -116.15 
     97 305.034 653 3 0 -2.92339 -49.25 -116.07 
     97 426.77 652 3 0 -3.04076 -49.45 -116.078 
     97 55.2311 651 3 0 -3.09346 -49.65 -115.972 
     97 6.20926 881 3 1 -3.83503 -50.6642 -114.85 
     97 337.174 880 3 1 -3.85 -50.6762 -114.834 
     97 285.78 879 3 1 -4.05 -50.8445 -114.735 
     97 519.223 887 1 1 -2.55222 -48.3854 -174.45 
     97 119.522 888 0 1 -2.29205 -48.0768 -204.45 
     97 128.37 659 0 0 -2.31165 -48.0811 -205.85 
     97 74.579 879 0 1 -4.1134 -47.429 -204.45 
     97 60.5343 878 0 1 -4.25 -47.359 -204.473 
     97 56.0316 877 0 1 -4.45004 -47.2409 -204.503 
     97 74.1953 876 0 1 -4.65 -47.1066 -204.528 
     97 68.9867 875 0 1 -4.85036 -46.9727 -204.525 
     97 75.9343 874 0 1 -5.05 -46.8328 -204.499 
     97 173.473 873 0 1 -5.25 -46.6888 -204.513 
     97 54.762 872 0 1 -5.45 -46.5228 -204.504 
     97 72.7801 871 0 1 -5.65067 -46.374 -204.497 
     97 115.442 870 0 1 -5.8504 -46.21 -204.48 
     97 37.7011 869 0 1 -6.05021 -46.0446 -204.467 
     97 67.1348 867 0 1 -6.47345 -45.9292 -204.45 
     97 86.9363 866 0 1 -6.65 -45.9014 -204.508 
     97 150.68 865 0 1 -6.85 -45.8471 -204.565 
     97 127.415 864 0 1 -7.05 -45.7839 -204.644 
     97 68.7622 863 0 1 -7.25022 -45.7528 -204.721 
     97 56.3464 862 0 1 -7.45 -45.7082 -204.791 
     97 380.894 674 0 0 -11.075 -45.1876 -205.85 
     97 187.416 868 0 1 -6.38176 -46.0373 -204.45 
     97 49.1571 888 3 1 -2.45 -48.7236 -114.53 
     97 82.7626 889 3 1 -2.25 -48.7632 -114.595 
     97 56.7642 890 3 1 -2.05 -48.803 -114.67 
     97 33.2671 891 3 1 -1.84963 -48.8489 -114.786 
     97 6.74017 917 3 1 3.62884 -50.1504 -114.85 
     97 55.6586 918 3 1 3.65012 -50.1564 -114.839 
     97 66.1498 919 3 1 3.85 -50.2177 -114.789 
     97 65.1788 920 3 1 4.05048 -50.2554 -114.748 
     97 104.659 921 3 1 4.25 -50.3236 -114.636 
     97 49.9188 922 3 1 4.45 -50.4111 -114.553 
     97 171.274 656 2 0 -2.2518 -48.8161 -145.85 
     97 139.311 890 1 1 -2.01868 -48.7012 -174.45 
     97 110.229 656 1 0 -2.01201 -48.6894 -175.85 
     97 116.239 890 0 1 -1.86368 -48.406 -204.45 
Number of digits in this event: 40
Using G4ParticleGun... 
Particle energy: 4.84823 LIN
Particle: e-
Event: 98
Number of tracker hits in this event: 160
     98 127.331 1269 11 1 73.9663 28.5911 125.55 
     98 107.983 1042 11 0 73.9656 28.5914 124.15 
     98 141.668 1269 10 1 73.9614 28.6004 95.55 
     98 179.907 1042 10 0 73.963 28.6007 94.15 
     98 135.825 1269 9 1 74.003 28.594 65.55 
     98 104.801 1042 9 0 74.0015 28.5904 64.15 
     98 131.88 1269 8 1 74.0076 28.5383 35.55 
     98 179.261 1042 8 0 74.0209 28.5561 34.15 
     98 150.025 1270 7 1 74.2171 28.9183 5.55 
     98 298.615 1044 7 0 74.2352 28.9309 4.15 
     98 86.7783 1272 6 1 74.646 29.2057 -24.45 
     98 44.9965 1273 6 1 74.65 29.2071 -24.6926 
     98 186.678 1045 6 0 74.668 29.2132 -25.85 
     98 98.8634 1275 5 1 75.0632 29.356 -54.45 
     98 209.94 1046 5 0 75.0783 29.3472 -55.85 
     98 121.723 1276 4 1 75.4345 29.1727 -84.45 
     98 245.722 1045 4 0 75.4342 29.1466 -85.85 
     98 132.314 1276 3 1 75.4468 28.6079 -114.45 
     98 374.329 1042 3 0 75.4571 28.5529 -115.85 
     98 153.283 1277 2 1 75.6198 27.4738 -144.45 
     98 16.0043 1037 2 0 75.6352 27.4512 -145.85 
     98 100.001 1036 2 0 75.6361 27.45 -145.926 
     98 182.914 1279 1 1 75.9437 26.9352 -174.45 
     98 119.286 1034 1 0 75.9772 26.908 -175.85 
     98 104.805 1282 0 1 76.6325 26.3112 -204.45 
     98 329.076 1031 0 0 76.656 26.3117 -205.85 
     98 112.736 1462 0 1 112.55 7.70496 -204.792 
     98 57.1776 1280 1 1 76.05 26.9251 -174.631 
     98 72.7159 1033 1 0 76.6216 26.7419 -175.851 
     98 32.9242 1032 1 0 76.7607 26.65 -176.14 
     98 71.3353 1352 0 1 90.7084 18.6238 -204.45 
     98 271.461 1351 0 1 90.5496 18.9068 -204.476 
     98 113.744 1350 0 1 90.35 19.8546 -204.561 
     98 258.947 1349 0 1 90.05 20.5478 -204.528 
     98 179.344 1348 0 1 89.8498 21.4001 -204.679 
     98 259.439 1347 0 1 89.65 21.9415 -204.715 
     98 360.399 1346 0 1 89.45 22.2871 -204.643 
     98 15.5437 1026 0 0 91.9707 25.4081 -205.85 
     98 155.306 1027 0 0 92.0234 25.45 -205.878 
     98 246.479 1028 0 0 92.284 25.65 -205.994 
     98 445.65 1029 0 0 92.7126 25.85 -206.178 
     98 22.2303 1054 0 0 118.742 30.996 -206.25 
     98 332.897 1055 0 0 118.742 31.05 -206.196 
     98 52.9747 1498 0 1 119.87 31.4539 -204.85 
     98 51.6718 1061 0 0 120.345 32.3136 -205.85 
     98 61.1652 1508 0 1 121.812 32.0416 -204.85 
     98 102.409 1030 0 0 93.9381 26.0501 -206.177 
     98 140.27 1499 0 1 119.95 20.8256 -204.769 
     98 148.177 1047 5 0 75.1813 29.45 -56.0859 
     98 153.331 1271 7 1 74.282 28.8712 5.54985 
     98 411.166 1043 7 0 74.1457 28.8329 4.15 
     98 5.43432 1260 6 1 72.2458 28.7607 -24.4511 
     98 106.16 1261 6 1 72.25 28.7599 -24.4816 
     98 137.973 1043 6 0 72.4509 28.695 -25.85 
     98 48.0535 1281 5 1 76.4196 27.0723 -54.4501 
     98 67.0591 1282 5 1 76.45 27.0599 -54.6117 
     98 105.825 1034 5 0 76.6624 26.9793 -55.8505 
     98 145.278 1304 4 1 80.9717 24.9677 -84.45 
     98 57.9941 1022 4 0 80.7471 24.5089 -85.85 
     98 75.9666 1021 4 0 80.7251 24.45 -86.0089 
     98 56.4477 603 4 0 7.27656 -59.2864 -86.25 
     98 83.9742 602 4 0 7.12494 -59.45 -86.1891 
     98 165.345 601 4 0 6.94362 -59.6501 -86.1081 
     98 90.7616 600 4 0 6.77009 -59.85 -86.0361 
     98 170.045 599 4 0 6.59673 -60.0502 -85.9582 
     98 116.902 598 4 0 6.41816 -60.25 -85.8796 
     98 23.0139 920 4 1 4.11926 -62.6649 -84.85 
     98 79.8897 919 4 1 4.05 -62.7374 -84.8179 
     98 112.647 918 4 1 3.84996 -62.951 -84.7247 
     98 119.021 917 4 1 3.65 -63.1955 -84.6122 
     98 30.6745 916 4 1 3.45 -63.4385 -84.4881 
     98 130.136 514 5 0 -36.0777 -77.1349 -56.25 
     98 108.27 513 5 0 -36.3803 -77.2502 -56.0281 
     98 36.9924 709 5 1 -38.1657 -77.7402 -54.85 
     98 59.3068 708 5 1 -38.2502 -77.7633 -54.7919 
     98 72.5516 707 5 1 -38.45 -77.8225 -54.6549 
     98 71.9366 706 5 1 -38.6501 -77.883 -54.5273 
     98 109.785 675 5 1 -44.9339 -77.088 -54.45 
     98 116.328 512 5 0 -44.9971 -77.5195 -55.85 
     98 99.3798 574 5 0 -65.5323 -65.2317 -56.25 
     98 54.6584 575 5 0 -65.6456 -65.05 -55.9809 
     98 118.205 570 5 1 -65.9149 -63.539 -54.85 
     98 262.087 571 5 1 -65.85 -63.2089 -54.6698 
     98 69.5158 572 5 1 -65.65 -62.8773 -54.5208 
     98 130.076 584 5 0 -66.1574 -63.1265 -55.8501 
     98 89.3975 627 5 0 -28.4113 -54.5826 -56.25 
     98 135.989 626 5 0 -28.3374 -54.65 -56.1427 
     98 68.9223 759 5 1 -28.2108 -55.1016 -54.85 
     98 226.19 758 5 1 -28.25 -55.0819 -54.7168 
     98 49.1571 757 5 1 -28.45 -55.0039 -54.6755 
     98 62.6648 637 5 0 -29.947 -52.5848 -55.85 
     98 565.879 1272 7 1 74.45 29.0442 5.31551 
     98 14.8188 1048 7 0 75.0194 29.8233 4.15 
     98 249.855 1049 7 0 75.037 29.85 4.08592 
     98 86.7101 1112 7 0 107.508 42.5504 3.75 
     98 422.541 1113 7 0 107.635 42.65 3.94098 
     98 62.7964 1076 7 0 17.5426 35.25 3.85818 
     98 63.7035 1047 7 0 74.7447 29.5884 4.15 
     98 67.7758 1258 0 0 97.1013 71.7596 -206.25 
     98 91.7516 1259 0 0 97.091 71.85 -206.091 
     98 89.1688 1260 0 0 97.0523 72.05 -205.979 
     98 112.288 1377 0 1 95.7359 73.003 -204.85 
     98 51.0006 1274 0 0 95.8626 74.9545 -205.85 
     98 217.961 1275 0 0 95.8258 75.05 -205.907 
     98 114.906 149 1 1 -150.16 114.037 -174.45 
     98 213.082 150 1 1 -150.15 113.96 -174.499 
     98 251.502 1271 3 1 74.2882 28.5402 -114.45 
     98 288.793 1271 2 1 74.349 28.5144 -144.45 
     98 347.521 1042 2 0 74.3536 28.514 -145.85 
     98 126.513 1272 1 1 74.4676 28.5084 -174.45 
     98 134.508 1042 1 0 74.4733 28.5083 -175.85 
     98 140.01 1272 0 1 74.5808 28.4984 -204.45 
     98 145.383 1042 0 0 74.5905 28.4957 -205.85 
     98 211.519 582 7 1 -63.6178 178.861 5.15 
     98 35.6036 1262 1 1 72.45 124.68 -174.617 
     98 119.156 1270 2 1 74.1492 28.4855 -144.45 
     98 121.952 1268 1 1 73.8066 28.1501 -174.45 
     98 100.276 1040 1 0 73.7877 28.1362 -175.85 
     98 154.196 1266 0 1 73.3802 27.8473 -204.45 
     98 103.015 1038 0 0 73.3615 27.8264 -205.85 
     98 48.8444 1043 2 0 74.1236 28.65 -145.907 
     98 112.211 1041 0 0 74.1958 28.3154 -206.06 
     98 43.8616 1040 0 0 74.277 28.25 -206.186 
     98 85.263 1111 2 1 42.3586 174.249 -144.45 
     98 133.732 1269 4 1 73.9003 28.7525 -84.45 
     98 125.335 1043 4 0 73.8576 28.7804 -85.85 
     98 140.088 1266 3 1 73.2744 29.2489 -114.45 
     98 102.247 1046 3 0 73.2689 29.2518 -115.85 
     98 106.52 1265 2 1 73.2267 29.337 -144.45 
     98 122.211 1046 2 0 73.0885 29.2883 -145.85 
     98 109.73 1250 1 1 70.1323 28.4684 -174.45 
     98 276.207 1041 1 0 69.9941 28.3995 -175.85 
     98 116.639 1235 0 1 67.1506 26.9363 -204.45 
     98 48.3966 1033 0 0 67.0521 26.679 -205.85 
     98 63.2333 1032 0 0 67.0413 26.65 -206.005 
     98 233.331 1268 4 1 73.85 28.8015 -84.4818 
     98 28.8539 1267 4 1 73.65 28.6482 -84.7526 
     98 165.899 1039 4 0 72.6321 28.0345 -85.8501 
     98 188.468 1135 3 1 47.0645 19.3571 -114.45 
     98 121.886 1136 3 1 47.25 18.8336 -114.714 
     98 0.586783 984 3 0 48.2421 16.8526 -115.85 
     98 75.9792 983 3 0 48.2434 16.85 -115.852 
     98 234.28 982 3 0 48.3846 16.65 -115.962 
     98 142.101 981 3 0 48.5284 16.45 -116.064 
     98 26.8979 980 3 0 48.7053 16.25 -116.188 
     98 210.812 872 3 0 109.928 -5.45237 -116.25 
     98 504.815 873 3 0 109.94 -5.45 -116.24 
     98 41.9567 1553 2 1 130.846 -6.28036 -144.45 
     98 90.5502 1554 2 1 130.95 -6.22794 -144.507 
     98 103.903 1555 2 1 131.15 -6.09617 -144.628 
     98 41.6835 1556 2 1 131.35 -6.04398 -144.785 
     98 122.581 871 2 0 132.692 -5.7619 -145.85 
     98 69.4285 872 2 0 132.913 -5.65 -146.107 
     98 138.429 1073 2 0 155.397 34.7158 -146.25 
     98 298.278 1677 2 1 155.645 34.6581 -144.85 
     98 90.8208 1678 2 1 155.75 33.988 -144.616 
     98 163.871 1679 2 1 155.95 33.7387 -144.558 
     98 36.1189 1680 2 1 156.15 33.4612 -144.747 
     98 23.0695 1065 2 0 157.046 33.2498 -145.85 
     98 164.778 1066 2 0 157.072 33.25 -145.905 
Number of digits in this event: 75
Using G4ParticleGun... 
Particle energy: 1.05139 LIN
Particle: e-
Event: 99
Number of tracker hits in this event: 17
     99 143.333 1313 9 1 82.6934 90.3654 65.55 
     99 132.602 1351 9 0 82.6904 90.3568 64.15 
     99 127.442 1313 8 1 82.6854 90.1902 35.55 
     99 153.606 1350 8 0 82.6912 90.1766 34.15 
     99 105.736 1313 7 1 82.7986 89.8903 5.55 
     99 215.675 1349 7 0 82.8189 89.8972 4.15 
     99 129.988 1316 6 1 83.2558 90.0048 -24.45 
     99 99.077 1349 6 0 83.2702 90.0079 -25.85 
     99 138.568 1319 4 1 83.946 90.2302 -84.45 
     99 235.709 1350 4 0 83.9576 90.2369 -85.85 
     99 193.611 1320 3 1 84.1779 90.3693 -114.45 
     99 136.028 1351 3 0 84.1804 90.364 -115.85 
     99 102.232 1320 2 1 84.1845 90.2428 -144.45 
     99 103.679 1350 2 0 84.1978 90.2414 -145.85 
     99 151.498 1322 1 1 84.4954 90.1581 -174.45 
     99 126.074 1350 1 0 84.51 90.1565 -175.85 
     99 16.7203 1325 0 1 85.2254 90.6796 -204.45 
Number of digits in this event: 13
 Run terminated.
Run Summary
  Number of events processed : 100
  User=22.890000s Real=24.055633s Sys=0.020000s
End of Run 2
Graphics systems deleted.
Visualization Manager deleting...
================== Deleting memory pools ===================
Number of memory pools allocated: 19 of which, static: 0
Dynamic pools deleted: 19 / Total memory freed: 0.19 MB
============================================================
