Hit#    X, mm   Y, mm   Z, mm
0     	8.873	-16.157	-331.114
1	2.202	12.995	-329.377
2	-2.176	6.406	-328.079
3	-11.337	5.805	-329.259
4	-2.660	-10.621	-328.827
5	-20.777	-5.306	-332.412
6	3.165	-13.954	-329.697
7	-9.581	12.918	-330.258
8	12.668	14.837	-331.552
9	-3.462	8.208	-328.417
10	0.988	-6.129	-328.007
11	8.205	-6.759	-328.757
12	7.467	-7.606	-328.763
13	6.708	-5.941	-328.426
14	-3.430	-19.828	-331.814
15	8.120	-14.998	-330.596
16	-9.672	17.019	-331.579
17	-4.665	-10.474	-328.945
18	7.825	20.994	-332.876
19	11.184	-18.775	-332.607
20	20.794	0.231	-332.112
21	19.326	3.390	-331.599
22	-9.128	3.141	-328.556
23	-11.090	4.235	-329.041
24	-9.815	-4.388	-328.783
25	15.601	-15.401	-332.640
26	2.720	9.738	-328.648
27	10.196	-6.141	-329.049
28	17.510	10.002	-331.832
29	-5.454	10.377	-329.005
30	15.301	-13.316	-331.884
31	12.963	-4.762	-329.552
32	-8.807	-2.068	-328.442
33	14.453	5.855	-330.096
34	-7.680	11.133	-329.472
35	4.631	-17.801	-331.099
36	19.709	-4.884	-331.894
37	-21.452	5.885	-332.797
38	-7.488	18.159	-331.608
39	-16.003	-8.546	-331.001
40	-17.772	5.678	-331.203
41	7.663	0.867	-328.217
42	6.521	-5.584	-328.360
43	0.293	17.886	-330.904
44	1.582	0.350	-327.649
45	2.281	7.056	-328.172
46	8.807	-3.304	-328.509
47	13.614	-18.181	-333.030
48	-12.470	8.564	-329.947
49	-17.491	14.498	-333.033
50	1.113	18.962	-331.339
51	-14.589	-9.169	-330.660
52	-4.196	8.405	-328.506
53	-5.900	14.202	-330.027
54	-4.360	-13.982	-329.798
55	6.018	-18.722	-331.618
56	3.748	21.349	-332.521
57	-12.992	-12.864	-331.056
58	-16.063	9.322	-331.169
59	5.378	16.625	-330.749
60	17.215	10.852	-331.914
61	-18.115	3.694	-331.136
62	-0.592	-14.166	-329.658
63	7.432	6.197	-328.561
64	7.035	10.704	-329.278
65	3.760	-8.597	-328.504
66	13.627	16.216	-332.289
67	17.826	-7.766	-331.524
68	-1.533	1.270	-327.663
69	-0.861	12.421	-329.185
70	19.552	3.778	-331.723
71	8.196	-0.976	-328.304
72	-6.074	-15.961	-330.604
73	-5.355	-6.142	-328.286
74	-13.685	-14.211	-331.644
75	-2.100	-11.570	-329.014
76	11.838	-7.083	-329.548
77	10.181	0.558	-328.665
78	-2.798	16.872	-330.613
79	-5.834	-5.964	-328.319
80	0.549	21.965	-332.664
81	-3.713	-13.852	-329.706
82	-6.027	8.762	-328.758
83	16.462	5.064	-330.657
84	-1.125	6.476	-328.054
85	-11.827	17.560	-332.284
86	-14.808	16.344	-332.704
87	9.330	16.906	-331.468
88	-9.388	-10.734	-329.682
89	12.182	-8.089	-329.791
90	4.660	9.040	-328.660
91	18.162	9.662	-332.012
92	15.685	9.905	-331.161
93	-12.672	17.531	-332.500
94	-5.414	-1.650	-327.942
95	-0.233	-10.607	-328.752
96	2.817	12.003	-329.154
97	17.588	11.759	-332.278
98	-16.284	1.864	-330.362
99	-5.269	-5.810	-328.237
100	1.672	5.816	-327.988
101	15.834	10.027	-331.237
102	-9.920	14.466	-330.774
103	5.750	-5.224	-328.226
104	-0.276	4.265	-327.805
105	14.999	16.132	-332.691
106	-8.276	-21.283	-333.092
107	-9.960	-20.471	-333.056
108	10.590	-11.975	-330.225
109	-6.949	-6.890	-328.582
110	-4.024	-1.422	-327.804
111	-10.720	-5.185	-329.050
112	-5.255	16.485	-330.686
113	-1.997	2.571	-327.729
114	2.838	5.864	-328.046
115	-12.785	2.052	-329.315
116	-4.055	-1.614	-327.813
117	13.142	-1.713	-329.397
118	-16.991	12.936	-332.370
119	-13.538	14.028	-331.546
120	4.642	-7.590	-328.415
121	15.692	-11.672	-331.572
122	0.579	-16.514	-330.408
123	10.011	17.928	-331.995
124	13.198	6.423	-329.808
125	-3.384	-11.071	-328.971
126	-18.351	13.465	-333.054
127	-16.414	12.556	-332.054
128	-2.937	-8.252	-328.390
129	9.041	17.235	-331.532
130	-18.331	7.212	-331.631
131	-18.951	-10.902	-332.611
132	9.550	-5.841	-328.882
133	0.844	-9.907	-328.614
134	-7.641	-20.115	-332.447
135	-21.475	0.196	-332.427
136	-16.847	-13.426	-332.458
137	-3.132	2.181	-327.768
138	-11.696	-15.946	-331.664
139	17.483	-3.885	-330.912
140	-13.966	-0.739	-329.602
141	-3.165	1.074	-327.734
142	10.701	-2.313	-328.826
143	-21.204	0.723	-332.306
144	-5.185	22.022	-332.985
145	3.685	-1.342	-327.776
146	-2.696	-11.626	-329.056
147	16.847	-2.331	-330.579
148	18.312	-5.654	-331.408
149	-10.724	9.860	-329.774
150	8.687	19.497	-332.365
151	10.816	-10.367	-329.901
152	1.470	-16.952	-330.582
153	4.026	12.741	-329.427
154	4.832	-13.259	-329.639
155	-13.690	-8.638	-330.293
156	13.289	0.400	-329.408
157	-11.913	3.163	-329.153
158	-2.874	-15.092	-330.022
159	-10.601	-19.475	-332.762
160	15.396	-1.129	-330.045
161	13.825	7.298	-330.109
162	2.132	19.963	-331.794
163	-3.080	15.881	-330.290
164	-16.577	-12.766	-332.171
165	-20.746	3.017	-332.189
166	11.520	-9.995	-329.986
167	-4.070	-20.154	-332.007
168	8.979	-6.100	-328.806
169	-6.811	-7.497	-328.651
170	12.495	-11.021	-330.456
171	-8.781	5.374	-328.686
172	-4.982	-14.500	-330.011
173	-2.342	-21.986	-332.731
174	1.122	-12.649	-329.249
175	-9.517	11.632	-329.916
176	0.931	-18.941	-331.326
177	14.267	2.836	-329.768
178	-20.092	-8.206	-332.534
179	0.341	-4.532	-327.829
180	2.545	-3.236	-327.792
181	5.629	12.215	-329.451
182	-6.486	7.599	-328.623
183	17.396	-1.655	-330.749
184	-13.404	-7.256	-329.983
185	6.590	20.993	-332.679
186	1.709	0.588	-327.656
187	16.784	-12.073	-332.058
188	1.967	5.775	-327.994
189	12.619	11.213	-330.534
190	12.151	-15.159	-331.517
191	-13.784	-11.357	-330.893
192	-4.488	-2.821	-327.903
193	-10.309	0.506	-328.691
194	5.754	-18.822	-331.624
195	7.744	10.351	-329.309
196	-3.126	11.430	-329.036
197	3.148	-12.214	-329.227
198	-6.190	-4.540	-328.211
199	2.129	-5.938	-328.020
200	-5.050	-8.599	-328.619
201	0.562	9.773	-328.583
202	7.336	6.264	-328.555
203	5.276	1.922	-327.937
204	-12.516	-7.764	-329.823
205	10.988	-10.630	-329.998
206	-7.981	-1.703	-328.288
207	-11.269	0.423	-328.901
208	-8.342	-14.025	-330.338
209	-17.663	-5.564	-331.148
210	-1.958	5.988	-328.019
211	-15.086	6.201	-330.335
212	-10.134	-15.428	-331.124
213	13.316	15.392	-331.915
214	-18.023	3.197	-331.064
215	-5.895	9.150	-328.812
216	-5.165	11.643	-329.259
217	16.352	12.200	-331.936
218	1.712	-20.176	-331.869
219	8.383	7.109	-328.836
220	11.409	0.465	-328.934
221	1.405	5.412	-327.934
222	-17.131	-8.893	-331.465
223	-12.301	-0.286	-329.148
224	-2.670	19.335	-331.555
225	2.763	-2.153	-327.745
226	9.286	-15.267	-330.897
227	15.706	10.303	-331.254
228	-8.353	-8.378	-329.031
229	-17.025	12.814	-332.348
230	-7.147	21.503	-333.003
231	-0.500	-20.712	-332.077
232	8.338	-10.490	-329.437
233	-6.007	4.139	-328.154
234	2.013	-8.166	-328.330
235	10.349	5.549	-329.010
236	-3.467	11.194	-329.004
237	6.465	-19.919	-332.179
238	12.714	-3.067	-329.350
239	12.903	-6.714	-329.767
240	19.034	9.991	-332.437
241	15.878	0.575	-330.193
242	8.512	16.085	-331.023
243	-14.539	12.472	-331.405
244	-13.481	-14.173	-331.573
245	2.916	-5.124	-327.969
246	-1.611	-15.235	-330.008
247	12.117	-6.406	-329.522
248	-20.113	10.699	-333.065
249	1.131	-6.318	-328.034
250	-5.389	-18.685	-331.525
251	-20.566	4.313	-332.212
252	-0.631	-8.298	-328.315
253	-6.915	3.910	-328.253
254	6.364	-9.352	-328.909
255	-8.457	15.329	-330.761
256	-10.891	3.525	-328.940
257	0.925	0.122	-327.632
258	-3.352	16.607	-330.555
259	11.734	5.391	-329.305
260	0.033	7.101	-328.126
261	1.889	16.700	-330.507
262	-18.739	-1.410	-331.257
263	5.303	-5.282	-328.182
264	13.018	3.939	-329.493
265	9.296	-11.311	-329.796
266	-1.727	9.179	-328.496
267	-0.181	11.638	-328.985
268	20.143	6.752	-332.319
269	-1.063	-2.985	-327.723
270	10.253	9.268	-329.555
271	10.288	15.181	-331.077
272	16.990	-3.789	-330.724
273	-2.334	2.842	-327.758
274	4.095	8.994	-328.602
275	-7.543	10.943	-329.407
276	-2.365	6.477	-328.097
277	2.769	12.463	-329.267
278	-2.635	-4.328	-327.879
279	-14.635	12.358	-331.404
280	-4.557	-3.556	-327.956
281	-6.465	-1.833	-328.073
282	-7.689	-14.188	-330.276
283	10.173	-14.902	-330.963
284	-15.852	14.969	-332.582
285	3.056	3.132	-327.814
286	-12.111	-13.792	-331.084
287	18.277	11.701	-332.534
288	-11.383	-4.714	-329.152
289	-4.381	-4.560	-328.021
290	-7.847	-7.614	-328.823
291	19.004	6.960	-331.864
292	-1.359	-12.370	-329.183
293	-3.543	-18.770	-331.382
294	11.991	5.201	-329.347
295	-1.065	12.173	-329.127
296	-10.599	16.640	-331.644
297	-9.494	5.266	-328.806
298	-7.922	-6.601	-328.689
299	-11.784	6.804	-329.495
300	-6.578	-2.071	-328.097
301	-9.472	-1.184	-328.535
302	0.143	-5.860	-327.965
303	13.002	-18.124	-332.827
304	-17.767	3.398	-330.981
305	12.553	10.717	-330.402
306	12.075	14.204	-331.197
307	-9.856	9.742	-329.566
308	15.617	8.163	-330.804
309	-14.220	-0.645	-329.675
310	-21.442	1.735	-332.444
311	19.868	-8.646	-332.518
312	-14.682	14.756	-332.122
313	-5.393	1.846	-327.947
314	-5.697	-20.836	-332.486
315	2.219	-12.927	-329.359
316	15.279	11.091	-331.292
317	16.623	-0.575	-330.446
318	11.507	5.371	-329.249
319	-11.840	-8.436	-329.765
320	18.931	11.975	-332.874
321	-16.625	15.562	-333.060
322	-17.590	10.170	-331.900
323	19.832	-1.079	-331.701
324	3.004	13.854	-329.657
325	-0.261	13.637	-329.504
326	18.527	-5.446	-331.469
327	6.840	-2.074	-328.133
328	-0.047	22.222	-332.786
329	-18.729	9.694	-332.246
330	-6.810	-2.724	-328.160
331	10.362	-0.780	-328.706
332	-4.641	-20.926	-332.407
333	7.946	19.528	-332.244
334	5.956	13.698	-329.887
335	-2.167	-6.597	-328.104
336	5.441	17.694	-331.145
337	-16.584	12.336	-332.056
338	13.190	6.868	-329.867
339	-9.632	1.167	-328.566
340	14.702	5.356	-330.113
341	-12.098	-5.386	-329.394
342	1.252	2.632	-327.708
343	-18.734	-8.759	-332.061
344	-15.188	13.350	-331.868
345	-1.375	8.947	-328.443
346	-3.366	4.349	-327.924
347	-5.668	-3.091	-328.038
348	-1.530	8.864	-328.432
349	8.288	-3.083	-328.405
350	10.844	-12.312	-330.368
351	1.967	-4.526	-327.865
352	-10.565	-4.944	-328.992
353	-18.180	-10.199	-332.135
354	4.496	-2.135	-327.870
355	12.802	-3.468	-329.399
356	-20.206	7.885	-332.528
357	-8.702	12.336	-329.937
358	4.250	16.871	-330.721
359	-8.054	19.528	-332.263
360	-18.152	-5.488	-331.326
361	-5.139	7.767	-328.491
362	-6.360	-0.366	-328.028
363	2.368	10.343	-328.753
364	-2.876	-0.922	-327.714
365	-18.112	8.120	-331.696
366	-3.606	-8.486	-328.474
367	-6.942	-13.123	-329.859
368	-8.789	-17.191	-331.467
369	17.422	1.865	-330.766
370	6.134	-18.795	-331.662
371	7.395	-9.954	-329.172
372	2.694	-12.764	-329.340
373	-8.786	6.279	-328.794
374	-22.057	1.469	-332.729
375	-4.431	10.228	-328.871
376	-7.845	2.702	-328.311
377	-10.505	-17.253	-331.847
378	-5.907	3.420	-328.088
379	4.889	-2.269	-327.912
380	3.582	14.125	-329.775
381	3.497	-8.544	-328.476
382	6.519	-19.707	-332.095
383	5.541	2.308	-327.982
384	8.050	-18.469	-331.825
385	-6.898	2.745	-328.173
386	-11.009	5.957	-329.202
387	0.252	-5.941	-327.975
388	-2.059	-6.138	-328.041
389	10.670	1.414	-328.786
390	5.965	14.687	-330.181
391	-10.488	13.729	-330.676
392	1.923	15.651	-330.153
393	18.490	12.233	-332.760
394	18.315	13.158	-332.949
395	2.860	-16.118	-330.355
396	-1.301	-19.484	-331.559
397	-8.813	-3.385	-328.515
398	0.283	-18.661	-331.206
399	22.463	-1.903	-332.945
400	-14.654	14.521	-332.038
401	4.364	21.512	-332.653
402	21.148	-1.557	-332.300
403	-12.387	9.757	-330.153
404	-19.589	-9.856	-332.643
405	8.847	11.252	-329.698
406	8.194	6.382	-328.705
407	-5.954	-11.012	-329.203
408	-7.757	3.021	-328.315
409	-14.322	8.541	-330.461
410	-5.320	-17.687	-331.129
411	-10.903	-12.382	-330.400
412	2.525	12.469	-329.255
413	15.327	11.377	-331.377
414	7.670	-10.780	-329.390
415	-6.083	-4.974	-328.239
416	14.884	-4.783	-330.109
417	0.947	0.622	-327.636
418	2.989	-4.522	-327.916
419	-12.389	6.391	-329.589
420	14.016	3.295	-329.723
421	11.091	9.950	-329.876
422	-9.141	-2.136	-328.505
423	10.712	7.785	-329.394
424	-2.057	12.628	-329.274
425	8.105	8.341	-328.983
426	8.595	1.040	-328.372
427	14.097	2.902	-329.722
428	-8.718	-5.742	-328.716
429	-1.342	-3.747	-327.781
430	-17.969	-7.196	-331.487
431	2.290	6.173	-328.055
432	11.222	-10.627	-330.051
433	-1.882	14.390	-329.757
434	12.058	-18.309	-332.640
435	-6.028	16.208	-330.682
436	10.445	-15.285	-331.146
437	17.403	-12.083	-332.292
438	-17.115	5.538	-330.942
439	-21.448	6.673	-332.905
440	-7.011	-3.437	-328.232
441	10.761	-0.031	-328.785
442	-21.081	1.371	-332.263
443	3.628	-4.144	-327.925
444	-8.819	14.949	-330.706
445	-7.506	10.329	-329.267
446	-0.773	2.998	-327.718
447	-5.458	5.260	-328.197
448	12.921	-3.912	-329.465
449	15.382	2.719	-330.105
450	9.695	-15.020	-330.900
451	-10.095	0.204	-328.645
452	14.054	-1.224	-329.637
453	5.265	-19.372	-331.793
454	7.293	-8.077	-328.812
455	-2.469	-13.727	-329.591
456	4.284	6.738	-328.260
457	-5.741	2.455	-328.011
458	-16.410	-9.391	-331.304
459	3.151	-2.679	-327.793
460	13.342	3.216	-329.528
461	-10.593	-3.644	-328.884
462	-8.063	-2.800	-328.351
463	3.767	-16.213	-330.451
464	6.446	-18.613	-331.631
465	4.120	-1.146	-327.805
466	8.134	6.471	-328.707
467	0.007	-2.513	-327.686
468	7.761	8.873	-329.021
469	9.062	18.895	-332.186
470	-12.138	4.358	-329.301
471	14.437	-3.422	-329.856
472	17.815	-7.586	-331.490
473	3.731	-8.211	-328.437
474	-6.833	3.523	-328.213
475	3.461	-0.496	-327.745
476	-6.413	-12.657	-329.661
477	-4.352	-19.360	-331.693
478	6.030	-1.329	-328.003
479	3.939	-13.782	-329.704
480	-5.476	-19.871	-332.030
481	7.094	-19.629	-332.147
482	-6.531	2.240	-328.098
483	9.959	14.396	-330.760
484	9.781	-17.101	-331.632
485	-7.506	3.986	-328.345
486	-18.074	4.737	-331.214
487	20.042	4.197	-331.970
488	-16.200	14.394	-332.519
489	5.929	3.563	-328.100
490	-10.662	-12.944	-330.495
491	10.695	10.317	-329.864
492	4.475	-13.280	-329.610
493	13.698	4.308	-329.712
494	15.889	6.659	-330.659
495	17.547	-3.130	-330.880
496	-10.375	-14.099	-330.760
497	3.853	-4.677	-327.989
498	-16.044	-1.676	-330.274
499	-1.440	-14.456	-329.762
500	5.696	-9.010	-328.763
501	-7.851	15.221	-330.622
502	-15.676	-0.640	-330.127
503	-6.106	-9.646	-328.933
504	0.888	14.205	-329.674
505	9.215	6.784	-328.939
506	22.751	-1.268	-333.067
507	12.142	17.809	-332.464
508	8.325	-8.409	-329.032
509	-7.239	4.945	-328.392
510	-10.560	-4.335	-328.933
511	4.906	9.384	-328.748
512	-10.641	-19.614	-332.831
513	6.659	5.253	-328.342
514	19.282	0.421	-331.459
515	21.409	5.936	-332.783
516	0.827	3.570	-327.757
517	17.337	11.770	-332.185
518	-14.945	-13.446	-331.806
519	-0.642	2.659	-327.698
520	11.851	-12.777	-330.731
521	-8.270	0.440	-328.308
522	15.279	9.165	-330.877
523	-12.323	15.793	-331.774
524	-1.292	-20.457	-331.979
525	-2.086	-17.739	-330.894
526	11.328	-10.888	-330.135
527	-0.045	10.505	-328.730
528	9.139	19.233	-332.341
529	9.144	12.999	-330.194
530	1.903	3.787	-327.802
531	-7.629	-1.428	-328.224
532	15.384	14.170	-332.167
533	6.438	-11.020	-329.266
534	-7.157	12.696	-329.776
535	-14.337	-0.078	-329.705
536	0.347	4.308	-327.809
537	13.725	17.636	-332.848
538	7.876	-15.770	-330.806
539	-18.613	-8.150	-331.900
540	-14.311	-8.254	-330.407
541	-8.370	4.441	-328.522
542	-3.083	-11.398	-329.026
543	15.449	-13.952	-332.122
544	-9.350	-18.722	-332.172
545	4.777	-18.020	-331.197
546	-9.082	-6.959	-328.939
547	-4.883	9.906	-328.848
548	-0.080	20.652	-332.048
549	16.852	1.725	-330.555
550	-2.449	-8.635	-328.429
551	3.000	-5.849	-328.054
552	6.951	-8.543	-328.841
553	15.168	6.162	-330.356
554	-3.303	-20.135	-331.937
555	20.444	-0.394	-331.957
556	4.326	10.029	-328.821
557	2.735	15.107	-330.018
558	16.677	5.616	-330.794
559	-7.583	7.094	-328.704
560	-6.121	-10.813	-329.179
561	-7.639	-17.142	-331.247
562	0.705	-12.911	-329.310
563	11.971	14.254	-331.186
564	12.348	-4.733	-329.389
565	1.869	-10.099	-328.681
566	1.310	11.880	-329.061
567	-8.432	10.125	-329.376
568	-2.972	-13.043	-329.431
569	-1.566	5.246	-327.921
570	-2.183	15.354	-330.068
571	-3.997	22.508	-333.105
572	3.516	-16.595	-330.563
573	17.658	0.292	-330.818
574	22.037	4.860	-332.956
575	9.375	11.949	-329.966
576	6.212	16.748	-330.894
577	-13.498	8.577	-330.227
578	1.579	22.379	-332.891
579	9.447	-12.412	-330.097
580	-6.282	-11.018	-329.245
581	9.762	10.582	-329.723
582	-1.111	22.687	-333.031
583	16.238	10.557	-331.493
584	0.763	-17.693	-330.836
585	5.104	-2.408	-327.940
586	-10.833	3.803	-328.948
587	-13.385	11.275	-330.759
588	-4.973	-10.026	-328.881
589	3.575	-7.241	-328.274
590	-0.846	7.003	-328.119
591	22.415	-1.054	-332.893
592	3.480	14.595	-329.908
593	-2.302	-5.708	-328.001
594	-10.571	-4.790	-328.977
595	16.892	13.213	-332.412
596	-8.696	9.787	-329.353
597	8.388	-3.420	-328.444
598	-0.098	-13.104	-329.356
599	10.008	-17.758	-331.928
600	15.581	16.004	-332.842
601	7.937	-1.261	-328.268
602	3.514	-8.102	-328.403
603	20.745	-4.841	-332.345
604	-3.867	17.588	-330.950
605	-10.027	14.416	-330.781
606	18.825	-9.592	-332.264
607	20.443	-1.196	-331.970
608	-8.328	-18.027	-331.700
609	-1.757	-8.844	-328.436
610	-4.718	-12.062	-329.316
611	-12.763	-11.280	-330.588
612	6.555	12.779	-329.713
613	-10.524	-12.591	-330.369
614	5.095	1.125	-327.894
615	-16.737	-13.812	-332.533
616	12.091	-8.895	-329.910
617	-5.433	13.461	-329.758
618	-8.694	-13.514	-330.253
619	-9.385	6.409	-328.921
620	11.117	13.346	-330.710
621	-6.094	-1.216	-328.008
622	4.827	0.627	-327.859
623	17.197	0.718	-330.653
624	-0.461	-14.464	-329.745
625	19.704	5.846	-332.003
626	-17.280	-2.492	-330.743
627	5.549	-3.788	-328.073
628	-13.532	3.743	-329.618
629	-7.834	9.356	-329.123
630	19.786	-2.742	-331.750
631	14.099	0.353	-329.636
632	19.347	3.693	-331.631
633	-0.034	14.393	-329.722
634	21.559	5.319	-332.777
635	-13.290	15.213	-331.848
636	-17.039	-9.738	-331.600
637	-20.665	-0.592	-332.058
638	-6.234	-11.121	-329.262
639	3.868	10.702	-328.925
640	-19.691	-0.907	-331.637
641	-3.322	21.753	-332.680
642	-4.933	-1.122	-327.878
643	3.928	9.873	-328.756
644	6.687	8.125	-328.734
645	-1.238	1.729	-327.668
646	9.231	-7.499	-329.046
647	3.287	-14.619	-329.902
648	-15.728	-13.041	-331.949
649	-10.460	-1.612	-328.747
650	-16.093	-7.184	-330.805
651	4.605	12.835	-329.503
652	13.137	-4.923	-329.615
653	-13.202	12.338	-330.973
654	-1.486	-21.299	-332.368
655	-5.304	16.787	-330.797
656	4.902	-14.329	-329.952
657	-3.640	14.712	-329.956
658	6.784	18.761	-331.739
659	-9.279	-4.589	-328.698
660	-2.850	-10.021	-328.712
661	2.497	1.185	-327.699
662	-11.119	15.270	-331.296
663	8.386	12.913	-330.032
664	19.713	11.142	-332.995
665	-3.591	-10.037	-328.763
666	4.656	21.881	-332.859
667	-8.257	12.890	-330.004
668	10.045	-11.922	-330.094
669	6.788	-16.856	-331.012
670	-9.637	-11.855	-329.994
671	12.814	12.948	-331.030
672	9.639	-5.450	-328.855
673	5.353	-21.005	-332.522
674	5.982	20.014	-332.155
675	17.555	-10.924	-332.059
676	-0.416	-12.885	-329.300
677	3.631	12.874	-329.430
678	-12.135	-8.554	-329.859
679	-1.801	9.768	-328.611
680	11.492	-12.508	-330.571
681	-1.797	0.843	-327.662
682	2.209	3.816	-327.817
683	-0.818	15.324	-330.016
684	8.279	-12.470	-329.897
685	10.627	-2.581	-328.824
686	3.087	3.316	-327.827
687	-1.398	-18.341	-331.099
688	7.493	5.463	-328.483
689	-7.929	16.024	-330.900
690	-1.015	5.659	-327.952
691	-18.720	11.373	-332.631
692	-6.463	-12.469	-329.619
693	11.687	-9.035	-329.836
694	2.873	15.583	-330.178
695	10.907	2.958	-328.906
696	9.077	10.742	-329.625
697	-1.331	21.445	-332.443
698	1.831	-7.695	-328.248
699	-15.705	-14.719	-332.450
700	9.748	-3.412	-328.693
701	-1.297	14.350	-329.726
702	18.385	3.655	-331.238
703	-0.295	9.658	-328.558
704	-11.187	9.298	-329.778
705	-19.353	-1.041	-331.498
706	-1.046	16.026	-330.250
707	-8.529	-11.223	-329.634
708	-3.653	-11.374	-329.059
709	-6.849	1.982	-328.130
710	-0.982	-7.344	-328.171
711	8.979	-0.934	-328.438
712	3.438	-17.534	-330.896
713	-2.092	-17.059	-330.654
714	6.686	17.414	-331.201
715	-19.403	-2.098	-331.554
716	1.769	13.346	-329.454
717	2.163	2.709	-327.743
718	-2.207	-4.991	-327.920
719	16.727	-14.514	-332.748
720	-8.447	-0.480	-328.338
721	-5.027	17.351	-330.971
722	-10.856	-8.129	-329.482
723	10.294	2.871	-328.769
724	17.681	6.518	-331.278
725	12.101	-5.877	-329.452
726	4.105	-5.903	-328.139
727	4.866	9.461	-328.759
728	-6.343	-5.002	-328.275
729	-1.010	-13.101	-329.366
730	5.387	10.158	-328.952
731	0.260	20.660	-332.052
732	0.893	-2.621	-327.699
733	-1.686	11.087	-328.887
734	14.078	-7.620	-330.233
735	8.677	-12.423	-329.955
736	-12.721	-0.075	-329.255
737	-5.408	18.425	-331.424
738	13.377	9.056	-330.282
739	19.767	7.463	-332.265
740	-15.382	13.051	-331.835
741	-10.966	14.142	-330.907
742	-1.979	-13.171	-329.414
743	1.367	6.820	-328.106
744	-9.943	6.734	-329.075
745	16.720	-13.434	-332.414
746	-7.682	6.668	-328.660
747	-13.690	5.269	-329.805
748	-3.790	10.345	-328.842
749	20.474	8.065	-332.680
750	-2.405	-12.122	-329.162
751	-10.863	12.151	-330.331
752	-12.664	0.379	-329.241
753	-11.914	16.037	-331.751
754	16.736	-10.785	-331.722
755	12.965	5.923	-329.681
756	8.616	5.808	-328.706
757	0.770	17.997	-330.952
758	14.071	7.984	-330.290
759	-2.959	-5.269	-327.987
760	-14.976	14.967	-332.285
761	14.119	1.853	-329.676
762	14.953	-9.886	-330.918
763	-14.240	-3.294	-329.789
764	-6.091	21.151	-332.683
765	7.235	12.343	-329.696
766	-4.098	-7.857	-328.408
767	-7.145	-11.380	-329.447
768	11.137	-1.521	-328.892
769	12.955	11.372	-330.662
770	-13.231	0.538	-329.394
771	3.947	-5.175	-328.045
772	16.881	6.165	-330.936
773	0.767	13.694	-329.525
774	-15.177	9.648	-330.940
775	1.964	-3.562	-327.788
776	12.221	-4.438	-329.329
777	-12.211	-8.929	-329.947
778	9.814	-2.173	-328.636
779	7.351	18.035	-331.537
780	-16.097	-7.618	-330.874
781	-8.783	11.087	-329.648
782	-5.618	7.193	-328.456
783	3.854	-18.625	-331.349
784	-15.042	-16.673	-332.901
785	13.485	17.887	-332.874
786	0.623	-1.131	-327.640
787	-8.207	-12.613	-329.922
788	15.790	-3.193	-330.267
789	14.476	2.181	-329.796
790	1.232	-10.673	-328.781
791	-15.368	3.103	-330.123
792	-17.512	2.559	-330.832
793	-6.670	12.399	-329.629
794	8.855	-4.646	-328.625
795	17.303	4.492	-330.900
796	-16.057	-14.239	-332.420
797	9.989	-10.621	-329.778
798	14.716	-5.749	-330.163
799	19.149	11.834	-332.928
800	-16.939	-5.872	-330.919
801	14.576	3.664	-329.916
802	-14.930	-5.626	-330.215
803	8.094	-19.258	-332.155
804	5.942	-16.375	-330.729
805	-17.037	-4.964	-330.850
806	4.890	-15.741	-330.394
807	5.964	11.592	-329.338
808	21.921	-0.724	-332.645
809	19.070	6.389	-331.809
810	-5.824	17.264	-331.031
811	4.662	-6.837	-328.307
812	-3.665	-2.792	-327.834
813	-7.898	-14.673	-330.457
814	-6.775	-19.522	-332.053
815	1.071	-4.152	-327.806
816	2.527	-11.495	-329.017
817	6.889	-10.308	-329.172
818	-18.441	9.762	-332.144
819	6.348	-8.064	-328.679
820	3.891	-18.115	-331.152
821	-3.065	-18.833	-331.374
822	11.725	14.283	-331.133
823	-8.815	13.818	-330.362
824	0.761	-11.628	-328.989
825	-12.734	1.734	-329.289
826	16.274	4.865	-330.571
827	-1.951	18.764	-331.286
828	-12.050	10.146	-330.148
829	-14.624	10.187	-330.879
830	20.168	3.734	-331.985
831	-5.754	2.329	-328.007
832	-4.337	-12.047	-329.277
833	6.245	14.329	-330.108
834	-6.728	4.699	-328.296
835	-0.590	1.808	-327.659
836	-6.794	-12.539	-329.683
837	-15.704	4.182	-330.325
838	9.449	-16.808	-331.457
839	-7.028	9.435	-329.015
840	-4.793	-18.357	-331.330
841	-11.972	13.449	-330.949
842	12.953	-8.966	-330.148
843	4.801	1.708	-327.882
844	-4.564	13.204	-329.598
845	-10.876	1.373	-328.830
846	3.128	4.155	-327.892
847	10.862	-15.938	-331.459
848	-1.865	-5.895	-328.004
849	-22.346	3.350	-332.971
850	-6.390	16.137	-330.705
851	8.307	1.856	-328.347
852	-7.758	6.221	-328.614
853	8.394	14.616	-330.524
854	-2.754	6.508	-328.121
855	-12.102	3.433	-329.218
856	14.019	-6.222	-330.013
857	7.936	9.819	-329.230
858	-0.866	-17.706	-330.843
859	-1.543	12.341	-329.182
860	12.697	7.141	-329.774
861	18.206	-8.933	-331.882
862	11.156	4.517	-329.081
863	-3.847	0.873	-327.778
864	-4.827	-13.176	-329.616
865	-10.486	-13.257	-330.541
866	4.013	10.127	-328.814
867	-15.561	-1.498	-330.109
868	6.551	-6.916	-328.532
869	-13.955	4.610	-329.813
870	-12.552	10.104	-330.268
871	17.139	13.071	-332.464
872	13.648	1.760	-329.538
873	-16.689	7.793	-331.109
874	21.184	-8.641	-333.114
875	16.400	9.227	-331.267
876	9.843	9.957	-329.607
877	18.799	-0.966	-331.270
878	12.600	-16.649	-332.151
879	-4.672	-19.773	-331.899
880	4.644	20.193	-332.079
881	5.589	20.735	-332.426
882	-11.011	-11.603	-330.229
883	14.848	-2.182	-329.909
884	-5.653	1.906	-327.978
885	-4.943	-3.446	-327.985
886	-5.746	15.615	-330.448
887	-11.462	3.038	-329.038
888	-0.529	11.152	-328.875
889	-11.539	0.461	-328.964
890	-19.784	-11.302	-333.066
891	-4.354	13.567	-329.679
892	-14.153	-10.920	-330.899
893	-12.324	11.746	-330.585
894	-8.825	16.084	-331.080
895	11.482	-14.632	-331.180
896	9.996	14.314	-330.743
897	-12.603	-12.712	-330.908
898	-8.477	-5.900	-328.693
899	5.066	-20.007	-332.042
900	4.589	-1.986	-327.872
901	-10.925	12.881	-330.537
902	-5.928	-7.359	-328.517
903	15.929	-15.410	-332.757
904	-4.589	13.978	-329.818
905	18.136	-8.048	-331.692
906	2.608	11.821	-329.098
907	-18.940	0.988	-331.327
908	-7.659	-12.663	-329.845
909	14.187	17.857	-333.078
910	-3.237	19.888	-331.826
911	7.567	4.785	-328.425
912	-3.736	21.309	-332.502
913	0.994	12.091	-329.105
914	-4.491	-0.212	-327.824
915	12.619	15.905	-331.893
916	-2.412	-15.915	-330.262
917	6.984	21.566	-333.008
918	-4.217	-17.954	-331.118
919	16.988	4.784	-330.814
920	2.601	5.414	-327.982
921	-11.293	10.561	-330.053
922	-3.009	-14.689	-329.905
923	-18.650	7.020	-331.729
924	16.970	9.762	-331.580
925	20.620	-0.397	-332.035
926	16.239	-0.691	-330.316
927	11.435	-7.226	-329.472
928	9.047	14.857	-330.720
929	7.950	-4.755	-328.482
930	-17.349	6.828	-331.198
931	-16.870	8.197	-331.242
932	-9.680	-11.333	-329.877
933	8.219	18.649	-331.926
934	-4.554	-5.586	-328.141
935	16.522	-11.238	-331.753
936	4.955	-5.581	-328.179
937	-6.254	15.321	-330.417
938	-6.982	2.290	-328.162
939	-12.478	-15.950	-331.870
940	-4.650	-6.107	-328.211
941	21.390	4.044	-332.566
942	-6.321	17.210	-331.076
943	17.319	5.594	-331.024
944	-20.118	0.057	-331.812
945	-0.559	-6.031	-327.989
946	2.990	-4.451	-327.909
947	5.264	9.704	-328.847
948	-0.026	-20.409	-331.940
949	-2.546	2.124	-327.732
950	4.446	-2.367	-327.876
951	-2.891	-7.163	-328.219
952	-3.651	-17.694	-330.972
953	-10.759	10.721	-329.966
954	-14.850	9.809	-330.869
955	-18.103	-4.543	-331.206
956	-19.429	-2.235	-331.571
957	-2.476	-15.235	-330.045
958	8.678	-13.223	-330.169
959	3.947	12.143	-329.267
960	-6.927	9.610	-329.035
961	-10.863	-10.345	-329.907
962	0.458	-6.063	-327.991
963	11.699	-11.984	-330.487
964	-10.969	14.435	-330.996
965	3.498	15.913	-330.329
966	-2.539	0.262	-327.688
967	-12.797	10.790	-330.484
968	-12.192	18.703	-332.837
969	-12.652	-7.731	-329.853
970	4.425	13.842	-329.763
971	-0.555	15.473	-330.060
972	3.563	7.826	-328.362
973	-6.054	4.629	-328.203
974	-14.647	3.859	-329.953
975	-1.138	1.456	-327.657
976	4.629	-7.728	-328.435
977	13.806	-16.667	-332.506
978	1.540	-14.764	-329.858
979	-16.917	2.599	-330.618
980	7.544	-18.671	-331.820
981	11.545	7.552	-329.548
982	18.033	6.065	-331.352
983	22.452	-0.443	-332.901
984	-14.143	13.815	-331.662
985	-0.667	0.771	-327.634
986	-7.591	20.107	-332.435
987	8.799	-13.708	-330.327
988	2.252	0.345	-327.675
989	20.349	1.176	-331.928
990	19.664	7.913	-332.296
991	-4.069	-15.277	-330.167
992	9.587	-2.293	-328.597
993	-7.251	-20.780	-332.682
994	-1.636	-9.009	-328.462
995	-14.912	14.676	-332.170
996	9.284	16.922	-331.465
997	14.120	-13.241	-331.488
998	12.218	-4.459	-329.330
999	7.665	-16.688	-331.087
1000	-9.930	14.569	-330.807
1001	2.107	-5.537	-327.973
1002	-5.555	15.409	-330.359
1003	5.762	-12.294	-329.486
1004	-13.903	0.880	-329.586
1005	-2.753	-21.652	-332.593
1006	6.100	5.637	-328.312
1007	21.202	-5.088	-332.583
1008	-12.023	-4.134	-329.253
1009	7.391	3.976	-328.327
1010	-11.995	13.618	-331.003
1011	0.416	5.287	-327.903
1012	-0.581	-2.992	-327.716
1013	-13.392	-11.418	-330.795
1014	16.544	-14.238	-332.594
1015	-9.605	-4.158	-328.722
1016	9.005	-6.866	-328.912
1017	12.408	14.712	-331.442
1018	-6.231	-2.224	-328.059
1019	10.434	4.374	-328.909
1020	-17.610	0.764	-330.805
1021	20.794	-8.486	-332.903
1022	-5.506	13.199	-329.694
1023	1.786	-7.875	-328.274
1024	15.493	-15.844	-332.755
1025	8.603	-4.815	-328.597
1026	-17.099	11.668	-332.070
1027	10.525	17.890	-332.095
1028	10.023	20.454	-333.063
1029	2.774	20.667	-332.138
1030	5.359	3.195	-328.011
1031	-8.983	2.164	-328.477
1032	-7.529	-1.744	-328.219
1033	5.234	-13.696	-329.803
1034	-8.363	-10.584	-329.462
1035	-13.070	18.622	-333.049
1036	5.926	-5.409	-328.266
1037	10.272	-20.275	-333.038
1038	6.585	-16.323	-330.796
1039	0.880	17.040	-330.599
1040	3.324	3.604	-327.862
1041	8.597	1.704	-328.391
1042	-10.970	15.178	-331.231
1043	0.475	15.306	-330.006
1044	-4.883	-18.862	-331.541
1045	-9.966	10.326	-329.709
1046	12.058	18.221	-332.605
1047	0.241	9.053	-328.443
1048	1.771	3.884	-327.804
1049	-4.330	13.799	-329.742
1050	-4.351	-3.743	-327.951
1051	4.010	-7.431	-328.336
1052	8.051	3.875	-328.422
1053	-2.354	-6.704	-328.127
1054	0.294	11.742	-329.011
1055	13.650	-17.076	-332.610
1056	-5.643	-8.207	-328.617
1057	-5.339	-17.225	-330.959
1058	-15.447	10.061	-331.115
1059	7.797	3.356	-328.343
1060	-2.490	-2.894	-327.768
1061	-1.916	-12.050	-329.122
1062	-15.964	-3.906	-330.378
1063	9.689	5.232	-328.841
1064	21.380	-2.104	-332.430
1065	15.493	2.634	-330.135
1066	15.068	6.703	-330.397
1067	-7.954	-7.678	-328.850
1068	-13.261	3.359	-329.515
1069	-9.166	-14.104	-330.513
1070	0.561	-3.474	-327.746
1071	-2.570	3.153	-327.788
1072	4.726	-15.286	-330.230
1073	-4.470	-7.047	-328.319
1074	0.762	-16.583	-330.435
1075	-14.694	-16.397	-332.686
1076	-8.565	12.310	-329.906
1077	3.891	11.840	-329.188
1078	16.110	4.937	-330.523
1079	-14.596	-0.105	-329.783
1080	4.915	17.061	-330.854
1081	9.598	-6.647	-328.994
1082	-6.829	9.466	-328.993
1083	-3.955	0.834	-327.786
1084	12.637	17.884	-332.628
1085	-8.862	16.273	-331.152
1086	-8.819	0.667	-328.405
1087	-6.023	8.811	-328.766
1088	-6.144	20.573	-332.425
1089	7.941	20.196	-332.533
1090	5.081	7.764	-328.485
1091	-5.117	12.014	-329.344
1092	13.997	-10.959	-330.862
1093	-4.918	21.480	-332.695
1094	-17.020	-13.491	-332.542
1095	-1.490	-9.019	-328.459
1096	-11.261	5.645	-329.222
1097	-21.370	3.674	-332.525
1098	-13.321	-12.950	-331.172
1099	12.611	-1.604	-329.263
1100	18.931	1.758	-331.346
1101	-4.663	-10.253	-328.898
1102	-6.398	-9.500	-328.942
1103	-13.464	10.750	-330.659
1104	13.139	3.573	-329.497
1105	15.492	4.455	-330.270
1106	11.480	19.283	-332.894
1107	12.052	5.605	-329.407
1108	-5.206	-14.101	-329.917
1109	-12.255	13.154	-330.938
1110	13.226	-15.071	-331.783
1111	8.204	-8.375	-329.006
1112	4.124	-13.531	-329.649
1113	-8.737	16.243	-331.119
1114	-7.958	17.462	-331.419
1115	15.317	11.900	-331.504
1116	-13.960	-9.418	-330.519
1117	-9.328	1.999	-328.534
1118	-4.566	15.763	-330.370
1119	5.219	3.204	-327.997
1120	1.186	6.033	-328.000
1121	7.766	-13.978	-330.227
1122	10.715	3.078	-328.882
1123	-3.608	11.939	-329.191
1124	14.992	15.111	-332.338
1125	11.188	-11.966	-330.359
1126	14.090	11.714	-331.071
1127	10.989	9.571	-329.776
1128	3.402	-6.813	-328.202
1129	9.901	-11.975	-330.078
1130	4.098	-12.503	-329.371
1131	19.993	5.662	-332.105
1132	0.754	-6.653	-328.070
1133	0.753	13.313	-329.419
1134	-11.311	-16.664	-331.821
1135	7.023	-6.023	-328.480
1136	-0.346	-13.571	-329.486
1137	2.803	10.703	-328.852
1138	4.965	-11.641	-329.238
1139	-3.195	13.005	-329.435
1140	-16.318	5.688	-330.678
1141	-9.846	-0.206	-328.595
1142	2.791	12.639	-329.313
1143	16.358	2.936	-330.442
1144	9.674	10.658	-329.722
1145	-8.046	15.477	-330.737
1146	-2.706	-12.240	-329.207
1147	19.645	-9.026	-332.495
1148	0.635	-17.494	-330.760
1149	15.944	15.485	-332.788
1150	-9.966	17.929	-331.986
1151	12.725	-3.038	-329.351
1152	7.332	4.496	-328.362
1153	12.279	5.147	-329.413
1154	16.769	13.768	-332.532
1155	9.361	1.062	-328.512
1156	-20.603	-0.321	-332.027
1157	6.136	14.880	-330.262
1158	-9.386	-8.986	-329.327
1159	-5.947	4.441	-328.173
1160	14.389	3.907	-329.879
1161	6.918	-8.102	-328.762
1162	-2.824	-10.291	-328.766
1163	0.467	-6.496	-328.046
1164	10.834	-0.912	-328.810
1165	22.198	1.783	-332.809
1166	3.991	5.681	-328.104
1167	6.483	-15.640	-330.552
1168	21.478	4.777	-332.678
1169	15.636	9.883	-331.140
1170	-4.412	17.162	-330.841
1171	8.688	7.658	-328.972
1172	9.115	9.904	-329.454
1173	13.772	10.420	-330.674
1174	10.329	1.185	-328.707
1175	-5.670	-0.411	-327.945
1176	-20.364	-1.688	-331.951
1177	16.352	-15.664	-332.995
1178	15.518	-3.748	-330.218
1179	-6.853	3.769	-328.234
1180	-1.035	3.276	-327.741
1181	9.008	6.409	-328.850
1182	13.304	11.613	-330.818
1183	-0.514	-9.478	-328.525
1184	-2.891	12.133	-329.191
1185	10.103	0.148	-328.646
1186	3.199	-7.925	-328.353
1187	3.309	6.805	-328.194
1188	12.498	-13.280	-331.038
1189	4.078	10.360	-328.868
1190	8.450	15.879	-330.942
1191	-0.545	2.129	-327.671
1192	-0.130	-13.390	-329.434
1193	-7.347	19.740	-332.235
1194	3.306	-4.412	-327.926
1195	0.288	4.744	-327.848
1196	-21.346	6.329	-332.806
1197	8.179	18.977	-332.054
1198	11.860	1.864	-329.074
1199	11.294	-7.721	-329.515
1200	7.460	1.024	-328.189
1201	6.524	-4.768	-328.275
1202	7.089	-1.055	-328.135
1203	10.004	-3.927	-328.782
1204	5.209	5.737	-328.222
1205	-0.401	-16.750	-330.489
1206	-4.718	0.555	-327.848
1207	-11.815	1.069	-329.039
1208	11.877	-2.703	-329.117
1209	5.613	-13.905	-329.905
1210	22.169	1.776	-332.795
1211	3.822	-20.006	-331.921
1212	-4.887	-2.261	-327.912
1213	14.139	-5.305	-329.938
1214	12.878	-1.344	-329.315
1215	-4.531	-18.689	-331.435
1216	-6.121	-7.635	-328.582
1217	2.303	-16.527	-330.465
1218	-5.739	8.868	-328.742
1219	-4.149	13.312	-329.590
1220	0.527	-2.660	-327.696
1221	2.743	4.554	-327.904
1222	6.811	2.203	-328.134
1223	14.100	14.183	-331.760
1224	12.449	-5.083	-329.450
1225	8.487	-9.129	-329.189
1226	9.769	9.833	-329.566
1227	-17.967	-4.119	-331.114
1228	-10.697	18.617	-332.425
1229	-2.576	17.010	-330.650
1230	1.844	-5.079	-327.914
1231	-9.974	-13.735	-330.567
1232	-12.265	18.074	-332.601
1233	-2.058	-19.205	-331.471
1234	6.413	10.879	-329.231
1235	-0.355	17.991	-330.944
1236	6.429	-4.738	-328.260
1237	-1.972	-9.054	-328.482
1238	20.932	0.472	-332.177
1239	-4.171	-7.138	-328.306
1240	5.995	7.042	-328.479
1241	2.689	-22.163	-332.837
1242	0.037	13.886	-329.574
1243	13.501	-14.887	-331.803
1244	12.321	-3.809	-329.301
1245	10.859	5.937	-329.166
1246	11.950	4.267	-329.247
1247	12.739	5.476	-329.568
1248	-4.362	3.543	-327.938
1249	3.934	-0.506	-327.780
1250	16.515	0.361	-330.407
1251	15.507	-4.285	-330.260
1252	-8.556	1.486	-328.377
1253	-9.821	-16.644	-331.475
1254	-5.414	13.877	-329.874
1255	3.662	8.024	-328.401
1256	-2.489	9.056	-328.506
1257	14.112	12.516	-331.285
1258	9.915	0.135	-328.608
1259	0.724	-13.665	-329.516
1260	15.952	4.710	-330.446
1261	-5.245	-18.170	-331.305
1262	2.666	10.773	-328.860
1263	6.625	-4.950	-328.306
1264	0.226	9.171	-328.465
1265	-6.947	-7.415	-328.658
1266	-6.843	-20.835	-332.644
1267	-2.896	20.500	-332.071
1268	-5.356	1.295	-327.925
1269	2.168	-15.752	-330.197
1270	-4.915	-6.075	-328.233
1271	2.480	17.172	-330.703
1272	11.628	-17.921	-332.374
1273	8.215	16.169	-330.999
1274	9.923	-12.907	-330.325
1275	2.788	10.186	-328.742
1276	-3.568	7.277	-328.279
1277	-11.597	17.165	-332.077
1278	11.752	7.291	-329.557
1279	-8.351	18.619	-331.938
1280	4.053	5.648	-328.105
1281	6.706	-8.995	-328.888
1282	7.746	-10.586	-329.360
1283	1.199	-8.835	-328.418
1284	14.803	2.093	-329.891
1285	-1.846	-20.487	-332.011
1286	-8.147	7.720	-328.889
1287	-16.186	-3.382	-330.412
1288	-14.011	-6.467	-330.043
1289	-2.528	17.373	-330.779
1290	-20.212	-10.639	-333.095
1291	-2.310	1.109	-327.688
1292	-15.152	7.617	-330.562
1293	13.518	-9.524	-330.413
1294	3.086	-13.814	-329.651
1295	-11.101	6.330	-329.270
1296	-12.667	-2.341	-329.297
1297	-1.354	8.092	-328.296
1298	10.456	13.921	-330.725
1299	-2.384	4.004	-327.839
1300	5.150	20.541	-332.287
1301	19.198	-1.982	-331.464
1302	-6.540	-1.267	-328.065
1303	-14.174	11.868	-331.136
1304	-3.481	-13.142	-329.491
1305	4.742	-1.951	-327.895
1306	-4.268	20.352	-332.112
1307	-7.265	2.792	-328.228
1308	14.783	6.328	-330.257
1309	-15.138	-6.188	-330.350
1310	-2.762	12.210	-329.202
1311	7.245	6.937	-328.631
1312	-8.684	4.484	-328.580
1313	10.479	-13.249	-330.538
1314	-10.233	16.535	-331.525
1315	21.511	5.538	-332.781
1316	2.117	-17.597	-330.842
1317	15.573	2.125	-330.136
1318	10.010	-1.480	-328.649
1319	-6.305	16.170	-330.705
1320	16.765	11.723	-331.961
1321	11.889	-0.733	-329.051
1322	-4.149	-13.331	-329.595
1323	3.020	-5.846	-328.055
1324	-0.167	7.457	-328.178
1325	1.202	14.104	-329.651
1326	-0.480	1.882	-327.661
1327	0.170	-11.963	-329.064
1328	-15.869	-1.167	-330.200
1329	-1.173	16.327	-330.355
1330	16.041	-10.466	-331.404
1331	18.795	-5.285	-331.558
1332	10.958	11.647	-330.227
1333	-8.812	1.286	-328.416
1334	7.743	-20.066	-332.442
1335	-10.036	-15.841	-331.241
1336	-14.538	9.918	-330.795
1337	20.941	-5.029	-332.455
1338	-20.004	3.691	-331.910
1339	-2.340	7.991	-328.316
1340	14.125	-5.708	-329.980
1341	-4.000	17.581	-330.958
1342	-12.885	14.829	-331.609
1343	-16.170	-2.630	-330.360
1344	1.518	-2.411	-327.704
1345	4.043	10.815	-328.963
1346	3.825	7.503	-328.332
1347	-8.979	-20.300	-332.774
1348	2.499	12.975	-329.386
1349	20.353	-2.971	-332.011
1350	-15.552	0.183	-330.083
1351	18.828	5.009	-331.540
1352	10.216	-7.179	-329.194
1353	-15.335	-8.292	-330.734
1354	-0.132	18.353	-331.083
1355	11.442	3.125	-329.039
1356	15.207	8.319	-330.697
1357	7.255	3.104	-328.245
1358	17.932	9.048	-331.798
1359	12.940	17.344	-332.504
1360	5.350	-16.340	-330.646
1361	3.849	8.249	-328.452
1362	-1.811	-2.746	-327.731
1363	14.451	-17.160	-332.891
1364	-9.829	18.671	-332.252
1365	-20.530	5.799	-332.360
1366	-7.029	-10.339	-329.198
1367	9.352	-6.055	-328.870
1368	-16.452	-11.208	-331.720
1369	8.734	-8.358	-329.094
1370	1.149	-7.269	-328.163
1371	-4.138	16.000	-330.409
1372	3.155	17.171	-330.743
1373	-12.116	-11.765	-330.537
1374	-9.690	-5.733	-328.897
1375	8.249	7.487	-328.880
1376	-8.877	16.078	-331.088
1377	-12.053	-12.022	-330.585
1378	-9.314	-18.985	-332.273
1379	-10.286	15.027	-331.027
1380	-20.574	4.887	-332.273
1381	-7.700	3.912	-328.369
1382	-4.266	12.355	-329.347
1383	-11.022	-12.687	-330.507
1384	-5.374	12.022	-329.374
1385	-6.445	-15.587	-330.529
1386	5.691	10.288	-329.014
1387	-13.456	9.857	-330.463
1388	0.955	6.114	-328.005
1389	19.342	-2.624	-331.556
1390	-1.612	-12.747	-329.288
1391	-7.333	-3.580	-328.288
1392	12.681	-6.637	-329.698
1393	-14.346	-9.644	-330.680
1394	21.527	3.024	-332.551
1395	8.108	8.375	-328.990
1396	4.219	5.577	-328.111
1397	2.443	-15.711	-330.197
1398	-11.296	-18.088	-332.356
1399	-6.528	21.083	-332.711
1400	-11.306	7.235	-329.443
1401	14.744	-13.871	-331.866
1402	4.809	0.638	-327.857
1403	7.854	-18.506	-331.806
1404	-0.231	-3.615	-327.754
1405	-5.169	-2.784	-327.966
1406	-6.449	14.735	-330.258
1407	0.253	11.737	-329.009
1408	9.426	19.080	-332.336
1409	5.104	-16.252	-330.589
1410	3.820	3.000	-327.858
1411	-8.312	-18.436	-331.858
1412	10.370	-4.297	-328.889
1413	11.646	-4.000	-329.150
1414	14.449	1.474	-329.761
1415	-0.991	2.500	-327.695
1416	9.719	-11.871	-330.025
1417	19.119	1.762	-331.423
1418	-3.952	-13.240	-329.554
1419	13.368	-17.926	-332.855
1420	-1.142	-14.441	-329.749
1421	-17.581	2.124	-330.836
1422	15.127	-2.389	-330.006
1423	8.471	17.512	-331.528
1424	-13.313	0.280	-329.414
1425	-15.920	4.944	-330.459
1426	3.247	-14.751	-329.939
1427	-9.746	16.317	-331.343
1428	12.812	14.616	-331.521
1429	14.778	16.607	-332.790
1430	-7.256	5.705	-328.476
1431	11.772	-6.286	-329.422
1432	-3.315	8.691	-328.489
1433	-7.412	-8.806	-328.955
1434	6.719	-4.569	-328.283
1435	-6.958	-17.700	-331.349
1436	-10.141	3.560	-328.782
1437	4.161	12.387	-329.346
1438	8.999	-6.003	-328.798
1439	11.208	16.123	-331.605
1440	-8.645	7.829	-328.991
1441	16.005	5.858	-330.592
1442	-4.632	4.613	-328.049
1443	-9.254	4.556	-328.690
1444	15.420	3.781	-330.189
1445	7.431	15.125	-330.523
1446	18.790	10.797	-332.520
1447	18.510	-9.089	-332.034
1448	11.258	-3.648	-329.032
1449	2.532	7.188	-328.203
1450	6.230	-6.681	-328.458
1451	-8.620	20.949	-333.000
1452	-8.725	-7.551	-328.962
1453	0.579	6.980	-328.112
1454	7.926	-10.872	-329.452
1455	10.532	-15.658	-331.288
1456	7.952	12.069	-329.740
1457	-8.329	-10.372	-329.410
1458	-12.438	-13.335	-331.037
1459	21.979	4.995	-332.943
1460	2.227	7.756	-328.273
1461	16.065	-13.895	-332.317
1462	-11.271	11.230	-330.200
1463	5.224	-0.641	-327.899
1464	-21.487	0.367	-332.434
1465	-5.093	-8.200	-328.556
1466	12.235	-6.072	-329.509
1467	11.887	-12.825	-330.753
1468	-12.970	-3.749	-329.465
1469	-8.487	-2.365	-328.399
1470	-0.633	-15.882	-330.195
1471	-19.638	-4.565	-331.831
1472	12.188	-2.001	-329.160
1473	8.176	1.580	-328.316
1474	3.864	-8.338	-328.468
1475	-8.831	21.086	-333.105
1476	15.112	16.236	-332.765
1477	-15.580	-4.316	-330.286
1478	3.000	17.193	-330.741
1479	-14.294	12.522	-331.342
1480	15.641	7.084	-330.638
1481	-11.511	8.650	-329.723
1482	-8.035	3.535	-328.394
1483	-12.076	-10.551	-330.242
1484	0.424	-13.432	-329.448
1485	-19.162	8.591	-332.206
1486	2.813	-1.023	-327.712
1487	7.170	5.300	-328.418
1488	12.504	-3.224	-329.305
1489	-15.447	9.664	-331.032
1490	-0.567	-5.459	-327.923
1491	-9.599	-4.553	-328.756
1492	17.475	5.411	-331.060
1493	6.592	-0.138	-328.056
1494	-7.073	0.396	-328.124
1495	-13.803	7.731	-330.170
1496	-5.633	3.094	-328.035
1497	11.592	-6.660	-329.428
1498	-12.598	15.684	-331.811
1499	-1.494	14.413	-329.751
1500	16.489	12.627	-332.100
1501	-2.222	-18.866	-331.340
1502	-16.753	0.687	-330.493
1503	6.162	-2.079	-328.045
1504	-8.220	3.711	-328.437
1505	5.288	-7.465	-328.460
1506	-16.486	14.979	-332.811
1507	5.424	0.161	-327.916
1508	-4.116	-0.377	-327.793
1509	-3.691	14.936	-330.029
1510	20.963	-0.844	-332.197
1511	-17.859	-5.342	-331.197
1512	1.276	-5.242	-327.913
1513	9.940	-14.573	-330.810
1514	11.769	-4.171	-329.194
1515	-14.708	-3.446	-329.940
1516	-6.018	7.041	-328.482
1517	-1.428	-3.094	-327.739
1518	8.121	-19.829	-332.404
1519	-6.525	-4.552	-328.255
1520	-7.748	18.388	-331.740
1521	21.875	-3.709	-332.769
1522	1.977	-2.573	-327.728
1523	0.947	2.896	-327.716
1524	18.311	9.440	-332.025
1525	2.019	-2.570	-327.729
1526	21.775	3.583	-332.710
1527	18.368	12.232	-332.711
1528	-13.059	13.498	-331.253
1529	7.288	12.155	-329.657
1530	6.028	-22.039	-333.099
1531	0.606	6.080	-327.995
1532	-0.824	-19.230	-331.443
1533	1.780	-0.657	-327.659
1534	5.588	-11.889	-329.365
1535	12.428	10.842	-330.397
1536	-22.263	2.279	-332.863
1537	1.038	-5.345	-327.918
1538	14.195	1.693	-329.693
1539	0.781	-19.985	-331.761
1540	20.374	6.479	-332.381
1541	-15.694	-5.419	-330.436
1542	19.047	-5.951	-331.741
1543	4.649	13.433	-329.669
1544	3.275	18.120	-331.107
1545	12.121	16.159	-331.847
1546	1.835	-10.823	-328.833
1547	18.715	-4.681	-331.461
1548	-8.500	-12.198	-329.866
1549	-5.013	-4.291	-328.057
1550	2.272	-15.879	-330.244
1551	19.430	-0.056	-331.518
1552	7.251	5.026	-328.401
1553	-2.301	9.390	-328.559
1554	-6.697	-0.292	-328.071
1555	7.769	2.568	-328.292
1556	-3.336	6.092	-328.104
1557	11.419	-9.074	-329.780
1558	-7.676	-14.618	-330.404
1559	-6.412	-14.349	-330.136
1560	-13.256	3.942	-329.558
1561	-14.099	15.190	-332.081
1562	7.219	-3.639	-328.276
1563	-9.935	18.149	-332.065
1564	-3.572	2.791	-327.828
1565	2.195	15.494	-330.114
1566	-6.935	2.825	-328.183
1567	12.044	-2.280	-329.136
1568	11.633	14.446	-331.159
1569	-5.475	-15.840	-330.491
1570	-2.312	7.349	-328.216
1571	-6.330	21.273	-332.772
1572	-1.753	-21.711	-332.572
1573	-5.491	-22.034	-333.028
1574	-0.319	13.465	-329.456
1575	-4.151	-6.757	-328.261
1576	-3.006	3.799	-327.857
1577	0.230	-4.237	-327.802
1578	-11.633	10.416	-330.103
1579	-13.890	-4.661	-329.799
1580	-12.203	-8.873	-329.934
1581	-13.500	7.861	-330.105
1582	10.135	-4.964	-328.903
1583	-0.594	-18.731	-331.236
1584	10.384	10.743	-329.888
1585	-0.064	-18.484	-331.135
1586	-5.186	9.378	-328.776
1587	-14.050	5.774	-329.967
1588	15.376	-2.626	-330.097
1589	-4.462	-11.921	-329.257
1590	4.007	2.231	-327.832
1591	8.244	15.605	-330.814
1592	-14.404	-10.392	-330.856
1593	3.130	2.128	-327.766
1594	9.171	1.913	-328.501
1595	9.738	-20.068	-332.827
1596	4.463	-2.377	-327.878
1597	-8.109	9.739	-329.242
1598	-11.326	10.081	-329.958
1599	-6.583	5.313	-328.338
1600	18.296	1.858	-331.098
1601	0.026	-20.397	-331.934
1602	17.802	13.066	-332.717
1603	-7.051	-4.329	-328.307
1604	2.283	20.098	-331.859
1605	-16.946	-3.583	-330.692
1606	7.048	-4.657	-328.336
1607	5.534	3.386	-328.043
1608	0.115	18.453	-331.122
1609	12.743	-8.566	-330.019
1610	5.590	-11.866	-329.360
1611	-1.813	18.245	-331.076
1612	-5.274	15.396	-330.322
1613	-4.083	1.901	-327.825
1614	-17.768	11.678	-332.327
1615	-11.286	-5.472	-329.209
1616	-15.417	0.954	-330.048
1617	10.133	14.480	-330.823
1618	-14.629	-3.621	-329.929
1619	12.375	0.458	-329.168
1620	19.865	2.991	-331.799
1621	14.689	2.582	-329.880
1622	18.760	-12.230	-332.870
1623	-9.514	-1.115	-328.542
1624	-3.722	0.165	-327.761
1625	-9.773	-1.021	-328.590
1626	-13.378	-6.213	-329.830
1627	6.272	-19.496	-331.971
1628	0.120	-16.411	-330.369
1629	2.792	12.124	-329.183
1630	9.493	10.247	-329.597
1631	12.360	-15.414	-331.656
1632	-2.023	-2.196	-327.712
1633	16.692	-14.661	-332.783
1634	14.045	-11.437	-330.990
1635	-8.432	-12.840	-330.021
1636	-7.896	-0.968	-328.255
1637	-8.825	14.035	-330.427
1638	-18.277	1.071	-331.066
1639	-0.171	4.548	-327.829
1640	-0.221	4.095	-327.790
1641	6.778	-12.692	-329.721
1642	11.261	-10.250	-329.978
1643	21.391	-2.285	-332.444
1644	4.043	-12.265	-329.306
1645	-14.054	-7.696	-330.238
1646	14.841	-0.067	-329.858
1647	5.585	8.700	-328.695
1648	13.371	-1.781	-329.462
1649	-10.556	14.779	-331.009
1650	9.412	0.321	-328.511
1651	6.459	-13.561	-329.913
1652	1.202	5.319	-327.919
1653	8.202	-0.572	-328.298
1654	2.893	-20.832	-332.220
1655	19.914	4.231	-331.917
1656	4.990	-8.304	-328.563
1657	14.956	-1.359	-329.912
1658	-4.002	-15.507	-330.235
1659	-13.188	11.233	-330.693
1660	-7.616	-17.300	-331.301
1661	0.635	12.216	-329.130
1662	4.467	8.858	-328.609
1663	7.379	10.716	-329.331
1664	-1.617	8.197	-328.321
1665	-17.926	4.043	-331.092
1666	-11.694	10.135	-330.057
1667	-9.776	7.699	-329.183
1668	-3.357	-5.211	-328.006
1669	6.324	16.726	-330.901
1670	-10.744	-8.932	-329.598
1671	-16.811	-13.020	-332.327
1672	5.684	9.514	-328.857
1673	3.669	-4.078	-327.923
1674	10.918	10.460	-329.944
1675	-9.107	-19.377	-332.396
1676	7.806	13.675	-330.146
1677	10.632	-4.832	-328.995
1678	-17.598	-9.347	-331.729
1679	0.237	22.578	-332.963
1680	-6.216	-5.501	-328.311
1681	-3.513	-15.457	-330.180
1682	-13.564	-10.418	-330.613
1683	12.106	18.713	-332.818
1684	12.142	9.847	-330.109
1685	13.322	13.417	-331.303
1686	-0.109	22.062	-332.707
1687	-7.230	-10.756	-329.318
1688	19.330	-5.622	-331.817
1689	7.999	14.211	-330.334
1690	19.546	-10.358	-332.736
1691	11.271	4.588	-329.114
1692	14.454	-3.542	-329.870
1693	22.620	3.141	-333.093
1694	6.745	16.091	-330.739
1695	2.006	-6.402	-328.072
1696	12.248	4.966	-329.387
1697	9.377	15.756	-331.076
1698	-7.587	-18.385	-331.713
1699	5.716	8.408	-328.659
1700	-0.887	-11.066	-328.861
1701	22.150	-0.016	-332.751
1702	17.777	-5.506	-331.184
1703	-20.646	3.557	-332.183
1704	-16.833	12.830	-332.282
1705	-7.038	8.858	-328.909
1706	1.329	-2.591	-327.708
1707	12.087	9.103	-329.948
1708	-12.933	12.954	-331.064
1709	-1.978	-10.937	-328.864
1710	-9.239	-4.290	-328.663
1711	-12.370	-10.388	-330.281
1712	12.538	9.696	-330.180
1713	10.592	-14.598	-330.960
1714	0.733	-9.382	-328.510
1715	-0.697	-12.089	-329.099
1716	-11.127	5.429	-329.167
1717	18.954	1.207	-331.338
1718	17.208	7.200	-331.202
1719	0.333	8.843	-328.406
1720	6.797	-14.200	-330.145
1721	-0.250	-7.802	-328.231
1722	-2.101	-7.776	-328.271
1723	20.595	9.223	-332.956
1724	0.350	10.912	-328.820
1725	-3.952	10.183	-328.821
1726	-2.746	7.080	-328.199
1727	11.651	-18.065	-332.436
1728	10.450	-6.636	-329.167
1729	-7.193	20.991	-332.769
1730	-15.061	-1.929	-329.964
1731	16.035	5.924	-330.610
1732	-2.203	-17.027	-330.637
1733	-2.597	-2.830	-327.770
1734	-0.528	-4.162	-327.798
1735	2.074	-11.981	-329.112
1736	-5.451	-4.435	-328.115
1737	-8.696	12.451	-329.965
1738	12.903	8.442	-330.039
1739	13.028	2.201	-329.386
1740	-1.093	-10.974	-328.844
1741	0.922	22.333	-332.850
1742	-9.651	-1.534	-328.580
1743	-14.961	7.585	-330.496
1744	2.820	4.081	-327.868
1745	-20.712	9.521	-333.072
1746	-2.806	18.133	-331.081
1747	2.838	14.034	-329.700
1748	-6.769	9.574	-329.006
1749	5.486	8.844	-328.709
1750	-2.726	15.775	-330.233
1751	-18.783	-6.370	-331.689
1752	3.255	14.965	-330.006
1753	17.487	11.179	-332.094
1754	10.601	3.587	-328.881
1755	-2.334	-7.726	-328.274
1756	3.457	13.960	-329.718
1757	-12.145	12.071	-330.621
1758	5.234	-12.854	-329.572
1759	1.011	-20.561	-332.018
1760	2.348	12.972	-329.378
1761	6.168	1.447	-328.023
1762	-5.328	-10.845	-329.093
1763	-1.393	-1.754	-327.673
1764	16.604	4.514	-330.651
1765	11.760	12.346	-330.594
1766	-10.004	12.104	-330.132
1767	0.216	20.867	-332.146
1768	15.216	-10.765	-331.196
1769	-18.100	-0.208	-330.985
1770	8.524	1.981	-328.389
1771	-4.021	16.476	-330.573
1772	8.836	-1.146	-328.417
1773	16.736	-0.911	-330.491
1774	-10.364	3.537	-328.827
1775	-4.885	-15.235	-330.230
1776	-11.920	11.660	-330.461
1777	-19.842	-0.840	-331.700
1778	-3.124	-3.348	-327.832
1779	-7.635	9.614	-329.141
1780	-10.804	-17.028	-331.833
1781	3.212	-1.123	-327.738
1782	-19.147	-0.631	-331.405
1783	4.802	3.691	-327.989
1784	-4.263	-11.519	-329.143
1785	-7.132	3.142	-328.229
1786	16.842	14.133	-332.671
1787	2.298	-18.642	-331.253
1788	6.510	-3.133	-328.144
1789	-19.556	-8.923	-332.436
1790	-11.386	7.346	-329.479
1791	-17.048	6.218	-331.003
1792	11.267	4.301	-329.087
1793	-9.088	0.885	-328.457
1794	-9.222	3.273	-328.582
1795	-14.323	17.405	-332.944
1796	-6.936	11.065	-329.344
1797	8.758	4.396	-328.585
1798	15.159	3.978	-330.121
1799	12.194	-4.263	-329.306
1800	-11.445	-4.913	-329.186
1801	10.495	-9.195	-329.593
1802	7.516	-15.228	-330.570
1803	-17.218	-12.076	-332.220
1804	14.404	8.578	-330.493
1805	11.246	-12.624	-330.543
1806	-2.118	15.971	-330.267
1807	-3.037	-16.362	-330.449
1808	2.348	-6.907	-328.154
1809	-11.889	-9.719	-330.019
1810	-3.015	10.575	-328.837
1811	-5.628	-3.480	-328.059
1812	8.214	0.856	-328.304
1813	-14.397	-3.475	-329.848
1814	7.786	18.089	-331.629
1815	3.026	-20.271	-331.978
1816	-4.851	-12.156	-329.352
1817	-22.002	-1.071	-332.691
1818	4.277	11.346	-329.103
1819	-15.988	15.188	-332.703
1820	-6.546	20.448	-332.424
1821	7.265	5.417	-328.445
1822	-2.618	-0.546	-327.694
1823	-10.498	-2.507	-328.792
1824	12.343	-1.221	-329.173
1825	-7.727	-9.086	-329.055
1826	-12.749	-18.695	-332.987
1827	-18.260	10.950	-332.340
1828	11.230	-5.580	-329.208
1829	17.937	2.904	-331.012
1830	-6.116	-5.164	-328.263
1831	14.677	-9.061	-330.666
1832	6.362	-2.039	-328.068
1833	17.235	3.358	-330.780
1834	-8.264	-1.392	-328.325
1835	15.949	0.502	-330.215
1836	2.718	7.833	-328.310
1837	3.275	21.177	-332.405
1838	-6.822	19.181	-331.917
1839	7.193	-1.187	-328.153
1840	-8.566	18.380	-331.882
1841	-10.908	-9.065	-329.660
1842	1.326	-10.664	-328.782
1843	9.219	-0.155	-328.474
1844	2.834	6.464	-328.120
1845	-4.671	-9.702	-328.787
1846	1.143	-0.213	-327.637
1847	-6.026	-21.483	-332.830
1848	-8.534	-0.657	-328.355
1849	8.192	14.331	-330.402
1850	-3.323	-5.622	-328.048
1851	-9.631	10.926	-329.773
1852	-22.431	2.268	-332.946
1853	17.300	10.957	-331.970
1854	7.023	17.554	-331.303
1855	6.803	7.883	-328.710
1856	0.635	-12.224	-329.132
1857	6.335	-13.785	-329.960
1858	12.573	8.415	-329.947
1859	4.029	-0.713	-327.790
1860	-3.154	12.077	-329.193
1861	-0.219	1.499	-327.646
1862	-13.019	-2.599	-329.413
1863	5.155	-19.150	-331.688
1864	14.821	-3.490	-329.978
1865	18.921	7.100	-331.852
1866	10.029	-16.860	-331.597
1867	-11.774	-2.403	-329.077
1868	-15.915	4.870	-330.450
1869	-1.759	11.340	-328.957
1870	-8.133	5.009	-328.537
1871	4.421	16.757	-330.696
1872	8.584	-21.027	-333.030
1873	-9.384	8.273	-329.200
1874	10.311	16.927	-331.683
1875	-8.087	-13.987	-330.283
1876	11.266	-16.656	-331.807
1877	0.489	-3.141	-327.724
1878	-20.432	-9.714	-332.985
1879	4.614	10.208	-328.884
1880	-3.759	-3.004	-327.853
1881	19.381	3.158	-331.605
1882	15.566	4.882	-330.336
1883	2.840	4.873	-327.940
1884	-4.964	-15.810	-330.425
1885	19.729	7.848	-332.313
1886	7.196	-8.981	-328.955
1887	-1.209	-10.983	-328.849
1888	-6.818	-5.619	-328.404
1889	-4.136	-3.986	-327.952
1890	-14.458	-10.344	-330.862
1891	-3.194	-18.388	-331.205
1892	-7.037	-21.444	-332.958
1893	3.978	20.933	-332.348
1894	4.281	7.201	-328.324
1895	-5.182	-11.016	-329.115
1896	14.580	-3.654	-329.916
1897	1.197	-14.373	-329.731
1898	9.565	-16.872	-331.504
1899	4.289	19.916	-331.923
1900	1.726	-17.311	-330.720
1901	5.111	12.232	-329.398
1902	14.858	13.061	-331.667
1903	21.961	-0.791	-332.665
1904	8.790	-5.475	-328.699
1905	6.144	15.165	-330.353
1906	13.540	-18.212	-333.020
1907	14.640	12.936	-331.563
1908	1.350	-17.196	-330.666
1909	8.551	0.568	-328.357
1910	3.253	12.478	-329.301
1911	20.222	5.622	-332.200
1912	-18.847	-0.361	-331.280
1913	-14.425	7.396	-330.301
1914	2.148	-10.341	-328.742
1915	15.614	-10.069	-331.172
1916	-5.784	5.559	-328.266
1917	9.944	-11.734	-330.027
1918	1.836	8.033	-328.301
1919	-20.958	-6.043	-332.587
1920	-13.477	12.287	-331.038
1921	11.971	11.655	-330.473
1922	4.397	-2.121	-327.860
1923	6.466	7.512	-328.607
1924	10.136	-12.110	-330.161
1925	15.481	-11.978	-331.579
1926	-4.530	11.201	-329.093
1927	-12.896	0.231	-329.301
1928	-1.318	-2.607	-327.708
1929	-4.624	8.774	-328.608
1930	8.908	-11.730	-329.823
1931	-7.113	-1.997	-328.168
1932	-18.551	-7.006	-331.687
1933	-11.446	-10.810	-330.145
1934	-18.376	-8.652	-331.896
1935	-11.708	-9.506	-329.932
1936	6.015	-2.159	-328.030
1937	-9.680	3.445	-328.682
1938	1.575	-9.981	-328.646
1939	15.492	-15.167	-332.524
1940	10.718	17.748	-332.084
1941	-0.132	2.487	-327.685
1942	-18.735	-6.219	-331.649
1943	-3.095	10.554	-328.838
1944	0.313	-6.945	-328.105
1945	-12.124	8.471	-329.842
1946	-13.159	-4.299	-329.561
1947	19.729	7.990	-332.338
1948	-6.365	14.791	-330.264
1949	-17.739	-5.783	-331.203
1950	-11.084	16.975	-331.879
1951	1.357	-10.704	-328.792
1952	-0.115	-20.932	-332.175
1953	-3.879	-2.808	-327.851
1954	-17.464	10.957	-332.032
1955	2.483	15.235	-330.045
1956	-9.512	8.685	-329.297
1957	5.455	16.352	-330.662
1958	-14.988	10.711	-331.110
1959	-12.960	8.030	-329.984
1960	-8.800	2.779	-328.475
1961	-19.838	-4.101	-331.873
1962	2.444	1.527	-327.706
1963	17.479	3.671	-330.893
1964	12.402	-12.731	-330.860
1965	5.778	0.103	-327.956
1966	-18.865	1.231	-331.303
1967	-14.324	-8.791	-330.508
1968	19.527	-4.421	-331.770
1969	-13.005	-6.331	-329.743
1970	-6.186	20.222	-332.273
1971	11.251	-5.011	-329.151
1972	0.254	5.841	-327.963
1973	4.948	-4.217	-328.044
1974	-2.718	-3.118	-327.793
1975	18.215	10.655	-332.253
1976	-1.097	4.774	-327.862
1977	-13.635	5.609	-329.828
1978	-15.951	-2.337	-330.271
1979	-3.200	10.209	-328.772
1980	0.129	-7.765	-328.225
1981	-15.536	-4.393	-330.279
1982	15.335	10.597	-331.196
1983	-0.136	-5.746	-327.952
1984	-4.752	-16.180	-330.528
1985	15.099	1.900	-329.975
1986	-2.606	2.441	-327.750
1987	3.707	3.615	-327.890
1988	-5.058	-6.413	-328.289
1989	-19.105	6.201	-331.798
1990	-8.331	2.287	-328.369
1991	6.896	13.214	-329.877
1992	15.267	8.084	-330.676
1993	-11.396	14.471	-331.109
1994	6.941	15.156	-330.459
1995	10.159	-6.581	-329.098
1996	8.318	-3.086	-328.410
1997	-9.290	-8.599	-329.239
1998	-16.516	1.076	-330.418
1999	-5.797	-4.122	-328.128
2000	-0.662	-7.365	-328.169
2001	5.776	-8.984	-328.768
2002	-7.589	-5.751	-328.531
2003	-14.257	-0.621	-329.685
2004	6.403	7.549	-328.605
2005	20.509	-6.604	-332.460
2006	8.104	-3.659	-328.414
2007	-0.486	7.987	-328.262
2008	-13.616	4.483	-329.705
2009	-19.415	4.908	-331.772
2010	5.727	6.700	-328.400
2011	-1.826	14.744	-329.862
2012	-4.956	16.407	-330.626
2013	-14.573	14.279	-331.937
2014	4.980	-15.718	-330.406
2015	17.577	-3.825	-330.942
2016	-13.359	-4.751	-329.658
2017	-4.088	-5.415	-328.082
2018	-2.634	13.049	-329.413
2019	-6.717	-5.541	-328.381
2020	11.880	-4.431	-329.244
2021	7.243	-4.339	-328.335
2022	3.367	-7.917	-328.363
2023	-17.396	14.575	-333.021
2024	-2.332	-8.923	-328.474
2025	-6.482	-6.529	-328.470
2026	-8.966	19.251	-332.315
2027	4.211	10.064	-328.818
2028	6.089	8.507	-328.721
2029	-6.962	8.157	-328.777
2030	5.275	-9.792	-328.866
2031	-10.772	-14.681	-331.027
2032	-4.630	3.046	-327.929
2033	-20.769	-5.454	-332.426
2034	-20.443	-4.237	-332.150
2035	-13.981	5.543	-329.919
2036	1.528	14.943	-329.913
2037	-13.084	-13.694	-331.317
2038	-7.857	6.332	-328.644
2039	15.436	6.762	-330.524
2040	9.989	7.618	-329.214
2041	7.834	-13.358	-330.061
2042	15.768	-7.733	-330.781
2043	-3.319	14.672	-329.920
2044	12.954	-2.195	-329.366
2045	1.289	-1.336	-327.668
2046	-0.053	-13.604	-329.494
2047	-15.182	0.370	-329.965
2048	7.422	19.749	-332.251
2049	-5.869	-19.226	-331.805
2050	-9.155	-19.925	-332.642
2051	9.023	12.007	-329.913
2052	8.006	6.071	-328.635
2053	-8.297	-15.394	-330.754
2054	-19.533	-8.083	-332.270
2055	-8.949	-1.903	-328.461
2056	3.636	-16.316	-330.475
2057	1.635	-4.746	-327.874
2058	4.773	19.877	-331.954
2059	-9.315	2.118	-328.537
2060	-12.680	2.201	-329.294
2061	4.465	-6.023	-328.184
2062	-1.400	-5.397	-327.933
2063	14.181	-11.052	-330.939
2064	14.167	5.909	-330.017
2065	2.105	-3.403	-327.782
2066	-10.379	5.010	-328.958
2067	-5.373	6.937	-328.393
2068	-13.833	-7.432	-330.132
2069	-4.941	4.069	-328.031
2070	-1.078	21.105	-332.267
2071	9.850	-7.510	-329.169
2072	13.303	-9.072	-330.264
2073	-21.556	0.884	-332.473
2074	-6.629	7.169	-328.578
2075	4.315	-1.420	-327.828
2076	-8.219	-14.004	-330.310
2077	7.930	-11.563	-329.613
2078	21.195	-5.669	-332.648
2079	-6.917	3.852	-328.249
2080	-9.489	-15.108	-330.886
2081	-11.799	15.908	-331.677
2082	-0.274	-8.437	-328.335
2083	-2.111	-10.274	-328.727
2084	-2.459	-17.533	-330.834
2085	12.772	7.323	-329.821
2086	3.111	10.765	-328.885
2087	4.995	-12.308	-329.405
2088	12.712	-7.694	-329.863
2089	11.045	13.698	-330.794
2090	-5.106	5.182	-328.151
2091	9.709	6.674	-329.019
2092	11.386	-1.898	-328.963
2093	6.565	0.688	-328.057
2094	-1.288	12.305	-329.165
2095	-19.434	-0.136	-331.520
2096	12.444	-6.999	-329.687
2097	-0.878	-10.435	-328.723
2098	-10.823	9.043	-329.636
2099	-3.989	7.687	-328.373
2100	-1.695	4.520	-327.855
2101	6.440	3.483	-328.158
2102	-17.549	7.335	-331.349
2103	19.331	5.883	-331.850
2104	-11.938	11.777	-330.494
2105	6.801	10.795	-329.265
2106	4.068	19.471	-331.714
2107	-21.182	5.623	-332.636
2108	-9.759	15.178	-330.964
2109	22.668	1.049	-333.020
2110	-4.977	-1.107	-327.882
2111	-19.021	-11.945	-332.904
2112	1.881	4.709	-327.879
2113	5.567	-7.472	-328.492
2114	-8.563	-4.775	-328.586
2115	7.978	-13.455	-330.112
2116	-1.351	1.087	-327.653
2117	6.384	12.906	-329.723
2118	-12.731	14.544	-331.476
2119	-3.542	-19.968	-331.882
2120	-8.945	19.661	-332.485
2121	-2.789	13.080	-329.430
2122	-5.380	9.351	-328.791
2123	4.975	7.112	-328.376
2124	11.338	-8.494	-329.655
2125	-16.207	-3.313	-330.415
2126	-1.089	-19.611	-331.607
2127	1.858	11.312	-328.944
2128	-0.669	17.464	-330.750
2129	-0.253	-4.157	-327.796
2130	18.309	3.792	-331.219
2131	-11.641	-4.696	-329.211
2132	7.770	8.207	-328.907
2133	7.055	7.154	-328.635
2134	13.591	-16.595	-332.415
2135	17.377	-5.086	-330.987
2136	-6.332	-5.324	-328.307
2137	-9.975	13.007	-330.363
2138	2.503	-8.617	-328.428
2139	-13.789	-2.013	-329.588
2140	-16.075	-8.234	-330.970
2141	-6.017	5.651	-328.304
2142	13.533	-6.806	-329.953
2143	-15.271	10.522	-331.158
2144	4.964	-5.793	-328.204
2145	-15.282	13.895	-332.049
2146	5.556	-16.902	-330.867
2147	-8.273	3.320	-328.418
2148	7.370	-3.965	-328.323
2149	1.450	-17.297	-330.706
2150	3.834	-4.155	-327.941
2151	-20.705	6.215	-332.494
2152	17.124	2.260	-330.675
2153	12.503	2.264	-329.251
2154	7.075	-5.342	-328.409
2155	7.255	2.626	-328.217
2156	-18.209	-6.306	-331.452
2157	-12.782	-3.434	-329.392
2158	11.612	18.334	-332.534
2159	-3.719	-5.164	-328.027
2160	-3.396	-16.165	-330.406
2161	18.333	13.628	-333.096
2162	14.066	-16.660	-332.583
2163	-4.905	-4.859	-328.098
2164	-12.780	3.055	-329.366
2165	5.983	2.124	-328.025
2166	13.110	-15.916	-332.033
2167	-2.518	-16.630	-330.512
2168	16.988	9.439	-331.520
2169	-9.805	17.795	-331.899
2170	0.023	8.503	-328.346
2171	6.458	-5.663	-328.360
2172	3.141	16.439	-330.483
2173	19.344	9.270	-332.415
2174	10.772	-9.857	-329.784
2175	-12.181	6.130	-329.503
2176	10.025	-18.922	-332.398
2177	-12.057	-18.660	-332.783
2178	10.901	-1.095	-328.828
2179	-19.261	-6.962	-331.971
2180	-14.340	-2.714	-329.782
2181	-7.159	-11.835	-329.558
2182	13.506	8.955	-330.299
2183	0.406	-9.883	-328.603
2184	-3.739	5.297	-328.042
2185	17.144	0.551	-330.631
2186	-6.350	-21.657	-332.958
2187	-1.103	21.402	-332.405
2188	6.797	-8.870	-328.877
2189	13.457	8.831	-330.262
2190	-6.375	-9.280	-328.897
2191	10.396	11.531	-330.074
2192	12.150	2.472	-329.172
2193	3.433	-19.574	-331.706
2194	15.286	12.599	-331.678
2195	-3.738	18.384	-331.244
2196	14.901	2.366	-329.934
2197	-12.458	14.405	-331.359
2198	-6.650	-12.050	-329.539
2199	-7.010	-1.846	-328.147
2200	14.056	1.496	-329.646
2201	-17.568	-14.611	-333.099
2202	6.368	-18.093	-331.415
2203	0.016	-13.822	-329.555
2204	4.483	-1.566	-327.847
2205	-10.059	6.119	-329.018
2206	-0.470	-5.167	-327.891
2207	18.869	-11.633	-332.759
2208	6.495	-8.509	-328.773
2209	15.417	-6.611	-330.496
2210	3.852	21.172	-332.448
2211	5.465	16.647	-330.766
2212	2.807	-7.484	-328.271
2213	14.468	2.395	-329.804
2214	-11.052	1.968	-328.889
2215	-1.061	14.389	-329.732
2216	-18.779	-1.926	-331.291
2217	14.182	-4.942	-329.912
2218	-11.350	-17.573	-332.169
2219	2.337	5.168	-327.943
2220	10.361	-15.268	-331.122
2221	3.341	17.245	-330.783
2222	-1.183	7.651	-328.221
2223	-4.395	-4.871	-328.052
2224	-14.898	-5.499	-330.190
2225	-0.164	17.032	-330.588
2226	-12.436	9.210	-330.058
2227	0.956	-17.537	-330.782
2228	-6.985	2.453	-328.170
2229	-12.110	-12.233	-330.653
2230	16.025	-3.085	-330.338
2231	-6.065	2.460	-328.050
2232	6.520	-4.536	-328.253
2233	-5.919	17.972	-331.309
2234	6.161	-11.280	-329.289
2235	-17.768	8.866	-331.699
2236	-9.429	12.739	-330.180
2237	3.206	-5.939	-328.077
2238	-11.384	-7.949	-329.573
2239	6.105	-3.692	-328.131
2240	5.290	-13.548	-329.767
2241	-14.284	8.254	-330.399
2242	9.796	-5.299	-328.869
2243	-9.849	-4.558	-328.805
2244	-17.408	1.500	-330.748
2245	1.449	1.209	-327.659
2246	0.777	4.162	-327.801
2247	-9.105	-14.533	-330.630
2248	-6.404	21.858	-333.062
2249	-2.218	8.455	-328.387
2250	-7.175	-9.377	-329.026
2251	-10.406	-16.302	-331.481
2252	-19.397	0.929	-331.514
2253	11.018	9.586	-329.785
2254	-2.148	20.003	-331.812
2255	21.239	-0.368	-332.317
2256	15.245	13.276	-331.854
2257	12.751	-3.698	-329.403
2258	-7.637	-14.180	-330.266
2259	5.185	14.035	-329.895
2260	-3.359	-15.869	-330.304
2261	5.645	2.307	-327.994
2262	1.677	-18.135	-331.028
2263	18.676	-1.550	-331.236
2264	15.039	3.162	-330.023
2265	0.959	-0.585	-327.636
2266	0.396	-6.727	-328.076
2267	2.715	14.716	-329.896
2268	13.147	-5.421	-329.671
2269	10.625	0.305	-328.757
2270	-10.865	6.146	-329.193
2271	-18.247	-0.280	-331.043
2272	12.178	9.650	-330.078
2273	-14.880	-7.221	-330.414
2274	3.130	-4.478	-327.920
2275	2.788	21.560	-332.552
2276	-19.467	-9.722	-332.561
2277	-16.255	13.447	-332.250
2278	-6.168	-20.836	-332.547
2279	1.765	-18.028	-330.990
2280	12.336	10.549	-330.308
2281	20.021	-5.320	-332.076
2282	20.200	9.516	-332.839
2283	20.624	3.121	-332.141
2284	-5.830	-10.648	-329.107
2285	2.250	-13.178	-329.428
2286	13.372	13.212	-331.259
2287	18.615	-4.633	-331.416
2288	15.688	-13.316	-332.014
2289	11.234	12.246	-330.441
2290	-9.301	3.838	-328.638
2291	-9.845	-15.884	-331.215
2292	2.846	10.067	-328.721
2293	12.448	8.997	-330.020
2294	-13.458	-2.896	-329.539
2295	13.624	-18.353	-333.103
2296	-12.408	-7.398	-329.737
2297	1.578	-9.893	-328.629
2298	19.272	-7.246	-332.020
2299	-6.607	-5.858	-328.403
2300	4.946	17.283	-330.938
2301	3.530	22.089	-332.858
2302	-17.157	12.776	-332.387
2303	8.621	12.852	-330.057
2304	4.228	-21.670	-332.715
2305	-2.475	-17.545	-330.840
2306	-5.678	1.802	-327.977
2307	18.205	4.476	-331.239
2308	-14.646	9.281	-330.699
2309	-18.678	-1.770	-331.245
2310	-0.741	-21.818	-332.595
2311	9.102	1.946	-328.490
2312	11.376	0.572	-328.927
2313	-18.021	1.517	-330.979
2314	-2.691	-20.588	-332.098
2315	2.837	-15.441	-330.130
2316	-12.792	3.149	-329.375
2317	-9.395	-1.587	-328.532
2318	17.304	-6.845	-331.184
2319	4.623	-4.381	-328.027
2320	-10.915	-3.135	-328.919
2321	-12.231	0.650	-329.134
2322	-18.079	-5.673	-331.320
2323	4.365	-11.745	-329.205
2324	7.292	6.678	-328.603
2325	6.887	-13.146	-329.857
2326	-4.122	-20.286	-332.070
2327	-18.739	-3.662	-331.379
2328	-2.128	2.336	-327.722
2329	-6.469	-20.783	-332.565
2330	19.252	-11.039	-332.771
2331	7.776	-10.199	-329.282
2332	-20.366	-6.557	-332.389
2333	21.222	2.112	-332.357
2334	14.283	6.429	-330.118
2335	11.056	14.111	-330.918
2336	-12.858	17.820	-332.665
2337	-5.858	11.448	-329.291
2338	2.736	17.606	-330.877
2339	2.426	7.689	-328.272
2340	19.169	-5.143	-331.695
2341	8.665	12.556	-329.987
2342	17.103	7.641	-331.233
2343	-5.396	-7.360	-328.456
2344	-22.193	3.068	-332.876
2345	-3.310	-14.672	-329.920
2346	12.965	2.219	-329.370
2347	20.265	-3.704	-332.025
2348	4.436	14.566	-329.978
2349	4.212	-12.697	-329.431
2350	-20.365	8.147	-332.645
2351	21.150	0.266	-332.276
2352	15.840	8.018	-330.853
2353	-1.746	-9.432	-328.544
2354	6.475	-3.702	-328.178
2355	-6.295	8.999	-328.834
2356	-5.894	-16.541	-330.781
2357	-0.046	7.967	-328.257
2358	0.517	-21.002	-332.209
2359	19.856	-9.760	-332.738
2360	4.652	-5.572	-328.149
2361	-16.555	4.450	-330.628
2362	-15.325	-6.887	-330.506
2363	-10.142	-14.698	-330.892
2364	-11.455	-6.589	-329.386
2365	5.197	13.672	-329.792
2366	-0.557	-2.052	-327.668
2367	-9.584	6.362	-328.953
2368	6.000	-10.458	-329.086
2369	-3.361	-21.830	-332.720
2370	8.324	-1.968	-328.354
2371	-11.682	8.070	-329.664
2372	-0.506	-6.749	-328.080
2373	11.149	9.664	-329.831
2374	2.238	4.727	-327.895
2375	5.125	-7.971	-328.522
2376	4.652	17.988	-331.183
2377	-2.822	-12.747	-329.343
2378	3.484	-3.700	-327.880
2379	2.741	2.476	-327.759
2380	-15.488	8.341	-330.792
2381	-7.311	5.830	-328.498
2382	-5.345	-6.898	-328.384
2383	9.583	-8.484	-329.275
2384	4.601	-20.249	-332.099
2385	-16.317	6.300	-330.755
2386	7.654	-18.457	-331.752
2387	-12.101	-13.727	-331.062
2388	-5.739	5.559	-328.261
2389	-9.484	15.044	-330.864
2390	9.433	-3.440	-328.633
2391	2.980	7.411	-328.260
2392	21.291	3.656	-332.486
2393	-2.327	11.481	-329.003
2394	15.399	9.428	-330.968
2395	6.276	7.805	-328.628
2396	-19.701	4.449	-331.846
2397	-3.430	-17.006	-330.703
2398	1.044	7.023	-328.126
2399	11.381	-8.819	-329.723
2400	-0.549	-8.294	-328.313
2401	10.082	-2.464	-328.703
2402	12.478	-11.745	-330.625
2403	-18.335	-12.510	-332.773
2404	16.447	0.028	-330.382
2405	-12.552	-8.378	-329.935
2406	-0.136	2.361	-327.679
2407	-4.108	-12.018	-329.250
2408	-18.633	4.926	-331.453
2409	-7.627	19.600	-332.220
2410	-9.248	2.775	-328.557
2411	-9.293	20.313	-332.843
2412	5.524	16.528	-330.731
2413	4.340	8.761	-328.581
2414	4.225	-2.042	-327.842
2415	3.128	14.123	-329.743
2416	6.213	0.846	-328.015
2417	6.970	9.639	-329.047
2418	10.193	-9.037	-329.499
2419	9.315	-8.977	-329.311
2420	-10.493	-5.647	-329.052
2421	10.057	-9.106	-329.483
2422	14.123	-16.786	-332.647
2423	9.726	16.803	-331.512
2424	19.151	10.002	-332.488
2425	-7.363	16.278	-330.895
2426	-14.412	3.789	-329.876
2427	19.395	3.563	-331.640
2428	-8.787	-3.337	-328.507
2429	-16.121	-5.783	-330.622
2430	15.096	-12.438	-331.573
2431	-13.823	-13.446	-331.458
2432	16.200	14.448	-332.536
2433	0.490	-16.026	-330.241
2434	-13.373	-16.895	-332.460
2435	-11.310	6.951	-329.403
2436	8.233	5.770	-328.636
2437	14.917	-4.306	-330.074
2438	18.161	4.822	-331.256
2439	1.672	14.202	-329.694
2440	1.131	-9.727	-328.584
2441	1.044	19.235	-331.449
2442	-17.555	11.660	-332.240
2443	3.602	-2.089	-327.796
2444	4.083	-19.862	-331.882
2445	0.124	17.964	-330.933
2446	13.081	-5.923	-329.712
2447	-15.502	-0.747	-330.072
2448	1.547	17.622	-330.829
2449	7.264	2.910	-328.234
2450	1.456	6.112	-328.016
2451	4.197	4.652	-328.014
2452	-4.734	-4.850	-328.081
2453	12.470	8.197	-329.883
2454	8.839	3.633	-328.537
2455	-15.878	-14.303	-332.377
2456	5.459	18.800	-331.580
2457	-9.057	-17.320	-331.567
2458	2.172	16.362	-330.402
2459	5.083	-12.769	-329.533
2460	6.972	-19.893	-332.242
2461	-1.915	-10.732	-328.816
2462	-2.784	-3.296	-327.808
2463	11.158	12.560	-330.505
2464	-11.533	7.212	-329.493
2465	-17.748	-9.735	-331.866
2466	-10.283	7.961	-329.330
2467	-14.998	-7.843	-330.549
2468	9.140	5.952	-328.817
2469	-19.138	9.489	-332.373
2470	-7.102	2.848	-328.207
2471	-8.309	3.980	-328.472
2472	-7.464	-15.452	-330.634
2473	21.246	-3.234	-332.434
2474	-16.392	2.009	-330.405
2475	-14.289	0.129	-329.691
2476	-14.405	-8.747	-330.524
2477	11.114	10.914	-330.090
2478	14.184	1.449	-329.682
2479	6.723	14.718	-330.291
2480	0.818	4.105	-327.797
2481	-13.978	5.173	-329.877
2482	2.365	3.677	-327.813
2483	-17.925	10.871	-332.189
2484	-1.436	0.069	-327.644
2485	16.105	15.959	-333.010
2486	-0.852	7.898	-328.253
2487	-18.606	-5.373	-331.492
2488	17.754	5.485	-331.173
2489	21.367	6.082	-332.782
2490	-14.064	-14.244	-331.768
2491	-2.878	-12.928	-329.405
2492	-4.069	-3.865	-327.937
2493	5.771	11.853	-329.378
2494	0.918	12.231	-329.149
2495	-7.391	4.277	-328.352
2496	-4.826	13.977	-329.841
2497	3.196	15.157	-330.062
2498	17.882	-3.969	-331.069
2499	13.250	5.551	-329.714
2500	7.489	-15.938	-330.799
2501	2.079	13.174	-329.420
2502	11.455	-3.098	-329.040
2503	10.825	-19.731	-332.926
2504	-10.648	-12.939	-330.490
2505	6.644	16.203	-330.763
2506	-9.610	0.870	-328.555
2507	-1.941	4.742	-327.884
2508	-7.362	5.349	-328.452
2509	1.663	1.313	-327.668
2510	1.959	11.660	-329.030
2511	-1.541	1.876	-327.682
2512	12.510	18.304	-332.761
2513	0.598	13.707	-329.526
2514	-12.953	11.346	-330.655
2515	14.582	9.350	-330.693
2516	-0.338	6.481	-328.043
2517	-7.100	17.283	-331.214
2518	-5.553	-14.081	-329.950
2519	12.515	10.527	-330.350
2520	4.540	12.396	-329.383
2521	-13.222	-8.948	-330.218
2522	4.611	12.877	-329.514
2523	5.673	8.980	-328.755
2524	-13.970	-2.269	-329.651
2525	-18.667	-8.512	-331.987
2526	13.232	12.063	-330.910
2527	14.589	3.341	-329.896
2528	-15.727	7.142	-330.675
2529	5.801	3.869	-328.108
2530	19.952	-2.627	-331.814
2531	3.859	-14.498	-329.908
2532	14.293	-3.976	-329.856
2533	17.198	9.322	-331.574
2534	6.989	6.592	-328.547
2535	-1.340	-15.700	-330.149
2536	4.026	19.084	-331.549
2537	19.897	-3.651	-331.860
2538	-12.535	6.380	-329.625
2539	-9.190	-4.237	-328.650
2540	-11.103	3.326	-328.974
2541	3.449	4.589	-327.951
2542	19.584	6.385	-332.024
2543	7.404	2.624	-328.239
2544	-21.887	-1.322	-332.642
2545	8.011	-9.978	-329.274
2546	-0.319	14.814	-329.850
2547	-1.855	-13.211	-329.421
2548	4.365	17.308	-330.889
2549	13.997	-5.678	-329.939
2550	-9.868	15.940	-331.239
2551	-3.495	13.430	-329.571
2552	10.726	-1.315	-328.795
2553	-10.101	4.367	-328.839
2554	10.597	15.480	-331.244
2555	6.975	-19.249	-331.968
2556	18.592	9.647	-332.181
2557	2.207	-8.628	-328.416
2558	-13.165	8.332	-330.091
2559	-15.396	-8.240	-330.744
2560	-9.214	15.319	-330.900
2561	-15.057	9.971	-330.969
2562	-21.724	6.126	-332.959
2563	-9.813	17.381	-331.743
2564	-8.918	-13.116	-330.184
2565	-6.824	9.354	-328.971
2566	-18.984	0.449	-331.337
2567	0.345	2.953	-327.711
2568	3.969	14.968	-330.061
2569	-2.688	-7.668	-328.282
2570	14.873	4.110	-330.043
2571	14.215	-16.523	-332.579
2572	12.065	-1.395	-329.108
2573	0.296	-11.563	-328.968
2574	-1.993	15.860	-330.225
2575	12.505	1.630	-329.226
2576	7.803	-16.408	-331.011
2577	-7.531	19.034	-331.966
2578	13.927	1.842	-329.620
2579	-14.327	-3.595	-329.836
2580	17.689	-1.585	-330.856
2581	2.353	14.767	-329.892
2582	-4.610	-3.687	-327.970
2583	-9.653	9.293	-329.437
2584	5.410	-11.517	-329.256
2585	-3.302	14.800	-329.958
2586	-4.225	20.632	-332.234
2587	6.969	-3.575	-328.235
2588	-5.803	-4.793	-328.188
2589	-1.807	12.577	-329.251
2590	-1.344	5.288	-327.919
2591	-11.812	4.077	-329.197
2592	18.047	-3.556	-331.099
2593	-5.457	-16.917	-330.861
2594	14.774	-8.858	-330.658
2595	16.191	-13.286	-332.180
2596	-4.913	-8.042	-328.512
2597	2.216	17.308	-330.740
2598	-12.886	8.790	-330.097
2599	10.608	17.157	-331.835
2600	12.887	8.606	-330.064
2601	-17.626	-7.087	-331.340
2602	17.297	-14.573	-332.982
2603	12.595	-9.471	-330.150
2604	-0.595	6.092	-327.996
2605	-4.723	6.324	-328.245
2606	-0.636	-1.881	-327.662
2607	-17.756	-1.769	-330.887
2608	-1.135	4.523	-327.839
2609	-12.614	6.544	-329.668
2610	13.528	-8.418	-330.208
2611	-20.076	-4.076	-331.973
2612	2.661	7.681	-328.283
2613	8.163	0.726	-328.294
2614	7.387	-19.899	-332.310
2615	8.968	-2.877	-328.511
2616	-9.805	10.498	-329.713
2617	19.975	-9.848	-332.810
2618	-6.300	16.201	-330.715
2619	-0.400	19.061	-331.367
2620	1.205	-13.183	-329.392
2621	-11.051	18.598	-332.501
2622	12.546	-16.103	-331.942
2623	3.390	8.104	-328.395
2624	14.724	4.032	-329.991
2625	9.377	12.675	-330.152
2626	-2.906	-6.119	-328.080
2627	1.838	-22.600	-333.011
2628	9.499	-6.725	-328.985
2629	0.955	9.800	-328.594
2630	3.243	-16.500	-330.511
2631	-9.791	-11.876	-330.030
2632	0.268	-20.773	-332.103
2633	-9.801	-4.825	-328.821
2634	-4.510	4.509	-328.028
2635	10.252	-8.968	-329.498
2636	-11.987	15.024	-331.431
2637	-14.260	12.353	-331.287
2638	-0.427	-2.396	-327.682
2639	-21.681	3.674	-332.672
2640	-4.331	-11.043	-329.039
2641	14.380	-16.405	-332.588
2642	-18.707	6.763	-331.714
2643	-13.879	0.495	-329.574
2644	-5.026	-14.078	-329.891
2645	6.928	10.715	-329.265
2646	-1.164	2.753	-327.712
2647	-4.080	6.368	-328.194
2648	10.703	-10.672	-329.943
2649	6.998	-4.851	-328.348
2650	-0.497	22.741	-333.047
2651	-6.271	13.626	-329.907
2652	-12.529	-5.765	-329.547
2653	16.459	10.259	-331.504
2654	2.437	0.121	-327.682
2655	-21.659	-4.182	-332.706
2656	-2.844	14.566	-329.858
2657	2.367	12.795	-329.332
2658	-13.847	-9.161	-330.436
2659	-20.843	7.050	-332.679
2660	16.809	-14.616	-332.812
2661	3.024	-1.423	-327.734
2662	-0.355	1.184	-327.638
2663	-5.999	0.421	-327.983
2664	9.655	-18.994	-332.348
2665	19.745	-9.000	-332.533
2666	6.859	-8.282	-328.784
2667	12.313	-6.428	-329.575
2668	-0.427	14.064	-329.627
2669	-12.269	-6.879	-329.626
2670	16.525	0.041	-330.409
2671	12.326	-5.526	-329.467
2672	-2.331	17.324	-330.751
2673	6.605	1.769	-328.089
2674	18.725	8.470	-332.003
2675	4.509	-13.943	-329.800
2676	-5.672	18.847	-331.625
2677	9.448	10.137	-329.565
2678	5.125	10.290	-328.962
2679	-10.555	6.988	-329.239
2680	10.164	18.220	-332.143
2681	-3.742	15.000	-330.052
2682	-0.783	-6.018	-327.990
2683	8.276	-18.136	-331.733
2684	-1.167	-21.439	-332.424
2685	-3.850	-13.897	-329.730
2686	-8.095	15.509	-330.756
2687	12.370	11.818	-330.615
2688	-21.492	3.971	-332.608
2689	0.638	-4.021	-327.788
2690	-10.061	-11.205	-329.925
2691	-5.484	11.326	-329.219
2692	6.348	-14.320	-330.119
2693	10.943	-1.587	-328.851
2694	-13.514	14.616	-331.720
2695	-17.732	-10.554	-332.040
2696	17.415	0.025	-330.727
2697	4.523	-6.603	-328.263
2698	6.006	-15.421	-330.417
2699	-13.644	1.327	-329.523
2700	7.964	-1.397	-328.276
2701	15.809	-6.737	-330.643
2702	16.098	-8.477	-331.021
2703	-1.544	12.540	-329.232
2704	-9.197	6.362	-328.879
2705	2.629	6.093	-328.062
2706	20.861	-2.717	-332.223
2707	-4.441	2.390	-327.876
2708	8.061	-4.098	-328.441
2709	-1.228	-21.178	-332.304
2710	0.793	13.269	-329.408
2711	-16.760	6.316	-330.913
2712	-11.568	4.385	-329.165
2713	12.705	-7.106	-329.771
2714	-10.606	-7.456	-329.319
2715	8.355	16.742	-331.224
2716	-3.608	-11.254	-329.028
2717	-4.536	-5.614	-328.143
2718	-4.054	-3.729	-327.935
2719	5.903	16.158	-330.649
2720	21.654	2.971	-332.608
2721	-1.363	-8.286	-328.328
2722	-1.452	-9.515	-328.551
2723	-4.866	-17.453	-330.992
2724	16.920	-1.235	-330.564
2725	10.205	1.215	-328.682
2726	4.298	13.551	-329.669
2727	-15.142	-15.662	-332.573
2728	9.471	10.756	-329.703
2729	-9.962	1.099	-328.630
2730	-4.116	4.391	-327.984
2731	-17.149	-14.651	-332.951
2732	3.046	-7.827	-328.328
2733	-9.328	5.499	-328.800
2734	8.482	-1.563	-328.367
2735	-9.826	-11.697	-329.994
2736	-9.436	3.620	-328.647
2737	-9.457	0.673	-328.523
2738	22.426	-4.354	-333.097
2739	0.234	11.236	-328.892
2740	8.638	-0.720	-328.374
2741	16.879	0.488	-330.546
2742	12.727	-9.382	-330.167
2743	7.888	10.629	-329.392
2744	-15.982	9.690	-331.216
2745	10.027	-1.683	-328.659
2746	-5.675	-8.940	-328.748
2747	-9.696	16.714	-331.474
2748	-11.886	-4.849	-329.285
2749	3.627	2.697	-327.826
2750	18.396	5.787	-331.458
2751	-8.531	-16.151	-331.049
2752	-8.703	7.884	-329.010
2753	9.274	15.553	-330.988
2754	-2.197	18.194	-331.073
2755	3.834	-3.637	-327.901
2756	5.200	-12.762	-329.543
2757	-14.232	-17.568	-332.978
2758	9.168	-1.149	-328.477
2759	-5.207	7.881	-328.516
2760	3.546	-15.374	-330.156
2761	5.650	-13.693	-329.849
2762	15.116	9.383	-330.867
2763	-3.892	18.473	-331.292
2764	-8.250	-20.713	-332.833
2765	-1.813	4.822	-327.887
2766	19.417	-1.273	-331.530
2767	16.435	13.076	-332.207
2768	19.897	-2.396	-331.778
2769	-9.985	3.217	-328.727
2770	15.643	4.272	-330.303
2771	2.763	-16.831	-330.597
2772	-8.050	-14.610	-330.463
2773	20.912	-3.269	-332.282
2774	8.241	7.101	-328.811
2775	-3.405	2.123	-327.783
2776	-6.736	2.869	-328.158
2777	2.351	8.297	-328.366
2778	-14.503	-0.541	-329.758
2779	11.846	0.388	-329.036
2780	4.731	-8.772	-328.618
2781	-9.092	5.173	-328.721
2782	-17.213	-4.947	-330.912
2783	-5.369	-20.462	-332.277
2784	20.329	-4.885	-332.164
2785	2.044	-6.730	-328.116
2786	-6.992	14.647	-330.308
2787	-11.461	-3.106	-329.042
2788	6.235	10.991	-329.233
2789	0.889	-12.782	-329.279
2790	11.014	6.507	-329.273
2791	-7.484	17.339	-331.295
2792	-17.869	4.333	-331.096
2793	4.340	14.852	-330.057
2794	-19.693	9.496	-332.611
2795	-4.694	2.323	-327.896
2796	19.168	5.936	-331.789
2797	-4.053	-17.687	-331.002
2798	-0.046	-12.846	-329.287
2799	-5.748	5.430	-328.247
2800	-10.715	-14.772	-331.043
2801	3.334	-18.527	-331.270
2802	-2.145	14.432	-329.781
2803	19.595	0.109	-331.588
2804	0.130	-1.586	-327.648
2805	-1.837	6.112	-328.029
2806	-19.413	8.370	-332.271
2807	13.594	-13.452	-331.392
2808	-6.630	-17.221	-331.122
2809	0.596	10.634	-328.761
2810	-15.621	-2.582	-330.174
2811	-8.890	-12.059	-329.901
2812	22.148	4.487	-332.972
2813	-10.568	-1.504	-328.766
2814	11.430	0.907	-328.945
2815	-9.687	18.008	-331.957
2816	13.548	-4.067	-329.649
2817	8.688	-19.387	-332.318
2818	-0.144	-5.641	-327.940
2819	12.310	-12.273	-330.715
2820	8.367	-15.497	-330.800
2821	9.224	-20.018	-332.697
2822	1.385	-18.333	-331.096
2823	8.585	14.242	-330.445
2824	-13.069	-10.559	-330.506
2825	2.855	-21.460	-332.509
2826	-8.476	4.731	-328.567
2827	-11.622	4.086	-329.152
2828	17.169	-3.787	-330.789
2829	8.994	18.036	-331.828
2830	-0.092	20.847	-332.136
2831	-1.610	0.018	-327.649
2832	5.290	21.333	-332.667
2833	18.597	-6.911	-331.692
2834	-6.947	-17.464	-331.258
2835	14.444	-0.476	-329.739
2836	6.227	-11.745	-329.408
2837	-0.515	-12.305	-329.151
2838	14.760	-15.026	-332.235
2839	-7.904	-3.975	-328.406
2840	-19.896	10.232	-332.860
2841	4.435	0.480	-327.821
2842	-6.073	-14.146	-330.032
2843	5.154	-21.587	-332.772
2844	-0.001	-22.186	-332.768
2845	19.164	7.403	-331.999
2846	-8.992	-16.318	-331.193
2847	-0.296	-17.469	-330.748
2848	9.848	-7.831	-329.219
2849	18.611	7.634	-331.811
2850	16.216	-11.882	-331.805
2851	-7.895	-4.819	-328.479
2852	-18.359	-11.418	-332.495
2853	13.700	-3.321	-329.634
2854	12.491	11.219	-330.501
2855	-8.057	-17.504	-331.452
2856	-9.959	-6.874	-329.097
2857	-17.254	-13.895	-332.752
2858	-7.494	20.193	-332.456
2859	-7.843	-1.152	-328.250
2860	-4.949	-1.499	-327.889
2861	1.539	5.415	-327.939
2862	-1.092	15.314	-330.018
2863	7.959	-17.001	-331.249
2864	-8.004	-15.311	-330.676
2865	13.373	2.007	-329.471
2866	-13.710	1.567	-329.549
2867	-9.278	-8.161	-329.161
2868	-5.294	14.941	-330.180
2869	8.681	11.403	-329.703
2870	3.041	-2.882	-327.798
2871	-3.915	14.064	-329.783
2872	-3.619	6.645	-328.194
2873	11.444	-1.197	-328.954
2874	-10.269	-11.953	-330.150
2875	-0.986	21.933	-332.655
2876	-11.939	-8.845	-329.863
2877	9.906	11.894	-330.058
2878	10.764	1.326	-328.804
2879	10.191	0.386	-328.666
2880	-0.817	8.455	-328.344
2881	-10.731	-6.499	-329.209
2882	-8.262	9.510	-329.223
2883	-14.631	-17.170	-332.952
2884	-0.073	0.155	-327.624
2885	-11.628	9.781	-329.968
2886	-18.282	-8.836	-331.894
2887	8.044	6.606	-328.710
2888	-1.956	-0.746	-327.667
2889	12.487	4.938	-329.445
2890	-4.117	-0.847	-327.799
2891	21.884	4.613	-332.856
2892	1.180	-0.628	-327.641
2893	-3.126	-19.441	-331.628
2894	14.273	10.584	-330.859
2895	-6.993	-1.358	-328.129
2896	6.064	8.562	-328.727
2897	-16.396	10.130	-331.453
2898	-3.506	1.581	-327.770
2899	1.697	8.583	-328.388
2900	4.895	-11.159	-329.118
2901	5.415	-5.821	-328.254
2902	-12.996	11.222	-330.638
2903	-5.597	2.339	-327.990
2904	-9.025	-14.477	-330.598
2905	15.719	-15.247	-332.639
2906	-1.397	-3.167	-327.742
2907	-15.724	-4.006	-330.306
2908	3.666	19.995	-331.904
2909	6.309	-3.886	-328.171
2910	-3.797	-15.814	-330.319
2911	-19.287	-7.696	-332.099
2912	-0.456	-4.130	-327.795
2913	8.425	-18.516	-331.910
2914	18.818	-3.683	-331.413
2915	1.612	9.626	-328.577
2916	-13.677	-7.820	-330.149
2917	-6.386	1.201	-328.044
2918	6.363	-19.003	-331.778
2919	8.974	-10.221	-329.493
2920	3.568	-6.302	-328.146
2921	2.032	-16.654	-330.497
2922	-7.263	-8.284	-328.842
2923	-18.870	-1.736	-331.320
2924	2.663	9.487	-328.596
2925	15.068	-15.720	-332.569
2926	9.501	16.345	-331.303
2927	8.206	-2.573	-328.362
2928	3.251	4.103	-327.896
2929	-10.419	2.539	-328.777
2930	20.636	-8.206	-332.779
2931	-21.567	-0.948	-332.480
2932	7.303	11.090	-329.404
2933	-4.223	-4.633	-328.015
2934	0.731	-19.704	-331.640
2935	-4.361	22.070	-332.922
2936	1.654	14.038	-329.646
2937	6.371	-2.756	-328.104
2938	20.779	-1.594	-332.133
2939	-8.381	0.294	-328.326
2940	-9.966	-19.302	-332.544
2941	-8.016	-11.955	-329.722
2942	-18.186	-7.687	-331.651
2943	5.604	-7.086	-328.439
2944	-9.030	-17.324	-331.563
2945	-2.854	-22.616	-333.072
2946	-13.183	-1.966	-329.417
2947	-11.460	9.950	-329.962
2948	-6.188	-20.749	-332.510
2949	-22.275	3.130	-332.932
2950	14.208	13.566	-331.608
2951	10.205	13.902	-330.665
2952	8.538	5.084	-328.612
2953	-20.864	7.416	-332.747
2954	-16.856	5.058	-330.795
2955	9.939	-1.510	-328.636
2956	11.120	-1.806	-328.898
2957	0.791	-19.235	-331.444
2958	14.959	5.487	-330.208
2959	9.499	-9.203	-329.389
2960	-19.560	-4.339	-331.776
2961	-11.392	10.415	-330.044
2962	-1.239	11.540	-328.978
2963	13.595	-16.261	-332.296
2964	5.922	20.781	-332.490
2965	14.084	4.165	-329.810
2966	3.324	-21.115	-332.379
2967	17.605	2.704	-330.875
2968	-8.143	-3.817	-328.432
2969	1.595	-18.124	-331.021
2970	4.528	-9.649	-328.763
2971	-8.111	1.145	-328.293
2972	-22.612	-1.486	-333.004
2973	-21.227	-1.317	-332.329
2974	2.001	-11.551	-329.005
2975	-2.022	-7.324	-328.199
2976	19.312	1.090	-331.482
2977	-5.229	7.182	-328.412
2978	-11.348	-3.199	-329.021
2979	7.879	-5.642	-328.564
2980	-0.262	10.954	-328.829
2981	-1.452	4.863	-327.879
2982	-19.768	3.198	-331.771
2983	-2.138	5.697	-327.992
2984	5.627	-9.404	-328.829
2985	-0.213	-6.753	-328.078
2986	10.963	8.638	-329.594
2987	-6.307	-8.213	-328.698
2988	8.762	6.352	-328.799
2989	-0.142	-3.926	-327.777
2990	3.310	7.199	-328.250
2991	-8.795	-12.229	-329.927
2992	-19.212	-6.653	-331.905
2993	-15.926	9.005	-331.061
2994	21.846	2.581	-332.676
2995	-9.504	0.757	-328.533
2996	-19.829	8.694	-332.510
2997	7.778	-9.126	-329.070
2998	5.416	-2.673	-327.986
2999	0.237	-3.174	-327.724
3000	-3.527	-6.741	-328.201
3001	-9.342	0.955	-328.506
3002	-0.110	-10.641	-328.759
3003	13.604	3.485	-329.619
3004	8.197	3.821	-328.441
3005	17.402	-4.983	-330.985
3006	5.952	8.630	-328.725
3007	-21.654	-1.515	-332.536
3008	19.499	8.167	-332.270
3009	5.009	10.530	-328.990
3010	-11.300	8.126	-329.583
3011	-0.365	-17.614	-330.802
3012	-10.199	-9.319	-329.553
3013	16.935	-10.114	-331.643
3014	5.802	17.302	-331.042
3015	-3.842	9.660	-328.707
3016	-2.544	-2.403	-327.745
3017	9.201	8.476	-329.200
3018	4.246	2.049	-327.844
3019	-21.856	4.364	-332.818
3020	-1.428	-2.432	-327.702
3021	2.558	3.736	-327.827
3022	-13.345	16.275	-332.227
3023	-1.986	-1.307	-327.679
3024	8.639	10.445	-329.480
3025	-17.514	1.193	-330.779
3026	7.684	-9.668	-329.160
3027	10.348	11.949	-330.166
3028	10.767	-10.616	-329.944
3029	4.594	-12.281	-329.358
3030	-3.787	-13.425	-329.602
3031	4.133	-7.213	-328.314
3032	-15.474	9.849	-331.079
3033	16.831	1.527	-330.541
3034	-10.834	-17.414	-331.984
3035	18.427	5.283	-331.410
3036	11.572	-16.862	-331.958
3037	16.966	11.035	-331.864
3038	-2.393	-14.600	-329.843
3039	-14.481	-12.494	-331.393
3040	15.834	9.351	-331.097
3041	18.633	3.768	-331.345
3042	-11.836	-14.959	-331.372
3043	20.580	-2.416	-332.079
3044	20.104	8.510	-332.596
3045	22.114	2.483	-332.801
3046	-6.381	-8.399	-328.739
3047	19.694	-0.345	-331.631
3048	2.407	-11.583	-329.031
3049	-6.358	-0.328	-328.027
3050	-17.690	-13.128	-332.692
3051	-0.615	0.092	-327.627
3052	9.175	19.218	-332.342
3053	5.477	-11.952	-329.368
3054	-7.527	10.208	-329.245
3055	-8.767	-6.963	-328.882
3056	11.575	4.240	-329.154
3057	1.066	11.847	-329.047
3058	1.362	-2.240	-327.692
3059	-13.126	-5.862	-329.716
3060	-2.032	-18.941	-331.361
3061	3.117	-6.305	-328.116
3062	6.396	17.388	-331.151
3063	-6.034	2.663	-328.057
3064	17.484	-12.188	-332.350
3065	-18.708	9.866	-332.275
3066	18.518	-13.423	-333.110
3067	-9.142	-1.436	-328.480
3068	-5.415	1.191	-327.929
3069	11.459	10.726	-330.129
3070	-17.317	-0.525	-330.694
3071	8.286	5.601	-328.625
3072	2.058	-1.512	-327.688
3073	-7.480	18.411	-331.706
3074	-17.045	-15.091	-333.057
3075	1.462	-1.091	-327.656
3076	-2.715	7.317	-328.231
3077	-5.735	7.164	-328.466
3078	-3.242	-7.505	-328.291
3079	19.851	-9.777	-332.739
3080	-6.429	-12.830	-329.709
3081	-7.192	17.589	-331.342
3082	16.199	1.425	-330.318
3083	-3.409	-6.409	-328.149
3084	-15.763	-3.534	-330.282
3085	-4.542	0.386	-327.830
3086	6.532	-16.378	-330.808
3087	-1.109	-13.926	-329.598
3088	-8.877	18.541	-332.005
3089	-19.026	-1.736	-331.384
3090	-17.192	-8.696	-331.450
3091	17.048	5.737	-330.942
3092	-4.022	22.226	-332.967
3093	-22.497	-3.344	-333.046
3094	4.494	5.320	-328.107
3095	4.050	0.928	-327.795
3096	6.438	19.475	-331.985
3097	-3.718	-7.180	-328.276
3098	2.663	-7.762	-328.296
3099	-21.847	-2.439	-332.669
3100	-7.639	-21.287	-332.982
3101	10.335	20.271	-333.051
3102	16.776	13.816	-332.549
3103	17.009	-1.717	-330.610
3104	-7.105	1.204	-328.141
3105	-3.153	4.704	-327.942
3106	-1.507	19.800	-331.699
3107	17.749	-6.461	-331.296
3108	-2.360	-12.235	-329.188
3109	-16.336	5.305	-330.639
3110	-19.385	-4.248	-331.694
3111	17.750	3.205	-330.961
3112	-4.735	-9.281	-328.712
3113	7.348	11.807	-329.580
3114	11.195	8.230	-329.576
3115	-0.424	-14.169	-329.657
3116	-3.799	9.310	-328.636
3117	2.084	16.938	-330.600
3118	-0.114	15.824	-330.172
3119	-6.721	1.550	-328.097
3120	-5.909	-7.670	-328.562
3121	21.422	-0.285	-332.402
3122	5.192	-8.502	-328.617
3123	1.161	13.331	-329.432
3124	-4.358	-11.152	-329.066
3125	8.239	-16.043	-330.960
3126	-2.094	-2.204	-327.715
3127	-2.046	-15.850	-330.224
3128	-10.838	15.331	-331.250
3129	-8.696	-4.981	-328.630
3130	-18.408	4.256	-331.298
3131	10.349	-0.617	-328.701
3132	1.460	-20.378	-331.949
3133	-0.931	19.919	-331.735
3134	-18.087	-8.930	-331.835
3135	-0.954	-0.266	-327.633
3136	-0.312	-2.838	-327.704
3137	14.569	1.458	-329.796
3138	-15.934	11.723	-331.667
3139	10.727	-15.268	-331.204
3140	12.627	-9.927	-330.251
3141	4.467	3.317	-327.931
3142	-19.644	6.182	-332.022
3143	8.550	-0.885	-328.362
3144	-10.669	4.026	-328.930
3145	3.866	-9.784	-328.733
3146	3.745	-7.669	-328.351
3147	-17.759	-13.620	-332.864
3148	-4.918	7.880	-328.486
3149	2.461	2.961	-327.771
3150	-17.007	12.438	-332.238
3151	-20.600	-1.896	-332.064
3152	6.209	11.473	-329.340
3153	-8.475	-14.128	-330.392
3154	-9.232	6.761	-328.939
3155	7.564	10.924	-329.406
3156	-0.258	-8.573	-328.358
3157	-1.908	-9.623	-328.587
3158	-14.728	9.588	-330.786
3159	-2.053	16.394	-330.408
3160	9.345	-17.710	-331.771
3161	10.889	-16.859	-331.791
3162	-15.357	-4.992	-330.280
3163	18.209	7.249	-331.589
3164	-5.259	7.344	-328.439
3165	-19.124	2.918	-331.483
3166	9.964	-8.547	-329.363
3167	4.695	1.446	-327.863
3168	-8.341	10.461	-329.431
3169	11.329	9.664	-329.873
3170	-9.863	-0.940	-328.607
3171	5.486	-11.991	-329.379
3172	-15.809	-6.751	-330.645
3173	-2.872	-4.352	-327.894
3174	-17.783	-11.083	-332.185
3175	-12.075	-3.387	-329.208
3176	-2.932	-14.355	-329.799
3177	-1.877	-10.328	-328.728
3178	3.812	9.390	-328.653
3179	13.491	-9.266	-330.354
3180	3.307	2.157	-327.778
3181	-0.688	10.153	-328.661
3182	10.882	-10.755	-330.001
3183	12.160	-0.160	-329.112
3184	15.999	7.828	-330.875
3185	15.700	8.526	-330.895
3186	-3.568	-9.628	-328.680
3187	-4.083	16.762	-330.667
3188	5.146	-5.559	-328.196
3189	-1.775	-7.757	-328.255
3190	6.688	3.229	-328.173
3191	19.431	3.675	-331.664
3192	2.913	-4.882	-327.945
3193	-11.356	10.283	-330.008
3194	0.265	-13.151	-329.370
3195	-0.708	-12.177	-329.121
3196	-13.458	6.762	-329.926
3197	-20.751	4.302	-332.294
3198	-9.032	-7.906	-329.073
3199	19.794	7.002	-332.204
3200	-16.244	5.228	-330.600
3201	14.511	-14.046	-331.846
3202	-11.378	-1.174	-328.938
3203	17.897	-7.736	-331.547
3204	-11.436	10.983	-330.182
3205	14.692	15.383	-332.342
3206	11.714	15.811	-331.622
3207	-18.517	7.936	-331.824
3208	1.140	-8.660	-328.386
3209	9.355	14.747	-330.745
3210	-5.796	11.927	-329.399
3211	-6.065	-2.547	-328.054
3212	12.920	7.688	-329.917
3213	2.342	-20.240	-331.924
3214	16.575	-8.611	-331.211
3215	-6.437	6.761	-328.495
3216	2.835	22.458	-332.992
3217	-8.045	-17.002	-331.264
3218	-3.934	15.117	-330.105
3219	-10.908	7.917	-329.459
3220	0.590	-20.006	-331.767
3221	-2.608	6.880	-328.163
3222	-3.699	8.154	-328.425
3223	3.669	-9.501	-328.663
3224	-7.320	-4.914	-328.400
3225	-21.859	3.149	-332.718
3226	8.000	-0.403	-328.264
3227	20.456	8.327	-332.719
3228	-8.686	15.366	-330.815
3229	7.865	-5.257	-328.519
3230	6.211	-16.223	-330.711
3231	-0.579	18.843	-331.281
3232	-15.812	1.411	-330.188
3233	-1.396	10.837	-328.822
3234	11.369	-11.420	-330.268
3235	-10.818	6.693	-329.255
3236	5.803	-13.061	-329.692
3237	6.463	3.723	-328.178
3238	-5.368	-20.441	-332.268
3239	-11.094	-12.991	-330.606
3240	0.318	-6.235	-328.011
3241	-12.555	6.382	-329.631
3242	-2.247	7.606	-328.251
3243	4.613	6.024	-328.198
3244	6.688	16.888	-331.010
3245	13.380	-11.646	-330.847
3246	-0.724	18.210	-331.033
3247	14.596	-0.342	-329.784
3248	16.871	8.616	-331.318
3249	-16.696	-6.171	-330.871
3250	-13.406	0.682	-329.443
3251	20.844	-0.811	-332.142
3252	11.184	-0.391	-328.891
3253	-2.019	0.731	-327.669
3254	-10.214	-8.661	-329.435
3255	-0.275	-13.535	-329.475
3256	-14.700	-4.501	-330.025
3257	6.540	18.877	-331.751
3258	12.993	11.000	-330.585
3259	7.192	-11.301	-329.436
3260	-9.239	-1.448	-328.498
3261	-16.633	-2.723	-330.525
3262	-11.449	-10.368	-330.048
3263	16.464	14.377	-332.609
3264	-1.703	-20.461	-331.994
3265	11.357	2.452	-328.980
3266	6.179	13.577	-329.881
3267	-8.993	-1.715	-328.462
3268	-8.180	-0.489	-328.294
3269	-1.058	-3.965	-327.791
3270	3.427	19.602	-331.717
3271	5.259	4.305	-328.084
3272	4.622	-3.188	-327.937
3273	20.636	-7.833	-332.713
3274	15.801	5.986	-330.540
3275	21.259	3.173	-332.436
3276	6.643	-8.340	-328.764
3277	11.035	-10.485	-329.977
3278	19.453	-11.320	-332.927
3279	-5.050	6.227	-328.265
3280	11.905	-15.423	-331.541
3281	16.600	7.502	-331.030
3282	-0.564	-17.558	-330.783
3283	-13.167	-7.962	-330.029
3284	5.858	-17.364	-331.072
3285	4.877	10.528	-328.977
3286	12.237	-0.165	-329.131
3287	-3.612	-10.869	-328.942
3288	6.255	11.009	-329.239
3289	8.261	-1.405	-328.325
3290	1.882	16.110	-330.304
3291	12.964	3.569	-329.450
3292	0.370	-1.896	-327.660
3293	4.407	-2.246	-327.867
3294	4.558	7.242	-328.355
3295	0.983	-17.665	-330.830
3296	-19.187	-3.233	-331.530
3297	2.916	-2.255	-327.758
3298	17.843	6.123	-331.286
3299	15.343	2.105	-330.061
3300	10.400	-6.980	-329.204
3301	-7.190	5.736	-328.470
3302	-5.670	-8.879	-328.737
3303	3.965	-12.759	-329.426
3304	-0.312	-13.916	-329.583
3305	-19.978	1.252	-331.768
3306	7.187	11.028	-329.372
3307	-5.540	-19.207	-331.756
3308	1.495	-18.201	-331.048
3309	1.327	22.646	-333.016
3310	-15.939	6.262	-330.621
3311	2.536	-20.822	-332.195
3312	1.773	-13.890	-329.607
3313	20.479	5.122	-332.256
3314	-8.635	-19.681	-332.445
3315	11.574	5.601	-329.291
3316	21.866	4.198	-332.807
3317	-9.805	5.368	-328.878
3318	0.940	-19.624	-331.609
3319	-7.870	-3.968	-328.400
3320	5.792	-10.211	-329.009
3321	-1.799	-20.112	-331.844
3322	14.341	8.186	-330.405
3323	1.239	-14.782	-329.855
3324	8.635	-1.750	-328.399
3325	12.156	-5.501	-329.421
3326	-3.988	19.460	-331.702
3327	14.681	-13.249	-331.664
3328	-11.909	5.544	-329.365
3329	-1.893	22.368	-332.897
3330	-14.259	11.647	-331.106
3331	11.645	-12.815	-330.691
3332	-7.823	-9.841	-329.216
3333	-16.063	4.479	-330.461
3334	11.530	-4.503	-329.167
3335	-1.409	-16.177	-330.310
3336	8.366	15.234	-330.714
3337	7.217	-14.057	-330.164
3338	6.892	-5.897	-328.446
3339	-0.467	-17.953	-330.931
3340	13.109	9.658	-330.325
3341	-10.829	-18.716	-332.497
3342	-8.555	20.170	-332.633
3343	5.737	8.632	-328.700
3344	17.436	2.708	-330.812
3345	-3.392	-1.367	-327.756
3346	-8.163	-17.869	-331.609
3347	-11.390	-11.822	-330.371
3348	-4.178	15.225	-330.159
3349	5.283	11.620	-329.266
3350	-3.646	19.298	-331.606
3351	2.978	-19.081	-331.469
3352	-18.191	-7.839	-331.678
3353	-8.403	7.402	-328.883
3354	-7.039	14.885	-330.388
3355	2.440	15.711	-330.196
3356	3.381	14.059	-329.742
3357	-10.850	-10.198	-329.873
3358	-0.433	22.280	-332.816
3359	-1.043	-12.443	-329.194
3360	1.893	17.031	-330.625
3361	-8.385	-0.357	-328.327
3362	-20.398	-0.627	-331.939
3363	12.733	0.027	-329.258
3364	0.249	10.585	-328.748
3365	-12.779	15.587	-331.828
3366	0.352	22.419	-332.884
3367	18.770	10.174	-332.368
3368	-12.263	-4.622	-329.357
3369	-0.814	-2.839	-327.710
3370	0.853	-11.444	-328.947
3371	-5.008	-17.021	-330.849
3372	-13.974	-1.226	-329.614
3373	-7.197	-8.606	-328.888
3374	-2.706	-20.690	-332.145
3375	9.691	-4.496	-328.768
3376	-9.895	-18.961	-332.385
3377	-18.335	7.452	-331.671
3378	12.076	12.373	-330.681
3379	-13.783	1.293	-329.561
3380	3.483	8.556	-328.477
3381	-4.820	-6.884	-328.329
3382	10.083	13.576	-330.544
3383	-4.315	6.916	-328.287
3384	-9.179	-8.777	-329.249
3385	-11.802	-11.386	-330.365
3386	-5.101	-8.808	-328.662
3387	10.656	16.496	-331.606
3388	-6.428	8.943	-328.841
3389	-14.106	-1.706	-329.667
3390	-2.617	3.810	-327.836
3391	-11.602	13.093	-330.756
3392	1.486	19.624	-331.624
3393	6.117	10.980	-329.215
3394	-4.798	-16.604	-330.679
3395	-1.518	18.480	-331.158
3396	15.467	-15.794	-332.729
3397	7.597	11.057	-329.441
3398	-16.879	7.879	-331.191
3399	10.225	-14.203	-330.759
3400	-6.893	-8.971	-328.909
3401	9.784	-19.353	-332.526
3402	-5.357	-14.758	-330.131
3403	5.535	10.913	-329.131
3404	15.727	-13.266	-332.013
3405	13.942	-8.102	-330.272
3406	-0.080	-17.965	-330.933
3407	-13.759	14.758	-331.837
3408	-0.840	-13.998	-329.613
3409	2.336	-10.603	-328.806
3410	-4.252	7.351	-328.344
3411	-19.611	-5.326	-331.901
3412	-0.500	0.139	-327.626
3413	-14.298	-8.987	-330.536
3414	-20.910	0.630	-332.169
3415	-15.817	-2.788	-330.250
3416	-10.424	-10.362	-329.813
3417	21.025	2.284	-332.274
3418	-11.051	-3.858	-329.001
3419	-1.606	9.826	-328.616
3420	1.488	-5.518	-327.948
3421	5.846	1.343	-327.981
3422	-20.947	5.325	-332.492
3423	3.105	5.468	-328.017
3424	-8.844	-15.459	-330.874
3425	4.744	-21.237	-332.562
3426	13.128	-8.038	-330.031
3427	9.519	-13.267	-330.341
3428	10.204	-15.927	-331.307
3429	-3.809	-17.610	-330.953
3430	-9.228	7.996	-329.124
3431	-1.766	11.861	-329.070
3432	3.376	19.117	-331.511
3433	4.189	-15.010	-330.092
3434	-20.777	7.064	-332.651
3435	-5.550	21.724	-332.884
3436	10.539	-1.078	-328.749
3437	12.001	4.341	-329.265
3438	12.415	-1.617	-329.203
3439	-9.580	-19.381	-332.495
3440	-6.672	3.998	-328.227
3441	9.120	3.629	-328.588
3442	0.120	0.333	-327.625
3443	8.043	-3.417	-328.387
3444	0.860	22.151	-332.759
3445	1.191	-18.977	-331.347
3446	0.217	14.315	-329.699
3447	-5.302	16.467	-330.685
3448	-14.835	-13.826	-331.882
3449	7.534	10.193	-329.243
3450	6.468	-6.760	-328.499
3451	-9.904	-12.067	-330.101
3452	8.634	16.552	-331.208
3453	14.419	-14.489	-331.954
3454	10.777	-3.491	-328.913
3455	1.240	-5.129	-327.900
3456	-12.689	18.085	-332.722
3457	-3.362	-2.983	-327.824
3458	4.963	6.465	-328.287
3459	3.807	-7.983	-328.405
3460	-6.787	-11.554	-329.437
3461	1.547	16.873	-330.556
3462	9.323	17.791	-331.798
3463	-6.433	9.415	-328.930
3464	0.092	4.509	-327.825
3465	4.158	-18.737	-331.420
3466	10.765	-13.540	-330.684
3467	2.421	13.904	-329.639
3468	18.479	-2.350	-331.191
3469	14.366	-0.857	-329.721
3470	3.446	16.848	-330.647
3471	7.924	-19.516	-332.235
3472	-20.618	-1.946	-332.074
3473	13.676	12.996	-331.287
3474	-16.422	2.833	-330.458
3475	-13.554	7.985	-330.141
3476	14.171	13.791	-331.664
3477	-16.836	8.529	-331.290
3478	-9.367	-15.487	-330.985
3479	17.342	-8.838	-331.533
3480	-9.468	17.819	-331.838
3481	-6.525	15.027	-330.360
3482	14.099	-10.561	-330.801
3483	19.703	-3.814	-331.790
3484	5.280	22.048	-333.009
3485	-0.881	9.874	-328.608
3486	-10.364	-12.068	-330.199
3487	14.787	-4.762	-330.077
3488	10.640	7.830	-329.385
3489	17.231	-5.063	-330.931
3490	0.764	-13.552	-329.485
3491	-14.168	9.368	-330.571
3492	-17.842	-7.252	-331.448
3493	9.802	7.116	-329.100
3494	-0.479	-21.948	-332.655
3495	9.049	-9.102	-329.285
3496	0.129	2.597	-327.690
3497	-12.233	12.731	-330.816
3498	6.389	-10.487	-329.142
3499	18.467	7.759	-331.774
3500	0.199	-18.712	-331.225
3501	-7.870	-12.530	-329.844
3502	6.401	-15.877	-330.619
3503	11.791	-2.835	-329.104
3504	-11.919	-18.492	-332.678
3505	-20.542	5.978	-332.388
3506	3.984	8.999	-328.593
3507	8.099	5.440	-328.577
3508	9.990	10.258	-329.700
3509	9.615	8.185	-329.230
3510	6.375	-9.591	-328.957
3511	-19.139	-8.887	-332.252
3512	5.006	-10.411	-328.965
3513	15.838	10.602	-331.365
3514	-6.492	-12.394	-329.604
3515	-17.950	7.905	-331.595
3516	3.018	-5.291	-327.993
3517	-18.380	-7.632	-331.718
3518	5.767	10.365	-329.039
3519	13.272	7.342	-329.959
3520	5.755	-0.541	-327.956
3521	-3.585	-4.685	-327.970
3522	5.622	9.787	-328.903
3523	11.779	2.899	-329.105
3524	14.302	6.947	-330.196
3525	-9.840	-2.117	-328.638
3526	-2.298	19.363	-331.547
3527	3.364	-13.073	-329.464
3528	9.423	-3.612	-328.644
3529	-17.029	-4.510	-330.801
3530	-22.380	-0.977	-332.874
3531	-1.790	-21.562	-332.503
3532	-16.140	5.325	-330.575
3533	-17.596	-4.315	-330.992
3534	-6.074	20.576	-332.416
3535	13.936	2.253	-329.640
3536	3.128	13.755	-329.637
3537	-6.052	-10.911	-329.192
3538	17.437	-3.206	-330.844
3539	2.030	9.682	-328.603
3540	0.214	-14.210	-329.668
3541	18.440	-10.540	-332.317
3542	12.959	12.545	-330.961
3543	15.414	3.246	-330.148
3544	7.533	0.306	-328.190
3545	11.580	7.125	-329.491
3546	19.207	-5.619	-331.766
3547	12.456	4.423	-329.387
3548	-22.538	3.079	-333.048
3549	-1.095	13.662	-329.522
3550	16.912	-6.689	-331.018
3551	16.623	-14.784	-332.798
3552	13.121	14.320	-331.515
3553	1.563	-19.361	-331.516
3554	22.434	-0.852	-332.898
3555	-10.774	2.816	-328.869
3556	11.778	10.521	-330.161
3557	-15.874	12.318	-331.801
3558	-3.624	-2.397	-327.811
3559	18.936	0.241	-331.316
3560	8.061	-6.289	-328.671
3561	-4.488	13.356	-329.632
3562	-6.712	6.862	-328.546
3563	-4.993	8.441	-328.587
3564	5.285	-19.955	-332.044
3565	-5.221	7.826	-328.509
3566	15.307	10.982	-331.276
3567	5.214	-12.130	-329.383
3568	1.136	0.658	-327.640
3569	-6.921	-16.688	-330.972
3570	-4.737	-7.426	-328.399
3571	-13.340	7.301	-329.972
3572	-0.125	10.216	-328.670
3573	17.375	-0.031	-330.712
3574	1.720	-1.390	-327.672
3575	9.944	8.338	-329.322
3576	14.913	2.520	-329.946
3577	8.852	-11.688	-329.803
3578	17.368	-11.058	-332.020
3579	9.326	4.771	-328.724
3580	-7.206	-2.721	-328.215
3581	-2.306	19.183	-331.473
3582	-11.751	17.716	-332.325
3583	5.684	-6.906	-328.423
3584	12.566	5.840	-329.565
3585	9.697	-0.964	-328.574
3586	-0.976	4.723	-327.855
3587	21.688	3.699	-332.678
3588	2.215	13.183	-329.428
3589	-19.297	10.833	-332.741
3590	-6.943	-13.174	-329.873
3591	11.117	1.676	-328.893
3592	3.073	-7.498	-328.279
3593	3.025	1.657	-327.741
3594	11.887	18.654	-332.735
3595	-11.582	-0.653	-328.976
3596	-16.327	11.232	-331.682
3597	19.304	-7.712	-332.109
3598	-0.808	-9.177	-328.472
3599	0.176	-9.589	-328.544
3600	-0.929	-2.471	-327.692
3601	5.262	15.523	-330.363
3602	-6.945	8.931	-328.909
3603	13.479	6.318	-329.871
3604	5.081	1.614	-327.906
3605	2.707	19.246	-331.521
3606	-14.883	9.787	-330.875
3607	5.604	-5.855	-328.279
3608	17.609	-14.335	-333.027
3609	8.409	-20.731	-332.860
3610	3.552	3.616	-327.879
3611	-11.253	14.873	-331.200
3612	16.766	-0.646	-330.498
3613	-19.481	0.666	-331.544
3614	-13.869	-12.917	-331.322
3615	1.056	1.199	-327.649
3616	-12.495	-6.200	-329.591
3617	4.166	8.127	-328.458
3618	18.414	-1.923	-331.146
3619	-6.489	18.176	-331.464
3620	-5.146	8.336	-328.584
3621	18.794	-1.124	-331.271
3622	17.373	-8.341	-331.452
3623	0.353	4.990	-327.872
3624	-16.043	1.992	-330.286
3625	-6.246	-1.042	-328.023
3626	-0.015	20.494	-331.977
3627	0.660	-14.204	-329.670
3628	-7.705	-6.420	-328.631
3629	-7.539	6.369	-328.599
3630	11.493	-2.136	-328.998
3631	0.948	3.370	-327.745
3632	16.628	-8.896	-331.284
3633	2.608	-6.773	-328.149
3634	5.470	8.217	-328.599
3635	6.456	-16.310	-330.774
3636	4.577	-10.093	-328.857
3637	4.687	-5.747	-328.172
3638	-4.020	10.360	-328.863
3639	3.928	-18.902	-331.467
3640	-1.399	-15.648	-330.134
3641	-17.525	3.801	-330.921
3642	3.025	10.923	-328.914
3643	4.827	1.522	-327.878
3644	-1.076	22.236	-332.817
3645	-19.070	10.391	-332.541
3646	5.573	22.111	-333.076
3647	6.875	-3.015	-328.185
3648	12.988	-9.521	-330.265
3649	16.492	0.440	-330.399
3650	8.993	-17.685	-331.692
3651	-13.776	-4.426	-329.745
3652	8.293	-4.041	-328.475
3653	11.769	10.427	-330.138
3654	-12.978	-11.262	-330.642
3655	9.152	15.829	-331.056
3656	1.740	-11.013	-328.872
3657	3.862	8.362	-328.472
3658	-3.417	22.578	-333.092
3659	1.325	8.359	-328.339
3660	-1.050	13.191	-329.391
3661	-12.293	0.205	-329.146
3662	5.802	4.225	-328.137
3663	-5.148	-1.265	-327.903
3664	3.452	15.566	-330.211
3665	6.619	-3.762	-328.202
3666	-0.481	-18.137	-331.002
3667	4.892	-9.842	-328.836
3668	-11.466	-16.735	-331.885
3669	19.716	-7.015	-332.172
3670	-3.012	12.719	-329.347
3671	-7.072	-18.526	-331.687
3672	-3.850	3.498	-327.892
3673	-6.082	-10.616	-329.131
3674	19.614	2.161	-331.646
3675	-2.615	-14.573	-329.847
3676	2.105	6.756	-328.122
3677	19.107	3.784	-331.539
3678	-15.526	7.171	-330.613
3679	8.457	-15.987	-330.980
3680	-12.789	3.195	-329.377
3681	-15.364	-8.934	-330.860
3682	-15.022	14.075	-332.018
3683	-1.733	3.524	-327.777
3684	-1.432	21.048	-332.250
3685	-9.688	-16.360	-331.347
3686	-1.612	-20.746	-332.119
3687	-17.618	-6.174	-331.208
3688	-13.375	5.667	-329.761
3689	4.123	11.504	-329.127
3690	-0.511	-3.730	-327.764
3691	9.205	-20.716	-333.008
3692	-13.559	-10.289	-330.584
3693	-6.484	21.707	-333.001
3694	11.012	-0.777	-328.847
3695	4.413	19.638	-331.816
3696	-17.773	-4.941	-331.120
3697	14.331	-4.496	-329.913
3698	-11.447	6.536	-329.377
3699	3.903	18.070	-331.136
3700	4.230	-9.967	-328.800
3701	0.893	-7.786	-328.236
3702	5.519	2.986	-328.015
3703	-15.409	5.585	-330.362
3704	16.963	10.134	-331.658
3705	-9.353	-4.288	-328.685
3706	-9.268	-0.964	-328.492
3707	-12.425	17.934	-332.589
3708	2.961	-7.025	-328.203
3709	5.761	1.586	-327.979
3710	10.751	-7.846	-329.412
3711	11.686	-16.017	-331.686
3712	-9.305	20.819	-333.076
3713	1.686	7.573	-328.224
3714	-4.733	-18.291	-331.298
3715	-0.202	-15.366	-330.023
3716	-0.897	3.766	-327.772
3717	21.574	-6.214	-332.899
3718	2.930	3.560	-327.835
3719	19.930	7.423	-332.329
3720	-4.322	15.875	-330.384
3721	18.560	-2.460	-331.229
3722	12.003	-18.268	-332.609
3723	-11.462	11.923	-330.414
3724	8.527	17.248	-331.440
3725	17.990	-1.752	-330.975
3726	14.623	-0.464	-329.793
3727	-1.401	21.731	-332.569
3728	-2.830	-5.324	-327.985
3729	-3.714	2.925	-327.845
3730	19.250	11.008	-332.763
3731	3.235	13.635	-329.610
3732	3.010	-6.657	-328.155
3733	10.591	5.012	-329.004
3734	16.226	-14.854	-332.677
3735	0.999	3.911	-327.785
3736	9.277	13.912	-330.477
3737	-10.194	-2.381	-328.722
3738	9.542	16.527	-331.375
3739	-5.514	19.998	-332.089
3740	-20.234	-8.171	-332.591
3741	-7.117	5.819	-328.469
3742	4.948	9.500	-328.774
3743	4.560	1.583	-327.855
3744	-0.994	-8.751	-328.399
3745	18.190	8.428	-331.781
3746	22.007	0.889	-332.689
3747	9.191	-2.993	-328.559
3748	-6.762	0.233	-328.080
3749	13.141	14.637	-331.620
3750	-4.237	9.521	-328.712
3751	11.198	-19.567	-332.945
3752	-14.029	4.446	-329.819
3753	4.233	22.367	-333.056
3754	-9.799	-13.490	-330.460
3755	-15.516	-15.561	-332.665
3756	-19.549	2.443	-331.633
3757	3.041	8.163	-328.382
3758	13.315	16.295	-332.226
3759	-2.757	-17.407	-330.804
3760	15.107	-6.003	-330.316
3761	19.100	-11.050	-332.710
3762	12.039	13.433	-330.961
3763	-11.484	-7.761	-329.566
3764	-4.266	-11.814	-329.213
3765	6.628	15.016	-330.370
3766	-5.107	0.434	-327.885
3767	-18.887	1.874	-331.333
3768	15.139	11.898	-331.446
3769	21.095	7.831	-332.924
3770	12.491	15.188	-331.617
3771	-13.077	2.047	-329.392
3772	-12.866	3.179	-329.397
3773	15.012	1.684	-329.940
3774	2.532	12.501	-329.264
3775	-17.637	6.407	-331.246
3776	1.221	-12.014	-329.091
3777	-12.235	3.687	-329.270
3778	-10.965	8.311	-329.537
3779	9.266	3.728	-328.623
3780	-3.248	1.835	-327.762
3781	9.154	-10.802	-329.653
3782	4.065	-1.587	-327.813
3783	11.914	16.265	-331.831
3784	12.316	-2.041	-329.194
3785	18.508	-1.073	-331.156
3786	1.113	5.497	-327.936
3787	-10.728	-17.333	-331.929
3788	9.338	9.678	-329.450
3789	10.743	-14.075	-330.835
3790	-13.380	-7.158	-329.961
3791	1.289	9.341	-328.513
3792	-6.661	7.099	-328.572
3793	-4.031	-16.961	-330.734
3794	10.805	-0.777	-328.801
3795	-1.403	17.382	-330.736
3796	-8.822	13.981	-330.411
3797	1.580	2.108	-327.692
3798	9.896	9.350	-329.497
3799	6.505	14.365	-330.153
3800	-21.807	-0.138	-332.584
3801	-9.635	8.489	-329.286
3802	0.710	-5.603	-327.941
3803	-9.014	17.124	-331.486
3804	-15.942	2.670	-330.285
3805	-8.529	5.890	-328.700
3806	-3.904	-18.683	-331.376
3807	-2.209	-2.608	-327.739
3808	-13.788	-18.066	-333.037
3809	16.539	9.451	-331.361
3810	-18.062	8.780	-331.796
3811	3.502	-11.822	-329.155
3812	-4.436	3.528	-327.943
3813	-21.790	-5.701	-332.935
3814	12.389	15.990	-331.859
3815	-4.681	9.729	-328.793
3816	7.842	12.108	-329.731
3817	14.518	-3.514	-329.887
3818	3.202	-6.573	-328.156
3819	15.883	10.466	-331.350
3820	8.244	6.711	-328.757
3821	5.249	1.637	-327.924
3822	-5.449	-13.321	-329.722
3823	-5.106	-19.436	-331.802
3824	1.977	-11.151	-328.912
3825	-18.767	-10.369	-332.410
3826	-13.977	-8.861	-330.417
3827	-0.401	-16.098	-330.265
3828	-1.460	4.518	-327.847
3829	11.424	-14.896	-331.249
3830	-1.283	4.503	-327.841
3831	8.783	-19.464	-332.370
3832	-19.608	5.260	-331.892
3833	-8.004	13.821	-330.220
3834	11.173	9.365	-329.778
3835	7.330	-9.216	-329.018
3836	9.961	-10.788	-329.809
3837	-6.605	-11.945	-329.506
3838	-8.190	-7.065	-328.797
3839	-8.378	6.912	-328.807
3840	10.650	-1.461	-328.783
3841	2.076	14.253	-329.725
3842	3.441	-1.647	-327.768
3843	-0.922	2.947	-327.718
3844	-1.347	-16.404	-330.386
3845	-3.088	19.489	-331.646
3846	-10.745	-8.680	-329.553
3847	-10.381	-4.007	-328.867
3848	20.931	1.164	-332.189
3849	1.283	-9.960	-328.634
3850	0.780	-9.497	-328.532
3851	7.938	-11.633	-329.631
3852	19.141	-0.376	-331.400
3853	10.738	-18.618	-332.435
3854	-8.329	-4.806	-328.549
3855	1.638	-1.530	-327.673
3856	-13.164	-18.655	-333.091
3857	-11.217	-5.848	-329.236
3858	6.017	12.541	-329.580
3859	3.033	-6.147	-328.092
3860	16.496	14.147	-332.548
3861	15.490	-1.198	-330.077
3862	-0.102	-14.209	-329.667
3863	14.136	13.499	-331.567
3864	-12.981	-7.834	-329.957
3865	-1.530	15.784	-330.183
3866	-3.525	19.689	-331.762
3867	-5.200	-8.811	-328.672
3868	-14.436	-8.648	-330.515
3869	13.657	-15.822	-332.160
3870	12.273	-13.024	-330.907
3871	-4.815	4.216	-328.031
3872	-13.369	-16.528	-332.325
3873	13.338	18.431	-333.049
3874	-10.550	-1.489	-328.762
3875	12.100	3.118	-329.196
3876	13.012	-14.987	-331.695
3877	-7.893	-17.003	-331.238
3878	3.665	7.720	-328.353
3879	-4.912	19.860	-331.961
3880	15.251	-13.087	-331.802
3881	-0.934	-10.196	-328.674
3882	18.387	4.750	-331.337
3883	-2.311	-11.540	-329.016
3884	3.645	-5.412	-328.047
3885	11.495	7.771	-329.571
3886	-5.175	-13.956	-329.871
3887	-7.066	-18.475	-331.666
3888	-7.089	19.602	-332.135
3889	-1.555	-9.277	-328.509
3890	-2.873	-21.610	-332.581
3891	2.986	8.324	-328.405
3892	3.335	-5.389	-328.023
3893	6.342	3.801	-328.169
3894	10.184	-4.842	-328.901
3895	-12.970	5.363	-329.617
3896	16.073	-15.751	-332.925
3897	2.855	14.485	-329.834
3898	2.130	-1.520	-327.691
3899	9.469	-0.125	-328.521
3900	8.638	-15.798	-330.949
3901	-7.862	-14.539	-330.410
3902	4.818	4.435	-328.050
3903	17.659	5.710	-331.164
3904	5.681	17.459	-331.086
3905	6.372	-1.975	-328.067
3906	-1.541	17.996	-330.970
3907	0.256	-5.018	-327.874
3908	-6.015	2.824	-328.063
3909	-21.476	2.702	-332.507
3910	-0.060	-1.986	-327.663
3911	-20.329	0.481	-331.907
3912	11.170	-10.196	-329.945
3913	1.550	0.913	-327.655
3914	13.890	15.969	-332.282
3915	-16.468	-11.565	-331.814
3916	-2.231	-16.578	-330.479
3917	-7.409	-2.152	-328.217
3918	7.455	-9.223	-329.038
3919	8.125	-17.583	-331.493
3920	17.757	14.006	-332.981
3921	-13.567	11.023	-330.751
3922	-10.573	2.290	-328.798
3923	-2.727	-20.314	-331.978
3924	5.313	-1.878	-327.939
3925	-10.873	16.464	-331.645
3926	-9.010	-18.224	-331.904
3927	-7.448	-19.412	-332.111
3928	-11.771	9.814	-330.009
3929	12.782	14.437	-331.457
3930	-20.933	-5.973	-332.566
3931	16.278	12.000	-331.857
3932	-4.335	11.093	-329.050
3933	20.121	10.531	-333.029
3934	7.664	3.041	-328.302
3935	-6.940	7.714	-328.703
3936	10.458	-7.089	-329.232
3937	10.984	18.399	-332.404
3938	11.663	9.636	-329.947
3939	18.353	-13.179	-332.970
3940	7.195	-20.805	-332.684
3941	2.234	-2.187	-327.720
3942	13.435	11.123	-330.737
3943	6.083	-8.512	-328.721
3944	0.521	9.811	-328.590
3945	2.467	-6.856	-328.153
3946	1.366	-15.405	-330.054
3947	12.028	2.239	-329.131
3948	-10.770	9.511	-329.715
3949	-18.458	-7.689	-331.759
3950	-13.460	12.498	-331.089
3951	6.183	5.802	-328.342
3952	6.007	14.904	-330.253
3953	-9.709	-17.503	-331.767
3954	-17.670	4.145	-331.004
3955	22.717	-1.364	-333.053
3956	0.343	-8.817	-328.402
3957	-13.277	1.419	-329.424
3958	1.351	3.864	-327.790
3959	-13.063	-1.481	-329.368
3960	17.612	4.129	-330.981
3961	-1.543	10.783	-328.814
3962	-2.304	7.659	-328.262
3963	-9.893	14.304	-330.718
3964	13.706	10.494	-330.671
3965	-3.509	15.219	-330.104
3966	13.744	-12.917	-331.285
3967	-4.759	-13.230	-329.624
3968	-15.205	-10.290	-331.086
3969	12.760	3.370	-329.381
3970	2.550	5.766	-328.019
3971	-10.608	-13.656	-330.682
3972	11.781	-15.308	-331.471
3973	14.757	-5.463	-330.142
3974	19.042	2.073	-331.404
3975	16.771	-12.553	-332.182
3976	2.907	-19.815	-331.772
3977	7.676	7.564	-328.789
3978	12.642	0.371	-329.236
3979	-11.902	-9.900	-330.059
3980	-2.839	10.234	-328.755
3981	8.433	19.392	-332.273
3982	-4.200	-22.422	-333.080
3983	-12.368	2.770	-329.243
3984	11.313	18.627	-332.578
3985	5.797	-10.854	-329.148
3986	-2.029	1.984	-327.703
3987	-9.305	16.936	-331.474
3988	-16.958	5.489	-330.880
3989	-12.023	15.469	-331.586
3990	-20.333	-0.332	-331.907
3991	-8.410	-18.673	-331.971
3992	1.131	19.262	-331.462
3993	-18.578	-5.209	-331.462
3994	-4.367	-8.242	-328.494
3995	-6.343	-0.690	-328.029
3996	-6.963	5.971	-328.465
3997	2.055	3.193	-327.767
3998	-18.659	0.129	-331.204
3999	9.670	-11.589	-329.936
4000	2.964	10.000	-328.714
4001	15.378	6.099	-330.415
4002	-12.358	-18.035	-332.611
4003	8.387	16.992	-331.320
4004	10.334	5.188	-328.967
4005	5.490	14.221	-329.983
4006	10.341	20.015	-332.938
4007	-1.562	-17.639	-330.836
4008	19.276	1.840	-331.491
4009	4.072	-12.010	-329.244
4010	-13.761	-7.128	-330.065
4011	4.643	14.293	-329.916
4012	12.503	-18.536	-332.853
4013	-16.382	0.827	-330.367
4014	-15.109	12.466	-331.585
4015	6.596	12.150	-329.556
4016	-5.591	-8.967	-328.743
4017	2.203	5.627	-327.987
4018	9.040	3.353	-328.554
4019	-1.171	2.690	-327.709
4020	17.939	-6.713	-331.404
4021	5.323	9.369	-328.788
4022	3.336	-8.766	-328.504
4023	-10.559	-18.537	-332.360
4024	12.143	1.355	-329.127
4025	1.248	3.290	-327.746
4026	2.395	9.511	-328.587
4027	-11.510	19.183	-332.859
4028	7.674	-6.720	-328.666
4029	-5.783	2.536	-328.020
4030	-14.171	8.141	-330.346
4031	20.661	-8.181	-332.786
4032	-3.402	0.320	-327.739
4033	15.658	1.265	-330.134
4034	-1.812	5.513	-327.958
4035	-11.905	-7.689	-329.657
4036	-1.518	15.061	-329.950
4037	-14.321	-16.405	-332.569
4038	19.991	1.695	-331.788
4039	-5.874	10.838	-329.154
4040	-5.173	14.692	-330.090
4041	-13.674	5.590	-329.836
4042	17.165	3.085	-330.736
4043	15.121	-15.364	-332.465
4044	14.229	-8.220	-330.377
4045	-6.652	-8.735	-328.833
4046	14.587	-8.439	-330.524
4047	-17.218	-0.609	-330.659
4048	-19.406	3.117	-331.613
4049	-19.040	-6.727	-331.844
4050	-0.599	16.350	-330.352
4051	10.632	1.285	-328.774
4052	-0.648	-14.346	-329.712
4053	1.881	2.747	-327.733
4054	-18.160	12.885	-332.808
4055	-1.977	10.032	-328.671
4056	5.764	-14.321	-330.045
4057	17.154	11.752	-332.112
4058	0.623	-12.611	-329.230
4059	-7.297	-7.742	-328.759
4060	14.591	-5.969	-330.152
4061	-17.993	8.812	-331.776
4062	9.893	-7.979	-329.252
4063	-7.203	-8.930	-328.946
4064	5.262	-7.838	-328.515
4065	-9.086	7.801	-329.067
4066	8.273	1.640	-328.334
4067	1.864	8.606	-328.398
4068	5.558	19.636	-331.939
4069	1.819	-11.917	-329.096
4070	12.495	1.709	-329.226
4071	14.882	9.907	-330.900
4072	-6.614	20.131	-332.293
4073	-10.495	19.055	-332.559
4074	6.180	-12.269	-329.531
4075	10.050	6.451	-329.058
4076	-7.378	-14.090	-330.198
4077	-0.154	-8.752	-328.389
4078	-15.763	13.611	-332.127
4079	-9.663	-9.682	-329.515
4080	-15.218	0.837	-329.983
4081	5.289	-13.748	-329.823
4082	13.227	9.120	-330.252
4083	-11.065	3.694	-328.992
4084	3.006	19.533	-331.659
4085	-3.220	7.263	-328.253
4086	-2.617	-14.494	-329.823
4087	-14.574	4.217	-329.961
4088	10.662	10.225	-329.836
4089	6.020	18.285	-331.444
4090	14.601	13.205	-331.626
4091	-9.245	19.437	-332.449
4092	8.650	-12.402	-329.945
4093	13.271	-5.134	-329.673
4094	-10.414	17.960	-332.097
4095	-9.679	17.719	-331.843
4096	6.054	-14.091	-330.013
4097	-17.081	-8.101	-331.302
4098	-9.434	-19.686	-332.595
4099	6.035	4.299	-328.171
4100	-11.059	4.009	-329.015
4101	8.907	-14.158	-330.479
4102	7.845	-8.892	-329.038
4103	-16.627	2.950	-330.536
4104	14.412	16.997	-332.816
4105	-14.383	14.583	-331.972
4106	1.931	19.647	-331.650
4107	-11.848	-10.908	-330.265
4108	0.868	-16.984	-330.578
4109	-1.355	7.328	-328.177
4110	17.222	14.418	-332.904
4111	-10.588	-16.015	-331.422
4112	-6.150	4.586	-328.210
4113	6.776	-0.424	-328.083
4114	4.859	-5.036	-328.111
4115	-13.364	2.136	-329.474
4116	9.944	-7.565	-329.196
4117	0.157	14.756	-329.832
4118	18.785	12.523	-332.962
4119	-19.397	3.943	-331.672
4120	-17.719	-1.047	-330.852
4121	14.819	6.349	-330.271
4122	13.694	6.472	-329.953
4123	-10.236	7.292	-329.215
4124	9.476	18.743	-332.207
4125	-19.456	6.110	-331.943
4126	-7.310	1.917	-328.193
4127	8.005	20.884	-332.856
4128	4.799	11.418	-329.168
4129	5.384	-10.223	-328.965
4130	10.254	-9.881	-329.677
4131	-4.473	-0.980	-327.832
4132	1.145	-1.247	-327.652
4133	-3.167	-21.841	-332.711
4134	-16.301	-9.638	-331.316
4135	3.234	11.303	-329.013
4136	1.141	-20.828	-332.142
4137	12.948	12.010	-330.818
4138	5.290	5.812	-328.240
4139	-9.542	-8.152	-329.210
4140	1.073	7.549	-328.203
4141	0.283	-16.387	-330.362
4142	-0.727	-18.377	-331.098
4143	-12.215	-14.586	-331.351
4144	-13.590	10.265	-330.588
4145	-17.689	14.518	-333.117
4146	-11.956	-13.796	-331.045
4147	-10.527	-7.924	-329.386
4148	12.907	12.173	-330.849
4149	-4.346	-0.071	-327.811
4150	-7.804	-1.034	-328.242
4151	2.508	-19.949	-331.806
4152	-8.063	-6.024	-328.638
4153	11.685	-13.270	-330.826
4154	8.275	-15.312	-330.723
4155	5.432	-9.070	-328.744
4156	-7.348	-4.636	-328.378
4157	2.539	3.642	-327.819
4158	15.214	-5.203	-330.256
4159	9.328	-10.831	-329.692
4160	-4.810	7.427	-328.406
4161	-0.301	-13.159	-329.372
4162	14.180	7.531	-330.248
4163	-9.224	-4.491	-328.678
4164	-1.755	11.809	-329.057
4165	7.871	10.060	-329.268
4166	0.636	-12.545	-329.213
4167	-18.734	-3.300	-331.350
4168	-12.943	-6.974	-329.815
4169	7.428	-11.387	-329.491
4170	-6.307	5.084	-328.278
4171	9.600	2.456	-328.607
4172	8.922	-8.573	-329.165
4173	2.477	1.062	-327.695
4174	-14.562	-14.136	-331.889
4175	7.963	4.885	-328.496
4176	2.918	18.768	-331.338
4177	3.645	-0.051	-327.755
4178	-11.596	-18.688	-332.674
4179	8.418	-1.493	-328.354
4180	-8.070	11.399	-329.597
4181	-5.973	-9.017	-328.797
4182	7.695	2.710	-328.288
4183	-12.851	-1.351	-329.308
4184	-7.622	13.224	-329.990
4185	-0.981	15.720	-330.147
4186	-3.772	-10.111	-328.792
4187	18.046	12.895	-332.765
4188	-11.883	14.616	-331.275
4189	-6.447	-8.152	-328.706
4190	-5.052	-0.623	-327.881
4191	-0.791	22.165	-332.765
4192	-2.209	-9.213	-328.522
4193	2.539	-11.481	-329.014
4194	-4.368	18.233	-331.240
4195	9.967	-14.050	-330.658
4196	3.221	-12.914	-329.412
4197	12.905	-17.931	-332.722
4198	-18.415	-9.950	-332.175
4199	-7.997	16.704	-331.148
4200	-1.149	15.784	-330.172
4201	-12.625	-10.030	-330.272
4202	-11.314	14.548	-331.113
4203	-7.160	11.649	-329.513
4204	11.406	16.126	-331.654
4205	-5.610	-8.850	-328.724
4206	12.301	-5.492	-329.457
4207	13.191	-8.696	-330.163
4208	-10.344	-19.898	-332.887
4209	2.059	-12.122	-329.146
4210	6.235	13.316	-329.815
4211	9.101	-11.573	-329.821
4212	18.402	6.549	-331.562
4213	-4.589	-8.193	-328.506
4214	12.154	9.409	-330.024
4215	-7.410	-19.483	-332.135
4216	12.767	-2.793	-329.347
4217	16.671	0.026	-330.460
4218	17.018	14.440	-332.833
4219	2.053	-0.457	-327.667
4220	-0.285	-12.345	-329.159
4221	-17.328	-4.926	-330.952
4222	-10.578	-11.921	-330.209
4223	-9.075	-6.714	-328.904
4224	-0.404	-6.138	-328.000
4225	1.379	5.968	-327.997
4226	-7.165	5.377	-328.426
4227	-6.386	-5.991	-328.390
4228	-3.307	8.385	-328.436
4229	-0.648	-4.627	-327.840
4230	-19.400	-3.283	-331.622
4231	1.650	-14.058	-329.651
4232	12.362	1.938	-329.201
4233	13.298	-9.208	-330.289
4234	-5.387	9.338	-328.790
4235	1.358	-19.770	-331.682
4236	3.545	18.006	-331.082
4237	-2.026	13.266	-329.442
4238	-0.223	-15.792	-330.161
4239	-12.648	14.947	-331.581
4240	2.570	15.505	-330.136
4241	-13.517	4.117	-329.644
4242	-9.021	-7.215	-328.965
4243	-7.378	5.827	-328.508
4244	-6.069	2.805	-328.069
4245	16.988	12.181	-332.162
4246	10.679	-11.441	-330.114
4247	-17.438	-7.631	-331.355
4248	-2.702	-16.099	-330.340
4249	1.629	-11.032	-328.872
4250	4.783	-14.577	-330.015
4251	21.402	-1.505	-332.417
4252	1.759	-5.987	-328.011
4253	-6.618	15.353	-330.476
4254	5.311	-9.669	-328.845
4255	3.365	4.339	-327.923
4256	-1.430	-2.372	-327.699
4257	4.446	-2.377	-327.876
4258	-0.129	1.670	-327.651
4259	11.189	17.905	-332.258
4260	-0.130	4.199	-327.799
4261	-8.485	-5.458	-328.643
4262	-17.707	1.132	-330.849
4263	-6.531	6.256	-328.441
4264	13.021	-10.753	-330.536
4265	13.451	-4.878	-329.696
4266	-10.380	-4.117	-328.876
4267	3.743	9.968	-328.761
4268	16.136	-2.112	-330.322
4269	6.647	4.694	-328.284
4270	-6.649	16.490	-330.863
4271	-2.883	-4.200	-327.881
4272	-14.339	-2.279	-329.759
4273	4.708	-9.816	-328.813
4274	14.894	4.562	-330.090
4275	6.017	7.643	-328.571
4276	-6.748	-14.454	-330.214
4277	-3.623	-2.570	-327.819
4278	-17.094	0.060	-330.610
4279	5.663	-5.310	-328.225
4280	-3.323	4.193	-327.908
4281	-14.875	-7.677	-330.484
4282	7.819	2.525	-328.297
4283	4.909	20.612	-332.293
4284	13.570	12.791	-331.199
4285	-11.185	-10.963	-330.118
4286	6.470	11.228	-329.317
4287	14.929	-0.527	-329.888
4288	6.082	-10.627	-329.133
4289	3.290	22.407	-332.997
4290	2.799	-12.583	-329.299
4291	6.631	-13.656	-329.964
4292	-8.590	7.362	-328.909
4293	-1.746	14.917	-329.912
4294	-7.017	-16.904	-331.063
4295	-4.399	18.848	-331.487
4296	14.595	-0.040	-329.782
4297	5.330	21.213	-332.616
4298	1.526	-8.305	-328.336
4299	-9.440	-9.289	-329.394
4300	6.481	-7.950	-328.678
4301	-20.499	0.890	-331.988
4302	8.417	10.310	-329.412
4303	3.633	-12.613	-329.362
4304	0.961	-20.142	-331.832
4305	0.780	4.218	-327.806
4306	10.569	-1.756	-328.775
4307	-8.259	0.389	-328.306
4308	11.821	1.594	-329.055
4309	6.341	-7.619	-328.608
4310	-17.555	1.058	-330.791
4311	-11.204	6.089	-329.263
4312	16.215	-7.999	-330.977
4313	0.115	-20.179	-331.838
4314	21.147	-3.297	-332.392
4315	0.917	-13.535	-329.483
4316	9.227	-3.006	-328.566
4317	15.500	2.733	-330.143
4318	-7.267	-17.746	-331.413
4319	-11.545	-9.445	-329.881
4320	-16.663	-1.518	-330.481
4321	8.836	20.854	-332.998
4322	-14.793	-11.248	-331.174
4323	-13.561	15.849	-332.141
4324	-16.453	-9.725	-331.387
4325	16.043	-1.552	-330.270
4326	-19.251	1.210	-331.460
4327	17.660	-10.425	-331.983
4328	-7.164	-3.725	-328.274
4329	-2.597	3.098	-327.786
4330	-3.613	-5.765	-328.085
4331	-6.381	-6.785	-328.491
4332	-17.202	0.870	-330.657
4333	-11.347	11.739	-330.341
4334	-7.827	-9.116	-329.076
4335	-5.123	-8.792	-328.661
4336	-16.437	9.058	-331.247
4337	-6.969	-0.127	-328.118
4338	3.785	5.515	-328.069
4339	14.159	-5.993	-330.025
4340	-12.530	-13.056	-330.983
4341	-1.027	-10.531	-328.746
4342	15.090	-8.195	-330.638
4343	-17.117	-6.499	-331.066
4344	5.484	-15.230	-330.293
4345	22.793	0.376	-333.072
4346	15.189	16.230	-332.789
4347	-15.852	-6.918	-330.683
4348	-0.652	-11.130	-328.872
4349	-8.544	-13.959	-330.354
4350	-6.420	4.084	-328.201
4351	10.655	-4.890	-329.005
4352	18.625	12.206	-332.809
4353	0.698	-7.435	-328.180
4354	11.237	-3.110	-328.990
4355	0.383	-16.065	-330.253
4356	-12.750	17.380	-332.464
4357	-12.904	-18.170	-332.817
4358	-8.858	16.416	-331.202
4359	1.011	-20.271	-331.890
4360	5.633	20.978	-332.543
4361	21.567	3.242	-332.585
4362	-13.473	-9.175	-330.332
4363	7.183	3.700	-328.275
4364	-10.487	-18.260	-332.232
4365	-14.054	3.646	-329.760
4366	-10.912	7.882	-329.454
4367	13.946	-12.086	-331.123
4368	12.416	-14.968	-331.526
4369	-17.549	8.120	-331.480
4370	-1.083	0.139	-327.635
4371	11.700	2.946	-329.088
4372	19.367	-0.212	-331.493
4373	-8.243	-16.569	-331.143
4374	7.292	1.280	-328.170
4375	-21.848	-4.437	-332.821
4376	3.058	-14.106	-329.734
4377	19.426	6.518	-331.976
4378	11.616	18.204	-332.482
4379	1.761	5.380	-327.942
4380	-8.713	-8.055	-329.040
4381	-19.675	6.429	-332.069
4382	-17.825	-13.731	-332.924
4383	13.385	2.592	-329.502
4384	6.166	-14.431	-330.128
4385	-2.426	18.933	-331.377
4386	8.930	-21.020	-333.093
4387	-0.496	-15.490	-330.065
4388	-3.480	-16.111	-330.394
4389	-1.802	-1.751	-327.686
4390	-2.598	22.646	-333.071
4391	-16.790	5.322	-330.800
4392	-13.584	-18.310	-333.074
4393	17.164	5.125	-330.913
4394	-5.289	15.512	-330.362
4395	1.387	-18.490	-331.157
4396	13.621	7.784	-330.127
4397	-8.709	-2.359	-328.437
4398	-4.562	-5.617	-328.145
4399	6.971	-14.049	-330.125
4400	0.586	-9.713	-328.571
4401	-7.464	17.650	-331.408
4402	-2.544	-15.018	-329.980
4403	-11.565	15.502	-331.481
4404	13.141	-18.485	-333.014
4405	5.599	-21.117	-332.603
4406	-13.638	-2.734	-329.580
4407	1.092	-11.353	-328.931
4408	-13.455	2.866	-329.537
4409	-3.394	16.653	-330.575
4410	-7.773	-2.261	-328.278
4411	6.634	-18.646	-331.671
4412	-10.771	15.775	-331.382
4413	7.318	-17.481	-331.321
4414	1.072	-16.988	-330.584
4415	-1.143	-7.325	-328.171
4416	1.222	-4.193	-327.813
4417	8.384	-3.947	-328.482
4418	-14.465	7.971	-330.406
4419	-16.332	12.135	-331.912
4420	-3.139	-7.820	-328.333
4421	-1.603	11.209	-328.911
4422	-9.892	-2.523	-328.668
4423	12.096	-15.352	-331.566
4424	-0.115	17.500	-330.758
4425	-1.833	-11.594	-329.009
4426	13.187	-2.356	-329.436
4427	10.024	15.012	-330.966
4428	21.638	2.088	-332.551
4429	-10.334	-10.338	-329.789
4430	19.657	-2.804	-331.699
4431	8.703	12.124	-329.883
4432	-7.710	-12.553	-329.824
4433	5.792	4.244	-328.137
4434	8.057	4.711	-328.495
4435	-14.149	7.624	-330.254
4436	-10.398	-12.921	-330.430
4437	-6.278	-2.890	-328.099
4438	19.285	-2.518	-331.526
4439	-2.869	-5.604	-328.018
4440	14.888	4.248	-330.060
4441	8.993	0.534	-328.435
4442	-2.135	16.480	-330.441
4443	16.420	-6.373	-330.800
4444	1.326	20.223	-331.877
4445	5.751	12.585	-329.559
4446	13.349	-13.168	-331.241
4447	-18.089	10.410	-332.146
4448	18.847	-6.111	-331.680
4449	6.532	1.159	-328.062
4450	-16.370	1.780	-330.388
4451	-3.158	-5.276	-328.000
4452	-7.404	-12.191	-329.683
4453	16.905	4.874	-330.793
4454	17.744	-13.883	-332.938
4455	-10.127	5.238	-328.930
4456	7.228	14.199	-330.208
4457	7.364	-18.611	-331.767
4458	-0.260	-0.093	-327.624
4459	-12.345	-7.721	-329.772
4460	-8.413	8.530	-329.068
4461	-16.782	3.126	-330.602
4462	-13.536	10.123	-330.541
4463	-5.515	-5.282	-328.205
4464	-15.875	7.294	-330.747
4465	9.314	-7.773	-329.105
4466	3.076	4.708	-327.938
4467	-3.267	-17.096	-330.723
4468	9.072	-12.306	-329.998
4469	-8.370	-0.460	-328.325
4470	18.592	4.129	-331.359
4471	0.801	17.401	-330.729
4472	-15.317	-9.062	-330.869
4473	14.509	1.022	-329.767
4474	-17.518	1.371	-330.785
4475	-8.978	-4.479	-328.632
4476	-20.012	-6.794	-332.267
4477	2.973	-16.558	-330.513
4478	4.022	10.938	-328.989
4479	7.286	4.543	-328.360
4480	-4.112	-17.495	-330.936
4481	-2.657	-10.273	-328.753
4482	-12.211	-17.502	-332.363
4483	7.319	11.370	-329.471
4484	-7.490	2.703	-328.256
4485	3.671	11.259	-329.034
4486	3.425	-15.423	-330.163
4487	-15.338	-7.135	-330.546
4488	-18.103	-8.251	-331.715
4489	0.873	-12.932	-329.318
4490	1.645	-9.877	-328.628
4491	-6.660	20.607	-332.512
4492	12.226	-8.564	-329.884
4493	3.392	-9.815	-328.704
4494	-9.065	-5.593	-328.762
4495	14.057	-4.075	-329.795
4496	-10.928	15.531	-331.337
4497	21.441	-0.663	-332.415
4498	17.124	-8.493	-331.388
4499	-8.449	-18.673	-331.978
4500	-17.053	-11.700	-332.061
4501	-13.775	0.152	-329.542
4502	8.411	5.045	-328.587
4503	-7.957	10.942	-329.473
4504	-7.334	13.851	-330.122
4505	8.645	17.536	-331.569
4506	7.284	7.431	-328.709
4507	6.807	-15.647	-330.599
4508	-2.877	0.063	-327.706
4509	-14.319	-3.800	-329.849
4510	-1.764	4.463	-327.852
4511	-19.890	0.227	-331.714
4512	3.918	5.234	-328.049
4513	14.029	2.147	-329.663
4514	-6.419	17.553	-331.216
4515	-9.006	-12.628	-330.069
4516	4.924	-6.956	-328.349
4517	-5.364	-16.392	-330.665
4518	1.997	20.789	-332.153
4519	-8.888	-19.951	-332.601
4520	7.948	18.693	-331.897
4521	-14.346	1.694	-329.737
4522	10.599	15.870	-331.375
4523	17.115	14.426	-332.866
4524	7.206	-14.928	-330.427
4525	8.641	8.541	-329.109
4526	10.026	-17.060	-331.669
4527	12.949	12.001	-330.816
4528	0.917	1.965	-327.670
4529	17.119	-6.285	-331.037
4530	-3.921	4.742	-328.000
4531	1.693	5.404	-327.942
4532	2.427	-1.262	-327.698
4533	-9.255	10.664	-329.641
4534	-1.006	-17.668	-330.832
4535	-14.970	5.279	-330.188
4536	17.109	12.771	-332.368
4537	12.019	0.419	-329.079
4538	-8.520	9.097	-329.189
4539	-11.667	16.597	-331.897
4540	-4.676	5.322	-328.124
4541	11.783	-7.904	-329.661
4542	15.288	7.488	-330.585
4543	-8.404	-2.639	-328.399
4544	-4.775	11.216	-329.119
4545	6.330	-3.282	-328.140
4546	1.334	-16.426	-330.393
4547	12.991	14.896	-331.660
4548	9.518	-0.012	-328.530
4549	5.143	10.176	-328.930
4550	7.087	-17.342	-331.234
4551	9.094	-2.165	-328.498
4552	10.156	1.775	-328.689
4553	2.144	-19.001	-331.391
4554	-4.809	8.248	-328.536
4555	5.732	7.276	-328.482
4556	-14.323	1.011	-329.712
4557	-14.180	12.789	-331.380
4558	1.797	-12.967	-329.353
4559	-10.667	-1.996	-328.805
4560	10.975	-4.001	-328.995
4561	14.019	16.802	-332.620
4562	11.496	-17.286	-332.096
4563	-4.541	-0.197	-327.829
4564	-10.269	3.856	-328.831
4565	-9.630	4.384	-328.746
4566	-16.423	2.414	-330.435
4567	5.722	1.983	-327.988
4568	5.384	17.036	-330.896
4569	10.855	-10.720	-329.987
4570	-8.980	20.054	-332.664
4571	-2.865	0.358	-327.706
4572	2.957	8.192	-328.381
4573	-13.813	-2.505	-329.617
4574	7.900	-10.545	-329.376
4575	4.122	-15.743	-330.322
4576	1.550	-5.798	-327.982
4577	-7.601	-10.484	-329.315
4578	-1.484	-5.597	-327.957
4579	-6.522	14.330	-330.145
4580	-12.835	7.066	-329.799
4581	6.633	-10.549	-329.188
4582	-13.577	-10.566	-330.650
4583	1.792	-14.892	-329.907
4584	4.452	-20.213	-332.068
4585	10.920	-13.772	-330.786
4586	-4.794	-6.572	-328.284
4587	0.645	-18.275	-331.057
4588	-13.175	9.958	-330.405
4589	7.564	9.138	-329.039
4590	2.312	8.743	-328.441
4591	15.913	-4.769	-330.439
4592	4.705	9.694	-328.788
4593	-16.114	8.044	-330.950
4594	17.472	9.326	-331.677
4595	13.566	0.104	-329.483
4596	-4.599	-1.326	-327.851
4597	10.584	-5.795	-329.089
4598	9.576	-15.845	-331.157
4599	0.175	14.651	-329.800
4600	15.138	-15.232	-332.426
4601	-14.543	8.582	-330.536
4602	-10.680	18.091	-332.209
4603	5.981	2.460	-328.040
4604	-6.023	8.064	-328.638
4605	2.069	1.811	-327.698
4606	-16.300	-4.429	-330.538
4607	-1.172	16.908	-330.558
4608	-16.445	-2.822	-330.465
4609	-1.912	9.364	-328.538
4610	-12.383	-16.066	-331.885
4611	2.708	-11.939	-329.133
4612	6.710	-15.313	-330.476
4613	-7.252	-9.239	-329.011
4614	20.614	-0.716	-332.036
4615	-4.765	-19.470	-331.780
4616	-22.012	5.743	-333.048
4617	-1.778	18.394	-331.133
4618	-0.885	5.454	-327.927
4619	13.853	-0.443	-329.566
4620	-3.402	-3.022	-327.829
4621	-1.752	20.005	-331.796
4622	-3.802	8.824	-328.547
4623	-3.141	16.099	-330.366
4624	10.862	-1.290	-328.824
4625	18.909	9.527	-332.285
4626	12.448	3.968	-329.346
4627	0.021	-3.457	-327.742
4628	6.816	-1.636	-328.113
4629	8.635	-13.234	-330.164
4630	9.171	-14.333	-330.582
4631	14.894	10.530	-331.039
4632	-12.440	3.865	-329.335
4633	-4.086	-7.032	-328.284
4634	-2.733	-19.921	-331.807
4635	-14.408	-9.837	-330.739
4636	-8.692	20.883	-332.983
4637	5.782	1.816	-327.989
4638	-8.331	2.324	-328.371
4639	5.543	-18.125	-331.322
4640	9.617	-18.241	-332.034
4641	7.206	-9.933	-329.140
4642	13.528	-6.387	-329.894
4643	13.903	3.361	-329.695
4644	5.561	6.922	-328.411
4645	-1.284	16.609	-330.455
4646	13.366	-5.726	-329.766
4647	-2.939	-0.603	-327.713
4648	1.071	15.046	-329.933
4649	4.761	-10.872	-329.040
4650	14.687	8.226	-330.517
4651	9.572	-14.267	-330.642
4652	9.070	-3.655	-328.581
4653	2.344	-8.787	-328.450
4654	-15.377	2.039	-330.069
4655	6.802	7.243	-328.612
4656	11.991	10.994	-330.321
4657	-10.128	12.534	-330.268
4658	-9.307	15.828	-331.086
4659	10.446	-11.913	-330.178
4660	8.962	16.991	-331.427
4661	-10.471	18.383	-332.278
4662	-20.065	-0.331	-331.790
4663	8.034	21.151	-332.986
4664	9.656	7.201	-329.084
4665	-5.164	-15.140	-330.229
4666	-17.371	13.985	-332.824
4667	-16.625	-3.537	-330.575
4668	13.055	12.531	-330.983
4669	6.574	0.316	-328.055
4670	11.468	-2.984	-329.036
4671	-13.566	16.890	-332.516
4672	-9.794	-1.746	-328.615
4673	-7.378	17.340	-331.278
4674	-10.421	17.807	-332.039
4675	-4.202	-18.703	-331.410
4676	9.403	-14.572	-330.700
4677	6.726	-6.311	-328.474
4678	-4.769	-17.323	-330.934
4679	-13.408	-1.917	-329.477
4680	-12.035	-18.873	-332.865
4681	11.399	0.206	-328.929
4682	6.782	14.803	-330.325
4683	-12.623	-4.971	-329.483
4684	-2.646	-14.428	-329.805
4685	9.890	6.761	-329.068
4686	-15.374	1.083	-330.037
4687	0.888	-16.916	-330.554
4688	6.441	-19.556	-332.020
4689	-15.642	3.011	-330.206
4690	-13.081	3.369	-329.467
4691	-10.689	-4.295	-328.957
4692	-14.998	7.078	-330.429
4693	-12.047	-14.743	-331.357
4694	20.695	-3.066	-332.170
4695	-6.492	-11.092	-329.300
4696	-13.580	5.745	-329.828
4697	-20.303	1.824	-331.929
4698	-4.969	-21.761	-332.834
4699	15.312	7.847	-330.650
4700	-10.756	-1.226	-328.799
4701	6.279	-20.760	-332.528
4702	-2.973	-13.227	-329.481
4703	-6.512	-3.635	-328.178
4704	-11.417	-5.001	-329.189
4705	8.264	-13.504	-330.174
4706	13.665	-8.490	-330.259
4707	-6.114	-6.057	-328.363
4708	-0.015	-11.002	-328.838
4709	-5.240	18.589	-331.470
4710	-0.990	9.340	-328.506
4711	-10.383	-14.940	-331.021
4712	10.228	8.628	-329.432
4713	-5.758	1.257	-327.969
4714	21.461	3.184	-332.531
4715	-13.640	7.929	-330.156
4716	-5.677	-18.576	-331.516
4717	-6.129	-20.910	-332.576
4718	6.585	6.556	-328.487
4719	-6.756	10.678	-329.233
4720	-0.232	-0.521	-327.627
4721	-10.654	-9.669	-329.720
4722	19.705	5.651	-331.980
4723	2.492	1.724	-327.715
4724	-20.556	-4.534	-332.229
4725	-4.460	-21.859	-332.829
4726	0.556	-1.025	-327.637
4727	3.822	17.604	-330.952
4728	14.190	6.268	-330.070
4729	20.008	-6.586	-332.235
4730	17.937	6.018	-331.308
4731	9.550	1.318	-328.554
4732	16.727	-8.492	-331.244
4733	2.480	2.602	-327.752
4734	7.665	-16.453	-331.004
4735	4.579	-7.837	-328.447
4736	6.680	-21.875	-333.111
4737	-11.518	-8.386	-329.679
4738	13.310	-4.464	-329.618
4739	11.742	4.151	-329.186
4740	-1.591	7.461	-328.204
4741	-10.735	-16.485	-331.620
4742	20.404	-0.297	-331.938
4743	-10.356	-2.551	-328.765
4744	-10.289	3.333	-328.797
4745	8.043	13.590	-330.161
4746	16.171	-3.718	-330.432
4747	0.556	9.543	-328.538
4748	-11.940	-16.934	-332.078
4749	7.750	2.912	-328.308
4750	-8.241	-2.167	-328.349
4751	-9.701	-19.690	-332.653
4752	7.922	2.125	-328.295
4753	16.652	-3.219	-330.562
4754	-13.769	9.430	-330.466
4755	0.104	-2.838	-327.703
4756	-11.172	18.327	-332.421
4757	11.038	3.662	-328.983
4758	-16.102	0.409	-330.266
4759	9.391	0.031	-328.506
4760	6.852	-4.380	-328.284
4761	-2.565	9.161	-328.529
4762	4.112	-12.494	-329.370
4763	7.624	-3.849	-328.352
4764	-4.889	-8.840	-328.646
4765	-18.732	1.425	-331.255
4766	19.687	-11.184	-332.994
4767	-9.812	9.651	-329.539
4768	-15.764	5.165	-330.431
4769	1.140	11.807	-329.039
4770	-6.026	-9.577	-328.910
4771	9.697	3.765	-328.708
4772	-3.865	-9.369	-328.653
4773	10.238	-0.427	-328.676
4774	11.495	13.311	-330.791
4775	-11.443	3.626	-329.073
4776	18.533	-8.110	-331.860
4777	-4.711	16.631	-330.679
4778	-19.285	0.069	-331.458
4779	-3.136	10.515	-328.832
4780	-3.715	-9.061	-328.584
4781	12.215	-5.756	-329.465
4782	9.694	6.233	-328.958
4783	-7.677	-2.645	-328.282
4784	-9.520	-0.352	-328.532
4785	11.024	12.144	-330.366
4786	19.439	-11.839	-333.054
4787	13.897	-9.108	-330.440
4788	8.042	-14.359	-330.386
4789	11.666	8.702	-329.770
4790	2.186	-8.231	-328.348
4791	3.100	-14.080	-329.729
4792	3.565	-14.826	-329.985
4793	-6.365	6.900	-328.505
4794	-0.995	-7.251	-328.157
4795	-4.166	6.092	-328.167
4796	2.241	11.885	-329.096
4797	3.508	-12.958	-329.444
4798	-18.881	4.758	-331.536
4799	-14.391	-1.075	-329.733
4800	-5.769	0.048	-327.955
4801	15.681	-10.053	-331.191
4802	-10.364	7.331	-329.248
4803	-16.853	-2.501	-330.590
4804	1.339	10.813	-328.815
4805	-1.334	-11.617	-328.998
4806	8.210	-18.563	-331.890
4807	-8.931	-3.798	-328.566
4808	16.005	2.024	-330.274
4809	0.773	-13.410	-329.446
4810	9.785	12.378	-330.156
4811	2.092	5.999	-328.025
4812	7.527	-2.674	-328.260
4813	-8.755	14.711	-330.619
4814	-1.529	-14.949	-329.915
4815	-9.011	7.998	-329.084
4816	-9.788	9.607	-329.525
4817	6.325	-5.165	-328.289
4818	2.174	22.133	-332.794
4819	14.498	14.321	-331.926
4820	0.676	-4.575	-327.836
4821	13.337	15.980	-332.121
4822	2.755	-2.171	-327.745
4823	-16.977	-14.818	-332.940
4824	21.098	-4.979	-332.523
4825	-4.512	3.425	-327.943
4826	-6.535	11.462	-329.381
4827	5.679	19.227	-331.782
4828	13.169	5.939	-329.738
4829	18.677	-11.172	-332.563
4830	-18.437	12.013	-332.680
4831	7.297	-15.265	-330.548
4832	-14.708	-3.707	-329.960
4833	-0.078	-10.570	-328.744
4834	18.468	1.491	-331.152
4835	-9.724	-5.949	-328.929
4836	-13.535	17.346	-332.678
4837	10.659	8.763	-329.549
4838	-1.154	14.127	-329.657
4839	-10.680	-8.961	-329.590
4840	-18.401	12.339	-332.753
4841	-4.129	1.846	-327.827
4842	-10.767	-5.145	-329.056
4843	-0.056	4.375	-327.814
4844	4.968	-17.695	-331.093
4845	7.891	-14.309	-330.345
4846	20.026	-2.536	-331.841
4847	-15.981	1.866	-330.260
4848	10.353	-7.461	-329.265
4849	-4.510	-20.947	-332.404
4850	0.269	-6.629	-328.062
4851	-2.718	-9.398	-328.582
4852	0.622	-10.366	-328.704
4853	9.181	15.908	-331.089
4854	-5.345	-17.864	-331.199
4855	5.948	-20.184	-332.225
4856	18.070	1.099	-330.986
4857	-11.276	-1.095	-328.913
4858	-3.104	14.141	-329.747
4859	-3.276	-19.145	-331.516
4860	-4.031	-6.218	-328.171
4861	-13.606	-4.359	-329.690
4862	0.671	-4.862	-327.863
4863	0.219	2.160	-327.670
4864	3.484	-8.193	-328.416
4865	-2.001	5.043	-327.916
4866	17.415	1.997	-330.769
4867	-11.152	-19.503	-332.906
4868	-6.122	-0.416	-327.998
4869	16.408	1.881	-330.405
4870	9.618	7.747	-329.160
4871	7.909	5.199	-328.520
4872	2.261	10.452	-328.771
4873	-2.717	19.965	-331.825
4874	-7.987	-15.528	-330.744
4875	7.818	-20.386	-332.597
4876	-8.353	-12.568	-329.935
4877	-4.820	7.062	-328.354
4878	15.026	7.461	-330.497
4879	-12.740	9.085	-330.113
4880	-6.595	-9.695	-329.006
4881	-4.743	3.243	-327.952
4882	4.768	4.939	-328.093
4883	-6.122	7.262	-328.526
4884	13.519	1.240	-329.486
4885	-16.539	-11.435	-331.807
4886	-1.023	-9.086	-328.459
4887	-7.991	-19.402	-332.198
4888	-3.739	-21.725	-332.699
4889	-5.680	-21.603	-332.843
4890	13.906	-8.274	-330.291
4891	18.727	6.560	-331.693
4892	8.406	-18.610	-331.945
4893	13.643	-10.772	-330.715
4894	10.445	-18.060	-332.143
4895	-5.175	17.316	-330.974
4896	15.438	7.003	-330.559
4897	5.111	9.074	-328.711
4898	-0.566	-13.950	-329.595
4899	7.787	7.943	-328.866
4900	13.389	-3.164	-329.537
4901	6.203	7.784	-328.616
4902	1.548	19.806	-331.703
4903	-0.703	2.110	-327.672
4904	6.452	-10.983	-329.259
4905	7.923	-19.453	-332.208
4906	-4.905	-7.088	-328.366
4907	-6.042	6.794	-328.450
4908	-5.469	18.870	-331.610
4909	10.881	-8.089	-329.481
4910	-14.626	3.425	-329.914
4911	6.754	15.650	-330.592
4912	-2.740	-2.670	-327.769
4913	7.563	2.190	-328.242
4914	-12.936	12.528	-330.950
4915	9.987	-11.915	-330.081
4916	-10.783	11.964	-330.266
4917	0.443	-0.682	-327.630
4918	1.567	9.499	-328.551
4919	0.073	14.100	-329.635
4920	-4.455	-1.514	-327.843
4921	18.140	-3.556	-331.135
4922	20.975	2.425	-332.258
4923	11.373	-9.349	-329.821
4924	-16.718	-6.361	-330.904
4925	9.020	-17.412	-331.594
4926	-8.626	21.077	-333.061
4927	-6.630	-3.221	-328.165
4928	3.064	2.694	-327.789
4929	20.901	-5.058	-332.440
4930	10.493	-3.085	-328.824
4931	15.645	13.184	-331.962
4932	-0.223	-10.521	-328.734
4933	10.001	-17.472	-331.818
4934	-5.400	10.406	-329.005
4935	1.082	0.787	-327.641
4936	-3.427	-10.850	-328.924
4937	3.741	14.753	-329.976
4938	-16.580	-0.048	-330.428
4939	-2.639	1.595	-327.718
4940	-13.460	-4.048	-329.623
4941	-2.842	-20.029	-331.860
4942	6.606	-18.162	-331.475
4943	6.093	7.392	-328.542
4944	-0.179	5.250	-327.898
4945	9.065	-17.500	-331.636
4946	16.585	14.426	-332.668
4947	-6.248	-9.615	-328.945
4948	7.050	-12.282	-329.653
4949	-13.075	3.887	-329.504
4950	2.469	16.929	-330.615
4951	-1.868	11.379	-328.960
4952	10.531	8.483	-329.471
4953	14.982	3.557	-330.033
4954	15.987	0.846	-330.233
4955	-10.177	-16.626	-331.545
4956	0.779	-1.462	-327.651
4957	1.455	12.839	-329.307
4958	7.560	-9.807	-329.168
4959	-15.794	4.386	-330.363
4960	-20.604	-4.217	-332.220
4961	-3.065	-7.530	-328.283
4962	-17.762	-11.855	-332.370
4963	-16.721	12.204	-332.070
4964	6.396	10.783	-329.207
4965	-13.713	9.515	-330.467
4966	1.075	-13.747	-329.546
4967	10.294	4.545	-328.895
4968	10.006	13.655	-330.551
4969	-2.700	-16.284	-330.402
4970	0.827	-19.582	-331.590
4971	3.138	-12.481	-329.294
4972	-6.857	-9.056	-328.920
4973	-9.371	4.994	-328.754
4974	-4.324	11.788	-329.212
4975	-2.621	-15.941	-330.282
4976	6.241	-0.242	-328.012
4977	-7.624	18.899	-331.926
4978	-19.778	3.668	-331.811
4979	-3.312	0.991	-327.742
4980	9.781	14.068	-330.625
4981	-2.576	-12.734	-329.326
4982	15.804	12.920	-331.941
4983	-18.035	-0.814	-330.967
4984	-1.291	-5.690	-327.962
4985	12.095	-4.134	-329.271
4986	-5.750	10.071	-328.975
4987	11.372	12.619	-330.572
4988	-3.092	20.296	-331.993
4989	5.895	15.417	-330.402
4990	7.412	21.389	-332.992
4991	17.736	-3.942	-331.011
4992	14.587	-11.886	-331.267
4993	-3.895	-4.533	-327.979
4994	16.894	-7.706	-331.168
4995	0.339	-11.602	-328.978
4996	-1.153	6.534	-328.062
4997	-15.445	7.299	-330.606
4998	-15.827	-12.678	-331.882
4999	15.241	6.786	-330.464
5000	-9.751	-0.237	-328.576
5001	14.922	-4.083	-330.056
5002	-13.863	-16.386	-332.421
5003	17.090	12.030	-332.160
5004	15.137	13.964	-332.022
5005	13.322	4.200	-329.597
5006	7.279	8.405	-328.865
5007	-11.469	-16.333	-331.742
5008	-21.717	6.828	-333.056
5009	-4.475	-19.332	-331.693
5010	15.983	3.551	-330.356
5011	1.796	-5.962	-328.009
5012	-7.893	-19.343	-332.156
5013	6.653	11.102	-329.313
5014	2.451	14.201	-329.727
5015	-1.907	-12.634	-329.269
5016	11.697	8.565	-329.753
5017	-4.522	-3.331	-327.937
5018	-0.640	-18.744	-331.242
5019	13.260	-5.930	-329.761
5020	-4.654	-3.781	-327.981
5021	10.444	15.748	-331.299
5022	3.544	-18.603	-331.316
5023	13.589	12.051	-331.009
5024	-8.861	16.231	-331.137
5025	-5.330	4.052	-328.070
5026	17.100	-7.279	-331.174
5027	-2.669	1.592	-327.719
5028	6.444	12.385	-329.595
5029	0.729	15.238	-329.987
5030	12.064	-3.550	-329.217
5031	-5.780	-10.005	-328.965
5032	-6.314	-1.683	-328.049
5033	-2.573	-6.244	-328.078
5034	-2.682	-8.151	-328.359
5035	-5.894	-1.923	-328.006
5036	5.535	0.019	-327.928
5037	17.333	7.312	-331.265
5038	-14.249	-2.848	-329.763
5039	-19.942	-8.572	-332.536
5040	14.410	12.177	-331.287
5041	17.681	11.538	-332.258
5042	-0.938	-3.015	-327.722
5043	2.031	-22.141	-332.791
5044	17.264	-5.009	-330.938
5045	18.841	-0.107	-331.277
5046	-3.748	7.747	-328.363
5047	-11.964	-7.649	-329.665
5048	13.329	1.624	-329.444
5049	-2.393	-18.923	-331.371
5050	-1.760	17.746	-330.883
5051	-12.049	8.057	-329.752
5052	-1.508	-16.454	-330.408
5053	14.511	-5.688	-330.093
5054	5.899	-3.003	-328.060
5055	4.306	-4.709	-328.029
5056	12.446	-10.484	-330.322
5057	2.934	-1.714	-327.738
5058	15.225	-7.071	-330.501
5059	-9.292	-6.061	-328.859
5060	18.773	7.630	-331.876
5061	-13.482	-2.597	-329.529
5062	-15.250	0.142	-329.986
5063	7.249	-19.946	-332.308
5064	10.977	-13.375	-330.686
5065	-6.568	-13.701	-329.968
5066	-17.274	10.052	-331.754
5067	3.484	-10.499	-328.852
5068	3.354	1.906	-327.771
5069	-1.397	19.691	-331.649
5070	4.786	8.330	-328.547
5071	10.120	-12.451	-330.245
5072	-11.776	-2.381	-329.076
5073	-6.188	-2.162	-328.051
5074	-2.540	22.701	-333.096
5075	-1.097	8.614	-328.377
5076	-0.006	-8.211	-328.297
5077	7.810	-9.263	-329.101
5078	-3.632	19.527	-331.701
5079	-16.998	4.165	-330.759
5080	0.238	-2.014	-327.664
5081	-15.520	-13.289	-331.950
5082	13.361	5.296	-329.716
5083	-15.974	-3.823	-330.374
5084	-7.764	11.275	-329.518
5085	-9.160	-19.607	-332.505
5086	9.896	3.290	-328.714
5087	7.545	6.846	-328.664
5088	2.103	-7.790	-328.273
5089	13.374	3.333	-329.544
5090	-0.026	-5.817	-327.960
5091	-5.340	5.439	-328.203
5092	-15.666	-10.800	-331.352
5093	4.821	11.157	-329.110
5094	-9.493	14.913	-330.825
5095	10.611	-18.288	-332.272
5096	-18.692	9.173	-332.124
5097	15.658	5.584	-330.443
5098	-2.069	3.341	-327.777
5099	-1.676	8.417	-328.359
5100	-1.705	-6.370	-328.057
5101	-6.934	-10.321	-329.181
5102	5.469	8.092	-328.579
5103	12.011	-16.603	-331.976
5104	3.700	20.001	-331.909
5105	11.425	15.101	-331.315
5106	14.837	-13.459	-331.775
5107	11.477	9.852	-329.946
5108	3.378	-22.555	-333.077
5109	-4.898	-13.604	-329.742
5110	-5.257	-5.631	-328.215
5111	13.386	-5.814	-329.782
5112	12.170	11.704	-330.535
5113	-8.214	-11.724	-329.699
5114	0.881	5.541	-327.937
5115	-14.252	-17.534	-332.971
5116	-8.856	17.791	-331.706
5117	-6.437	9.336	-328.915
5118	-1.072	15.005	-329.920
5119	1.273	-22.162	-332.774
5120	20.946	-9.023	-333.077
5121	-2.568	18.406	-331.174
5122	16.700	1.618	-330.497
5123	-2.843	-10.801	-328.876
5124	-13.848	6.762	-330.037
5125	9.845	-12.585	-330.223
5126	8.666	10.786	-329.559
5127	-4.559	6.734	-328.284
5128	0.603	18.313	-331.071
5129	9.360	13.727	-330.440
5130	-5.862	-9.792	-328.932
5131	3.027	9.587	-328.636
5132	-10.645	1.119	-328.773
5133	-10.118	-10.357	-329.747
5134	-8.452	-12.870	-330.032
5135	-3.174	-1.431	-327.744
5136	-14.093	-4.619	-329.854
5137	5.451	-11.023	-329.146
5138	10.884	13.049	-330.574
5139	9.861	-14.746	-330.848
5140	-7.521	-17.800	-331.474
5141	-0.926	18.620	-331.197
5142	15.302	-9.437	-330.938
5143	8.472	17.218	-331.418
5144	-13.408	-14.243	-331.574
5145	-1.522	12.988	-329.349
5146	10.133	-11.485	-330.007
5147	11.923	-11.996	-330.545
5148	20.680	2.512	-332.129
5149	4.944	-6.817	-328.332
5150	-13.603	-11.074	-330.774
5151	0.815	5.946	-327.982
5152	-11.055	1.105	-328.863
5153	-6.241	-17.805	-331.287
5154	-12.423	9.060	-330.026
5155	-6.347	12.400	-329.586
5156	-5.657	-8.225	-328.622
5157	0.857	0.833	-327.637
5158	4.505	-1.200	-327.839
5159	-6.127	-6.144	-328.376
5160	-9.289	-8.790	-329.273
5161	15.764	-4.026	-330.321
5162	1.435	-11.716	-329.025
5163	-16.119	1.998	-330.312
5164	-2.945	20.424	-332.040
5165	4.511	-13.474	-329.678
5166	9.260	-17.605	-331.714
5167	10.139	7.998	-329.306
5168	-10.560	-5.173	-329.014
5169	-10.072	1.882	-328.676
5170	-7.396	-21.338	-332.965
5171	5.510	21.427	-332.738
5172	19.871	1.544	-331.731
5173	5.417	14.617	-330.094
5174	-4.168	-12.869	-329.472
5175	16.288	-1.094	-330.340
5176	-14.141	-13.175	-331.476
5177	20.771	-8.624	-332.918
5178	-3.853	11.568	-329.120
5179	12.163	-15.255	-331.552
5180	4.793	9.775	-328.813
5181	20.035	6.136	-332.184
5182	13.884	-4.843	-329.816
5183	-0.386	-19.974	-331.751
5184	12.502	-5.260	-329.482
5185	10.982	10.245	-329.913
5186	-8.702	-15.401	-330.829
5187	-0.712	-20.995	-332.209
5188	19.348	-10.110	-332.595
5189	5.565	-15.638	-330.434
5190	0.650	-5.331	-327.910
5191	0.333	-17.416	-330.729
5192	-8.477	-0.060	-328.341
5193	-16.244	16.086	-333.105
5194	-3.194	7.232	-328.247
5195	-13.168	-15.547	-331.924
5196	7.139	-4.944	-328.377
5197	8.369	-7.534	-328.897
5198	4.270	12.132	-329.292
5199	-9.210	-6.150	-328.855
5200	-14.040	2.428	-329.679
5201	1.090	11.903	-329.061
5202	-13.618	-12.446	-331.120
5203	7.819	9.422	-329.133
5204	-4.039	13.925	-329.753
5205	10.777	7.782	-329.407
5206	12.431	-16.708	-332.126
5207	-17.750	10.863	-332.119
5208	-1.149	-16.566	-330.437
5209	11.156	7.556	-329.457
5210	-4.575	1.253	-327.847
5211	9.026	-1.682	-328.466
5212	17.870	12.521	-332.591
5213	-18.042	-8.692	-331.772
5214	14.886	14.574	-332.140
5215	14.891	-5.938	-330.240
5216	8.094	-4.175	-328.453
5217	1.788	-12.021	-329.110
5218	-5.301	-5.641	-328.221
5219	-2.212	-4.282	-327.854
5220	6.907	-2.869	-328.181
5221	10.125	16.412	-331.458
5222	16.270	-14.565	-332.598
5223	9.251	-19.429	-332.447
5224	-2.695	10.988	-328.909
5225	-11.249	-3.904	-329.050
5226	5.250	21.414	-332.701
5227	-0.531	-10.266	-328.683
5228	-19.293	-9.232	-332.386
5229	2.596	10.902	-328.885
5230	-3.332	7.952	-328.366
5231	2.114	13.269	-329.447
5232	-6.752	0.978	-328.087
5233	10.847	-3.317	-328.916
5234	16.565	-4.134	-330.603
5235	-2.366	-3.449	-327.797
5236	-1.117	-18.913	-331.319
5237	5.769	12.760	-329.607
5238	-2.097	-9.207	-328.516
5239	10.454	18.940	-332.501
5240	13.370	-2.526	-329.494
5241	-11.188	-5.392	-329.177
