=== Test of the HadronicGenerator ===

=================  Configuration ==================
Model: FTFP_BERT
Ekin: [ 1 , 30 ] GeV
Number of collisions:  1000
Number of hadron projectiles: 72
Number of materials:   11
IsIonProjectile: false
===================================================


 Initial seed = 1790188582


================================================================================
                                 INCL++ WARNING                                 
INCL++/G4ExcitationHandler uses its own level-density parameter for fission
================================================================================

	 Collision 0  projectile=kaon+  Ekin[MeV]=7370.73  direction=(0.612571,0.373705,0.696492)  material=G4_W=======================================================================
======       Geant4 Native Pre-compound Model Parameters       ========
=======================================================================
Type of pre-compound model                          0
Type of pre-compound inverse x-section              1
Pre-compound model active                           1
Pre-compound excitation low energy                  0.1 MeV 
Pre-compound excitation high energy                 15 MeV 
Angular generator for pre-compound model            1
Use NeverGoBack option for pre-compound model       0
Use SoftCutOff option for pre-compound model        0
Use CEM transitions for pre-compound model          1
Use GNASH transitions for pre-compound model        0
Use HETC submodel for pre-compound model            0
=======================================================================
======       Nuclear De-excitation Module Parameters           ========
=======================================================================
Type of de-excitation inverse x-section             3
Type of de-excitation factory                       Evaporation+GEM
Number of de-excitation channels                    68
Type of Fermi BreakUp model                         ModelVI
Min excitation energy                               0.01 keV 
Min energy per nucleon for multifragmentation       2e+05 MeV
Level density (1/MeV)                               0.075
Use simple level density model                      1
Use discrete excitation energy of the residual      0
Time limit for long lived isomeres                  1 ns 
Isomer production flag                              1
Internal e- conversion flag                         1
Store e- internal conversion data                   1
Correlated gamma emission flag                      0
Max 2J for sampling of angular correlations         10
=======================================================================

	 --> #secondaries=32  impactParameter[fm]=7.46383  #projectileSpectatorNucleons=-1  #targetSpectatorNucleons=184  #NNcollisions=1
	 	 List of produced secondaries: 
	 	 	 j=0	pi+	 p=(-37.9873,164.413,268.206346.249) MeV
	 	 	 j=1	proton	 p=(114.883,101.843,-112.433957.374) MeV
	 	 	 j=2	pi-	 p=(876.349,509.119,914.9151372.49) MeV
	 	 	 j=3	pi+	 p=(256.308,-12.8204,173.234339.629) MeV
	 	 	 j=4	neutron	 p=(186.907,47.8589,309.9181008) MeV
	 	 	 j=5	pi0	 p=(361.127,322.757,771.622920.98) MeV
	 	 	 j=6	kaon0L	 p=(2913.16,1430.73,2892.754375.97) MeV
	 	 	 j=7	neutron	 p=(26.3866,197.796,542.5081103.14) MeV
	 	 	 j=8	neutron	 p=(4.46085,14.2283,-164.993954.059) MeV
	 	 	 j=9	proton	 p=(-130.507,57.1012,-190.671967.989) MeV
	 	 	 j=10	neutron	 p=(-70.0071,50.9295,-89.1801947.75) MeV
	 	 	 j=11	Lu166[83.50000]	 p=(921.302,-246.514,138.814154539) MeV
	 	 	 j=12	neutron	 p=(-144.174,57.0175,25.6985952.618) MeV
	 	 	 j=13	neutron	 p=(-112.141,-26.9389,73.6931949.481) MeV
	 	 	 j=14	neutron	 p=(-40.3807,0.51791,37.882941.196) MeV
	 	 	 j=15	neutron	 p=(13.8994,7.77761,52.0079941.138) MeV
	 	 	 j=16	neutron	 p=(-56.168,-42.6172,1.80998942.209) MeV
	 	 	 j=17	triton	 p=(-217.704,36.068,-160.1792822.13) MeV
	 	 	 j=18	neutron	 p=(-61.4245,76.6428,38.1075945.454) MeV
	 	 	 j=19	neutron	 p=(-2.5359,58.5626,-41.2893942.297) MeV
	 	 	 j=20	neutron	 p=(17.839,36.0313,32.7435940.995) MeV
	 	 	 j=21	neutron	 p=(-28.9256,41.9696,-8.06546940.982) MeV
	 	 	 j=22	neutron	 p=(-34.3313,-16.656,-52.2058941.788) MeV
	 	 	 j=23	neutron	 p=(55.0196,67.7345,11.8126943.683) MeV
	 	 	 j=24	gamma	 p=(-3.52386,-0.402253,0.4169493.57117) MeV
	 	 	 j=25	gamma	 p=(0.196258,-0.200576,0.06928230.289046) MeV
	 	 	 j=26	gamma	 p=(0.423972,0.136844,-0.2471610.509478) MeV
	 	 	 j=27	gamma	 p=(-0.179887,0.0781793,-0.3621680.41187) MeV
	 	 	 j=28	gamma	 p=(-0.224325,0.0372959,0.1948620.299473) MeV
	 	 	 j=29	gamma	 p=(0.0283297,0.0187499,-0.09485140.100752) MeV
	 	 	 j=30	gamma	 p=(0.0288416,-0.00900686,0.03365110.0452257) MeV
	 	 	 j=31	gamma	 p=(-0.0534152,-0.0149467,0.02542620.0610171) MeV
	 Collision 1  projectile=xi_b-  Ekin[MeV]=5789.25  direction=(0.26627,0.710049,0.651867)  material=G4_C
	 --> #secondaries=11  impactParameter[fm]=1.04314  #projectileSpectatorNucleons=0  #targetSpectatorNucleons=9  #NNcollisions=2
	 Collision 2  projectile=anti_lambda_b  Ekin[MeV]=17317.1  direction=(0.893361,0.402766,0.199214)  material=G4_Si
	 --> #secondaries=14  impactParameter[fm]=3.06994  #projectileSpectatorNucleons=0  #targetSpectatorNucleons=27  #NNcollisions=1
	 Collision 3  projectile=hyperH4  Ekin[MeV]=16211.2  direction=(0.696676,0.0402241,0.716257)  material=G4_Si
	 --> #secondaries=21  impactParameter[fm]=2.06288  #projectileSpectatorNucleons=2  #targetSpectatorNucleons=25  #NNcollisions=2
	 Collision 4  projectile=xi_b-  Ekin[MeV]=22902.9  direction=(0.471542,0.160963,0.867029)  material=G4_C
	 --> #secondaries=5  impactParameter[fm]=2.4093  #projectileSpectatorNucleons=0  #targetSpectatorNucleons=11  #NNcollisions=0
	 Collision 5  projectile=xi_b-  Ekin[MeV]=23098.3  direction=(0.272708,0.723814,0.633817)  material=G4_Fe
	 --> #secondaries=31  impactParameter[fm]=2.02014  #projectileSpectatorNucleons=0  #targetSpectatorNucleons=53  #NNcollisions=2
	 Collision 6  projectile=anti_alpha  Ekin[MeV]=29102.7  direction=(0.342921,0.909546,0.234802)  material=G4_W
	 --> #secondaries=136  impactParameter[fm]=1.35185  #projectileSpectatorNucleons=0  #targetSpectatorNucleons=182  #NNcollisions=7
	 Collision 7  projectile=anti_deuteron  Ekin[MeV]=23980.1  direction=(0.277691,0.594373,0.754724)  material=G4_He
	 --> #secondaries=9  impactParameter[fm]=3.45802  #projectileSpectatorNucleons=1  #targetSpectatorNucleons=3  #NNcollisions=1
	 Collision 8  projectile=Bs0  Ekin[MeV]=4096.18  direction=(0.119669,0.758587,0.640488)  material=G4_Ar
	 --> #secondaries=13  impactParameter[fm]=3.90215  #projectileSpectatorNucleons=-1  #targetSpectatorNucleons=39  #NNcollisions=0
	 Collision 9  projectile=neutron  Ekin[MeV]=7529.49  direction=(0.0804721,0.7755,0.626199)  material=G4_He
	 --> #secondaries=4  impactParameter[fm]=1.40252  #projectileSpectatorNucleons=0  #targetSpectatorNucleons=3  #NNcollisions=1
	 Collision 10  projectile=anti_proton  Ekin[MeV]=4911.15  direction=(0.349855,0.695405,0.627705)  material=G4_H
	 --> #secondaries=7  impactParameter[fm]=0.725885  #projectileSpectatorNucleons=0  #targetSpectatorNucleons=1  #NNcollisions=1
	 Collision 11  projectile=anti_lambda_c+  Ekin[MeV]=24190.1  direction=(0.217776,0.317759,0.922823)  material=G4_W
	 --> #secondaries=84  impactParameter[fm]=1.38374  #projectileSpectatorNucleons=0  #targetSpectatorNucleons=178  #NNcollisions=2
	 Collision 12  projectile=anti_neutron  Ekin[MeV]=12292.9  direction=(0.449158,0.706724,0.546624)  material=G4_He
	 --> #secondaries=7  impactParameter[fm]=1.72926  #projectileSpectatorNucleons=0  #targetSpectatorNucleons=4  #NNcollisions=1
	 Collision 13  projectile=kaon+  Ekin[MeV]=2441.76  direction=(0.617884,0.0925686,0.780801)  material=G4_Al
	 --> #secondaries=12  impactParameter[fm]=-999  #projectileSpectatorNucleons=-999  #targetSpectatorNucleons=-999  #NNcollisions=-999
	 Collision 14  projectile=D0  Ekin[MeV]=25137.2  direction=(0.461873,0.7522,0.469967)  material=G4_Al
	 --> #secondaries=14  impactParameter[fm]=4.40166  #projectileSpectatorNucleons=-1  #targetSpectatorNucleons=25  #NNcollisions=1
	 Collision 15  projectile=hyperHe5  Ekin[MeV]=23277.6  direction=(0.460982,0.661899,0.591088)  material=G4_Be
	 --> #secondaries=14  impactParameter[fm]=2.93058  #projectileSpectatorNucleons=3  #targetSpectatorNucleons=6  #NNcollisions=2
	 Collision 16  projectile=anti_xi_c0  Ekin[MeV]=13705.6  direction=(0.677159,0.0756621,0.731937)  material=G4_W
	 --> #secondaries=36  impactParameter[fm]=7.33117  #projectileSpectatorNucleons=0  #targetSpectatorNucleons=180  #NNcollisions=1
	 Collision 17  projectile=neutron  Ekin[MeV]=18078.2  direction=(0.124746,0.933152,0.337142)  material=G4_Al
	 --> #secondaries=22  impactParameter[fm]=2.92969  #projectileSpectatorNucleons=0  #targetSpectatorNucleons=24  #NNcollisions=3
	 Collision 18  projectile=Ds+  Ekin[MeV]=19111.5  direction=(0.147657,0.564602,0.812048)  material=G4_Be
	 --> #secondaries=10  impactParameter[fm]=1.61388  #projectileSpectatorNucleons=-1  #targetSpectatorNucleons=8  #NNcollisions=1
	 Collision 19  projectile=anti_xi_c+  Ekin[MeV]=19685.9  direction=(0.380785,0.469226,0.796762)  material=G4_Si
	 --> #secondaries=21  impactParameter[fm]=3.9375  #projectileSpectatorNucleons=0  #targetSpectatorNucleons=26  #NNcollisions=2
	 Collision 20  projectile=anti_sigma+  Ekin[MeV]=6060.46  direction=(0.0820086,0.0988503,0.991717)  material=G4_Cu
	 --> #secondaries=26  impactParameter[fm]=1.38118  #projectileSpectatorNucleons=0  #targetSpectatorNucleons=63  #NNcollisions=1
	 Collision 21  projectile=alpha  Ekin[MeV]=16702.3  direction=(0.453487,0.211642,0.86577)  material=G4_Cu
	 --> #secondaries=33  impactParameter[fm]=-999  #projectileSpectatorNucleons=-999  #targetSpectatorNucleons=-999  #NNcollisions=-999
	 Collision 22  projectile=hyperHe5  Ekin[MeV]=16287.2  direction=(0.664595,0.352243,0.658968)  material=G4_Be
	 --> #secondaries=13  impactParameter[fm]=3.4768  #projectileSpectatorNucleons=1  #targetSpectatorNucleons=6  #NNcollisions=1
	 Collision 23  projectile=B0  Ekin[MeV]=28920  direction=(0.150667,0.693489,0.704537)  material=G4_He
	 --> #secondaries=4  impactParameter[fm]=1.70748  #projectileSpectatorNucleons=-1  #targetSpectatorNucleons=3  #NNcollisions=0
	 Collision 24  projectile=anti_doublehyperH4  Ekin[MeV]=3636  direction=(0.179629,0.685576,0.705492)  material=G4_Si
	 --> #secondaries=22  impactParameter[fm]=5.17929  #projectileSpectatorNucleons=2  #targetSpectatorNucleons=26  #NNcollisions=2
	 Collision 25  projectile=anti_xi_b0  Ekin[MeV]=25712.9  direction=(0.590429,0.749213,0.300124)  material=G4_Be
	 --> #secondaries=7  impactParameter[fm]=0.384748  #projectileSpectatorNucleons=0  #targetSpectatorNucleons=8  #NNcollisions=1
	 Collision 26  projectile=xi_b-  Ekin[MeV]=11420.2  direction=(0.117472,0.850094,0.513363)  material=G4_W
	 --> #secondaries=37  impactParameter[fm]=3.9891  #projectileSpectatorNucleons=0  #targetSpectatorNucleons=179  #NNcollisions=1
	 Collision 27  projectile=hyperHe5  Ekin[MeV]=14620.4  direction=(0.998014,0.0181105,0.0603307)  material=G4_Si
	 --> #secondaries=30  impactParameter[fm]=1.54568  #projectileSpectatorNucleons=0  #targetSpectatorNucleons=19  #NNcollisions=6
	 Collision 28  projectile=xi0  Ekin[MeV]=22385.3  direction=(0.708663,0.533499,0.461709)  material=G4_H
	 --> #secondaries=4  impactParameter[fm]=1.25559  #projectileSpectatorNucleons=0  #targetSpectatorNucleons=0  #NNcollisions=1
	 Collision 29  projectile=doublehyperdoubleneutron  Ekin[MeV]=8365.36  direction=(0.274848,0.242275,0.930463)  material=G4_Pb
	 --> #secondaries=63  impactParameter[fm]=5.99935  #projectileSpectatorNucleons=0  #targetSpectatorNucleons=196  #NNcollisions=1
	 Collision 30  projectile=anti_xi_b0  Ekin[MeV]=25396.9  direction=(0.213147,0.97373,0.0801134)  material=G4_Cu
	 --> #secondaries=15  impactParameter[fm]=7.53429  #projectileSpectatorNucleons=0  #targetSpectatorNucleons=64  #NNcollisions=1
	 Collision 31  projectile=anti_xi_b0  Ekin[MeV]=14731.2  direction=(0.846673,0.506792,0.162194)  material=G4_Be
	 --> #secondaries=6  impactParameter[fm]=2.1768  #projectileSpectatorNucleons=0  #targetSpectatorNucleons=8  #NNcollisions=1
	 Collision 32  projectile=omega_b-  Ekin[MeV]=16250  direction=(0.606439,0.146588,0.781501)  material=G4_Ar
	 --> #secondaries=14  impactParameter[fm]=3.9405  #projectileSpectatorNucleons=0  #targetSpectatorNucleons=38  #NNcollisions=1
	 Collision 33  projectile=xi0  Ekin[MeV]=14182.7  direction=(0.802182,0.234735,0.549002)  material=G4_He
	 --> #secondaries=8  impactParameter[fm]=0.431222  #projectileSpectatorNucleons=0  #targetSpectatorNucleons=3  #NNcollisions=1
	 Collision 34  projectile=lambda_c+  Ekin[MeV]=17479.3  direction=(0.515676,0.630116,0.580544)  material=G4_W
	 --> #secondaries=36  impactParameter[fm]=5.60693  #projectileSpectatorNucleons=0  #targetSpectatorNucleons=179  #NNcollisions=2
	 Collision 35  projectile=doublehyperH4  Ekin[MeV]=22811.8  direction=(0.0831766,0.773761,0.627993)  material=G4_He
	 --> #secondaries=13  impactParameter[fm]=1.21954  #projectileSpectatorNucleons=0  #targetSpectatorNucleons=2  #NNcollisions=3
	 Collision 36  projectile=pi+  Ekin[MeV]=8734.64  direction=(0.546099,0.342861,0.764344)  material=G4_H
	 --> #secondaries=7  impactParameter[fm]=0.46155  #projectileSpectatorNucleons=-1  #targetSpectatorNucleons=0  #NNcollisions=1
	 Collision 37  projectile=anti_B0  Ekin[MeV]=3290.88  direction=(0.561281,0.632137,0.534198)  material=G4_Cu
	 --> #secondaries=9  impactParameter[fm]=4.16571  #projectileSpectatorNucleons=-1  #targetSpectatorNucleons=62  #NNcollisions=0
	 Collision 38  projectile=xi_b-  Ekin[MeV]=23311.6  direction=(0.410154,0.611344,0.676781)  material=G4_H
	 --> #secondaries=3  impactParameter[fm]=0.998253  #projectileSpectatorNucleons=0  #targetSpectatorNucleons=0  #NNcollisions=1
	 Collision 39  projectile=He3  Ekin[MeV]=21761.6  direction=(0.61725,0.641377,0.455672)  material=G4_He
	 --> #secondaries=12  impactParameter[fm]=2.11126  #projectileSpectatorNucleons=1  #targetSpectatorNucleons=0  #NNcollisions=4
	 Collision 40  projectile=anti_omega_c0  Ekin[MeV]=10065.1  direction=(0.464514,0.512462,0.722225)  material=G4_H
	 --> #secondaries=3  impactParameter[fm]=0.7747  #projectileSpectatorNucleons=0  #targetSpectatorNucleons=0  #NNcollisions=1
	 Collision 41  projectile=xi-  Ekin[MeV]=25535.2  direction=(0.569213,0.181809,0.801837)  material=G4_Al
	 --> #secondaries=10  impactParameter[fm]=2.51751  #projectileSpectatorNucleons=0  #targetSpectatorNucleons=26  #NNcollisions=1
	 Collision 42  projectile=anti_xi_c+  Ekin[MeV]=26777.4  direction=(0.848525,0.475365,0.23245)  material=G4_H
	 --> #secondaries=5  impactParameter[fm]=0.583121  #projectileSpectatorNucleons=0  #targetSpectatorNucleons=0  #NNcollisions=1
	 Collision 43  projectile=Ds+  Ekin[MeV]=16571.8  direction=(0.801829,0.594611,0.0592324)  material=G4_H
	 --> #secondaries=4  impactParameter[fm]=2.31757  #projectileSpectatorNucleons=-1  #targetSpectatorNucleons=0  #NNcollisions=1
	 Collision 44  projectile=anti_neutron  Ekin[MeV]=20483.6  direction=(0.603215,0.710534,0.362317)  material=G4_Cu
	 --> #secondaries=44  impactParameter[fm]=1.91268  #projectileSpectatorNucleons=0  #targetSpectatorNucleons=61  #NNcollisions=3
	 Collision 45  projectile=anti_xi_c+  Ekin[MeV]=21015.5  direction=(0.517056,0.706024,0.483925)  material=G4_Be
	 --> #secondaries=10  impactParameter[fm]=2.9455  #projectileSpectatorNucleons=0  #targetSpectatorNucleons=8  #NNcollisions=1
	 Collision 46  projectile=anti_xi_c+  Ekin[MeV]=17559.3  direction=(0.252462,0.795949,0.550207)  material=G4_H
	 --> #secondaries=3  impactParameter[fm]=0.970901  #projectileSpectatorNucleons=0  #targetSpectatorNucleons=0  #NNcollisions=1
	 Collision 47  projectile=sigma-  Ekin[MeV]=15092.8  direction=(0.753296,0.591731,0.287054)  material=G4_Cu
	 --> #secondaries=15  impactParameter[fm]=4.23635  #projectileSpectatorNucleons=0  #targetSpectatorNucleons=64  #NNcollisions=1
	 Collision 48  projectile=anti_sigma+  Ekin[MeV]=17771.2  direction=(0.675935,0.132973,0.724866)  material=G4_He
	 --> #secondaries=11  impactParameter[fm]=1.81411  #projectileSpectatorNucleons=0  #targetSpectatorNucleons=4  #NNcollisions=1
	 Collision 49  projectile=xi-  Ekin[MeV]=14299.6  direction=(0.20425,0.905052,0.373044)  material=G4_Ar
	 --> #secondaries=12  impactParameter[fm]=1.91159  #projectileSpectatorNucleons=0  #targetSpectatorNucleons=39  #NNcollisions=1
	 Collision 50  projectile=hypertriton  Ekin[MeV]=19462.1  direction=(0.0530762,0.259721,0.964224)  material=G4_C
	 --> #secondaries=10  impactParameter[fm]=2.65271  #projectileSpectatorNucleons=2  #targetSpectatorNucleons=10  #NNcollisions=2
	 Collision 51  projectile=doublehyperdoubleneutron  Ekin[MeV]=3540.81  direction=(0.846483,0.171927,0.503892)  material=G4_Be
	 --> #secondaries=11  impactParameter[fm]=2.65909  #projectileSpectatorNucleons=0  #targetSpectatorNucleons=5  #NNcollisions=1
	 Collision 52  projectile=lambda_b  Ekin[MeV]=16190.3  direction=(0.902779,0.373321,0.213592)  material=G4_Ar
	 --> #secondaries=11  impactParameter[fm]=3.84776  #projectileSpectatorNucleons=0  #targetSpectatorNucleons=39  #NNcollisions=0
	 Collision 53  projectile=D+  Ekin[MeV]=20553.2  direction=(0.323118,0.902028,0.286253)  material=G4_Pb
	 --> #secondaries=14  impactParameter[fm]=7.46114  #projectileSpectatorNucleons=-1  #targetSpectatorNucleons=207  #NNcollisions=1
	 Collision 54  projectile=anti_neutron  Ekin[MeV]=28790  direction=(0.701105,0.697686,0.147259)  material=G4_Fe
	 --> #secondaries=29  impactParameter[fm]=2.63925  #projectileSpectatorNucleons=0  #targetSpectatorNucleons=54  #NNcollisions=2
	 Collision 55  projectile=hyperHe5  Ekin[MeV]=3263.16  direction=(0.905037,0.183949,0.383498)  material=G4_Si
	 --> #secondaries=5  impactParameter[fm]=6.00667  #projectileSpectatorNucleons=4  #targetSpectatorNucleons=27  #NNcollisions=0
	 Collision 56  projectile=anti_hyperHe5  Ekin[MeV]=14547.9  direction=(0.273394,0.633553,0.723786)  material=G4_Be
	 --> #secondaries=14  impactParameter[fm]=4.75661  #projectileSpectatorNucleons=4  #targetSpectatorNucleons=8  #NNcollisions=1
	 Collision 57  projectile=anti_hyperH4  Ekin[MeV]=16970.5  direction=(0.970771,0.170343,0.169074)  material=G4_He
	 --> #secondaries=6  impactParameter[fm]=3.04277  #projectileSpectatorNucleons=3  #targetSpectatorNucleons=3  #NNcollisions=0
	 Collision 58  projectile=Bc-  Ekin[MeV]=29759.4  direction=(0.683713,0.390499,0.616479)  material=G4_Si
	 --> #secondaries=11  impactParameter[fm]=2.63242  #projectileSpectatorNucleons=-1  #targetSpectatorNucleons=29  #NNcollisions=1
	 Collision 59  projectile=He3  Ekin[MeV]=2816.44  direction=(0.23704,0.745741,0.622642)  material=G4_Pb
	 --> #secondaries=7  impactParameter[fm]=-999  #projectileSpectatorNucleons=-999  #targetSpectatorNucleons=-999  #NNcollisions=-999
	 Collision 60  projectile=anti_xi_b0  Ekin[MeV]=25997.4  direction=(0.650187,0.634836,0.41742)  material=G4_H
	 --> #secondaries=4  impactParameter[fm]=0.718149  #projectileSpectatorNucleons=0  #targetSpectatorNucleons=0  #NNcollisions=1
	 Collision 61  projectile=Bc-  Ekin[MeV]=7539.98  direction=(0.764892,0.571775,0.29667)  material=G4_Ar
	 --> #secondaries=9  impactParameter[fm]=5.25671  #projectileSpectatorNucleons=-1  #targetSpectatorNucleons=39  #NNcollisions=1
	 Collision 62  projectile=doublehyperH4  Ekin[MeV]=15065.1  direction=(0.885163,0.464982,0.0166765)  material=G4_He
	 --> #secondaries=5  impactParameter[fm]=3.52787  #projectileSpectatorNucleons=3  #targetSpectatorNucleons=3  #NNcollisions=0
	 Collision 63  projectile=anti_xi_b0  Ekin[MeV]=2548.96  direction=(0.798642,0.60103,0.0305636)  material=G4_Si
	 --> #secondaries=8  impactParameter[fm]=3.25922  #projectileSpectatorNucleons=0  #targetSpectatorNucleons=26  #NNcollisions=0
	 Collision 64  projectile=triton  Ekin[MeV]=19268.8  direction=(0.956881,0.0694177,0.282065)  material=G4_Be
	 --> #secondaries=15  impactParameter[fm]=1.30861  #projectileSpectatorNucleons=1  #targetSpectatorNucleons=5  #NNcollisions=4
	 Collision 65  projectile=anti_sigma-  Ekin[MeV]=29068.9  direction=(0.159461,0.708752,0.687199)  material=G4_Al
	 --> #secondaries=22  impactParameter[fm]=1.36583  #projectileSpectatorNucleons=0  #targetSpectatorNucleons=26  #NNcollisions=1
	 Collision 66  projectile=B-  Ekin[MeV]=10780.7  direction=(0.936947,0.334838,0.100065)  material=G4_Fe
	 --> #secondaries=15  impactParameter[fm]=0.391167  #projectileSpectatorNucleons=-1  #targetSpectatorNucleons=53  #NNcollisions=1
	 Collision 67  projectile=xi0  Ekin[MeV]=17302.8  direction=(0.941652,0.32895,0.0712983)  material=G4_Cu
	 --> #secondaries=19  impactParameter[fm]=3.67972  #projectileSpectatorNucleons=0  #targetSpectatorNucleons=62  #NNcollisions=1
	 Collision 68  projectile=Bs0  Ekin[MeV]=27732  direction=(0.632148,0.600425,0.489773)  material=G4_Fe
	 --> #secondaries=17  impactParameter[fm]=4.39489  #projectileSpectatorNucleons=-1  #targetSpectatorNucleons=53  #NNcollisions=1
	 Collision 69  projectile=anti_hypertriton  Ekin[MeV]=29112.4  direction=(0.131426,0.832659,0.537965)  material=G4_Al
	 --> #secondaries=34  impactParameter[fm]=2.10266  #projectileSpectatorNucleons=0  #targetSpectatorNucleons=21  #NNcollisions=5
	 Collision 70  projectile=anti_xi_c+  Ekin[MeV]=29110.8  direction=(0.10162,0.520422,0.847841)  material=G4_Ar
	 --> #secondaries=28  impactParameter[fm]=3.34894  #projectileSpectatorNucleons=0  #targetSpectatorNucleons=38  #NNcollisions=2
	 Collision 71  projectile=hyperH4  Ekin[MeV]=17129.7  direction=(0.0434824,0.454213,0.889831)  material=G4_Be
	 --> #secondaries=15  impactParameter[fm]=1.28327  #projectileSpectatorNucleons=0  #targetSpectatorNucleons=3  #NNcollisions=3
	 Collision 72  projectile=xi0  Ekin[MeV]=25330.8  direction=(0.131502,0.842296,0.522729)  material=G4_W
	 --> #secondaries=8  impactParameter[fm]=7.90784  #projectileSpectatorNucleons=0  #targetSpectatorNucleons=183  #NNcollisions=1
	 Collision 73  projectile=B-  Ekin[MeV]=2766.96  direction=(0.602502,0.347421,0.718533)  material=G4_Be
	 --> #secondaries=7  impactParameter[fm]=2.15527  #projectileSpectatorNucleons=-1  #targetSpectatorNucleons=7  #NNcollisions=1
	 Collision 74  projectile=anti_triton  Ekin[MeV]=23938.1  direction=(0.549476,0.592625,0.588958)  material=G4_Cu
	 --> #secondaries=58  impactParameter[fm]=3.05145  #projectileSpectatorNucleons=0  #targetSpectatorNucleons=59  #NNcollisions=5
	 Collision 75  projectile=anti_He3  Ekin[MeV]=8706.54  direction=(0.594211,0.772177,0.225069)  material=G4_Al
	 --> #secondaries=18  impactParameter[fm]=4.37174  #projectileSpectatorNucleons=2  #targetSpectatorNucleons=27  #NNcollisions=1
	 Collision 76  projectile=anti_D0  Ekin[MeV]=5030.35  direction=(0.72412,0.520109,0.45292)  material=G4_H
	 --> #secondaries=3  impactParameter[fm]=2.17861  #projectileSpectatorNucleons=-1  #targetSpectatorNucleons=0  #NNcollisions=1
	 Collision 77  projectile=Bs0  Ekin[MeV]=28159.6  direction=(0.325027,0.672287,0.665122)  material=G4_C
	 --> #secondaries=6  impactParameter[fm]=2.16826  #projectileSpectatorNucleons=-1  #targetSpectatorNucleons=11  #NNcollisions=1
	 Collision 78  projectile=alpha  Ekin[MeV]=10997.5  direction=(0.582462,0.0999485,0.80669)  material=G4_Ar
	 --> #secondaries=20  impactParameter[fm]=-999  #projectileSpectatorNucleons=-999  #targetSpectatorNucleons=-999  #NNcollisions=-999
	 Collision 79  projectile=xi_c+  Ekin[MeV]=6439.02  direction=(0.303113,0.302464,0.90368)  material=G4_Cu
	 --> #secondaries=11  impactParameter[fm]=4.69392  #projectileSpectatorNucleons=0  #targetSpectatorNucleons=64  #NNcollisions=0
	 Collision 80  projectile=xi-  Ekin[MeV]=22682.4  direction=(0.805333,0.505,0.310504)  material=G4_Fe
	 --> #secondaries=27  impactParameter[fm]=2.3052  #projectileSpectatorNucleons=0  #targetSpectatorNucleons=54  #NNcollisions=2
	 Collision 81  projectile=deuteron  Ekin[MeV]=9643.83  direction=(0.0351214,0.843509,0.535965)  material=G4_Be
	 --> #secondaries=8  impactParameter[fm]=-999  #projectileSpectatorNucleons=-999  #targetSpectatorNucleons=-999  #NNcollisions=-999
	 Collision 82  projectile=B0  Ekin[MeV]=15149.9  direction=(0.529277,0.650717,0.544457)  material=G4_Al
	 --> #secondaries=7  impactParameter[fm]=0.330816  #projectileSpectatorNucleons=-1  #targetSpectatorNucleons=26  #NNcollisions=1
	 Collision 83  projectile=hyperalpha  Ekin[MeV]=13311.4  direction=(0.858982,0.314818,0.403781)  material=G4_Pb
	 --> #secondaries=122  impactParameter[fm]=5.77373  #projectileSpectatorNucleons=0  #targetSpectatorNucleons=197  #NNcollisions=6
	 Collision 84  projectile=D+  Ekin[MeV]=26238.9  direction=(0.277543,0.286944,0.91686)  material=G4_Be
	 --> #secondaries=14  impactParameter[fm]=1.18753  #projectileSpectatorNucleons=-1  #targetSpectatorNucleons=8  #NNcollisions=1
	 Collision 85  projectile=sigma-  Ekin[MeV]=4808.4  direction=(0.479918,0.0506532,0.87585)  material=G4_Fe
	 --> #secondaries=21  impactParameter[fm]=4.07191  #projectileSpectatorNucleons=0  #targetSpectatorNucleons=54  #NNcollisions=3
	 Collision 86  projectile=triton  Ekin[MeV]=27366.9  direction=(0.449627,0.892525,0.0351325)  material=G4_Ar
	 --> #secondaries=15  impactParameter[fm]=4.89108  #projectileSpectatorNucleons=2  #targetSpectatorNucleons=39  #NNcollisions=0
	 Collision 87  projectile=omega_b-  Ekin[MeV]=5000.04  direction=(0.580126,0.495837,0.64622)  material=G4_Si
	 --> #secondaries=14  impactParameter[fm]=4.20547  #projectileSpectatorNucleons=0  #targetSpectatorNucleons=26  #NNcollisions=1
	 Collision 88  projectile=pi+  Ekin[MeV]=26154.1  direction=(0.579057,0.675012,0.457222)  material=G4_H
	 --> #secondaries=4  impactParameter[fm]=2.05964  #projectileSpectatorNucleons=-1  #targetSpectatorNucleons=0  #NNcollisions=1
	 Collision 89  projectile=triton  Ekin[MeV]=12743.3  direction=(0.565879,0.653278,0.503001)  material=G4_He
	 --> #secondaries=8  impactParameter[fm]=1.50873  #projectileSpectatorNucleons=2  #targetSpectatorNucleons=1  #NNcollisions=1
	 Collision 90  projectile=anti_xi-  Ekin[MeV]=3676.59  direction=(0.943673,0.0313963,0.329388)  material=G4_Cu
	 --> #secondaries=19  impactParameter[fm]=3.14489  #projectileSpectatorNucleons=0  #targetSpectatorNucleons=61  #NNcollisions=1
	 Collision 91  projectile=anti_lambda_b  Ekin[MeV]=24653.7  direction=(0.698876,0.67715,0.230305)  material=G4_Ar
	 --> #secondaries=37  impactParameter[fm]=0.733044  #projectileSpectatorNucleons=0  #targetSpectatorNucleons=36  #NNcollisions=3
	 Collision 92  projectile=anti_Bs0  Ekin[MeV]=4763.82  direction=(0.467818,0.565621,0.679131)  material=G4_C
	 --> #secondaries=6  impactParameter[fm]=2.19772  #projectileSpectatorNucleons=-1  #targetSpectatorNucleons=11  #NNcollisions=1
	 Collision 93  projectile=neutron  Ekin[MeV]=6688.99  direction=(0.26718,0.207427,0.941058)  material=G4_Fe
	 --> #secondaries=32  impactParameter[fm]=2.48042  #projectileSpectatorNucleons=0  #targetSpectatorNucleons=52  #NNcollisions=3
	 Collision 94  projectile=doublehyperdoubleneutron  Ekin[MeV]=19591.1  direction=(0.677998,0.250804,0.690954)  material=G4_C
	 --> #secondaries=17  impactParameter[fm]=1.71489  #projectileSpectatorNucleons=0  #targetSpectatorNucleons=7  #NNcollisions=5
	 Collision 95  projectile=anti_omega-  Ekin[MeV]=8917.97  direction=(0.112796,0.660496,0.742308)  material=G4_Si
	 --> #secondaries=16  impactParameter[fm]=1.98166  #projectileSpectatorNucleons=0  #targetSpectatorNucleons=26  #NNcollisions=1
	 Collision 96  projectile=deuteron  Ekin[MeV]=18332.3  direction=(0.736871,0.230774,0.635424)  material=G4_Ar
	 --> #secondaries=20  impactParameter[fm]=6.23014  #projectileSpectatorNucleons=1  #targetSpectatorNucleons=39  #NNcollisions=1
	 Collision 97  projectile=Ds+  Ekin[MeV]=25910.4  direction=(0.449878,0.559684,0.695963)  material=G4_Pb
	 --> #secondaries=43  impactParameter[fm]=2.93978  #projectileSpectatorNucleons=-1  #targetSpectatorNucleons=204  #NNcollisions=2
	 Collision 98  projectile=Bc-  Ekin[MeV]=13864.4  direction=(0.498722,0.745895,0.441494)  material=G4_Be
	 --> #secondaries=5  impactParameter[fm]=2.73815  #projectileSpectatorNucleons=-1  #targetSpectatorNucleons=8  #NNcollisions=1
	 Collision 99  projectile=pi+  Ekin[MeV]=15096.6  direction=(0.574373,0.202977,0.79303)  material=G4_C
	 --> #secondaries=6  impactParameter[fm]=2.55232  #projectileSpectatorNucleons=-1  #targetSpectatorNucleons=11  #NNcollisions=0
	 Collision 100  projectile=triton  Ekin[MeV]=8735.8  direction=(0.673838,0.473089,0.567564)  material=G4_Pb
	 --> #secondaries=6  impactParameter[fm]=-999  #projectileSpectatorNucleons=-999  #targetSpectatorNucleons=-999  #NNcollisions=-999
	 	 List of produced secondaries: 
	 	 	 j=0	neutron	 p=(2304.45,1508.36,1849.313447.95) MeV
	 	 	 j=1	pi-	 p=(160.404,8.96709,258.867335.115) MeV
	 	 	 j=2	proton	 p=(159.74,255.226,-20.1679985.606) MeV
	 	 	 j=3	Pb207	 p=(-122.41,-8.52749,27.7586192756) MeV
	 	 	 j=4	gamma	 p=(-0.079638,-0.146671,-0.09314670.19113) MeV
	 	 	 j=5	deuteron	 p=(5043.4,3533.68,4239.797708.21) MeV
	 Collision 101  projectile=kaon-  Ekin[MeV]=5179.33  direction=(0.559669,0.458109,0.690584)  material=G4_Be
	 --> #secondaries=9  impactParameter[fm]=-999  #projectileSpectatorNucleons=-999  #targetSpectatorNucleons=-999  #NNcollisions=-999
	 Collision 102  projectile=anti_hypertriton  Ekin[MeV]=18492.3  direction=(0.535938,0.745052,0.397074)  material=G4_Si
	 --> #secondaries=29  impactParameter[fm]=3.63311  #projectileSpectatorNucleons=0  #targetSpectatorNucleons=25  #NNcollisions=4
	 Collision 103  projectile=anti_hyperH4  Ekin[MeV]=15185.8  direction=(0.72624,0.670324,0.152453)  material=G4_Be
	 --> #secondaries=13  impactParameter[fm]=2.59944  #projectileSpectatorNucleons=2  #targetSpectatorNucleons=7  #NNcollisions=1
	 Collision 104  projectile=anti_alpha  Ekin[MeV]=21942.6  direction=(0.711913,0.0953101,0.69577)  material=G4_He
	 --> #secondaries=11  impactParameter[fm]=4.16446  #projectileSpectatorNucleons=3  #targetSpectatorNucleons=3  #NNcollisions=1
	 Collision 105  projectile=Bc+  Ekin[MeV]=29518  direction=(0.949589,0.303904,0.0769648)  material=G4_Pb
	 --> #secondaries=26  impactParameter[fm]=5.60028  #projectileSpectatorNucleons=-1  #targetSpectatorNucleons=207  #NNcollisions=0
	 Collision 106  projectile=anti_omega-  Ekin[MeV]=23417.9  direction=(0.470799,0.532417,0.703478)  material=G4_Pb
	 --> #secondaries=20  impactParameter[fm]=7.88042  #projectileSpectatorNucleons=0  #targetSpectatorNucleons=207  #NNcollisions=1
	 Collision 107  projectile=Bs0  Ekin[MeV]=4381.59  direction=(0.688537,0.597818,0.410524)  material=G4_He
	 --> #secondaries=4  impactParameter[fm]=0.793067  #projectileSpectatorNucleons=-1  #targetSpectatorNucleons=3  #NNcollisions=1
	 Collision 108  projectile=pi+  Ekin[MeV]=22023.6  direction=(0.606928,0.681378,0.4091)  material=G4_Be
	 --> #secondaries=12  impactParameter[fm]=3.05784  #projectileSpectatorNucleons=-1  #targetSpectatorNucleons=8  #NNcollisions=1
	 Collision 109  projectile=anti_D0  Ekin[MeV]=22725.1  direction=(0.988572,0.0497996,0.142285)  material=G4_W
	 --> #secondaries=29  impactParameter[fm]=6.03502  #projectileSpectatorNucleons=-1  #targetSpectatorNucleons=181  #NNcollisions=2
	 Collision 110  projectile=kaon-  Ekin[MeV]=12461.4  direction=(0.132437,0.931952,0.337528)  material=G4_H
	 --> #secondaries=9  impactParameter[fm]=0.957323  #projectileSpectatorNucleons=-1  #targetSpectatorNucleons=0  #NNcollisions=1
	 Collision 111  projectile=omega-  Ekin[MeV]=8437.38  direction=(0.607357,0.783403,0.1319)  material=G4_H
	 --> #secondaries=3  impactParameter[fm]=1.5844  #projectileSpectatorNucleons=0  #targetSpectatorNucleons=0  #NNcollisions=1
	 Collision 112  projectile=anti_B0  Ekin[MeV]=14583.3  direction=(0.082444,0.991025,0.105227)  material=G4_W
	 --> #secondaries=63  impactParameter[fm]=2.33694  #projectileSpectatorNucleons=-1  #targetSpectatorNucleons=179  #NNcollisions=2
	 Collision 113  projectile=kaon-  Ekin[MeV]=23313.1  direction=(0.689381,0.677391,0.256701)  material=G4_Fe
	 --> #secondaries=25  impactParameter[fm]=3.23642  #projectileSpectatorNucleons=-1  #targetSpectatorNucleons=52  #NNcollisions=2
	 Collision 114  projectile=xi_c0  Ekin[MeV]=25557.3  direction=(0.937751,0.341205,0.0648315)  material=G4_Si
	 --> #secondaries=19  impactParameter[fm]=3.09533  #projectileSpectatorNucleons=0  #targetSpectatorNucleons=27  #NNcollisions=1
	 Collision 115  projectile=anti_xi_c+  Ekin[MeV]=23051.9  direction=(0.846488,0.158327,0.50832)  material=G4_Pb
	 --> #secondaries=57  impactParameter[fm]=4.32931  #projectileSpectatorNucleons=0  #targetSpectatorNucleons=206  #NNcollisions=1
	 Collision 116  projectile=anti_xi_c0  Ekin[MeV]=15230.7  direction=(0.456537,0.718039,0.525351)  material=G4_Cu
	 --> #secondaries=43  impactParameter[fm]=1.66589  #projectileSpectatorNucleons=0  #targetSpectatorNucleons=60  #NNcollisions=2
	 Collision 117  projectile=D+  Ekin[MeV]=9783.18  direction=(0.899052,0.0831387,0.429877)  material=G4_Ar
	 --> #secondaries=9  impactParameter[fm]=2.1362  #projectileSpectatorNucleons=-1  #targetSpectatorNucleons=39  #NNcollisions=1
	 Collision 118  projectile=anti_xi_b-  Ekin[MeV]=6441.65  direction=(0.724127,0.429607,0.539517)  material=G4_Be
	 --> #secondaries=10  impactParameter[fm]=2.10276  #projectileSpectatorNucleons=0  #targetSpectatorNucleons=8  #NNcollisions=1
	 Collision 119  projectile=kaon0S  Ekin[MeV]=10269.3  direction=(0.503312,0.747768,0.433036)  material=G4_C
	 --> #secondaries=11  impactParameter[fm]=0.846112  #projectileSpectatorNucleons=-1  #targetSpectatorNucleons=9  #NNcollisions=2
	 Collision 120  projectile=anti_sigma+  Ekin[MeV]=2079.53  direction=(0.818993,0.508345,0.266151)  material=G4_Fe
	 --> #secondaries=11  impactParameter[fm]=2.81785  #projectileSpectatorNucleons=0  #targetSpectatorNucleons=54  #NNcollisions=0
	 Collision 121  projectile=pi+  Ekin[MeV]=22245.9  direction=(0.747612,0.0916283,0.657785)  material=G4_He
	 --> #secondaries=23  impactParameter[fm]=2.31021  #projectileSpectatorNucleons=-1  #targetSpectatorNucleons=3  #NNcollisions=1
	 Collision 122  projectile=xi-  Ekin[MeV]=29312.3  direction=(0.0384893,0.686509,0.726102)  material=G4_C
	 --> #secondaries=17  impactParameter[fm]=1.86512  #projectileSpectatorNucleons=0  #targetSpectatorNucleons=9  #NNcollisions=2
	 Collision 123  projectile=anti_xi0  Ekin[MeV]=26512.6  direction=(0.427024,0.902978,0.047771)  material=G4_H
	 --> #secondaries=13  impactParameter[fm]=1.3549  #projectileSpectatorNucleons=0  #targetSpectatorNucleons=0  #NNcollisions=1
	 Collision 124  projectile=B+  Ekin[MeV]=23538.5  direction=(0.614639,0.712819,0.337798)  material=G4_Ar
	 --> #secondaries=8  impactParameter[fm]=2.96896  #projectileSpectatorNucleons=-1  #targetSpectatorNucleons=39  #NNcollisions=1
	 Collision 125  projectile=anti_xi_c+  Ekin[MeV]=17424  direction=(0.666498,0.225945,0.710443)  material=G4_C
	 --> #secondaries=12  impactParameter[fm]=1.4075  #projectileSpectatorNucleons=0  #targetSpectatorNucleons=9  #NNcollisions=1
	 Collision 126  projectile=anti_omega_c0  Ekin[MeV]=15775.7  direction=(0.190011,0.535584,0.822828)  material=G4_Si
	 --> #secondaries=12  impactParameter[fm]=3.3637  #projectileSpectatorNucleons=0  #targetSpectatorNucleons=27  #NNcollisions=1
	 Collision 127  projectile=kaon+  Ekin[MeV]=24725.8  direction=(0.824274,0.0682585,0.562061)  material=G4_Cu
	 --> #secondaries=8  impactParameter[fm]=3.30173  #projectileSpectatorNucleons=-1  #targetSpectatorNucleons=62  #NNcollisions=0
	 Collision 128  projectile=anti_hyperH4  Ekin[MeV]=17849.6  direction=(0.257652,0.288692,0.922102)  material=G4_Be
	 --> #secondaries=8  impactParameter[fm]=3.94059  #projectileSpectatorNucleons=3  #targetSpectatorNucleons=7  #NNcollisions=0
	 Collision 129  projectile=hyperHe5  Ekin[MeV]=9564.19  direction=(0.650703,0.363603,0.666618)  material=G4_Si
	 --> #secondaries=24  impactParameter[fm]=1.05328  #projectileSpectatorNucleons=0  #targetSpectatorNucleons=16  #NNcollisions=1
	 Collision 130  projectile=lambda  Ekin[MeV]=3590.61  direction=(0.613517,0.713513,0.338373)  material=G4_Pb
	 --> #secondaries=8  impactParameter[fm]=-999  #projectileSpectatorNucleons=-999  #targetSpectatorNucleons=-999  #NNcollisions=-999
	 Collision 131  projectile=triton  Ekin[MeV]=15890.9  direction=(0.56358,0.822734,0.0740678)  material=G4_Al
	 --> #secondaries=26  impactParameter[fm]=1.8821  #projectileSpectatorNucleons=0  #targetSpectatorNucleons=21  #NNcollisions=2
	 Collision 132  projectile=anti_neutron  Ekin[MeV]=12897.4  direction=(0.472353,0.631665,0.614722)  material=G4_H
	 --> #secondaries=13  impactParameter[fm]=0.672529  #projectileSpectatorNucleons=0  #targetSpectatorNucleons=0  #NNcollisions=1
	 Collision 133  projectile=anti_xi_c0  Ekin[MeV]=14157.1  direction=(0.53923,0.185048,0.821577)  material=G4_Si
	 --> #secondaries=11  impactParameter[fm]=5.0439  #projectileSpectatorNucleons=0  #targetSpectatorNucleons=28  #NNcollisions=1
	 Collision 134  projectile=anti_lambda_c+  Ekin[MeV]=7103.91  direction=(0.758347,0.457809,0.464026)  material=G4_Cu
	 --> #secondaries=13  impactParameter[fm]=3.22607  #projectileSpectatorNucleons=0  #targetSpectatorNucleons=64  #NNcollisions=0
	 Collision 135  projectile=sigma-  Ekin[MeV]=18317.3  direction=(0.666545,0.745464,0.000387395)  material=G4_Cu
	 --> #secondaries=17  impactParameter[fm]=4.4042  #projectileSpectatorNucleons=0  #targetSpectatorNucleons=62  #NNcollisions=0
	 Collision 136  projectile=omega_b-  Ekin[MeV]=3074.49  direction=(0.07403,0.983316,0.166161)  material=G4_He
	 --> #secondaries=4  impactParameter[fm]=1.30638  #projectileSpectatorNucleons=0  #targetSpectatorNucleons=3  #NNcollisions=1
	 Collision 137  projectile=hypertriton  Ekin[MeV]=11104.3  direction=(0.324781,0.6879,0.649084)  material=G4_Al
	 --> #secondaries=22  impactParameter[fm]=0.843467  #projectileSpectatorNucleons=0  #targetSpectatorNucleons=20  #NNcollisions=7
	 Collision 138  projectile=omega_b-  Ekin[MeV]=4244.43  direction=(0.402348,0.562955,0.72194)  material=G4_W
	 --> #secondaries=19  impactParameter[fm]=7.19839  #projectileSpectatorNucleons=0  #targetSpectatorNucleons=183  #NNcollisions=1
	 Collision 139  projectile=pi-  Ekin[MeV]=4925.94  direction=(0.564455,0.66152,0.493743)  material=G4_W
	 --> #secondaries=69  impactParameter[fm]=-999  #projectileSpectatorNucleons=-999  #targetSpectatorNucleons=-999  #NNcollisions=-999
	 Collision 140  projectile=xi-  Ekin[MeV]=23754  direction=(0.539605,0.433869,0.721515)  material=G4_Be
	 --> #secondaries=11  impactParameter[fm]=3.71587  #projectileSpectatorNucleons=0  #targetSpectatorNucleons=8  #NNcollisions=1
	 Collision 141  projectile=kaon0L  Ekin[MeV]=8002.4  direction=(0.85327,0.507335,0.120585)  material=G4_W
	 --> #secondaries=14  impactParameter[fm]=6.65419  #projectileSpectatorNucleons=-1  #targetSpectatorNucleons=181  #NNcollisions=1
	 Collision 142  projectile=He3  Ekin[MeV]=24823.7  direction=(0.511588,0.628283,0.586121)  material=G4_H
	 --> #secondaries=4  impactParameter[fm]=1.21868  #projectileSpectatorNucleons=2  #targetSpectatorNucleons=0  #NNcollisions=0
	 Collision 143  projectile=anti_xi0  Ekin[MeV]=26235.3  direction=(0.299229,0.149316,0.942426)  material=G4_Pb
	 --> #secondaries=74  impactParameter[fm]=3.09829  #projectileSpectatorNucleons=0  #targetSpectatorNucleons=206  #NNcollisions=2
	 Collision 144  projectile=xi_b0  Ekin[MeV]=25975.4  direction=(0.0861551,0.744023,0.662576)  material=G4_Cu
	 --> #secondaries=16  impactParameter[fm]=5.79553  #projectileSpectatorNucleons=0  #targetSpectatorNucleons=62  #NNcollisions=1
	 Collision 145  projectile=anti_neutron  Ekin[MeV]=1271.12  direction=(0.631003,0.48982,0.601591)  material=G4_Cu
	 --> #secondaries=9  impactParameter[fm]=5.3181  #projectileSpectatorNucleons=0  #targetSpectatorNucleons=62  #NNcollisions=0
	 Collision 146  projectile=anti_xi_c+  Ekin[MeV]=2081.23  direction=(0.537952,0.678234,0.500605)  material=G4_Si
	 --> #secondaries=15  impactParameter[fm]=2.35347  #projectileSpectatorNucleons=0  #targetSpectatorNucleons=24  #NNcollisions=0
	 Collision 147  projectile=anti_D0  Ekin[MeV]=28804.8  direction=(0.662637,0.441239,0.605161)  material=G4_C
	 --> #secondaries=16  impactParameter[fm]=2.06452  #projectileSpectatorNucleons=-1  #targetSpectatorNucleons=11  #NNcollisions=1
	 Collision 148  projectile=anti_hypertriton  Ekin[MeV]=18288.4  direction=(0.39558,0.863467,0.312957)  material=G4_W
	 --> #secondaries=109  impactParameter[fm]=5.79225  #projectileSpectatorNucleons=0  #targetSpectatorNucleons=180  #NNcollisions=3
	 Collision 149  projectile=xi_c0  Ekin[MeV]=18001.3  direction=(0.93612,0.351668,0.00286753)  material=G4_Ar
	 --> #secondaries=5  impactParameter[fm]=5.46032  #projectileSpectatorNucleons=0  #targetSpectatorNucleons=39  #NNcollisions=1
	 Collision 150  projectile=omega_c0  Ekin[MeV]=11304.4  direction=(0.784221,0.521071,0.336872)  material=G4_He
	 --> #secondaries=9  impactParameter[fm]=0.282207  #projectileSpectatorNucleons=0  #targetSpectatorNucleons=1  #NNcollisions=3
	 Collision 151  projectile=anti_doublehyperH4  Ekin[MeV]=2031.05  direction=(0.472783,0.66091,0.582816)  material=G4_Be
	 --> #secondaries=6  impactParameter[fm]=3.61015  #projectileSpectatorNucleons=3  #targetSpectatorNucleons=8  #NNcollisions=0
	 Collision 152  projectile=Ds+  Ekin[MeV]=19866.7  direction=(0.346935,0.891733,0.290599)  material=G4_H
	 --> #secondaries=4  impactParameter[fm]=0.419227  #projectileSpectatorNucleons=-1  #targetSpectatorNucleons=0  #NNcollisions=1
	 Collision 153  projectile=anti_proton  Ekin[MeV]=20022.9  direction=(0.856768,0.174192,0.485392)  material=G4_H
	 --> #secondaries=14  impactParameter[fm]=0.663032  #projectileSpectatorNucleons=0  #targetSpectatorNucleons=0  #NNcollisions=1
	 Collision 154  projectile=xi-  Ekin[MeV]=14177.9  direction=(0.680594,0.0646378,0.729804)  material=G4_Cu
	 --> #secondaries=45  impactParameter[fm]=1.11745  #projectileSpectatorNucleons=0  #targetSpectatorNucleons=61  #NNcollisions=3
	 Collision 155  projectile=D0  Ekin[MeV]=28594.5  direction=(0.247054,0.559079,0.791451)  material=G4_Be
	 --> #secondaries=8  impactParameter[fm]=2.58866  #projectileSpectatorNucleons=-1  #targetSpectatorNucleons=8  #NNcollisions=1
	 Collision 156  projectile=xi_c0  Ekin[MeV]=12655.1  direction=(0.483745,0.860681,0.158801)  material=G4_Pb
	 --> #secondaries=67  impactParameter[fm]=3.90988  #projectileSpectatorNucleons=0  #targetSpectatorNucleons=204  #NNcollisions=3
	 Collision 157  projectile=hyperalpha  Ekin[MeV]=6985.56  direction=(0.99537,0.0931301,0.023784)  material=G4_H
	 --> #secondaries=7  impactParameter[fm]=1.78213  #projectileSpectatorNucleons=1  #targetSpectatorNucleons=0  #NNcollisions=1
	 Collision 158  projectile=kaon-  Ekin[MeV]=24444.4  direction=(0.782621,0.367992,0.502083)  material=G4_He
	 --> #secondaries=7  impactParameter[fm]=0.673365  #projectileSpectatorNucleons=-1  #targetSpectatorNucleons=3  #NNcollisions=1
	 Collision 159  projectile=doublehyperdoubleneutron  Ekin[MeV]=5710.64  direction=(0.893326,0.378104,0.242913)  material=G4_W
	 --> #secondaries=32  impactParameter[fm]=7.58408  #projectileSpectatorNucleons=1  #targetSpectatorNucleons=180  #NNcollisions=2
	 Collision 160  projectile=anti_B0  Ekin[MeV]=18730.8  direction=(0.180444,0.820518,0.542393)  material=G4_Al
	 --> #secondaries=17  impactParameter[fm]=3.31781  #projectileSpectatorNucleons=-1  #targetSpectatorNucleons=25  #NNcollisions=1
	 Collision 161  projectile=pi+  Ekin[MeV]=17533.4  direction=(0.386224,0.803041,0.453823)  material=G4_He
	 --> #secondaries=10  impactParameter[fm]=0.364073  #projectileSpectatorNucleons=-1  #targetSpectatorNucleons=2  #NNcollisions=2
	 Collision 162  projectile=D0  Ekin[MeV]=20640.4  direction=(0.821155,0.569376,0.0389303)  material=G4_Be
	 --> #secondaries=13  impactParameter[fm]=0.685585  #projectileSpectatorNucleons=-1  #targetSpectatorNucleons=7  #NNcollisions=2
	 Collision 163  projectile=Bs0  Ekin[MeV]=1010.94  direction=(0.686023,0.198856,0.699878)  material=G4_W
	 --> #secondaries=12  impactParameter[fm]=5.44214  #projectileSpectatorNucleons=-1  #targetSpectatorNucleons=181  #NNcollisions=0
	 Collision 164  projectile=xi-  Ekin[MeV]=26510.2  direction=(0.400926,0.176733,0.898901)  material=G4_W
	 --> #secondaries=55  impactParameter[fm]=5.48575  #projectileSpectatorNucleons=0  #targetSpectatorNucleons=182  #NNcollisions=1
	 Collision 165  projectile=B+  Ekin[MeV]=19899.8  direction=(0.669254,0.058303,0.740743)  material=G4_Be
	 --> #secondaries=7  impactParameter[fm]=0.900071  #projectileSpectatorNucleons=-1  #targetSpectatorNucleons=8  #NNcollisions=1
	 Collision 166  projectile=anti_xi_c+  Ekin[MeV]=22065.8  direction=(0.874398,0.407224,0.26381)  material=G4_W
	 --> #secondaries=41  impactParameter[fm]=6.25712  #projectileSpectatorNucleons=0  #targetSpectatorNucleons=182  #NNcollisions=1
	 Collision 167  projectile=hypertriton  Ekin[MeV]=21443.3  direction=(0.195536,0.957766,0.210834)  material=G4_Al
	 --> #secondaries=14  impactParameter[fm]=4.04421  #projectileSpectatorNucleons=2  #targetSpectatorNucleons=26  #NNcollisions=0
	 Collision 168  projectile=pi-  Ekin[MeV]=29730.8  direction=(0.221248,0.473147,0.852749)  material=G4_Cu
	 --> #secondaries=26  impactParameter[fm]=4.85034  #projectileSpectatorNucleons=-1  #targetSpectatorNucleons=62  #NNcollisions=1
	 Collision 169  projectile=anti_triton  Ekin[MeV]=26296.1  direction=(0.190465,0.896203,0.400678)  material=G4_W
	 --> #secondaries=48  impactParameter[fm]=7.48045  #projectileSpectatorNucleons=1  #targetSpectatorNucleons=182  #NNcollisions=2
	 Collision 170  projectile=B0  Ekin[MeV]=27261.4  direction=(0.850889,0.330144,0.408647)  material=G4_He
	 --> #secondaries=7  impactParameter[fm]=1.95555  #projectileSpectatorNucleons=-1  #targetSpectatorNucleons=3  #NNcollisions=1
	 Collision 171  projectile=xi_b-  Ekin[MeV]=5049.64  direction=(0.328576,0.681152,0.654271)  material=G4_Al
	 --> #secondaries=12  impactParameter[fm]=0.309284  #projectileSpectatorNucleons=0  #targetSpectatorNucleons=24  #NNcollisions=2
	 Collision 172  projectile=hyperHe5  Ekin[MeV]=15783.2  direction=(0.617059,0.120711,0.777604)  material=G4_H
	 --> #secondaries=12  impactParameter[fm]=1.36627  #projectileSpectatorNucleons=2  #targetSpectatorNucleons=0  #NNcollisions=2
	 Collision 173  projectile=B+  Ekin[MeV]=4408.88  direction=(0.233682,0.7679,0.596424)  material=G4_C
	 --> #secondaries=10  impactParameter[fm]=1.26107  #projectileSpectatorNucleons=-1  #targetSpectatorNucleons=9  #NNcollisions=3
	 Collision 174  projectile=D0  Ekin[MeV]=22811.7  direction=(0.308628,0.9492,0.0613835)  material=G4_Cu
	 --> #secondaries=27  impactParameter[fm]=1.39048  #projectileSpectatorNucleons=-1  #targetSpectatorNucleons=63  #NNcollisions=2
	 Collision 175  projectile=anti_hyperHe5  Ekin[MeV]=10404.8  direction=(0.39723,0.889059,0.227556)  material=G4_He
	 --> #secondaries=18  impactParameter[fm]=1.27131  #projectileSpectatorNucleons=2  #targetSpectatorNucleons=2  #NNcollisions=3
	 Collision 176  projectile=anti_xi0  Ekin[MeV]=23335.9  direction=(0.595974,0.666328,0.448132)  material=G4_W
	 --> #secondaries=15  impactParameter[fm]=6.26133  #projectileSpectatorNucleons=0  #targetSpectatorNucleons=181  #NNcollisions=1
	 Collision 177  projectile=kaon-  Ekin[MeV]=20838.7  direction=(0.57769,0.8148,0.0487425)  material=G4_He
	 --> #secondaries=15  impactParameter[fm]=0.408439  #projectileSpectatorNucleons=-1  #targetSpectatorNucleons=2  #NNcollisions=2
	 Collision 178  projectile=pi-  Ekin[MeV]=21590.3  direction=(0.467952,0.774069,0.426424)  material=G4_Be
	 --> #secondaries=12  impactParameter[fm]=2.22521  #projectileSpectatorNucleons=-1  #targetSpectatorNucleons=7  #NNcollisions=1
	 Collision 179  projectile=anti_hyperalpha  Ekin[MeV]=13963.8  direction=(0.107603,0.468147,0.877075)  material=G4_Fe
	 --> #secondaries=30  impactParameter[fm]=4.22145  #projectileSpectatorNucleons=2  #targetSpectatorNucleons=54  #NNcollisions=2
	 Collision 180  projectile=proton  Ekin[MeV]=15960.2  direction=(0.311731,0.476786,0.821887)  material=G4_W
	 --> #secondaries=46  impactParameter[fm]=6.5961  #projectileSpectatorNucleons=0  #targetSpectatorNucleons=179  #NNcollisions=3
	 Collision 181  projectile=anti_hyperHe5  Ekin[MeV]=23488.9  direction=(0.4037,0.491011,0.771968)  material=G4_W
	 --> #secondaries=73  impactParameter[fm]=6.47715  #projectileSpectatorNucleons=1  #targetSpectatorNucleons=179  #NNcollisions=5
	 Collision 182  projectile=pi+  Ekin[MeV]=25243.6  direction=(0.856308,0.350751,0.379093)  material=G4_He
	 --> #secondaries=14  impactParameter[fm]=1.15671  #projectileSpectatorNucleons=-1  #targetSpectatorNucleons=3  #NNcollisions=1
	 Collision 183  projectile=anti_He3  Ekin[MeV]=18546.6  direction=(0.0513368,0.23021,0.971786)  material=G4_C
	 --> #secondaries=18  impactParameter[fm]=2.90557  #projectileSpectatorNucleons=1  #targetSpectatorNucleons=10  #NNcollisions=2
	 Collision 184  projectile=D+  Ekin[MeV]=5037.67  direction=(0.0259907,0.991689,0.126002)  material=G4_Be
	 --> #secondaries=8  impactParameter[fm]=3.10663  #projectileSpectatorNucleons=-1  #targetSpectatorNucleons=8  #NNcollisions=1
	 Collision 185  projectile=anti_lambda  Ekin[MeV]=20841.3  direction=(0.531052,0.150885,0.833797)  material=G4_Cu
	 --> #secondaries=59  impactParameter[fm]=0.856799  #projectileSpectatorNucleons=0  #targetSpectatorNucleons=59  #NNcollisions=5
	 Collision 186  projectile=pi-  Ekin[MeV]=1969.05  direction=(0.0256188,0.801123,0.597951)  material=G4_Ar
	 --> #secondaries=25  impactParameter[fm]=-999  #projectileSpectatorNucleons=-999  #targetSpectatorNucleons=-999  #NNcollisions=-999
	 Collision 187  projectile=anti_xi_c+  Ekin[MeV]=18475.7  direction=(0.522614,0.41423,0.745176)  material=G4_H
	 --> #secondaries=4  impactParameter[fm]=0.749629  #projectileSpectatorNucleons=0  #targetSpectatorNucleons=0  #NNcollisions=1
	 Collision 188  projectile=pi+  Ekin[MeV]=15544  direction=(0.820789,0.500372,0.275561)  material=G4_Be
	 --> #secondaries=4  impactParameter[fm]=1.97628  #projectileSpectatorNucleons=-1  #targetSpectatorNucleons=8  #NNcollisions=0
	 Collision 189  projectile=Ds+  Ekin[MeV]=14892.9  direction=(0.711152,0.584191,0.39113)  material=G4_He
	 --> #secondaries=4  impactParameter[fm]=1.46203  #projectileSpectatorNucleons=-1  #targetSpectatorNucleons=3  #NNcollisions=0
	 Collision 190  projectile=kaon0L  Ekin[MeV]=11734.2  direction=(0.656355,0.577685,0.485261)  material=G4_H
	 --> #secondaries=3  impactParameter[fm]=0.304094  #projectileSpectatorNucleons=-1  #targetSpectatorNucleons=0  #NNcollisions=1
	 Collision 191  projectile=anti_D0  Ekin[MeV]=7260.11  direction=(0.632745,0.401348,0.662234)  material=G4_Cu
	 --> #secondaries=7  impactParameter[fm]=5.62716  #projectileSpectatorNucleons=-1  #targetSpectatorNucleons=62  #NNcollisions=1
	 Collision 192  projectile=B-  Ekin[MeV]=29263.3  direction=(0.659327,0.214351,0.720654)  material=G4_Be
	 --> #secondaries=7  impactParameter[fm]=1.71519  #projectileSpectatorNucleons=-1  #targetSpectatorNucleons=7  #NNcollisions=0
	 Collision 193  projectile=hyperH4  Ekin[MeV]=20909.4  direction=(0.445089,0.442168,0.778706)  material=G4_Al
	 --> #secondaries=27  impactParameter[fm]=2.58199  #projectileSpectatorNucleons=0  #targetSpectatorNucleons=19  #NNcollisions=7
	 Collision 194  projectile=He3  Ekin[MeV]=11912.1  direction=(0.350463,0.920999,0.170106)  material=G4_H
	 --> #secondaries=6  impactParameter[fm]=-999  #projectileSpectatorNucleons=-999  #targetSpectatorNucleons=-999  #NNcollisions=-999
	 Collision 195  projectile=sigma+  Ekin[MeV]=18061.7  direction=(0.853866,0.322354,0.408658)  material=G4_W
	 --> #secondaries=111  impactParameter[fm]=3.78489  #projectileSpectatorNucleons=0  #targetSpectatorNucleons=173  #NNcollisions=6
	 Collision 196  projectile=He3  Ekin[MeV]=2385.28  direction=(0.583337,0.808027,0.082531)  material=G4_Al
	 --> #secondaries=15  impactParameter[fm]=-999  #projectileSpectatorNucleons=-999  #targetSpectatorNucleons=-999  #NNcollisions=-999
	 Collision 197  projectile=hypertriton  Ekin[MeV]=2303.11  direction=(0.294114,0.44858,0.843962)  material=G4_Al
	 --> #secondaries=16  impactParameter[fm]=2.60095  #projectileSpectatorNucleons=0  #targetSpectatorNucleons=22  #NNcollisions=1
	 Collision 198  projectile=hyperalpha  Ekin[MeV]=5179.56  direction=(0.679512,0.71186,0.177537)  material=G4_Fe
	 --> #secondaries=39  impactParameter[fm]=1.59755  #projectileSpectatorNucleons=0  #targetSpectatorNucleons=44  #NNcollisions=2
	 Collision 199  projectile=alpha  Ekin[MeV]=1761.59  direction=(0.658822,0.271981,0.701413)  material=G4_Cu
	 --> #secondaries=16  impactParameter[fm]=-999  #projectileSpectatorNucleons=-999  #targetSpectatorNucleons=-999  #NNcollisions=-999
	 Collision 200  projectile=B-  Ekin[MeV]=27128  direction=(0.660817,0.596376,0.455693)  material=G4_Si
	 --> #secondaries=11  impactParameter[fm]=4.08466  #projectileSpectatorNucleons=-1  #targetSpectatorNucleons=27  #NNcollisions=1
	 	 List of produced secondaries: 
	 	 	 j=0	pi-	 p=(1167.3,1032.02,868.9931789.5) MeV
	 	 	 j=1	anti_B0	 p=(17307.4,16019,11726.726861.6) MeV
	 	 	 j=2	pi+	 p=(327.729,337.676,173.329520.533) MeV
	 	 	 j=3	pi+	 p=(388.83,28.995,17.3705414.501) MeV
	 	 	 j=4	neutron	 p=(520.478,297.162,173.1381127.81) MeV
	 	 	 j=5	pi0	 p=(1043.92,1246.3,1041.261935.32) MeV
	 	 	 j=6	pi-	 p=(374.434,54.5492,506.317647.312) MeV
	 	 	 j=7	Mg25	 p=(-38.1804,155.95,-10.621323268.6) MeV
	 	 	 j=8	neutron	 p=(94.6644,-48.6708,90.6564949.911) MeV
	 	 	 j=9	proton	 p=(-58.2878,-56.7678,-14.7802941.909) MeV
	 	 	 j=10	gamma	 p=(0.727481,2.36245,-2.011783.18711) MeV
	 Collision 201  projectile=anti_xi0  Ekin[MeV]=6871.16  direction=(0.755149,0.157518,0.636348)  material=G4_W
	 --> #secondaries=75  impactParameter[fm]=1.6702  #projectileSpectatorNucleons=0  #targetSpectatorNucleons=177  #NNcollisions=4
	 Collision 202  projectile=anti_deuteron  Ekin[MeV]=11250.9  direction=(0.553873,0.770937,0.314453)  material=G4_C
	 --> #secondaries=13  impactParameter[fm]=2.47362  #projectileSpectatorNucleons=0  #targetSpectatorNucleons=12  #NNcollisions=2
	 Collision 203  projectile=D+  Ekin[MeV]=21683.5  direction=(0.174135,0.288806,0.941418)  material=G4_Ar
	 --> #secondaries=20  impactParameter[fm]=2.35285  #projectileSpectatorNucleons=-1  #targetSpectatorNucleons=39  #NNcollisions=1
	 Collision 204  projectile=pi+  Ekin[MeV]=7235.97  direction=(0.435369,0.166673,0.884688)  material=G4_Ar
	 --> #secondaries=5  impactParameter[fm]=4.81253  #projectileSpectatorNucleons=-1  #targetSpectatorNucleons=39  #NNcollisions=0
	 Collision 205  projectile=anti_lambda_c+  Ekin[MeV]=17784.9  direction=(0.387328,0.604234,0.696333)  material=G4_C
	 --> #secondaries=8  impactParameter[fm]=2.16379  #projectileSpectatorNucleons=0  #targetSpectatorNucleons=11  #NNcollisions=1
	 Collision 206  projectile=anti_sigma-  Ekin[MeV]=21825.1  direction=(0.130578,0.929529,0.344857)  material=G4_Fe
	 --> #secondaries=30  impactParameter[fm]=3.04224  #projectileSpectatorNucleons=0  #targetSpectatorNucleons=56  #NNcollisions=1
	 Collision 207  projectile=B-  Ekin[MeV]=23223  direction=(0.47792,0.127711,0.86907)  material=G4_Al
	 --> #secondaries=11  impactParameter[fm]=4.64322  #projectileSpectatorNucleons=-1  #targetSpectatorNucleons=26  #NNcollisions=1
	 Collision 208  projectile=hyperH4  Ekin[MeV]=11019.8  direction=(0.537656,0.111913,0.835704)  material=G4_He
	 --> #secondaries=9  impactParameter[fm]=2.88535  #projectileSpectatorNucleons=3  #targetSpectatorNucleons=1  #NNcollisions=1
	 Collision 209  projectile=hyperalpha  Ekin[MeV]=19643.8  direction=(0.829979,0.0495389,0.55559)  material=G4_W
	 --> #secondaries=41  impactParameter[fm]=6.85548  #projectileSpectatorNucleons=0  #targetSpectatorNucleons=181  #NNcollisions=4
	 Collision 210  projectile=B-  Ekin[MeV]=3970.97  direction=(0.692568,0.126045,0.710255)  material=G4_C
	 --> #secondaries=8  impactParameter[fm]=1.01905  #projectileSpectatorNucleons=-1  #targetSpectatorNucleons=10  #NNcollisions=2
	 Collision 211  projectile=anti_lambda_b  Ekin[MeV]=13664.3  direction=(0.524918,0.716262,0.459816)  material=G4_Si
	 --> #secondaries=11  impactParameter[fm]=5.55592  #projectileSpectatorNucleons=0  #targetSpectatorNucleons=27  #NNcollisions=1
	 Collision 212  projectile=anti_xi_c0  Ekin[MeV]=17578.1  direction=(0.246182,0.53195,0.8102)  material=G4_C
	 --> #secondaries=16  impactParameter[fm]=1.92815  #projectileSpectatorNucleons=0  #targetSpectatorNucleons=10  #NNcollisions=2
	 Collision 213  projectile=alpha  Ekin[MeV]=27779.4  direction=(0.555178,0.279603,0.783326)  material=G4_Ar
	 --> #secondaries=30  impactParameter[fm]=3.00068  #projectileSpectatorNucleons=2  #targetSpectatorNucleons=36  #NNcollisions=2
	 Collision 214  projectile=lambda  Ekin[MeV]=26907.1  direction=(0.975986,0.0420492,0.213738)  material=G4_Be
	 --> #secondaries=12  impactParameter[fm]=0.517854  #projectileSpectatorNucleons=0  #targetSpectatorNucleons=7  #NNcollisions=2
	 Collision 215  projectile=D+  Ekin[MeV]=7599.46  direction=(0.663607,0.385466,0.641125)  material=G4_He
	 --> #secondaries=5  impactParameter[fm]=0.441929  #projectileSpectatorNucleons=-1  #targetSpectatorNucleons=3  #NNcollisions=1
	 Collision 216  projectile=xi_c0  Ekin[MeV]=6794.28  direction=(0.483155,0.742847,0.4634)  material=G4_Fe
	 --> #secondaries=7  impactParameter[fm]=5.63585  #projectileSpectatorNucleons=0  #targetSpectatorNucleons=55  #NNcollisions=1
	 Collision 217  projectile=kaon0L  Ekin[MeV]=29731.5  direction=(0.942556,0.331511,0.0410851)  material=G4_Cu
	 --> #secondaries=33  impactParameter[fm]=1.87092  #projectileSpectatorNucleons=-1  #targetSpectatorNucleons=61  #NNcollisions=2
	 Collision 218  projectile=doublehyperdoubleneutron  Ekin[MeV]=27451.5  direction=(0.4604,0.569978,0.680556)  material=G4_Pb
	 --> #secondaries=155  impactParameter[fm]=3.62335  #projectileSpectatorNucleons=0  #targetSpectatorNucleons=192  #NNcollisions=11
	 Collision 219  projectile=hyperHe5  Ekin[MeV]=17661.5  direction=(0.915287,0.351969,0.195875)  material=G4_Fe
	 --> #secondaries=45  impactParameter[fm]=3.22196  #projectileSpectatorNucleons=0  #targetSpectatorNucleons=48  #NNcollisions=5
	 Collision 220  projectile=sigma-  Ekin[MeV]=12825  direction=(0.0709418,0.231817,0.970169)  material=G4_Fe
	 --> #secondaries=28  impactParameter[fm]=3.36141  #projectileSpectatorNucleons=0  #targetSpectatorNucleons=54  #NNcollisions=1
	 Collision 221  projectile=kaon0L  Ekin[MeV]=13304.9  direction=(0.277509,0.416217,0.865882)  material=G4_He
	 --> #secondaries=6  impactParameter[fm]=1.02001  #projectileSpectatorNucleons=-1  #targetSpectatorNucleons=3  #NNcollisions=1
	 Collision 222  projectile=anti_omega_b-  Ekin[MeV]=8223.85  direction=(0.681717,0.702766,0.203425)  material=G4_Si
	 --> #secondaries=9  impactParameter[fm]=3.53248  #projectileSpectatorNucleons=0  #targetSpectatorNucleons=27  #NNcollisions=0
	 Collision 223  projectile=anti_proton  Ekin[MeV]=13974.1  direction=(0.015839,0.998506,0.0523019)  material=G4_H
	 --> #secondaries=8  impactParameter[fm]=1.21624  #projectileSpectatorNucleons=0  #targetSpectatorNucleons=0  #NNcollisions=1
	 Collision 224  projectile=anti_neutron  Ekin[MeV]=23814  direction=(0.752907,0.628108,0.196496)  material=G4_W
	 --> #secondaries=27  impactParameter[fm]=6.74797  #projectileSpectatorNucleons=0  #targetSpectatorNucleons=181  #NNcollisions=1
	 Collision 225  projectile=kaon-  Ekin[MeV]=15143.9  direction=(0.210678,0.309368,0.927311)  material=G4_Pb
	 --> #secondaries=48  impactParameter[fm]=6.08408  #projectileSpectatorNucleons=-1  #targetSpectatorNucleons=203  #NNcollisions=3
	 Collision 226  projectile=doublehyperdoubleneutron  Ekin[MeV]=7887.43  direction=(0.575468,0.12971,0.807473)  material=G4_C
	 --> #secondaries=5  impactParameter[fm]=3.3472  #projectileSpectatorNucleons=3  #targetSpectatorNucleons=11  #NNcollisions=0
	 Collision 227  projectile=Ds-  Ekin[MeV]=9547.74  direction=(0.470745,0.43399,0.768148)  material=G4_Si
	 --> #secondaries=5  impactParameter[fm]=3.70584  #projectileSpectatorNucleons=-1  #targetSpectatorNucleons=27  #NNcollisions=1
	 Collision 228  projectile=sigma+  Ekin[MeV]=15564.3  direction=(0.847606,0.264187,0.460183)  material=G4_Cu
	 --> #secondaries=21  impactParameter[fm]=4.22875  #projectileSpectatorNucleons=0  #targetSpectatorNucleons=61  #NNcollisions=2
	 Collision 229  projectile=proton  Ekin[MeV]=27486.4  direction=(0.390925,0.700344,0.59724)  material=G4_Fe
	 --> #secondaries=30  impactParameter[fm]=4.14093  #projectileSpectatorNucleons=0  #targetSpectatorNucleons=54  #NNcollisions=2
	 Collision 230  projectile=anti_doublehyperdoubleneutron  Ekin[MeV]=15310.1  direction=(0.502302,0.331792,0.798503)  material=G4_W
	 --> #secondaries=75  impactParameter[fm]=6.3743  #projectileSpectatorNucleons=0  #targetSpectatorNucleons=179  #NNcollisions=2
	 Collision 231  projectile=anti_xi_c0  Ekin[MeV]=17406.5  direction=(0.36211,0.0197726,0.931926)  material=G4_H
	 --> #secondaries=5  impactParameter[fm]=0.487311  #projectileSpectatorNucleons=0  #targetSpectatorNucleons=0  #NNcollisions=1
	 Collision 232  projectile=lambda_c+  Ekin[MeV]=4708.35  direction=(0.84097,0.126011,0.526204)  material=G4_Pb
	 --> #secondaries=7  impactParameter[fm]=7.97525  #projectileSpectatorNucleons=0  #targetSpectatorNucleons=207  #NNcollisions=0
	 Collision 233  projectile=B-  Ekin[MeV]=6680.96  direction=(0.848658,0.164514,0.502708)  material=G4_Cu
	 --> #secondaries=8  impactParameter[fm]=4.41391  #projectileSpectatorNucleons=-1  #targetSpectatorNucleons=64  #NNcollisions=0
	 Collision 234  projectile=anti_xi_c0  Ekin[MeV]=3238.96  direction=(0.771576,0.147335,0.61884)  material=G4_C
	 --> #secondaries=6  impactParameter[fm]=0.923261  #projectileSpectatorNucleons=0  #targetSpectatorNucleons=11  #NNcollisions=0
	 Collision 235  projectile=proton  Ekin[MeV]=6306.33  direction=(0.104947,0.684101,0.721797)  material=G4_Be
	 --> #secondaries=9  impactParameter[fm]=1.65305  #projectileSpectatorNucleons=0  #targetSpectatorNucleons=6  #NNcollisions=1
	 Collision 236  projectile=xi-  Ekin[MeV]=15568  direction=(0.0659844,0.698634,0.71243)  material=G4_Be
	 --> #secondaries=13  impactParameter[fm]=0.828278  #projectileSpectatorNucleons=0  #targetSpectatorNucleons=5  #NNcollisions=4
	 Collision 237  projectile=xi_c+  Ekin[MeV]=17943.2  direction=(0.540649,0.259135,0.800343)  material=G4_Be
	 --> #secondaries=9  impactParameter[fm]=2.07873  #projectileSpectatorNucleons=0  #targetSpectatorNucleons=8  #NNcollisions=1
	 Collision 238  projectile=doublehyperdoubleneutron  Ekin[MeV]=16704.3  direction=(0.311422,0.373748,0.873687)  material=G4_Al
	 --> #secondaries=29  impactParameter[fm]=1.51595  #projectileSpectatorNucleons=0  #targetSpectatorNucleons=17  #NNcollisions=8
	 Collision 239  projectile=omega_b-  Ekin[MeV]=10704.9  direction=(0.0530662,0.928655,0.36713)  material=G4_Ar
	 --> #secondaries=7  impactParameter[fm]=1.94641  #projectileSpectatorNucleons=0  #targetSpectatorNucleons=39  #NNcollisions=1
	 Collision 240  projectile=lambda_b  Ekin[MeV]=26614.1  direction=(0.431876,0.683405,0.588592)  material=G4_Si
	 --> #secondaries=11  impactParameter[fm]=4.88009  #projectileSpectatorNucleons=0  #targetSpectatorNucleons=27  #NNcollisions=1
	 Collision 241  projectile=Bc+  Ekin[MeV]=24122.5  direction=(0.355181,0.853226,0.381906)  material=G4_He
	 --> #secondaries=4  impactParameter[fm]=1.49262  #projectileSpectatorNucleons=-1  #targetSpectatorNucleons=3  #NNcollisions=0
	 Collision 242  projectile=anti_xi0  Ekin[MeV]=23574  direction=(0.466142,0.56605,0.679926)  material=G4_H
	 --> #secondaries=4  impactParameter[fm]=2.46505  #projectileSpectatorNucleons=0  #targetSpectatorNucleons=0  #NNcollisions=1
	 Collision 243  projectile=proton  Ekin[MeV]=10144.5  direction=(0.888689,0.458315,0.0133663)  material=G4_He
	 --> #secondaries=5  impactParameter[fm]=1.91059  #projectileSpectatorNucleons=0  #targetSpectatorNucleons=3  #NNcollisions=1
	 Collision 244  projectile=anti_triton  Ekin[MeV]=18791.3  direction=(0.339046,0.940477,0.0234782)  material=G4_C
	 --> #secondaries=16  impactParameter[fm]=1.45823  #projectileSpectatorNucleons=1  #targetSpectatorNucleons=9  #NNcollisions=2
	 Collision 245  projectile=alpha  Ekin[MeV]=14532.1  direction=(0.852312,0.155768,0.499301)  material=G4_Pb
	 --> #secondaries=48  impactParameter[fm]=-999  #projectileSpectatorNucleons=-999  #targetSpectatorNucleons=-999  #NNcollisions=-999
	 Collision 246  projectile=D+  Ekin[MeV]=3481.62  direction=(0.837607,0.545823,0.0221671)  material=G4_Fe
	 --> #secondaries=9  impactParameter[fm]=4.12016  #projectileSpectatorNucleons=-1  #targetSpectatorNucleons=55  #NNcollisions=0
	 Collision 247  projectile=anti_D0  Ekin[MeV]=15508.4  direction=(0.736693,0.480564,0.475754)  material=G4_Cu
	 --> #secondaries=28  impactParameter[fm]=2.13014  #projectileSpectatorNucleons=-1  #targetSpectatorNucleons=62  #NNcollisions=3
	 Collision 248  projectile=pi-  Ekin[MeV]=15238.3  direction=(0.810608,0.155749,0.564497)  material=G4_Fe
	 --> #secondaries=18  impactParameter[fm]=2.07636  #projectileSpectatorNucleons=-1  #targetSpectatorNucleons=55  #NNcollisions=1
	 Collision 249  projectile=deuteron  Ekin[MeV]=8130.78  direction=(0.578965,0.222368,0.784444)  material=G4_H
	 --> #secondaries=4  impactParameter[fm]=1.80792  #projectileSpectatorNucleons=0  #targetSpectatorNucleons=0  #NNcollisions=1
	 Collision 250  projectile=kaon0L  Ekin[MeV]=17153.8  direction=(0.9372,0.0407014,0.346409)  material=G4_Ar
	 --> #secondaries=20  impactParameter[fm]=3.50221  #projectileSpectatorNucleons=-1  #targetSpectatorNucleons=38  #NNcollisions=2
	 Collision 251  projectile=anti_xi-  Ekin[MeV]=16862.6  direction=(0.370519,0.416308,0.830303)  material=G4_Cu
	 --> #secondaries=28  impactParameter[fm]=3.83593  #projectileSpectatorNucleons=0  #targetSpectatorNucleons=61  #NNcollisions=2
	 Collision 252  projectile=hypertriton  Ekin[MeV]=9785.15  direction=(0.235992,0.242597,0.940986)  material=G4_Fe
	 --> #secondaries=19  impactParameter[fm]=3.37979  #projectileSpectatorNucleons=1  #targetSpectatorNucleons=53  #NNcollisions=2
	 Collision 253  projectile=B+  Ekin[MeV]=4359.25  direction=(0.925051,0.0609698,0.374918)  material=G4_Be
	 --> #secondaries=4  impactParameter[fm]=2.39159  #projectileSpectatorNucleons=-1  #targetSpectatorNucleons=8  #NNcollisions=1
	 Collision 254  projectile=xi0  Ekin[MeV]=5586.77  direction=(0.451384,0.73994,0.49874)  material=G4_H
	 --> #secondaries=3  impactParameter[fm]=0.610484  #projectileSpectatorNucleons=0  #targetSpectatorNucleons=0  #NNcollisions=1
	 Collision 255  projectile=pi-  Ekin[MeV]=6927.33  direction=(0.624268,0.761657,0.173688)  material=G4_Al
	 --> #secondaries=17  impactParameter[fm]=1.19081  #projectileSpectatorNucleons=-1  #targetSpectatorNucleons=24  #NNcollisions=3
	 Collision 256  projectile=kaon0S  Ekin[MeV]=12800.5  direction=(0.332317,0.204612,0.920706)  material=G4_Be
	 --> #secondaries=9  impactParameter[fm]=0.484369  #projectileSpectatorNucleons=-1  #targetSpectatorNucleons=8  #NNcollisions=1
	 Collision 257  projectile=Bc+  Ekin[MeV]=16910.3  direction=(0.720742,0.689791,0.0686975)  material=G4_Be
	 --> #secondaries=5  impactParameter[fm]=1.33689  #projectileSpectatorNucleons=-1  #targetSpectatorNucleons=8  #NNcollisions=1
	 Collision 258  projectile=anti_xi_c+  Ekin[MeV]=14658.1  direction=(0.150028,0.50713,0.848711)  material=G4_Ar
	 --> #secondaries=34  impactParameter[fm]=2.01642  #projectileSpectatorNucleons=0  #targetSpectatorNucleons=37  #NNcollisions=2
	 Collision 259  projectile=anti_xi-  Ekin[MeV]=7863.65  direction=(0.378199,0.827333,0.415314)  material=G4_W
	 --> #secondaries=111  impactParameter[fm]=1.55263  #projectileSpectatorNucleons=0  #targetSpectatorNucleons=183  #NNcollisions=1
	 Collision 260  projectile=anti_sigma-  Ekin[MeV]=23159.6  direction=(0.170583,0.394023,0.903132)  material=G4_Al
	 --> #secondaries=25  impactParameter[fm]=2.40524  #projectileSpectatorNucleons=0  #targetSpectatorNucleons=24  #NNcollisions=3
	 Collision 261  projectile=B+  Ekin[MeV]=2239.71  direction=(0.269598,0.263061,0.926345)  material=G4_Ar
	 --> #secondaries=8  impactParameter[fm]=4.40676  #projectileSpectatorNucleons=-1  #targetSpectatorNucleons=39  #NNcollisions=1
	 Collision 262  projectile=anti_sigma-  Ekin[MeV]=28108.8  direction=(0.0570337,0.367519,0.928266)  material=G4_Ar
	 --> #secondaries=21  impactParameter[fm]=1.42533  #projectileSpectatorNucleons=0  #targetSpectatorNucleons=39  #NNcollisions=1
	 Collision 263  projectile=Ds+  Ekin[MeV]=21076.1  direction=(0.329152,0.694547,0.639737)  material=G4_Fe
	 --> #secondaries=15  impactParameter[fm]=2.47641  #projectileSpectatorNucleons=-1  #targetSpectatorNucleons=55  #NNcollisions=1
	 Collision 264  projectile=xi0  Ekin[MeV]=8432.07  direction=(0.84142,0.514905,0.163968)  material=G4_C
	 --> #secondaries=7  impactParameter[fm]=3.23673  #projectileSpectatorNucleons=0  #targetSpectatorNucleons=11  #NNcollisions=1
	 Collision 265  projectile=anti_doublehyperdoubleneutron  Ekin[MeV]=26543.6  direction=(0.638922,0.553128,0.534629)  material=G4_Ar
	 --> #secondaries=52  impactParameter[fm]=1.04852  #projectileSpectatorNucleons=0  #targetSpectatorNucleons=37  #NNcollisions=4
	 Collision 266  projectile=anti_sigma-  Ekin[MeV]=22582.9  direction=(0.843455,0.462019,0.274083)  material=G4_Ar
	 --> #secondaries=22  impactParameter[fm]=4.82154  #projectileSpectatorNucleons=0  #targetSpectatorNucleons=40  #NNcollisions=1
	 Collision 267  projectile=anti_hyperalpha  Ekin[MeV]=5790.38  direction=(0.219124,0.514939,0.828748)  material=G4_He
	 --> #secondaries=7  impactParameter[fm]=3.73138  #projectileSpectatorNucleons=3  #targetSpectatorNucleons=4  #NNcollisions=1
	 Collision 268  projectile=xi0  Ekin[MeV]=3689.76  direction=(0.581735,0.656716,0.479905)  material=G4_Be
	 --> #secondaries=8  impactParameter[fm]=-999  #projectileSpectatorNucleons=-999  #targetSpectatorNucleons=-999  #NNcollisions=-999
	 Collision 269  projectile=neutron  Ekin[MeV]=12185.7  direction=(0.443538,0.729212,0.52108)  material=G4_H
	 --> #secondaries=6  impactParameter[fm]=2.03138  #projectileSpectatorNucleons=0  #targetSpectatorNucleons=0  #NNcollisions=1
	 Collision 270  projectile=hyperH4  Ekin[MeV]=23382.6  direction=(0.641657,0.686919,0.341201)  material=G4_H
	 --> #secondaries=4  impactParameter[fm]=1.79567  #projectileSpectatorNucleons=3  #targetSpectatorNucleons=0  #NNcollisions=1
	 Collision 271  projectile=anti_lambda_c+  Ekin[MeV]=5541.86  direction=(0.281018,0.94413,0.172185)  material=G4_H
	 --> #secondaries=3  impactParameter[fm]=0.778228  #projectileSpectatorNucleons=0  #targetSpectatorNucleons=0  #NNcollisions=1
	 Collision 272  projectile=xi0  Ekin[MeV]=5277.68  direction=(0.351952,0.601977,0.716766)  material=G4_He
	 --> #secondaries=6  impactParameter[fm]=2.76349  #projectileSpectatorNucleons=0  #targetSpectatorNucleons=3  #NNcollisions=1
	 Collision 273  projectile=kaon-  Ekin[MeV]=29738  direction=(0.466804,0.0694411,0.88163)  material=G4_Si
	 --> #secondaries=12  impactParameter[fm]=3.12361  #projectileSpectatorNucleons=-1  #targetSpectatorNucleons=27  #NNcollisions=1
	 Collision 274  projectile=xi_c0  Ekin[MeV]=8183.44  direction=(0.247296,0.944524,0.216147)  material=G4_C
	 --> #secondaries=7  impactParameter[fm]=1.09596  #projectileSpectatorNucleons=0  #targetSpectatorNucleons=9  #NNcollisions=1
	 Collision 275  projectile=anti_xi_c0  Ekin[MeV]=14412.5  direction=(0.0922706,0.616032,0.782298)  material=G4_Cu
	 --> #secondaries=29  impactParameter[fm]=3.65449  #projectileSpectatorNucleons=0  #targetSpectatorNucleons=62  #NNcollisions=3
	 Collision 276  projectile=kaon0S  Ekin[MeV]=18771.4  direction=(0.593647,0.804141,0.0306641)  material=G4_H
	 --> #secondaries=5  impactParameter[fm]=0.246287  #projectileSpectatorNucleons=-1  #targetSpectatorNucleons=0  #NNcollisions=1
	 Collision 277  projectile=anti_lambda_c+  Ekin[MeV]=2295.15  direction=(0.079393,0.734168,0.67431)  material=G4_Pb
	 --> #secondaries=34  impactParameter[fm]=3.38078  #projectileSpectatorNucleons=0  #targetSpectatorNucleons=204  #NNcollisions=2
	 Collision 278  projectile=deuteron  Ekin[MeV]=11432.6  direction=(0.421118,0.33632,0.842347)  material=G4_Fe
	 --> #secondaries=31  impactParameter[fm]=3.17642  #projectileSpectatorNucleons=0  #targetSpectatorNucleons=54  #NNcollisions=2
	 Collision 279  projectile=proton  Ekin[MeV]=24221.7  direction=(0.606876,0.596245,0.52554)  material=G4_He
	 --> #secondaries=13  impactParameter[fm]=3.30333  #projectileSpectatorNucleons=0  #targetSpectatorNucleons=3  #NNcollisions=1
	 Collision 280  projectile=anti_hyperH4  Ekin[MeV]=12770.8  direction=(0.0225136,0.46388,0.885612)  material=G4_W
	 --> #secondaries=108  impactParameter[fm]=2.56897  #projectileSpectatorNucleons=0  #targetSpectatorNucleons=182  #NNcollisions=6
	 Collision 281  projectile=anti_lambda_b  Ekin[MeV]=4441.94  direction=(0.691946,0.710632,0.127325)  material=G4_W
	 --> #secondaries=29  impactParameter[fm]=4.17443  #projectileSpectatorNucleons=0  #targetSpectatorNucleons=182  #NNcollisions=0
	 Collision 282  projectile=xi_c0  Ekin[MeV]=9772.42  direction=(0.501841,0.822733,0.266958)  material=G4_C
	 --> #secondaries=13  impactParameter[fm]=2.09305  #projectileSpectatorNucleons=0  #targetSpectatorNucleons=9  #NNcollisions=2
	 Collision 283  projectile=alpha  Ekin[MeV]=19659  direction=(0.40751,0.833468,0.373184)  material=G4_Be
	 --> #secondaries=10  impactParameter[fm]=2.73638  #projectileSpectatorNucleons=3  #targetSpectatorNucleons=8  #NNcollisions=1
	 Collision 284  projectile=hypertriton  Ekin[MeV]=14167.5  direction=(0.754459,0.484259,0.44304)  material=G4_Fe
	 --> #secondaries=45  impactParameter[fm]=1.97836  #projectileSpectatorNucleons=0  #targetSpectatorNucleons=49  #NNcollisions=2
	 Collision 285  projectile=Bc+  Ekin[MeV]=26102.4  direction=(0.208911,0.954433,0.213103)  material=G4_Cu
	 --> #secondaries=18  impactParameter[fm]=2.11745  #projectileSpectatorNucleons=-1  #targetSpectatorNucleons=64  #NNcollisions=1
	 Collision 286  projectile=hypertriton  Ekin[MeV]=22552.1  direction=(0.31744,0.174486,0.932087)  material=G4_Fe
	 --> #secondaries=18  impactParameter[fm]=6.8216  #projectileSpectatorNucleons=2  #targetSpectatorNucleons=55  #NNcollisions=0
	 Collision 287  projectile=anti_triton  Ekin[MeV]=18240.1  direction=(0.757133,0.653227,0.00665258)  material=G4_He
	 --> #secondaries=9  impactParameter[fm]=3.28218  #projectileSpectatorNucleons=2  #targetSpectatorNucleons=4  #NNcollisions=1
	 Collision 288  projectile=hyperHe5  Ekin[MeV]=20644.6  direction=(0.43201,0.88411,0.178092)  material=G4_Ar
	 --> #secondaries=24  impactParameter[fm]=5.12323  #projectileSpectatorNucleons=1  #targetSpectatorNucleons=38  #NNcollisions=4
	 Collision 289  projectile=pi-  Ekin[MeV]=13472.7  direction=(0.331954,0.644791,0.688513)  material=G4_Be
	 --> #secondaries=7  impactParameter[fm]=1.51931  #projectileSpectatorNucleons=-1  #targetSpectatorNucleons=8  #NNcollisions=1
	 Collision 290  projectile=xi_b0  Ekin[MeV]=5299.4  direction=(0.100341,0.724828,0.681583)  material=G4_Cu
	 --> #secondaries=12  impactParameter[fm]=4.71517  #projectileSpectatorNucleons=0  #targetSpectatorNucleons=61  #NNcollisions=1
	 Collision 291  projectile=anti_triton  Ekin[MeV]=1392.15  direction=(0.80107,0.0593653,0.59562)  material=G4_H
	 --> #secondaries=8  impactParameter[fm]=2.2527  #projectileSpectatorNucleons=2  #targetSpectatorNucleons=0  #NNcollisions=1
	 Collision 292  projectile=B+  Ekin[MeV]=25629.6  direction=(0.542652,0.810329,0.221124)  material=G4_Pb
	 --> #secondaries=10  impactParameter[fm]=4.46905  #projectileSpectatorNucleons=-1  #targetSpectatorNucleons=206  #NNcollisions=1
	 Collision 293  projectile=anti_xi_b-  Ekin[MeV]=1814.83  direction=(0.40904,0.16584,0.89732)  material=G4_Be
	 --> #secondaries=4  impactParameter[fm]=1.19576  #projectileSpectatorNucleons=0  #targetSpectatorNucleons=7  #NNcollisions=0
	 Collision 294  projectile=anti_triton  Ekin[MeV]=19934.4  direction=(0.490078,0.870674,0.0418326)  material=G4_C
	 --> #secondaries=22  impactParameter[fm]=1.10906  #projectileSpectatorNucleons=1  #targetSpectatorNucleons=10  #NNcollisions=2
	 Collision 295  projectile=alpha  Ekin[MeV]=6034.19  direction=(0.420383,0.805601,0.417475)  material=G4_W
	 --> #secondaries=51  impactParameter[fm]=-999  #projectileSpectatorNucleons=-999  #targetSpectatorNucleons=-999  #NNcollisions=-999
	 Collision 296  projectile=anti_triton  Ekin[MeV]=20431.2  direction=(0.695033,0.393125,0.601981)  material=G4_Al
	 --> #secondaries=21  impactParameter[fm]=2.80741  #projectileSpectatorNucleons=1  #targetSpectatorNucleons=26  #NNcollisions=2
	 Collision 297  projectile=anti_B0  Ekin[MeV]=27264.1  direction=(0.854927,0.512203,0.0821476)  material=G4_W
	 --> #secondaries=54  impactParameter[fm]=0.591238  #projectileSpectatorNucleons=-1  #targetSpectatorNucleons=179  #NNcollisions=1
	 Collision 298  projectile=anti_doublehyperdoubleneutron  Ekin[MeV]=26447.1  direction=(0.340022,0.480762,0.808241)  material=G4_Al
	 --> #secondaries=37  impactParameter[fm]=0.737426  #projectileSpectatorNucleons=0  #targetSpectatorNucleons=24  #NNcollisions=4
	 Collision 299  projectile=anti_sigma+  Ekin[MeV]=2008.47  direction=(0.504592,0.779325,0.371536)  material=G4_H
	 --> #secondaries=4  impactParameter[fm]=1.09301  #projectileSpectatorNucleons=0  #targetSpectatorNucleons=1  #NNcollisions=1
	 Collision 300  projectile=Ds-  Ekin[MeV]=18166.2  direction=(0.74592,0.292204,0.598515)  material=G4_Be
	 --> #secondaries=4  impactParameter[fm]=2.35329  #projectileSpectatorNucleons=-1  #targetSpectatorNucleons=8  #NNcollisions=0
	 	 List of produced secondaries: 
	 	 	 j=0	Ds-	 p=(14882.6,6095.94,11561.219904.5) MeV
	 	 	 j=1	neutron	 p=(21.4769,-221.05,201.248986.209) MeV
	 	 	 j=2	alpha	 p=(697.774,-472.618,103.7793822.88) MeV
	 	 	 j=3	alpha	 p=(-655.126,452.93,126.8193813.63) MeV
	 Collision 301  projectile=anti_alpha  Ekin[MeV]=13424.9  direction=(0.526294,0.0624291,0.848008)  material=G4_Cu
	 --> #secondaries=17  impactParameter[fm]=8.52415  #projectileSpectatorNucleons=3  #targetSpectatorNucleons=62  #NNcollisions=1
	 Collision 302  projectile=anti_xi_b0  Ekin[MeV]=14890.7  direction=(0.0570705,0.354245,0.93341)  material=G4_Be
	 --> #secondaries=8  impactParameter[fm]=2.6708  #projectileSpectatorNucleons=0  #targetSpectatorNucleons=7  #NNcollisions=2
	 Collision 303  projectile=anti_neutron  Ekin[MeV]=11676.8  direction=(0.640985,0.459451,0.614852)  material=G4_Al
	 --> #secondaries=10  impactParameter[fm]=5.35323  #projectileSpectatorNucleons=0  #targetSpectatorNucleons=26  #NNcollisions=1
	 Collision 304  projectile=B0  Ekin[MeV]=22987.4  direction=(0.258664,0.76538,0.58931)  material=G4_Si
	 --> #secondaries=8  impactParameter[fm]=2.28968  #projectileSpectatorNucleons=-1  #targetSpectatorNucleons=27  #NNcollisions=1
	 Collision 305  projectile=proton  Ekin[MeV]=10963.1  direction=(0.733341,0.120649,0.66907)  material=G4_C
	 --> #secondaries=18  impactParameter[fm]=1.08229  #projectileSpectatorNucleons=0  #targetSpectatorNucleons=8  #NNcollisions=3
	 Collision 306  projectile=anti_xi_b0  Ekin[MeV]=1949.22  direction=(0.708554,0.0900547,0.699886)  material=G4_Ar
	 --> #secondaries=7  impactParameter[fm]=4.27733  #projectileSpectatorNucleons=0  #targetSpectatorNucleons=39  #NNcollisions=0
	 Collision 307  projectile=hyperalpha  Ekin[MeV]=4251.77  direction=(0.592291,0.51145,0.622583)  material=G4_Si
	 --> #secondaries=26  impactParameter[fm]=3.2708  #projectileSpectatorNucleons=3  #targetSpectatorNucleons=27  #NNcollisions=1
	 Collision 308  projectile=deuteron  Ekin[MeV]=29283.9  direction=(0.199903,0.726687,0.65724)  material=G4_Fe
	 --> #secondaries=44  impactParameter[fm]=1.11063  #projectileSpectatorNucleons=0  #targetSpectatorNucleons=50  #NNcollisions=5
	 Collision 309  projectile=xi_b-  Ekin[MeV]=3993.57  direction=(0.411551,0.763526,0.497649)  material=G4_Cu
	 --> #secondaries=17  impactParameter[fm]=2.72884  #projectileSpectatorNucleons=0  #targetSpectatorNucleons=59  #NNcollisions=1
	 Collision 310  projectile=anti_triton  Ekin[MeV]=4361.97  direction=(0.537756,0.622662,0.568427)  material=G4_Cu
	 --> #secondaries=17  impactParameter[fm]=4.98338  #projectileSpectatorNucleons=1  #targetSpectatorNucleons=61  #NNcollisions=1
	 Collision 311  projectile=Ds+  Ekin[MeV]=22627  direction=(0.0975539,0.993371,0.0608037)  material=G4_C
	 --> #secondaries=6  impactParameter[fm]=0.772784  #projectileSpectatorNucleons=-1  #targetSpectatorNucleons=11  #NNcollisions=1
	 Collision 312  projectile=anti_xi_c0  Ekin[MeV]=25079.7  direction=(0.573136,0.550033,0.607436)  material=G4_Fe
	 --> #secondaries=32  impactParameter[fm]=3.73154  #projectileSpectatorNucleons=0  #targetSpectatorNucleons=53  #NNcollisions=2
	 Collision 313  projectile=anti_lambda_b  Ekin[MeV]=28770  direction=(0.755649,0.268234,0.597532)  material=G4_Ar
	 --> #secondaries=16  impactParameter[fm]=2.61703  #projectileSpectatorNucleons=0  #targetSpectatorNucleons=39  #NNcollisions=0
	 Collision 314  projectile=anti_hyperHe5  Ekin[MeV]=11525.4  direction=(0.120834,0.260259,0.957948)  material=G4_H
	 --> #secondaries=8  impactParameter[fm]=2.28847  #projectileSpectatorNucleons=4  #targetSpectatorNucleons=0  #NNcollisions=1
	 Collision 315  projectile=lambda_c+  Ekin[MeV]=15521.1  direction=(0.620474,0.58683,0.520233)  material=G4_H
	 --> #secondaries=5  impactParameter[fm]=1.23789  #projectileSpectatorNucleons=0  #targetSpectatorNucleons=0  #NNcollisions=1
	 Collision 316  projectile=anti_xi_c0  Ekin[MeV]=18383.7  direction=(0.719913,0.633823,0.28283)  material=G4_Be
	 --> #secondaries=8  impactParameter[fm]=0.465966  #projectileSpectatorNucleons=0  #targetSpectatorNucleons=7  #NNcollisions=1
	 Collision 317  projectile=He3  Ekin[MeV]=2143.08  direction=(0.615653,0.78468,0.0724405)  material=G4_Ar
	 --> #secondaries=8  impactParameter[fm]=-999  #projectileSpectatorNucleons=-999  #targetSpectatorNucleons=-999  #NNcollisions=-999
	 Collision 318  projectile=anti_xi-  Ekin[MeV]=5579.38  direction=(0.680516,0.704653,0.200903)  material=G4_Cu
	 --> #secondaries=40  impactParameter[fm]=2.72069  #projectileSpectatorNucleons=0  #targetSpectatorNucleons=62  #NNcollisions=1
	 Collision 319  projectile=omega_c0  Ekin[MeV]=16385.5  direction=(0.723365,0.559903,0.404045)  material=G4_Fe
	 --> #secondaries=13  impactParameter[fm]=3.87827  #projectileSpectatorNucleons=0  #targetSpectatorNucleons=54  #NNcollisions=1
	 Collision 320  projectile=omega-  Ekin[MeV]=11172.6  direction=(0.591276,0.533954,0.604389)  material=G4_H
	 --> #secondaries=7  impactParameter[fm]=0.106736  #projectileSpectatorNucleons=0  #targetSpectatorNucleons=0  #NNcollisions=1
	 Collision 321  projectile=anti_Bs0  Ekin[MeV]=12569.8  direction=(0.656426,0.607032,0.447902)  material=G4_He
	 --> #secondaries=7  impactParameter[fm]=2.25237  #projectileSpectatorNucleons=-1  #targetSpectatorNucleons=2  #NNcollisions=2
	 Collision 322  projectile=anti_neutron  Ekin[MeV]=24682.6  direction=(0.020147,0.987327,0.157415)  material=G4_Cu
	 --> #secondaries=22  impactParameter[fm]=3.86266  #projectileSpectatorNucleons=0  #targetSpectatorNucleons=60  #NNcollisions=3
	 Collision 323  projectile=B+  Ekin[MeV]=10794.6  direction=(0.796044,0.459486,0.393938)  material=G4_C
	 --> #secondaries=5  impactParameter[fm]=2.01473  #projectileSpectatorNucleons=-1  #targetSpectatorNucleons=12  #NNcollisions=1
	 Collision 324  projectile=Bc+  Ekin[MeV]=22199.8  direction=(0.621687,0.218699,0.752115)  material=G4_Be
	 --> #secondaries=6  impactParameter[fm]=1.96748  #projectileSpectatorNucleons=-1  #targetSpectatorNucleons=8  #NNcollisions=1
	 Collision 325  projectile=kaon0S  Ekin[MeV]=4710.19  direction=(0.558657,0.358407,0.747961)  material=G4_Cu
	 --> #secondaries=21  impactParameter[fm]=1.84868  #projectileSpectatorNucleons=-1  #targetSpectatorNucleons=62  #NNcollisions=1
	 Collision 326  projectile=kaon0S  Ekin[MeV]=7812.61  direction=(0.913832,0.245776,0.323271)  material=G4_Pb
	 --> #secondaries=61  impactParameter[fm]=3.4832  #projectileSpectatorNucleons=-1  #targetSpectatorNucleons=205  #NNcollisions=3
	 Collision 327  projectile=anti_sigma-  Ekin[MeV]=29257.7  direction=(0.539446,0.800506,0.261129)  material=G4_Be
	 --> #secondaries=10  impactParameter[fm]=2.2556  #projectileSpectatorNucleons=0  #targetSpectatorNucleons=8  #NNcollisions=1
	 Collision 328  projectile=anti_xi_b0  Ekin[MeV]=20981.6  direction=(0.40979,0.0842327,0.908282)  material=G4_H
	 --> #secondaries=7  impactParameter[fm]=1.89682  #projectileSpectatorNucleons=0  #targetSpectatorNucleons=0  #NNcollisions=1
	 Collision 329  projectile=proton  Ekin[MeV]=9012.23  direction=(0.399683,0.197596,0.895103)  material=G4_Al
	 --> #secondaries=19  impactParameter[fm]=0.680786  #projectileSpectatorNucleons=0  #targetSpectatorNucleons=23  #NNcollisions=1
	 Collision 330  projectile=anti_B0  Ekin[MeV]=10426.8  direction=(0.465724,0.725168,0.507181)  material=G4_Pb
	 --> #secondaries=32  impactParameter[fm]=5.51394  #projectileSpectatorNucleons=-1  #targetSpectatorNucleons=205  #NNcollisions=1
	 Collision 331  projectile=anti_doublehyperH4  Ekin[MeV]=25583.7  direction=(0.109159,0.359558,0.926716)  material=G4_Ar
	 --> #secondaries=35  impactParameter[fm]=4.51413  #projectileSpectatorNucleons=1  #targetSpectatorNucleons=36  #NNcollisions=4
	 Collision 332  projectile=neutron  Ekin[MeV]=9202.09  direction=(0.586349,0.341716,0.734456)  material=G4_Pb
	 --> #secondaries=126  impactParameter[fm]=2.17992  #projectileSpectatorNucleons=0  #targetSpectatorNucleons=201  #NNcollisions=5
	 Collision 333  projectile=omega_b-  Ekin[MeV]=15935.5  direction=(0.178414,0.327208,0.927957)  material=G4_Al
	 --> #secondaries=12  impactParameter[fm]=3.31835  #projectileSpectatorNucleons=0  #targetSpectatorNucleons=25  #NNcollisions=1
	 Collision 334  projectile=kaon0L  Ekin[MeV]=16357.6  direction=(0.175858,0.284102,0.942529)  material=G4_He
	 --> #secondaries=12  impactParameter[fm]=0.35832  #projectileSpectatorNucleons=-1  #targetSpectatorNucleons=2  #NNcollisions=1
	 Collision 335  projectile=anti_lambda_c+  Ekin[MeV]=17690.8  direction=(0.975847,0.218232,0.00984048)  material=G4_Pb
	 --> #secondaries=92  impactParameter[fm]=2.61124  #projectileSpectatorNucleons=0  #targetSpectatorNucleons=203  #NNcollisions=4
	 Collision 336  projectile=Ds+  Ekin[MeV]=23509.3  direction=(0.509337,0.698316,0.502922)  material=G4_C
	 --> #secondaries=13  impactParameter[fm]=3.17377  #projectileSpectatorNucleons=-1  #targetSpectatorNucleons=11  #NNcollisions=1
	 Collision 337  projectile=neutron  Ekin[MeV]=14523  direction=(0.378686,0.00290933,0.925521)  material=G4_Ar
	 --> #secondaries=16  impactParameter[fm]=3.3125  #projectileSpectatorNucleons=0  #targetSpectatorNucleons=39  #NNcollisions=0
	 Collision 338  projectile=anti_hypertriton  Ekin[MeV]=19794.9  direction=(0.128011,0.530228,0.838135)  material=G4_H
	 --> #secondaries=11  impactParameter[fm]=1.49936  #projectileSpectatorNucleons=2  #targetSpectatorNucleons=0  #NNcollisions=1
	 Collision 339  projectile=D0  Ekin[MeV]=17670.7  direction=(0.502697,0.167973,0.847986)  material=G4_Fe
	 --> #secondaries=24  impactParameter[fm]=2.77527  #projectileSpectatorNucleons=-1  #targetSpectatorNucleons=54  #NNcollisions=2
	 Collision 340  projectile=kaon-  Ekin[MeV]=28813.8  direction=(0.696777,0.472852,0.539363)  material=G4_He
	 --> #secondaries=16  impactParameter[fm]=1.07102  #projectileSpectatorNucleons=-1  #targetSpectatorNucleons=3  #NNcollisions=1
	 Collision 341  projectile=anti_D0  Ekin[MeV]=4445.78  direction=(0.58286,0.35999,0.728479)  material=G4_W
	 --> #secondaries=46  impactParameter[fm]=2.67345  #projectileSpectatorNucleons=-1  #targetSpectatorNucleons=179  #NNcollisions=2
	 Collision 342  projectile=alpha  Ekin[MeV]=10264.5  direction=(0.733359,0.0506885,0.677949)  material=G4_Fe
	 --> #secondaries=50  impactParameter[fm]=-999  #projectileSpectatorNucleons=-999  #targetSpectatorNucleons=-999  #NNcollisions=-999
	 Collision 343  projectile=xi_c0  Ekin[MeV]=23950.6  direction=(0.559682,0.608296,0.56279)  material=G4_He
	 --> #secondaries=9  impactParameter[fm]=1.59599  #projectileSpectatorNucleons=0  #targetSpectatorNucleons=3  #NNcollisions=1
	 Collision 344  projectile=anti_alpha  Ekin[MeV]=20130.2  direction=(0.461191,0.769563,0.441674)  material=G4_Al
	 --> #secondaries=12  impactParameter[fm]=5.56192  #projectileSpectatorNucleons=2  #targetSpectatorNucleons=27  #NNcollisions=1
	 Collision 345  projectile=D+  Ekin[MeV]=20350.1  direction=(0.579423,0.756898,0.302282)  material=G4_Be
	 --> #secondaries=8  impactParameter[fm]=2.06365  #projectileSpectatorNucleons=-1  #targetSpectatorNucleons=8  #NNcollisions=1
	 Collision 346  projectile=anti_deuteron  Ekin[MeV]=19458.4  direction=(0.156987,0.944314,0.28918)  material=G4_Pb
	 --> #secondaries=46  impactParameter[fm]=7.85126  #projectileSpectatorNucleons=0  #targetSpectatorNucleons=206  #NNcollisions=2
	 Collision 347  projectile=kaon0S  Ekin[MeV]=6837.2  direction=(0.611474,0.294552,0.734396)  material=G4_C
	 --> #secondaries=9  impactParameter[fm]=1.15099  #projectileSpectatorNucleons=-1  #targetSpectatorNucleons=11  #NNcollisions=1
	 Collision 348  projectile=xi-  Ekin[MeV]=15118.4  direction=(0.662705,0.604616,0.441884)  material=G4_He
	 --> #secondaries=4  impactParameter[fm]=0.525372  #projectileSpectatorNucleons=0  #targetSpectatorNucleons=3  #NNcollisions=0
	 Collision 349  projectile=doublehyperH4  Ekin[MeV]=3664.3  direction=(0.0582786,0.406038,0.911996)  material=G4_H
	 --> #secondaries=3  impactParameter[fm]=2.15747  #projectileSpectatorNucleons=3  #targetSpectatorNucleons=0  #NNcollisions=1
	 Collision 350  projectile=hyperalpha  Ekin[MeV]=26937.1  direction=(0.177098,0.485798,0.855942)  material=G4_Al
	 --> #secondaries=7  impactParameter[fm]=5.79931  #projectileSpectatorNucleons=3  #targetSpectatorNucleons=26  #NNcollisions=0
	 Collision 351  projectile=anti_lambda_c+  Ekin[MeV]=11947.9  direction=(0.533307,0.53276,0.657077)  material=G4_H
	 --> #secondaries=5  impactParameter[fm]=2.29905  #projectileSpectatorNucleons=0  #targetSpectatorNucleons=0  #NNcollisions=1
	 Collision 352  projectile=Ds+  Ekin[MeV]=26524  direction=(0.944995,0.270449,0.183962)  material=G4_Al
	 --> #secondaries=15  impactParameter[fm]=2.48312  #projectileSpectatorNucleons=-1  #targetSpectatorNucleons=26  #NNcollisions=1
	 Collision 353  projectile=Bc+  Ekin[MeV]=15725.9  direction=(0.652747,0.734284,0.186409)  material=G4_Cu
	 --> #secondaries=15  impactParameter[fm]=2.04732  #projectileSpectatorNucleons=-1  #targetSpectatorNucleons=64  #NNcollisions=1
	 Collision 354  projectile=anti_xi0  Ekin[MeV]=4881.07  direction=(0.853018,0.31656,0.414909)  material=G4_W
	 --> #secondaries=80  impactParameter[fm]=2.1353  #projectileSpectatorNucleons=0  #targetSpectatorNucleons=180  #NNcollisions=2
	 Collision 355  projectile=omega-  Ekin[MeV]=21820.3  direction=(0.780374,0.623032,0.0533587)  material=G4_H
	 --> #secondaries=9  impactParameter[fm]=1.09759  #projectileSpectatorNucleons=0  #targetSpectatorNucleons=0  #NNcollisions=1
	 Collision 356  projectile=hyperalpha  Ekin[MeV]=25310.3  direction=(0.355326,0.898938,0.256229)  material=G4_Fe
	 --> #secondaries=60  impactParameter[fm]=2.82722  #projectileSpectatorNucleons=0  #targetSpectatorNucleons=45  #NNcollisions=8
	 Collision 357  projectile=xi_c0  Ekin[MeV]=16298.1  direction=(0.386254,0.561603,0.731717)  material=G4_Fe
	 --> #secondaries=11  impactParameter[fm]=5.49458  #projectileSpectatorNucleons=0  #targetSpectatorNucleons=55  #NNcollisions=1
	 Collision 358  projectile=lambda_c+  Ekin[MeV]=11722.8  direction=(0.771271,0.190314,0.607389)  material=G4_Be
	 --> #secondaries=11  impactParameter[fm]=2.92374  #projectileSpectatorNucleons=0  #targetSpectatorNucleons=7  #NNcollisions=1
	 Collision 359  projectile=anti_D0  Ekin[MeV]=11933.3  direction=(0.184262,0.903412,0.387161)  material=G4_Cu
	 --> #secondaries=12  impactParameter[fm]=4.42893  #projectileSpectatorNucleons=-1  #targetSpectatorNucleons=62  #NNcollisions=1
	 Collision 360  projectile=doublehyperdoubleneutron  Ekin[MeV]=24009.5  direction=(0.468715,0.811186,0.34969)  material=G4_Al
	 --> #secondaries=18  impactParameter[fm]=4.48322  #projectileSpectatorNucleons=3  #targetSpectatorNucleons=24  #NNcollisions=1
	 Collision 361  projectile=B-  Ekin[MeV]=13072.7  direction=(0.512391,0.512885,0.68877)  material=G4_Be
	 --> #secondaries=5  impactParameter[fm]=2.6858  #projectileSpectatorNucleons=-1  #targetSpectatorNucleons=8  #NNcollisions=1
	 Collision 362  projectile=anti_hyperHe5  Ekin[MeV]=27541.9  direction=(0.85666,0.300319,0.419454)  material=G4_Si
	 --> #secondaries=13  impactParameter[fm]=4.90673  #projectileSpectatorNucleons=4  #targetSpectatorNucleons=26  #NNcollisions=1
	 Collision 363  projectile=omega_b-  Ekin[MeV]=28374.3  direction=(0.778877,0.283904,0.55924)  material=G4_Cu
	 --> #secondaries=27  impactParameter[fm]=4.64963  #projectileSpectatorNucleons=0  #targetSpectatorNucleons=63  #NNcollisions=2
	 Collision 364  projectile=anti_D0  Ekin[MeV]=6984.55  direction=(0.398301,0.580427,0.710254)  material=G4_Al
	 --> #secondaries=10  impactParameter[fm]=1.82993  #projectileSpectatorNucleons=-1  #targetSpectatorNucleons=25  #NNcollisions=0
	 Collision 365  projectile=alpha  Ekin[MeV]=7584.85  direction=(0.605118,0.381221,0.69893)  material=G4_W
	 --> #secondaries=48  impactParameter[fm]=-999  #projectileSpectatorNucleons=-999  #targetSpectatorNucleons=-999  #NNcollisions=-999
	 Collision 366  projectile=B0  Ekin[MeV]=24446.6  direction=(0.552612,0.738156,0.386969)  material=G4_H
	 --> #secondaries=2  impactParameter[fm]=2.35789  #projectileSpectatorNucleons=-1  #targetSpectatorNucleons=0  #NNcollisions=1
	 Collision 367  projectile=anti_proton  Ekin[MeV]=16737.9  direction=(0.322935,0.377986,0.867663)  material=G4_Pb
	 --> #secondaries=11  impactParameter[fm]=8.20909  #projectileSpectatorNucleons=0  #targetSpectatorNucleons=207  #NNcollisions=1
	 Collision 368  projectile=anti_lambda_b  Ekin[MeV]=2270.76  direction=(0.185606,0.725116,0.663142)  material=G4_He
	 --> #secondaries=4  impactParameter[fm]=1.14222  #projectileSpectatorNucleons=0  #targetSpectatorNucleons=2  #NNcollisions=0
	 Collision 369  projectile=D-  Ekin[MeV]=17636.3  direction=(0.568073,0.765935,0.301059)  material=G4_H
	 --> #secondaries=4  impactParameter[fm]=1.53705  #projectileSpectatorNucleons=-1  #targetSpectatorNucleons=0  #NNcollisions=1
	 Collision 370  projectile=anti_hyperalpha  Ekin[MeV]=1592.19  direction=(0.462974,0.392363,0.7948)  material=G4_W
	 --> #secondaries=15  impactParameter[fm]=7.12399  #projectileSpectatorNucleons=3  #targetSpectatorNucleons=184  #NNcollisions=1
	 Collision 371  projectile=omega_c0  Ekin[MeV]=19426.5  direction=(0.979542,0.195452,0.0479159)  material=G4_C
	 --> #secondaries=10  impactParameter[fm]=1.53103  #projectileSpectatorNucleons=0  #targetSpectatorNucleons=10  #NNcollisions=2
	 Collision 372  projectile=anti_omega_b-  Ekin[MeV]=29611.3  direction=(0.199112,0.906243,0.372933)  material=G4_Ar
	 --> #secondaries=24  impactParameter[fm]=1.44429  #projectileSpectatorNucleons=0  #targetSpectatorNucleons=37  #NNcollisions=2
	 Collision 373  projectile=hyperalpha  Ekin[MeV]=7850.87  direction=(0.321827,0.378153,0.868002)  material=G4_Be
	 --> #secondaries=7  impactParameter[fm]=3.26689  #projectileSpectatorNucleons=3  #targetSpectatorNucleons=8  #NNcollisions=1
	 Collision 374  projectile=kaon-  Ekin[MeV]=26492.1  direction=(0.662936,0.0146575,0.748533)  material=G4_Al
	 --> #secondaries=18  impactParameter[fm]=3.42585  #projectileSpectatorNucleons=-1  #targetSpectatorNucleons=26  #NNcollisions=1
	 Collision 375  projectile=D+  Ekin[MeV]=29595.3  direction=(0.307111,0.922229,0.234897)  material=G4_Fe
	 --> #secondaries=19  impactParameter[fm]=2.68649  #projectileSpectatorNucleons=-1  #targetSpectatorNucleons=55  #NNcollisions=1
	 Collision 376  projectile=pi+  Ekin[MeV]=6533.51  direction=(0.995569,0.0845684,0.0411107)  material=G4_Be
	 --> #secondaries=12  impactParameter[fm]=1.7118  #projectileSpectatorNucleons=-1  #targetSpectatorNucleons=7  #NNcollisions=2
	 Collision 377  projectile=anti_hypertriton  Ekin[MeV]=9416.94  direction=(0.39245,0.712611,0.581522)  material=G4_H
	 --> #secondaries=8  impactParameter[fm]=0.874678  #projectileSpectatorNucleons=2  #targetSpectatorNucleons=1  #NNcollisions=1
	 Collision 378  projectile=anti_sigma+  Ekin[MeV]=19573.1  direction=(0.282441,0.363374,0.887799)  material=G4_Al
	 --> #secondaries=13  impactParameter[fm]=2.81781  #projectileSpectatorNucleons=0  #targetSpectatorNucleons=25  #NNcollisions=0
	 Collision 379  projectile=lambda_b  Ekin[MeV]=5844.6  direction=(0.739536,0.382682,0.553752)  material=G4_W
	 --> #secondaries=24  impactParameter[fm]=5.52691  #projectileSpectatorNucleons=0  #targetSpectatorNucleons=182  #NNcollisions=2
	 Collision 380  projectile=anti_hyperHe5  Ekin[MeV]=28177.2  direction=(0.414162,0.379303,0.827405)  material=G4_W
	 --> #secondaries=35  impactParameter[fm]=9.05959  #projectileSpectatorNucleons=4  #targetSpectatorNucleons=182  #NNcollisions=1
	 Collision 381  projectile=anti_doublehyperdoubleneutron  Ekin[MeV]=21356.4  direction=(0.363677,0.927864,0.0825076)  material=G4_Fe
	 --> #secondaries=69  impactParameter[fm]=2.15592  #projectileSpectatorNucleons=0  #targetSpectatorNucleons=53  #NNcollisions=7
	 Collision 382  projectile=anti_omega_b-  Ekin[MeV]=5309.51  direction=(0.0960096,0.905316,0.413744)  material=G4_Ar
	 --> #secondaries=9  impactParameter[fm]=3.31062  #projectileSpectatorNucleons=0  #targetSpectatorNucleons=39  #NNcollisions=0
	 Collision 383  projectile=omega_b-  Ekin[MeV]=27526.4  direction=(0.416765,0.367488,0.83142)  material=G4_Si
	 --> #secondaries=13  impactParameter[fm]=1.76666  #projectileSpectatorNucleons=0  #targetSpectatorNucleons=25  #NNcollisions=1
	 Collision 384  projectile=He3  Ekin[MeV]=17768.2  direction=(0.800292,0.59779,0.0466905)  material=G4_Pb
	 --> #secondaries=64  impactParameter[fm]=-999  #projectileSpectatorNucleons=-999  #targetSpectatorNucleons=-999  #NNcollisions=-999
	 Collision 385  projectile=anti_sigma-  Ekin[MeV]=25297.9  direction=(0.567345,0.766962,0.299815)  material=G4_Be
	 --> #secondaries=9  impactParameter[fm]=1.95672  #projectileSpectatorNucleons=0  #targetSpectatorNucleons=9  #NNcollisions=1
	 Collision 386  projectile=xi_b-  Ekin[MeV]=11484.6  direction=(0.506899,0.11719,0.854002)  material=G4_Fe
	 --> #secondaries=14  impactParameter[fm]=3.21432  #projectileSpectatorNucleons=0  #targetSpectatorNucleons=54  #NNcollisions=0
	 Collision 387  projectile=anti_xi_c+  Ekin[MeV]=3869.32  direction=(0.899694,0.435963,0.0220669)  material=G4_Si
	 --> #secondaries=15  impactParameter[fm]=2.62734  #projectileSpectatorNucleons=0  #targetSpectatorNucleons=26  #NNcollisions=1
	 Collision 388  projectile=sigma+  Ekin[MeV]=11953.1  direction=(0.608834,0.49825,0.617306)  material=G4_Be
	 --> #secondaries=4  impactParameter[fm]=2.3469  #projectileSpectatorNucleons=0  #targetSpectatorNucleons=8  #NNcollisions=0
	 Collision 389  projectile=xi_c0  Ekin[MeV]=22690  direction=(0.446716,0.781409,0.435711)  material=G4_Fe
	 --> #secondaries=42  impactParameter[fm]=1.99144  #projectileSpectatorNucleons=0  #targetSpectatorNucleons=51  #NNcollisions=3
	 Collision 390  projectile=kaon0S  Ekin[MeV]=18298.6  direction=(0.585145,0.331406,0.740119)  material=G4_He
	 --> #secondaries=13  impactParameter[fm]=0.547901  #projectileSpectatorNucleons=-1  #targetSpectatorNucleons=3  #NNcollisions=1
	 Collision 391  projectile=pi-  Ekin[MeV]=17097.3  direction=(0.452497,0.334175,0.826785)  material=G4_C
	 --> #secondaries=10  impactParameter[fm]=1.28948  #projectileSpectatorNucleons=-1  #targetSpectatorNucleons=11  #NNcollisions=1
	 Collision 392  projectile=anti_xi_c0  Ekin[MeV]=16751.5  direction=(0.143612,0.870736,0.470313)  material=G4_He
	 --> #secondaries=9  impactParameter[fm]=0.477651  #projectileSpectatorNucleons=0  #targetSpectatorNucleons=3  #NNcollisions=1
	 Collision 393  projectile=anti_alpha  Ekin[MeV]=9076.5  direction=(0.158018,0.959741,0.232221)  material=G4_H
	 --> #secondaries=8  impactParameter[fm]=2.48246  #projectileSpectatorNucleons=3  #targetSpectatorNucleons=0  #NNcollisions=1
	 Collision 394  projectile=anti_omega_c0  Ekin[MeV]=14738.1  direction=(0.876671,0.359701,0.319472)  material=G4_Cu
	 --> #secondaries=32  impactParameter[fm]=2.05602  #projectileSpectatorNucleons=0  #targetSpectatorNucleons=61  #NNcollisions=2
	 Collision 395  projectile=anti_xi_c+  Ekin[MeV]=18553.4  direction=(0.135669,0.605176,0.784446)  material=G4_Pb
	 --> #secondaries=44  impactParameter[fm]=5.40036  #projectileSpectatorNucleons=0  #targetSpectatorNucleons=205  #NNcollisions=2
	 Collision 396  projectile=xi_b-  Ekin[MeV]=19209.8  direction=(0.827793,0.218982,0.516533)  material=G4_Cu
	 --> #secondaries=44  impactParameter[fm]=1.22569  #projectileSpectatorNucleons=0  #targetSpectatorNucleons=60  #NNcollisions=2
	 Collision 397  projectile=anti_deuteron  Ekin[MeV]=21314.2  direction=(0.711392,0.093929,0.69649)  material=G4_He
	 --> #secondaries=13  impactParameter[fm]=1.71955  #projectileSpectatorNucleons=0  #targetSpectatorNucleons=2  #NNcollisions=3
	 Collision 398  projectile=omega-  Ekin[MeV]=9860.06  direction=(0.376518,0.62659,0.682363)  material=G4_W
	 --> #secondaries=32  impactParameter[fm]=5.89142  #projectileSpectatorNucleons=0  #targetSpectatorNucleons=181  #NNcollisions=2
	 Collision 399  projectile=anti_neutron  Ekin[MeV]=15390.1  direction=(0.676253,0.668093,0.310376)  material=G4_Si
	 --> #secondaries=23  impactParameter[fm]=2.13741  #projectileSpectatorNucleons=0  #targetSpectatorNucleons=25  #NNcollisions=2
	 Collision 400  projectile=doublehyperH4  Ekin[MeV]=10497.5  direction=(0.735041,0.236517,0.635432)  material=G4_Be
	 --> #secondaries=9  impactParameter[fm]=2.40355  #projectileSpectatorNucleons=3  #targetSpectatorNucleons=5  #NNcollisions=1
	 	 List of produced secondaries: 
	 	 	 j=0	neutron	 p=(2188.57,544.837,2555.953535.86) MeV
	 	 	 j=1	neutron	 p=(-186.032,137.518,562.9921119.49) MeV
	 	 	 j=2	sigma+	 p=(521.099,-15.314,-73.87681300.71) MeV
	 	 	 j=3	proton	 p=(384.546,-10.1989,-392.8241087.49) MeV
	 	 	 j=4	proton	 p=(366.518,525.423,-132.5751143.83) MeV
	 	 	 j=5	neutron	 p=(-32.1322,-80.4346,-233.373971.982) MeV
	 	 	 j=6	neutron	 p=(270.586,439.722,-250.2511100.9) MeV
	 	 	 j=7	triton	 p=(29.795,-435.162,932.972991.78) MeV
	 	 	 j=8	hypertriton	 p=(6767.19,2211.18,5944.079744.91) MeV
	 Collision 401  projectile=Bc+  Ekin[MeV]=29616.5  direction=(0.418024,0.213077,0.883093)  material=G4_Si
	 --> #secondaries=9  impactParameter[fm]=1.71309  #projectileSpectatorNucleons=-1  #targetSpectatorNucleons=27  #NNcollisions=0
	 Collision 402  projectile=anti_lambda  Ekin[MeV]=19094.2  direction=(0.705781,0.457917,0.540542)  material=G4_Be
	 --> #secondaries=16  impactParameter[fm]=0.597654  #projectileSpectatorNucleons=0  #targetSpectatorNucleons=8  #NNcollisions=1
	 Collision 403  projectile=B0  Ekin[MeV]=17053.7  direction=(0.351109,0.490247,0.797734)  material=G4_Pb
	 --> #secondaries=66  impactParameter[fm]=1.4987  #projectileSpectatorNucleons=-1  #targetSpectatorNucleons=204  #NNcollisions=3
	 Collision 404  projectile=sigma-  Ekin[MeV]=9942.32  direction=(0.117304,0.763564,0.634988)  material=G4_He
	 --> #secondaries=4  impactParameter[fm]=0.965806  #projectileSpectatorNucleons=0  #targetSpectatorNucleons=3  #NNcollisions=0
	 Collision 405  projectile=B+  Ekin[MeV]=18438.7  direction=(0.648128,0.0761883,0.75771)  material=G4_Al
	 --> #secondaries=5  impactParameter[fm]=1.9612  #projectileSpectatorNucleons=-1  #targetSpectatorNucleons=26  #NNcollisions=1
	 Collision 406  projectile=omega-  Ekin[MeV]=17684.1  direction=(0.652065,0.296341,0.697849)  material=G4_W
	 --> #secondaries=42  impactParameter[fm]=7.79845  #projectileSpectatorNucleons=0  #targetSpectatorNucleons=185  #NNcollisions=1
	 Collision 407  projectile=anti_sigma+  Ekin[MeV]=10342.3  direction=(0.392784,0.165405,0.904633)  material=G4_Pb
	 --> #secondaries=19  impactParameter[fm]=6.68121  #projectileSpectatorNucleons=0  #targetSpectatorNucleons=205  #NNcollisions=1
	 Collision 408  projectile=sigma-  Ekin[MeV]=17588.2  direction=(0.652863,0.47384,0.59097)  material=G4_Be
	 --> #secondaries=8  impactParameter[fm]=1.51085  #projectileSpectatorNucleons=0  #targetSpectatorNucleons=7  #NNcollisions=2
	 Collision 409  projectile=neutron  Ekin[MeV]=14144.3  direction=(0.631274,0.257533,0.731553)  material=G4_H
	 --> #secondaries=7  impactParameter[fm]=1.20221  #projectileSpectatorNucleons=0  #targetSpectatorNucleons=0  #NNcollisions=1
	 Collision 410  projectile=anti_hyperalpha  Ekin[MeV]=22001.2  direction=(0.360697,0.659223,0.65979)  material=G4_C
	 --> #secondaries=18  impactParameter[fm]=3.05309  #projectileSpectatorNucleons=3  #targetSpectatorNucleons=10  #NNcollisions=1
	 Collision 411  projectile=kaon0L  Ekin[MeV]=1031.9  direction=(0.491813,0.207712,0.845562)  material=G4_C
	 --> #secondaries=8  impactParameter[fm]=-999  #projectileSpectatorNucleons=-999  #targetSpectatorNucleons=-999  #NNcollisions=-999
	 Collision 412  projectile=anti_xi_b-  Ekin[MeV]=22029.8  direction=(0.239243,0.223236,0.944949)  material=G4_He
	 --> #secondaries=9  impactParameter[fm]=1.4911  #projectileSpectatorNucleons=0  #targetSpectatorNucleons=3  #NNcollisions=1
	 Collision 413  projectile=anti_omega_c0  Ekin[MeV]=5546.99  direction=(0.738074,0.488342,0.465584)  material=G4_H
	 --> #secondaries=4  impactParameter[fm]=0.598154  #projectileSpectatorNucleons=0  #targetSpectatorNucleons=0  #NNcollisions=1
	 Collision 414  projectile=hyperH4  Ekin[MeV]=7549.95  direction=(0.29999,0.0291148,0.953498)  material=G4_He
	 --> #secondaries=7  impactParameter[fm]=1.13821  #projectileSpectatorNucleons=3  #targetSpectatorNucleons=3  #NNcollisions=1
	 Collision 415  projectile=anti_Bs0  Ekin[MeV]=13997  direction=(0.129989,0.356666,0.925145)  material=G4_Si
	 --> #secondaries=8  impactParameter[fm]=1.34039  #projectileSpectatorNucleons=-1  #targetSpectatorNucleons=27  #NNcollisions=0
	 Collision 416  projectile=anti_xi_b0  Ekin[MeV]=17200.4  direction=(0.434839,0.601044,0.670568)  material=G4_He
	 --> #secondaries=7  impactParameter[fm]=1.29692  #projectileSpectatorNucleons=0  #targetSpectatorNucleons=2  #NNcollisions=2
	 Collision 417  projectile=kaon+  Ekin[MeV]=8788.79  direction=(0.974283,0.225173,0.00828774)  material=G4_Ar
	 --> #secondaries=14  impactParameter[fm]=2.76334  #projectileSpectatorNucleons=-1  #targetSpectatorNucleons=39  #NNcollisions=1
	 Collision 418  projectile=sigma-  Ekin[MeV]=24157.8  direction=(0.206843,0.636473,0.743047)  material=G4_Fe
	 --> #secondaries=41  impactParameter[fm]=3.06481  #projectileSpectatorNucleons=0  #targetSpectatorNucleons=53  #NNcollisions=2
	 Collision 419  projectile=deuteron  Ekin[MeV]=24867.6  direction=(0.792452,0.499911,0.349441)  material=G4_Pb
	 --> #secondaries=84  impactParameter[fm]=5.42365  #projectileSpectatorNucleons=0  #targetSpectatorNucleons=198  #NNcollisions=5
	 Collision 420  projectile=deuteron  Ekin[MeV]=14826  direction=(0.202154,0.02079,0.979133)  material=G4_Be
	 --> #secondaries=11  impactParameter[fm]=2.15213  #projectileSpectatorNucleons=1  #targetSpectatorNucleons=8  #NNcollisions=1
	 Collision 421  projectile=anti_sigma-  Ekin[MeV]=6076.52  direction=(0.961175,0.188967,0.201084)  material=G4_H
	 --> #secondaries=6  impactParameter[fm]=0.897005  #projectileSpectatorNucleons=0  #targetSpectatorNucleons=0  #NNcollisions=1
	 Collision 422  projectile=pi-  Ekin[MeV]=5624.33  direction=(0.789589,0.4625,0.403291)  material=G4_Si
	 --> #secondaries=12  impactParameter[fm]=2.76606  #projectileSpectatorNucleons=-1  #targetSpectatorNucleons=27  #NNcollisions=1
	 Collision 423  projectile=Ds-  Ekin[MeV]=19484.4  direction=(0.605291,0.490114,0.627225)  material=G4_Fe
	 --> #secondaries=17  impactParameter[fm]=3.50469  #projectileSpectatorNucleons=-1  #targetSpectatorNucleons=55  #NNcollisions=1
	 Collision 424  projectile=xi_b-  Ekin[MeV]=23190.1  direction=(0.738946,0.67328,0.0255576)  material=G4_Si
	 --> #secondaries=14  impactParameter[fm]=2.09665  #projectileSpectatorNucleons=0  #targetSpectatorNucleons=27  #NNcollisions=1
	 Collision 425  projectile=anti_deuteron  Ekin[MeV]=24782.7  direction=(0.610098,0.687123,0.394515)  material=G4_Si
	 --> #secondaries=18  impactParameter[fm]=5.47812  #projectileSpectatorNucleons=1  #targetSpectatorNucleons=27  #NNcollisions=1
	 Collision 426  projectile=anti_omega_c0  Ekin[MeV]=24933  direction=(0.632205,0.566227,0.52887)  material=G4_Pb
	 --> #secondaries=57  impactParameter[fm]=4.11711  #projectileSpectatorNucleons=0  #targetSpectatorNucleons=204  #NNcollisions=3
	 Collision 427  projectile=deuteron  Ekin[MeV]=18591.1  direction=(0.459592,0.743632,0.485579)  material=G4_C
	 --> #secondaries=12  impactParameter[fm]=2.09607  #projectileSpectatorNucleons=1  #targetSpectatorNucleons=9  #NNcollisions=2
	 Collision 428  projectile=xi_b0  Ekin[MeV]=10770.5  direction=(0.523792,0.61833,0.585927)  material=G4_W
	 --> #secondaries=35  impactParameter[fm]=5.16365  #projectileSpectatorNucleons=0  #targetSpectatorNucleons=179  #NNcollisions=2
	 Collision 429  projectile=anti_hyperalpha  Ekin[MeV]=7436.11  direction=(0.324564,0.381634,0.865456)  material=G4_Ar
	 --> #secondaries=14  impactParameter[fm]=5.63724  #projectileSpectatorNucleons=3  #targetSpectatorNucleons=40  #NNcollisions=1
	 Collision 430  projectile=Ds+  Ekin[MeV]=8146.77  direction=(0.0729118,0.73524,0.673874)  material=G4_Ar
	 --> #secondaries=10  impactParameter[fm]=3.80734  #projectileSpectatorNucleons=-1  #targetSpectatorNucleons=39  #NNcollisions=1
	 Collision 431  projectile=D+  Ekin[MeV]=26119.1  direction=(0.667084,0.444072,0.598163)  material=G4_Si
	 --> #secondaries=16  impactParameter[fm]=2.5665  #projectileSpectatorNucleons=-1  #targetSpectatorNucleons=27  #NNcollisions=1
	 Collision 432  projectile=doublehyperH4  Ekin[MeV]=28259.6  direction=(0.0793794,0.739145,0.668852)  material=G4_C
	 --> #secondaries=20  impactParameter[fm]=2.42781  #projectileSpectatorNucleons=2  #targetSpectatorNucleons=10  #NNcollisions=3
	 Collision 433  projectile=anti_sigma+  Ekin[MeV]=22599.6  direction=(0.621118,0.684475,0.381714)  material=G4_H
	 --> #secondaries=3  impactParameter[fm]=1.22842  #projectileSpectatorNucleons=0  #targetSpectatorNucleons=0  #NNcollisions=1
	 Collision 434  projectile=sigma+  Ekin[MeV]=3167.65  direction=(0.97746,0.197304,0.0751251)  material=G4_Ar
	 --> #secondaries=25  impactParameter[fm]=-999  #projectileSpectatorNucleons=-999  #targetSpectatorNucleons=-999  #NNcollisions=-999
	 Collision 435  projectile=anti_lambda_b  Ekin[MeV]=8358.43  direction=(0.252024,0.218934,0.94263)  material=G4_He
	 --> #secondaries=5  impactParameter[fm]=2.3393  #projectileSpectatorNucleons=0  #targetSpectatorNucleons=3  #NNcollisions=1
	 Collision 436  projectile=xi_b-  Ekin[MeV]=7840.54  direction=(0.641981,0.527668,0.556261)  material=G4_Fe
	 --> #secondaries=10  impactParameter[fm]=5.1303  #projectileSpectatorNucleons=0  #targetSpectatorNucleons=55  #NNcollisions=1
	 Collision 437  projectile=anti_lambda  Ekin[MeV]=7394.19  direction=(0.689421,0.568657,0.448695)  material=G4_C
	 --> #secondaries=14  impactParameter[fm]=2.65626  #projectileSpectatorNucleons=0  #targetSpectatorNucleons=11  #NNcollisions=1
	 Collision 438  projectile=B-  Ekin[MeV]=22350.8  direction=(0.436557,0.849322,0.296767)  material=G4_Be
	 --> #secondaries=6  impactParameter[fm]=3.08552  #projectileSpectatorNucleons=-1  #targetSpectatorNucleons=8  #NNcollisions=0
	 Collision 439  projectile=B-  Ekin[MeV]=24938.2  direction=(0.45039,0.89209,0.0363859)  material=G4_Fe
	 --> #secondaries=12  impactParameter[fm]=5.06657  #projectileSpectatorNucleons=-1  #targetSpectatorNucleons=55  #NNcollisions=1
	 Collision 440  projectile=alpha  Ekin[MeV]=7432.08  direction=(0.698135,0.454373,0.553311)  material=G4_Si
	 --> #secondaries=22  impactParameter[fm]=-999  #projectileSpectatorNucleons=-999  #targetSpectatorNucleons=-999  #NNcollisions=-999
	 Collision 441  projectile=hyperalpha  Ekin[MeV]=11225.4  direction=(0.813802,0.57587,0.0781064)  material=G4_C
	 --> #secondaries=15  impactParameter[fm]=2.30446  #projectileSpectatorNucleons=0  #targetSpectatorNucleons=6  #NNcollisions=3
	 Collision 442  projectile=anti_xi_b0  Ekin[MeV]=9063.37  direction=(0.684025,0.633089,0.362365)  material=G4_Ar
	 --> #secondaries=11  impactParameter[fm]=4.19074  #projectileSpectatorNucleons=0  #targetSpectatorNucleons=39  #NNcollisions=1
	 Collision 443  projectile=anti_B0  Ekin[MeV]=18308.5  direction=(0.339712,0.620519,0.70679)  material=G4_C
	 --> #secondaries=9  impactParameter[fm]=2.05245  #projectileSpectatorNucleons=-1  #targetSpectatorNucleons=11  #NNcollisions=1
	 Collision 444  projectile=anti_omega-  Ekin[MeV]=26725.6  direction=(0.629579,0.775822,0.0416075)  material=G4_Al
	 --> #secondaries=23  impactParameter[fm]=3.04357  #projectileSpectatorNucleons=0  #targetSpectatorNucleons=25  #NNcollisions=1
	 Collision 445  projectile=lambda  Ekin[MeV]=2245.18  direction=(0.535229,0.627778,0.565177)  material=G4_C
	 --> #secondaries=14  impactParameter[fm]=-999  #projectileSpectatorNucleons=-999  #targetSpectatorNucleons=-999  #NNcollisions=-999
	 Collision 446  projectile=kaon0L  Ekin[MeV]=25744.4  direction=(0.63642,0.575356,0.513746)  material=G4_Al
	 --> #secondaries=16  impactParameter[fm]=2.10508  #projectileSpectatorNucleons=-1  #targetSpectatorNucleons=25  #NNcollisions=2
	 Collision 447  projectile=D+  Ekin[MeV]=5241.77  direction=(0.208277,0.417805,0.884341)  material=G4_Be
	 --> #secondaries=10  impactParameter[fm]=1.91768  #projectileSpectatorNucleons=-1  #targetSpectatorNucleons=6  #NNcollisions=3
	 Collision 448  projectile=D+  Ekin[MeV]=5876.81  direction=(0.145249,0.643371,0.75165)  material=G4_Cu
	 --> #secondaries=7  impactParameter[fm]=4.4493  #projectileSpectatorNucleons=-1  #targetSpectatorNucleons=62  #NNcollisions=1
	 Collision 449  projectile=anti_B0  Ekin[MeV]=28856.6  direction=(0.702357,0.247376,0.667457)  material=G4_Al
	 --> #secondaries=6  impactParameter[fm]=4.67958  #projectileSpectatorNucleons=-1  #targetSpectatorNucleons=26  #NNcollisions=1
	 Collision 450  projectile=B+  Ekin[MeV]=2347.28  direction=(0.993946,0.0175648,0.108457)  material=G4_C
	 --> #secondaries=7  impactParameter[fm]=0.778506  #projectileSpectatorNucleons=-1  #targetSpectatorNucleons=8  #NNcollisions=1
	 Collision 451  projectile=pi-  Ekin[MeV]=11111.1  direction=(0.700738,0.624558,0.344808)  material=G4_Cu
	 --> #secondaries=20  impactParameter[fm]=5.22413  #projectileSpectatorNucleons=-1  #targetSpectatorNucleons=63  #NNcollisions=1
	 Collision 452  projectile=anti_doublehyperH4  Ekin[MeV]=19173.8  direction=(0.0362958,0.595135,0.802806)  material=G4_Al
	 --> #secondaries=30  impactParameter[fm]=3.02493  #projectileSpectatorNucleons=0  #targetSpectatorNucleons=25  #NNcollisions=5
	 Collision 453  projectile=xi_b0  Ekin[MeV]=11302.2  direction=(0.0455534,0.78975,0.611735)  material=G4_Ar
	 --> #secondaries=20  impactParameter[fm]=1.67344  #projectileSpectatorNucleons=0  #targetSpectatorNucleons=35  #NNcollisions=3
	 Collision 454  projectile=xi-  Ekin[MeV]=12368.3  direction=(0.0665061,0.997548,0.0217763)  material=G4_He
	 --> #secondaries=12  impactParameter[fm]=1.32131  #projectileSpectatorNucleons=0  #targetSpectatorNucleons=2  #NNcollisions=1
	 Collision 455  projectile=B-  Ekin[MeV]=26545.5  direction=(0.562834,0.131764,0.816)  material=G4_Fe
	 --> #secondaries=19  impactParameter[fm]=1.61891  #projectileSpectatorNucleons=-1  #targetSpectatorNucleons=56  #NNcollisions=1
	 Collision 456  projectile=anti_omega-  Ekin[MeV]=4937.93  direction=(0.896362,0.416287,0.152446)  material=G4_He
	 --> #secondaries=4  impactParameter[fm]=0.988957  #projectileSpectatorNucleons=0  #targetSpectatorNucleons=3  #NNcollisions=0
	 Collision 457  projectile=anti_xi_b0  Ekin[MeV]=7693.18  direction=(0.557647,0.596329,0.577427)  material=G4_Ar
	 --> #secondaries=20  impactParameter[fm]=3.37026  #projectileSpectatorNucleons=0  #targetSpectatorNucleons=37  #NNcollisions=3
	 Collision 458  projectile=anti_xi0  Ekin[MeV]=13842.1  direction=(0.942446,0.302538,0.142357)  material=G4_Ar
	 --> #secondaries=9  impactParameter[fm]=2.80061  #projectileSpectatorNucleons=0  #targetSpectatorNucleons=39  #NNcollisions=1
	 Collision 459  projectile=lambda_b  Ekin[MeV]=1116.67  direction=(0.3121,0.280926,0.907565)  material=G4_Cu
	 --> #secondaries=18  impactParameter[fm]=5.15576  #projectileSpectatorNucleons=0  #targetSpectatorNucleons=64  #NNcollisions=0
	 Collision 460  projectile=anti_hyperHe5  Ekin[MeV]=23588.7  direction=(0.709494,0.613947,0.345958)  material=G4_Si
	 --> #secondaries=10  impactParameter[fm]=5.60636  #projectileSpectatorNucleons=4  #targetSpectatorNucleons=27  #NNcollisions=0
	 Collision 461  projectile=doublehyperdoubleneutron  Ekin[MeV]=25189.6  direction=(0.497167,0.648114,0.576865)  material=G4_He
	 --> #secondaries=15  impactParameter[fm]=4.4172  #projectileSpectatorNucleons=3  #targetSpectatorNucleons=3  #NNcollisions=1
	 Collision 462  projectile=anti_doublehyperH4  Ekin[MeV]=16161.2  direction=(0.398409,0.64533,0.651782)  material=G4_Si
	 --> #secondaries=19  impactParameter[fm]=4.422  #projectileSpectatorNucleons=3  #targetSpectatorNucleons=26  #NNcollisions=2
	 Collision 463  projectile=lambda  Ekin[MeV]=14505.2  direction=(0.422877,0.686446,0.591579)  material=G4_Ar
	 --> #secondaries=23  impactParameter[fm]=3.77876  #projectileSpectatorNucleons=0  #targetSpectatorNucleons=38  #NNcollisions=2
	 Collision 464  projectile=xi-  Ekin[MeV]=20605  direction=(0.178774,0.673422,0.717316)  material=G4_Si
	 --> #secondaries=21  impactParameter[fm]=2.32674  #projectileSpectatorNucleons=0  #targetSpectatorNucleons=25  #NNcollisions=2
	 Collision 465  projectile=B+  Ekin[MeV]=25920.9  direction=(0.813797,0.333198,0.476144)  material=G4_W
	 --> #secondaries=39  impactParameter[fm]=5.77864  #projectileSpectatorNucleons=-1  #targetSpectatorNucleons=181  #NNcollisions=2
	 Collision 466  projectile=proton  Ekin[MeV]=29475.3  direction=(0.846565,0.523329,0.0972348)  material=G4_Al
	 --> #secondaries=23  impactParameter[fm]=2.17844  #projectileSpectatorNucleons=0  #targetSpectatorNucleons=25  #NNcollisions=2
	 Collision 467  projectile=deuteron  Ekin[MeV]=24856.7  direction=(0.240168,0.944206,0.225377)  material=G4_Cu
	 --> #secondaries=16  impactParameter[fm]=5.18003  #projectileSpectatorNucleons=1  #targetSpectatorNucleons=64  #NNcollisions=0
	 Collision 468  projectile=proton  Ekin[MeV]=22477.3  direction=(0.662701,0.745213,0.0740588)  material=G4_He
	 --> #secondaries=25  impactParameter[fm]=1.93071  #projectileSpectatorNucleons=0  #targetSpectatorNucleons=3  #NNcollisions=1
	 Collision 469  projectile=xi0  Ekin[MeV]=18261.1  direction=(0.898324,0.428815,0.0955632)  material=G4_C
	 --> #secondaries=16  impactParameter[fm]=1.21627  #projectileSpectatorNucleons=0  #targetSpectatorNucleons=10  #NNcollisions=2
	 Collision 470  projectile=Bc-  Ekin[MeV]=23614.5  direction=(0.336873,0.584554,0.738115)  material=G4_Be
	 --> #secondaries=8  impactParameter[fm]=2.10959  #projectileSpectatorNucleons=-1  #targetSpectatorNucleons=8  #NNcollisions=1
	 Collision 471  projectile=anti_hyperalpha  Ekin[MeV]=29508.2  direction=(0.683181,0.2437,0.688385)  material=G4_Si
	 --> #secondaries=14  impactParameter[fm]=6.53355  #projectileSpectatorNucleons=3  #targetSpectatorNucleons=27  #NNcollisions=1
	 Collision 472  projectile=Ds-  Ekin[MeV]=5173.83  direction=(0.665577,0.0917811,0.740664)  material=G4_C
	 --> #secondaries=8  impactParameter[fm]=1.90143  #projectileSpectatorNucleons=-1  #targetSpectatorNucleons=10  #NNcollisions=2
	 Collision 473  projectile=neutron  Ekin[MeV]=29145.4  direction=(0.789393,0.335161,0.514321)  material=G4_C
	 --> #secondaries=19  impactParameter[fm]=1.1291  #projectileSpectatorNucleons=0  #targetSpectatorNucleons=9  #NNcollisions=2
	 Collision 474  projectile=Ds-  Ekin[MeV]=12851.9  direction=(0.521677,0.720354,0.457102)  material=G4_Pb
	 --> #secondaries=72  impactParameter[fm]=1.11256  #projectileSpectatorNucleons=-1  #targetSpectatorNucleons=204  #NNcollisions=3
	 Collision 475  projectile=anti_B0  Ekin[MeV]=13456.2  direction=(0.492829,0.428369,0.757376)  material=G4_C
	 --> #secondaries=6  impactParameter[fm]=1.34648  #projectileSpectatorNucleons=-1  #targetSpectatorNucleons=11  #NNcollisions=0
	 Collision 476  projectile=anti_xi_b0  Ekin[MeV]=15654.1  direction=(0.701737,0.185226,0.687936)  material=G4_He
	 --> #secondaries=8  impactParameter[fm]=1.54196  #projectileSpectatorNucleons=0  #targetSpectatorNucleons=3  #NNcollisions=1
	 Collision 477  projectile=anti_xi_b-  Ekin[MeV]=2888.91  direction=(0.156024,0.0836735,0.984203)  material=G4_Si
	 --> #secondaries=9  impactParameter[fm]=3.20906  #projectileSpectatorNucleons=0  #targetSpectatorNucleons=27  #NNcollisions=0
	 Collision 478  projectile=xi-  Ekin[MeV]=27354.7  direction=(0.74625,0.217312,0.629195)  material=G4_H
	 --> #secondaries=4  impactParameter[fm]=0.580592  #projectileSpectatorNucleons=0  #targetSpectatorNucleons=0  #NNcollisions=1
	 Collision 479  projectile=neutron  Ekin[MeV]=2008.02  direction=(0.67706,0.113201,0.72717)  material=G4_C
	 --> #secondaries=10  impactParameter[fm]=-999  #projectileSpectatorNucleons=-999  #targetSpectatorNucleons=-999  #NNcollisions=-999
	 Collision 480  projectile=doublehyperdoubleneutron  Ekin[MeV]=10200.9  direction=(0.422501,0.808967,0.408737)  material=G4_Ar
	 --> #secondaries=22  impactParameter[fm]=5.14006  #projectileSpectatorNucleons=3  #targetSpectatorNucleons=36  #NNcollisions=1
	 Collision 481  projectile=anti_sigma+  Ekin[MeV]=19780.7  direction=(0.554624,0.156316,0.817287)  material=G4_Be
	 --> #secondaries=14  impactParameter[fm]=2.34137  #projectileSpectatorNucleons=0  #targetSpectatorNucleons=8  #NNcollisions=1
	 Collision 482  projectile=omega_c0  Ekin[MeV]=13611.6  direction=(0.136429,0.677797,0.722481)  material=G4_Be
	 --> #secondaries=8  impactParameter[fm]=2.53232  #projectileSpectatorNucleons=0  #targetSpectatorNucleons=8  #NNcollisions=1
	 Collision 483  projectile=xi_c+  Ekin[MeV]=26155.9  direction=(0.314272,0.563597,0.763932)  material=G4_Ar
	 --> #secondaries=28  impactParameter[fm]=2.26179  #projectileSpectatorNucleons=0  #targetSpectatorNucleons=38  #NNcollisions=2
	 Collision 484  projectile=anti_B0  Ekin[MeV]=24002  direction=(0.469795,0.331391,0.818213)  material=G4_H
	 --> #secondaries=6  impactParameter[fm]=0.56586  #projectileSpectatorNucleons=-1  #targetSpectatorNucleons=0  #NNcollisions=1
	 Collision 485  projectile=anti_xi_b-  Ekin[MeV]=15661.4  direction=(0.282879,0.67005,0.686304)  material=G4_Be
	 --> #secondaries=10  impactParameter[fm]=0.916621  #projectileSpectatorNucleons=0  #targetSpectatorNucleons=7  #NNcollisions=2
	 Collision 486  projectile=B+  Ekin[MeV]=25954.5  direction=(0.659434,0.30313,0.687939)  material=G4_W
	 --> #secondaries=39  impactParameter[fm]=2.2102  #projectileSpectatorNucleons=-1  #targetSpectatorNucleons=183  #NNcollisions=1
	 Collision 487  projectile=kaon0L  Ekin[MeV]=17550.6  direction=(0.803216,0.312326,0.507244)  material=G4_Cu
	 --> #secondaries=12  impactParameter[fm]=7.38783  #projectileSpectatorNucleons=-1  #targetSpectatorNucleons=62  #NNcollisions=1
	 Collision 488  projectile=anti_neutron  Ekin[MeV]=1798.14  direction=(0.765829,0.603991,0.220683)  material=G4_Al
	 --> #secondaries=18  impactParameter[fm]=1.2063  #projectileSpectatorNucleons=0  #targetSpectatorNucleons=26  #NNcollisions=1
	 Collision 489  projectile=anti_Bs0  Ekin[MeV]=18623.9  direction=(0.0391524,0.611798,0.790044)  material=G4_He
	 --> #secondaries=6  impactParameter[fm]=0.621073  #projectileSpectatorNucleons=-1  #targetSpectatorNucleons=3  #NNcollisions=1
	 Collision 490  projectile=hypertriton  Ekin[MeV]=29097.4  direction=(0.792528,0.100182,0.601551)  material=G4_W
	 --> #secondaries=57  impactParameter[fm]=5.72885  #projectileSpectatorNucleons=1  #targetSpectatorNucleons=183  #NNcollisions=3
	 Collision 491  projectile=deuteron  Ekin[MeV]=27361  direction=(0.41538,0.619719,0.665888)  material=G4_W
	 --> #secondaries=44  impactParameter[fm]=5.08305  #projectileSpectatorNucleons=0  #targetSpectatorNucleons=178  #NNcollisions=6
	 Collision 492  projectile=xi_b-  Ekin[MeV]=1652.81  direction=(0.435937,0.0698424,0.897263)  material=G4_Si
	 --> #secondaries=9  impactParameter[fm]=3.33567  #projectileSpectatorNucleons=0  #targetSpectatorNucleons=27  #NNcollisions=1
	 Collision 493  projectile=D-  Ekin[MeV]=8284.62  direction=(0.95226,0.30527,0.00345409)  material=G4_He
	 --> #secondaries=5  impactParameter[fm]=2.45006  #projectileSpectatorNucleons=-1  #targetSpectatorNucleons=3  #NNcollisions=1
	 Collision 494  projectile=D0  Ekin[MeV]=12198.3  direction=(0.295152,0.934558,0.198714)  material=G4_H
	 --> #secondaries=7  impactParameter[fm]=1.6326  #projectileSpectatorNucleons=-1  #targetSpectatorNucleons=0  #NNcollisions=1
	 Collision 495  projectile=anti_xi_c+  Ekin[MeV]=6480.89  direction=(0.3521,0.891203,0.285978)  material=G4_Pb
	 --> #secondaries=6  impactParameter[fm]=6.61105  #projectileSpectatorNucleons=0  #targetSpectatorNucleons=207  #NNcollisions=0
	 Collision 496  projectile=doublehyperH4  Ekin[MeV]=9165.87  direction=(0.178266,0.652635,0.736403)  material=G4_W
	 --> #secondaries=60  impactParameter[fm]=7.11647  #projectileSpectatorNucleons=0  #targetSpectatorNucleons=178  #NNcollisions=0
	 Collision 497  projectile=D0  Ekin[MeV]=3817.13  direction=(0.552459,0.182858,0.813235)  material=G4_Al
	 --> #secondaries=8  impactParameter[fm]=2.60673  #projectileSpectatorNucleons=-1  #targetSpectatorNucleons=26  #NNcollisions=1
	 Collision 498  projectile=anti_D0  Ekin[MeV]=20347.8  direction=(0.780738,0.510932,0.359718)  material=G4_Ar
	 --> #secondaries=16  impactParameter[fm]=4.32013  #projectileSpectatorNucleons=-1  #targetSpectatorNucleons=39  #NNcollisions=1
	 Collision 499  projectile=sigma+  Ekin[MeV]=17044.8  direction=(0.895723,0.373764,0.240793)  material=G4_W
	 --> #secondaries=18  impactParameter[fm]=6.40677  #projectileSpectatorNucleons=0  #targetSpectatorNucleons=182  #NNcollisions=2
	 Collision 500  projectile=proton  Ekin[MeV]=11272.9  direction=(0.395323,0.548879,0.736513)  material=G4_Ar
	 --> #secondaries=12  impactParameter[fm]=3.70732  #projectileSpectatorNucleons=0  #targetSpectatorNucleons=39  #NNcollisions=0
	 	 List of produced secondaries: 
	 	 	 j=0	proton	 p=(4787.48,6741.19,8384.3311812.7) MeV
	 	 	 j=1	proton	 p=(-11.3162,-72.5566,749.8221203.32) MeV
	 	 	 j=2	proton	 p=(-200.789,5.11176,22.9822959.805) MeV
	 	 	 j=3	Si29	 p=(509.086,13.9032,-163.52526989.6) MeV
	 	 	 j=4	neutron	 p=(-135.424,-23.3568,104.272955.27) MeV
	 	 	 j=5	neutron	 p=(-75.4146,-7.60083,-80.2018946.024) MeV
	 	 	 j=6	neutron	 p=(41.6343,-52.2621,-38.3128942.717) MeV
	 	 	 j=7	alpha	 p=(-125.156,89.5612,18.73863730.6) MeV
	 	 	 j=8	neutron	 p=(-10.4056,42.0009,-7.58271940.592) MeV
	 	 	 j=9	neutron	 p=(34.6996,-50.1491,-25.1034941.877) MeV
	 	 	 j=10	gamma	 p=(-1.37131,-1.30832,0.9611132.12507) MeV
	 	 	 j=11	gamma	 p=(0.0555854,-1.89346,0.7118092.0236) MeV
	 Collision 501  projectile=anti_hyperalpha  Ekin[MeV]=25671.1  direction=(0.020378,0.878481,0.477342)  material=G4_He
	 --> #secondaries=12  impactParameter[fm]=1.98868  #projectileSpectatorNucleons=2  #targetSpectatorNucleons=4  #NNcollisions=2
	 Collision 502  projectile=hyperH4  Ekin[MeV]=4455.18  direction=(0.0950394,0.125893,0.987481)  material=G4_He
	 --> #secondaries=8  impactParameter[fm]=0.939728  #projectileSpectatorNucleons=1  #targetSpectatorNucleons=1  #NNcollisions=0
	 Collision 503  projectile=anti_xi_c0  Ekin[MeV]=16270.6  direction=(0.603498,0.606085,0.518122)  material=G4_Be
	 --> #secondaries=8  impactParameter[fm]=0.340248  #projectileSpectatorNucleons=0  #targetSpectatorNucleons=7  #NNcollisions=1
	 Collision 504  projectile=anti_alpha  Ekin[MeV]=3074.43  direction=(0.530541,0.433689,0.728313)  material=G4_Pb
	 --> #secondaries=53  impactParameter[fm]=7.50973  #projectileSpectatorNucleons=1  #targetSpectatorNucleons=206  #NNcollisions=2
	 Collision 505  projectile=anti_lambda_b  Ekin[MeV]=20086.8  direction=(0.234234,0.949246,0.209921)  material=G4_Pb
	 --> #secondaries=13  impactParameter[fm]=8.88666  #projectileSpectatorNucleons=0  #targetSpectatorNucleons=206  #NNcollisions=1
	 Collision 506  projectile=He3  Ekin[MeV]=9209.88  direction=(0.358528,0.8207,0.44487)  material=G4_Be
	 --> #secondaries=12  impactParameter[fm]=-999  #projectileSpectatorNucleons=-999  #targetSpectatorNucleons=-999  #NNcollisions=-999
	 Collision 507  projectile=anti_omega-  Ekin[MeV]=24374.7  direction=(0.422549,0.402199,0.812212)  material=G4_Be
	 --> #secondaries=14  impactParameter[fm]=0.714194  #projectileSpectatorNucleons=0  #targetSpectatorNucleons=8  #NNcollisions=1
	 Collision 508  projectile=anti_hyperH4  Ekin[MeV]=28144.5  direction=(0.692498,0.652982,0.306693)  material=G4_Al
	 --> #secondaries=30  impactParameter[fm]=2.2263  #projectileSpectatorNucleons=0  #targetSpectatorNucleons=25  #NNcollisions=4
	 Collision 509  projectile=xi_c+  Ekin[MeV]=21902.8  direction=(0.490946,0.868555,0.0677071)  material=G4_Pb
	 --> #secondaries=75  impactParameter[fm]=1.50952  #projectileSpectatorNucleons=0  #targetSpectatorNucleons=201  #NNcollisions=5
	 Collision 510  projectile=xi0  Ekin[MeV]=21533.4  direction=(0.448139,0.698446,0.557982)  material=G4_Pb
	 --> #secondaries=15  impactParameter[fm]=6.96636  #projectileSpectatorNucleons=0  #targetSpectatorNucleons=207  #NNcollisions=1
	 Collision 511  projectile=sigma-  Ekin[MeV]=5173.47  direction=(0.985707,0.132815,0.103645)  material=G4_Al
	 --> #secondaries=16  impactParameter[fm]=2.91967  #projectileSpectatorNucleons=0  #targetSpectatorNucleons=26  #NNcollisions=1
	 Collision 512  projectile=lambda  Ekin[MeV]=26592.2  direction=(0.708462,0.253681,0.65858)  material=G4_Al
	 --> #secondaries=7  impactParameter[fm]=3.08006  #projectileSpectatorNucleons=0  #targetSpectatorNucleons=26  #NNcollisions=1
	 Collision 513  projectile=anti_alpha  Ekin[MeV]=13446.4  direction=(0.537885,0.759382,0.366086)  material=G4_W
	 --> #secondaries=104  impactParameter[fm]=4.52721  #projectileSpectatorNucleons=0  #targetSpectatorNucleons=177  #NNcollisions=6
	 Collision 514  projectile=anti_hypertriton  Ekin[MeV]=19133.2  direction=(0.302239,0.442405,0.844351)  material=G4_C
	 --> #secondaries=15  impactParameter[fm]=2.51379  #projectileSpectatorNucleons=1  #targetSpectatorNucleons=10  #NNcollisions=2
	 Collision 515  projectile=Bs0  Ekin[MeV]=7853.69  direction=(0.402106,0.69701,0.593707)  material=G4_Cu
	 --> #secondaries=13  impactParameter[fm]=2.10683  #projectileSpectatorNucleons=-1  #targetSpectatorNucleons=60  #NNcollisions=2
	 Collision 516  projectile=triton  Ekin[MeV]=10786.8  direction=(0.953044,0.264339,0.147754)  material=G4_Si
	 --> #secondaries=22  impactParameter[fm]=1.73433  #projectileSpectatorNucleons=0  #targetSpectatorNucleons=20  #NNcollisions=5
	 Collision 517  projectile=anti_hyperH4  Ekin[MeV]=24195.1  direction=(0.617199,0.449047,0.646082)  material=G4_Ar
	 --> #secondaries=15  impactParameter[fm]=4.11264  #projectileSpectatorNucleons=3  #targetSpectatorNucleons=40  #NNcollisions=1
	 Collision 518  projectile=sigma+  Ekin[MeV]=22177.5  direction=(0.323732,0.941501,0.0936641)  material=G4_W
	 --> #secondaries=61  impactParameter[fm]=5.39877  #projectileSpectatorNucleons=0  #targetSpectatorNucleons=178  #NNcollisions=5
	 Collision 519  projectile=anti_omega-  Ekin[MeV]=4427.8  direction=(0.835379,0.206538,0.509395)  material=G4_Ar
	 --> #secondaries=28  impactParameter[fm]=0.968374  #projectileSpectatorNucleons=0  #targetSpectatorNucleons=34  #NNcollisions=2
	 Collision 520  projectile=anti_hypertriton  Ekin[MeV]=25722.5  direction=(0.858707,0.386957,0.335987)  material=G4_Al
	 --> #secondaries=28  impactParameter[fm]=4.72841  #projectileSpectatorNucleons=0  #targetSpectatorNucleons=24  #NNcollisions=4
	 Collision 521  projectile=kaon+  Ekin[MeV]=6000.42  direction=(0.0830707,0.875299,0.476393)  material=G4_Be
	 --> #secondaries=8  impactParameter[fm]=2.81147  #projectileSpectatorNucleons=-1  #targetSpectatorNucleons=8  #NNcollisions=1
	 Collision 522  projectile=anti_hyperHe5  Ekin[MeV]=4099.74  direction=(0.378356,0.912869,0.153353)  material=G4_Ar
	 --> #secondaries=12  impactParameter[fm]=6.82889  #projectileSpectatorNucleons=4  #targetSpectatorNucleons=40  #NNcollisions=1
	 Collision 523  projectile=anti_doublehyperH4  Ekin[MeV]=11450.2  direction=(0.157579,0.299579,0.940968)  material=G4_Ar
	 --> #secondaries=14  impactParameter[fm]=5.24453  #projectileSpectatorNucleons=3  #targetSpectatorNucleons=40  #NNcollisions=1
	 Collision 524  projectile=anti_xi_b-  Ekin[MeV]=17711.5  direction=(0.414951,0.439634,0.796579)  material=G4_Fe
	 --> #secondaries=25  impactParameter[fm]=3.3335  #projectileSpectatorNucleons=0  #targetSpectatorNucleons=54  #NNcollisions=1
	 Collision 525  projectile=hyperalpha  Ekin[MeV]=1544.08  direction=(0.612549,0.344858,0.711236)  material=G4_W
	 --> #secondaries=48  impactParameter[fm]=1.58496  #projectileSpectatorNucleons=0  #targetSpectatorNucleons=169  #NNcollisions=0
	 Collision 526  projectile=omega-  Ekin[MeV]=12769.6  direction=(0.895673,0.165871,0.412621)  material=G4_Fe
	 --> #secondaries=27  impactParameter[fm]=0.988293  #projectileSpectatorNucleons=0  #targetSpectatorNucleons=53  #NNcollisions=2
	 Collision 527  projectile=anti_sigma+  Ekin[MeV]=15701.9  direction=(0.0350814,0.847721,0.52928)  material=G4_Pb
	 --> #secondaries=24  impactParameter[fm]=7.39231  #projectileSpectatorNucleons=0  #targetSpectatorNucleons=206  #NNcollisions=1
	 Collision 528  projectile=sigma-  Ekin[MeV]=28860.2  direction=(0.584035,0.58512,0.562617)  material=G4_Fe
	 --> #secondaries=19  impactParameter[fm]=6.06632  #projectileSpectatorNucleons=0  #targetSpectatorNucleons=55  #NNcollisions=1
	 Collision 529  projectile=anti_D0  Ekin[MeV]=26264.3  direction=(0.201901,0.858648,0.471125)  material=G4_Be
	 --> #secondaries=9  impactParameter[fm]=1.74217  #projectileSpectatorNucleons=-1  #targetSpectatorNucleons=8  #NNcollisions=1
	 Collision 530  projectile=anti_D0  Ekin[MeV]=14858.1  direction=(0.408368,0.658434,0.632218)  material=G4_Be
	 --> #secondaries=4  impactParameter[fm]=1.59294  #projectileSpectatorNucleons=-1  #targetSpectatorNucleons=8  #NNcollisions=0
	 Collision 531  projectile=omega-  Ekin[MeV]=17542.6  direction=(0.824848,0.254435,0.504865)  material=G4_C
	 --> #secondaries=11  impactParameter[fm]=2.68772  #projectileSpectatorNucleons=0  #targetSpectatorNucleons=10  #NNcollisions=1
	 Collision 532  projectile=anti_xi_b-  Ekin[MeV]=27042.2  direction=(0.459158,0.680635,0.570886)  material=G4_W
	 --> #secondaries=26  impactParameter[fm]=4.38837  #projectileSpectatorNucleons=0  #targetSpectatorNucleons=181  #NNcollisions=1
	 Collision 533  projectile=hyperHe5  Ekin[MeV]=25792.9  direction=(0.621704,0.727341,0.290618)  material=G4_Ar
	 --> #secondaries=40  impactParameter[fm]=2.23296  #projectileSpectatorNucleons=0  #targetSpectatorNucleons=29  #NNcollisions=8
	 Collision 534  projectile=omega-  Ekin[MeV]=1150.65  direction=(0.626134,0.717193,0.305924)  material=G4_H
	 --> #secondaries=2  impactParameter[fm]=-999  #projectileSpectatorNucleons=-999  #targetSpectatorNucleons=-999  #NNcollisions=-999
	 Collision 535  projectile=anti_hyperH4  Ekin[MeV]=5184.73  direction=(0.61925,0.63272,0.464968)  material=G4_Fe
	 --> #secondaries=17  impactParameter[fm]=5.30438  #projectileSpectatorNucleons=2  #targetSpectatorNucleons=55  #NNcollisions=2
	 Collision 536  projectile=omega-  Ekin[MeV]=7402.02  direction=(0.159744,0.929033,0.333736)  material=G4_Al
	 --> #secondaries=18  impactParameter[fm]=1.98662  #projectileSpectatorNucleons=0  #targetSpectatorNucleons=22  #NNcollisions=4
	 Collision 537  projectile=omega_c0  Ekin[MeV]=14710.3  direction=(0.804246,0.178114,0.566979)  material=G4_Be
	 --> #secondaries=4  impactParameter[fm]=2.87246  #projectileSpectatorNucleons=0  #targetSpectatorNucleons=8  #NNcollisions=1
	 Collision 538  projectile=anti_xi_c+  Ekin[MeV]=14008.9  direction=(0.88434,0.402142,0.237117)  material=G4_Pb
	 --> #secondaries=30  impactParameter[fm]=7.61097  #projectileSpectatorNucleons=0  #targetSpectatorNucleons=207  #NNcollisions=1
	 Collision 539  projectile=neutron  Ekin[MeV]=5615.04  direction=(0.486939,0.793996,0.363951)  material=G4_W
	 --> #secondaries=66  impactParameter[fm]=4.57326  #projectileSpectatorNucleons=0  #targetSpectatorNucleons=176  #NNcollisions=3
	 Collision 540  projectile=anti_lambda_c+  Ekin[MeV]=16518.3  direction=(0.580515,0.450759,0.678099)  material=G4_Ar
	 --> #secondaries=26  impactParameter[fm]=1.86575  #projectileSpectatorNucleons=0  #targetSpectatorNucleons=35  #NNcollisions=3
	 Collision 541  projectile=Ds-  Ekin[MeV]=14432.5  direction=(0.203071,0.979099,0.0113121)  material=G4_He
	 --> #secondaries=7  impactParameter[fm]=1.44537  #projectileSpectatorNucleons=-1  #targetSpectatorNucleons=3  #NNcollisions=1
	 Collision 542  projectile=Bc+  Ekin[MeV]=19764.6  direction=(0.442032,0.86509,0.237122)  material=G4_He
	 --> #secondaries=5  impactParameter[fm]=1.29715  #projectileSpectatorNucleons=-1  #targetSpectatorNucleons=3  #NNcollisions=1
	 Collision 543  projectile=lambda_c+  Ekin[MeV]=11281.1  direction=(0.509738,0.664046,0.547001)  material=G4_Cu
	 --> #secondaries=12  impactParameter[fm]=6.49503  #projectileSpectatorNucleons=0  #targetSpectatorNucleons=62  #NNcollisions=1
	 Collision 544  projectile=anti_hyperalpha  Ekin[MeV]=23045.8  direction=(0.66852,0.312507,0.674849)  material=G4_Ar
	 --> #secondaries=33  impactParameter[fm]=3.63196  #projectileSpectatorNucleons=1  #targetSpectatorNucleons=37  #NNcollisions=2
	 Collision 545  projectile=anti_sigma-  Ekin[MeV]=28954.1  direction=(0.480767,0.356247,0.801218)  material=G4_Fe
	 --> #secondaries=45  impactParameter[fm]=4.1532  #projectileSpectatorNucleons=0  #targetSpectatorNucleons=54  #NNcollisions=2
	 Collision 546  projectile=anti_lambda  Ekin[MeV]=24817.5  direction=(0.667182,0.552859,0.499214)  material=G4_H
	 --> #secondaries=7  impactParameter[fm]=1.47505  #projectileSpectatorNucleons=0  #targetSpectatorNucleons=0  #NNcollisions=1
	 Collision 547  projectile=hypertriton  Ekin[MeV]=29727.1  direction=(0.579308,0.115582,0.806872)  material=G4_He
	 --> #secondaries=11  impactParameter[fm]=1.60623  #projectileSpectatorNucleons=1  #targetSpectatorNucleons=3  #NNcollisions=2
	 Collision 548  projectile=anti_xi_b0  Ekin[MeV]=22488.9  direction=(0.682013,0.696055,0.224425)  material=G4_Al
	 --> #secondaries=9  impactParameter[fm]=2.02313  #projectileSpectatorNucleons=0  #targetSpectatorNucleons=26  #NNcollisions=0
	 Collision 549  projectile=proton  Ekin[MeV]=12014.8  direction=(0.772827,0.0438534,0.6331)  material=G4_Be
	 --> #secondaries=7  impactParameter[fm]=4.68627  #projectileSpectatorNucleons=0  #targetSpectatorNucleons=8  #NNcollisions=1
	 Collision 550  projectile=anti_xi_c0  Ekin[MeV]=8251  direction=(0.789237,0.510918,0.340687)  material=G4_W
	 --> #secondaries=51  impactParameter[fm]=2.34112  #projectileSpectatorNucleons=0  #targetSpectatorNucleons=180  #NNcollisions=2
	 Collision 551  projectile=xi-  Ekin[MeV]=10770.4  direction=(0.893647,0.2852,0.346491)  material=G4_He
	 --> #secondaries=4  impactParameter[fm]=2.58514  #projectileSpectatorNucleons=0  #targetSpectatorNucleons=3  #NNcollisions=0
	 Collision 552  projectile=doublehyperH4  Ekin[MeV]=28459.9  direction=(0.85774,0.169058,0.485491)  material=G4_Pb
	 --> #secondaries=140  impactParameter[fm]=5.12487  #projectileSpectatorNucleons=0  #targetSpectatorNucleons=191  #NNcollisions=15
	 Collision 553  projectile=kaon0L  Ekin[MeV]=26307.1  direction=(0.623674,0.781616,0.0102987)  material=G4_He
	 --> #secondaries=8  impactParameter[fm]=1.01406  #projectileSpectatorNucleons=-1  #targetSpectatorNucleons=3  #NNcollisions=1
	 Collision 554  projectile=D-  Ekin[MeV]=11301.8  direction=(0.629863,0.534001,0.564018)  material=G4_H
	 --> #secondaries=4  impactParameter[fm]=1.32459  #projectileSpectatorNucleons=-1  #targetSpectatorNucleons=0  #NNcollisions=1
	 Collision 555  projectile=anti_Bs0  Ekin[MeV]=4181.52  direction=(0.688144,0.724757,0.0344152)  material=G4_Ar
	 --> #secondaries=9  impactParameter[fm]=4.52356  #projectileSpectatorNucleons=-1  #targetSpectatorNucleons=39  #NNcollisions=1
	 Collision 556  projectile=Ds-  Ekin[MeV]=11182.5  direction=(0.64226,0.757298,0.118331)  material=G4_Be
	 --> #secondaries=7  impactParameter[fm]=2.21782  #projectileSpectatorNucleons=-1  #targetSpectatorNucleons=8  #NNcollisions=1
	 Collision 557  projectile=hypertriton  Ekin[MeV]=5886.74  direction=(0.0603205,0.942266,0.329387)  material=G4_W
	 --> #secondaries=101  impactParameter[fm]=5.17406  #projectileSpectatorNucleons=0  #targetSpectatorNucleons=166  #NNcollisions=2
	 Collision 558  projectile=anti_xi_c0  Ekin[MeV]=5763.44  direction=(0.879529,0.368147,0.301491)  material=G4_H
	 --> #secondaries=3  impactParameter[fm]=0.368191  #projectileSpectatorNucleons=0  #targetSpectatorNucleons=0  #NNcollisions=1
	 Collision 559  projectile=anti_omega_b-  Ekin[MeV]=29237  direction=(0.243192,0.382097,0.891549)  material=G4_H
	 --> #secondaries=2  impactParameter[fm]=0.71101  #projectileSpectatorNucleons=0  #targetSpectatorNucleons=0  #NNcollisions=1
	 Collision 560  projectile=xi-  Ekin[MeV]=1639.37  direction=(0.179686,0.983715,0.00425001)  material=G4_Cu
	 --> #secondaries=18  impactParameter[fm]=-999  #projectileSpectatorNucleons=-999  #targetSpectatorNucleons=-999  #NNcollisions=-999
	 Collision 561  projectile=anti_proton  Ekin[MeV]=26556.4  direction=(0.588111,0.774248,0.233806)  material=G4_Be
	 --> #secondaries=20  impactParameter[fm]=1.11893  #projectileSpectatorNucleons=0  #targetSpectatorNucleons=6  #NNcollisions=3
	 Collision 562  projectile=sigma+  Ekin[MeV]=23511.3  direction=(0.808163,0.48716,0.33098)  material=G4_Be
	 --> #secondaries=5  impactParameter[fm]=2.0256  #projectileSpectatorNucleons=0  #targetSpectatorNucleons=8  #NNcollisions=0
	 Collision 563  projectile=lambda_c+  Ekin[MeV]=15469.9  direction=(0.680175,0.613963,0.400513)  material=G4_C
	 --> #secondaries=11  impactParameter[fm]=0.459645  #projectileSpectatorNucleons=0  #targetSpectatorNucleons=9  #NNcollisions=2
	 Collision 564  projectile=anti_proton  Ekin[MeV]=19828.9  direction=(0.146352,0.757317,0.636437)  material=G4_Fe
	 --> #secondaries=34  impactParameter[fm]=0.439945  #projectileSpectatorNucleons=0  #targetSpectatorNucleons=56  #NNcollisions=1
	 Collision 565  projectile=kaon0L  Ekin[MeV]=4966.39  direction=(0.182292,0.797991,0.574439)  material=G4_W
	 --> #secondaries=39  impactParameter[fm]=1.72046  #projectileSpectatorNucleons=-1  #targetSpectatorNucleons=180  #NNcollisions=2
	 Collision 566  projectile=hypertriton  Ekin[MeV]=25714.4  direction=(0.126517,0.991123,0.0408536)  material=G4_Ar
	 --> #secondaries=16  impactParameter[fm]=6.53539  #projectileSpectatorNucleons=2  #targetSpectatorNucleons=38  #NNcollisions=2
	 Collision 567  projectile=hyperHe5  Ekin[MeV]=24483.6  direction=(0.152976,0.250367,0.955989)  material=G4_Pb
	 --> #secondaries=20  impactParameter[fm]=8.99802  #projectileSpectatorNucleons=3  #targetSpectatorNucleons=206  #NNcollisions=2
	 Collision 568  projectile=D-  Ekin[MeV]=15104.8  direction=(0.85823,0.512327,0.0310239)  material=G4_Be
	 --> #secondaries=11  impactParameter[fm]=0.884963  #projectileSpectatorNucleons=-1  #targetSpectatorNucleons=7  #NNcollisions=2
	 Collision 569  projectile=sigma+  Ekin[MeV]=6736.38  direction=(0.944887,0.322176,0.0582388)  material=G4_Be
	 --> #secondaries=9  impactParameter[fm]=0.80741  #projectileSpectatorNucleons=0  #targetSpectatorNucleons=6  #NNcollisions=2
	 Collision 570  projectile=kaon0L  Ekin[MeV]=18167.8  direction=(0.117184,0.727899,0.675596)  material=G4_He
	 --> #secondaries=9  impactParameter[fm]=1.63725  #projectileSpectatorNucleons=-1  #targetSpectatorNucleons=3  #NNcollisions=1
	 Collision 571  projectile=proton  Ekin[MeV]=12695.4  direction=(0.413453,0.714627,0.564238)  material=G4_H
	 --> #secondaries=5  impactParameter[fm]=0.556133  #projectileSpectatorNucleons=0  #targetSpectatorNucleons=0  #NNcollisions=1
	 Collision 572  projectile=pi-  Ekin[MeV]=17367.1  direction=(0.473591,0.679106,0.560826)  material=G4_Be
	 --> #secondaries=19  impactParameter[fm]=1.71254  #projectileSpectatorNucleons=-1  #targetSpectatorNucleons=7  #NNcollisions=2
	 Collision 573  projectile=anti_deuteron  Ekin[MeV]=1657.61  direction=(0.765748,0.21974,0.604438)  material=G4_W
	 --> #secondaries=33  impactParameter[fm]=7.86907  #projectileSpectatorNucleons=0  #targetSpectatorNucleons=183  #NNcollisions=2
	 Collision 574  projectile=Bc+  Ekin[MeV]=6782.21  direction=(0.95645,0.140526,0.255842)  material=G4_W
	 --> #secondaries=22  impactParameter[fm]=1.6997  #projectileSpectatorNucleons=-1  #targetSpectatorNucleons=183  #NNcollisions=1
	 Collision 575  projectile=proton  Ekin[MeV]=3418.71  direction=(0.542364,0.369731,0.754414)  material=G4_He
	 --> #secondaries=8  impactParameter[fm]=1.13223  #projectileSpectatorNucleons=0  #targetSpectatorNucleons=2  #NNcollisions=2
	 Collision 576  projectile=Bs0  Ekin[MeV]=26339.9  direction=(0.969427,0.237142,0.0630515)  material=G4_C
	 --> #secondaries=6  impactParameter[fm]=1.28704  #projectileSpectatorNucleons=-1  #targetSpectatorNucleons=11  #NNcollisions=1
	 Collision 577  projectile=D-  Ekin[MeV]=3529.5  direction=(0.961376,0.0555473,0.269575)  material=G4_He
	 --> #secondaries=4  impactParameter[fm]=2.61072  #projectileSpectatorNucleons=-1  #targetSpectatorNucleons=3  #NNcollisions=1
	 Collision 578  projectile=anti_Bs0  Ekin[MeV]=7107.24  direction=(0.626708,0.604704,0.491497)  material=G4_Ar
	 --> #secondaries=7  impactParameter[fm]=2.18502  #projectileSpectatorNucleons=-1  #targetSpectatorNucleons=39  #NNcollisions=0
	 Collision 579  projectile=xi_c+  Ekin[MeV]=26524.5  direction=(0.47873,0.0771859,0.874563)  material=G4_Pb
	 --> #secondaries=53  impactParameter[fm]=7.13273  #projectileSpectatorNucleons=0  #targetSpectatorNucleons=207  #NNcollisions=1
	 Collision 580  projectile=anti_xi_b-  Ekin[MeV]=4605.48  direction=(0.632528,0.619672,0.464667)  material=G4_Cu
	 --> #secondaries=23  impactParameter[fm]=4.13058  #projectileSpectatorNucleons=0  #targetSpectatorNucleons=60  #NNcollisions=1
	 Collision 581  projectile=anti_lambda_b  Ekin[MeV]=15354.8  direction=(0.392612,0.890623,0.229451)  material=G4_Be
	 --> #secondaries=9  impactParameter[fm]=1.63897  #projectileSpectatorNucleons=0  #targetSpectatorNucleons=8  #NNcollisions=1
	 Collision 582  projectile=Bc-  Ekin[MeV]=10142.7  direction=(0.354808,0.210389,0.91096)  material=G4_H
	 --> #secondaries=2  impactParameter[fm]=0.814714  #projectileSpectatorNucleons=-1  #targetSpectatorNucleons=0  #NNcollisions=1
	 Collision 583  projectile=anti_hyperHe5  Ekin[MeV]=2737.97  direction=(0.597427,0.618933,0.509904)  material=G4_Ar
	 --> #secondaries=21  impactParameter[fm]=5.03384  #projectileSpectatorNucleons=4  #targetSpectatorNucleons=38  #NNcollisions=1
	 Collision 584  projectile=Bc+  Ekin[MeV]=19431.4  direction=(0.813979,0.500288,0.295211)  material=G4_Al
	 --> #secondaries=7  impactParameter[fm]=2.58741  #projectileSpectatorNucleons=-1  #targetSpectatorNucleons=26  #NNcollisions=0
	 Collision 585  projectile=sigma-  Ekin[MeV]=10810.5  direction=(0.349907,0.308464,0.884542)  material=G4_Fe
	 --> #secondaries=44  impactParameter[fm]=3.50186  #projectileSpectatorNucleons=0  #targetSpectatorNucleons=53  #NNcollisions=3
	 Collision 586  projectile=sigma+  Ekin[MeV]=20441.8  direction=(0.255839,0.486445,0.835414)  material=G4_He
	 --> #secondaries=10  impactParameter[fm]=1.75165  #projectileSpectatorNucleons=0  #targetSpectatorNucleons=2  #NNcollisions=1
	 Collision 587  projectile=anti_omega_c0  Ekin[MeV]=15143.8  direction=(0.58622,0.249972,0.770623)  material=G4_Cu
	 --> #secondaries=28  impactParameter[fm]=3.19224  #projectileSpectatorNucleons=0  #targetSpectatorNucleons=63  #NNcollisions=2
	 Collision 588  projectile=B+  Ekin[MeV]=8189.77  direction=(0.321529,0.76928,0.552112)  material=G4_Be
	 --> #secondaries=6  impactParameter[fm]=3.07354  #projectileSpectatorNucleons=-1  #targetSpectatorNucleons=8  #NNcollisions=1
	 Collision 589  projectile=anti_hyperHe5  Ekin[MeV]=12899.8  direction=(0.618069,0.308433,0.72309)  material=G4_H
	 --> #secondaries=7  impactParameter[fm]=0.0423236  #projectileSpectatorNucleons=4  #targetSpectatorNucleons=1  #NNcollisions=1
	 Collision 590  projectile=neutron  Ekin[MeV]=15484.4  direction=(0.172723,0.723001,0.668907)  material=G4_H
	 --> #secondaries=4  impactParameter[fm]=0.442558  #projectileSpectatorNucleons=0  #targetSpectatorNucleons=0  #NNcollisions=1
	 Collision 591  projectile=anti_B0  Ekin[MeV]=29349.7  direction=(0.698585,0.198054,0.687571)  material=G4_Be
	 --> #secondaries=8  impactParameter[fm]=1.74118  #projectileSpectatorNucleons=-1  #targetSpectatorNucleons=8  #NNcollisions=1
	 Collision 592  projectile=kaon0S  Ekin[MeV]=1132.94  direction=(0.282772,0.70119,0.654501)  material=G4_Al
	 --> #secondaries=5  impactParameter[fm]=-999  #projectileSpectatorNucleons=-999  #targetSpectatorNucleons=-999  #NNcollisions=-999
	 Collision 593  projectile=xi_b-  Ekin[MeV]=5205.4  direction=(0.0475789,0.222117,0.973859)  material=G4_Ar
	 --> #secondaries=7  impactParameter[fm]=3.57872  #projectileSpectatorNucleons=0  #targetSpectatorNucleons=39  #NNcollisions=0
	 Collision 594  projectile=kaon+  Ekin[MeV]=1934.16  direction=(0.533059,0.367935,0.761887)  material=G4_He
	 --> #secondaries=6  impactParameter[fm]=-999  #projectileSpectatorNucleons=-999  #targetSpectatorNucleons=-999  #NNcollisions=-999
	 Collision 595  projectile=anti_xi_c0  Ekin[MeV]=24622.4  direction=(0.511878,0.5502,0.659743)  material=G4_Si
	 --> #secondaries=24  impactParameter[fm]=3.21454  #projectileSpectatorNucleons=0  #targetSpectatorNucleons=26  #NNcollisions=2
	 Collision 596  projectile=anti_neutron  Ekin[MeV]=7019.06  direction=(0.661493,0.727597,0.18174)  material=G4_Ar
	 --> #secondaries=23  impactParameter[fm]=4.50094  #projectileSpectatorNucleons=0  #targetSpectatorNucleons=39  #NNcollisions=1
	 Collision 597  projectile=anti_triton  Ekin[MeV]=17903.9  direction=(0.159817,0.947547,0.276792)  material=G4_C
	 --> #secondaries=21  impactParameter[fm]=1.89737  #projectileSpectatorNucleons=1  #targetSpectatorNucleons=10  #NNcollisions=3
	 Collision 598  projectile=D-  Ekin[MeV]=13890.8  direction=(0.520785,0.1328,0.843295)  material=G4_Al
	 --> #secondaries=12  impactParameter[fm]=1.8849  #projectileSpectatorNucleons=-1  #targetSpectatorNucleons=26  #NNcollisions=1
	 Collision 599  projectile=anti_doublehyperH4  Ekin[MeV]=28719.4  direction=(0.433769,0.841499,0.322063)  material=G4_Ar
	 --> #secondaries=14  impactParameter[fm]=6.25896  #projectileSpectatorNucleons=3  #targetSpectatorNucleons=39  #NNcollisions=1
	 Collision 600  projectile=anti_xi_c0  Ekin[MeV]=21923  direction=(0.00509793,0.294279,0.955706)  material=G4_Ar
	 --> #secondaries=15  impactParameter[fm]=3.49963  #projectileSpectatorNucleons=0  #targetSpectatorNucleons=39  #NNcollisions=1
	 	 List of produced secondaries: 
	 	 	 j=0	anti_sigma_c++	 p=(322.112,3702.22,8794.539857.79) MeV
	 	 	 j=1	pi+	 p=(120.674,110.393,211.88301.864) MeV
	 	 	 j=2	kaon0S	 p=(-514.025,666.995,3552.373684.57) MeV
	 	 	 j=3	neutron	 p=(-841.315,128.165,2044.322405.47) MeV
	 	 	 j=4	pi0	 p=(-41.9641,219.863,1160.011189.09) MeV
	 	 	 j=5	neutron	 p=(276.315,-249.433,-296.1691053.12) MeV
	 	 	 j=6	pi0	 p=(637.704,1995.64,5923.96284.91) MeV
	 	 	 j=7	pi+	 p=(373.331,242.375,1332.261411.57) MeV
	 	 	 j=8	P32	 p=(-289.129,510.616,142.80629782) MeV
	 	 	 j=9	proton	 p=(-68.1089,-45.9784,102.512947.426) MeV
	 	 	 j=10	alpha	 p=(22.8878,-133.605,171.8573733.8) MeV
	 	 	 j=11	neutron	 p=(122.793,-7.64288,53.5711949.099) MeV
	 	 	 j=12	gamma	 p=(-0.559527,2.14394,-3.511914.15248) MeV
	 	 	 j=13	gamma	 p=(2.66395,-0.239798,2.262513.5033) MeV
	 	 	 j=14	gamma	 p=(0.337867,0.0202455,0.3835020.511505) MeV
	 Collision 601  projectile=doublehyperdoubleneutron  Ekin[MeV]=27216.4  direction=(0.381216,0.510304,0.770886)  material=G4_Si
	 --> #secondaries=31  impactParameter[fm]=1.86012  #projectileSpectatorNucleons=0  #targetSpectatorNucleons=19  #NNcollisions=8
	 Collision 602  projectile=sigma+  Ekin[MeV]=17277.2  direction=(0.237097,0.901494,0.362067)  material=G4_C
	 --> #secondaries=12  impactParameter[fm]=1.54279  #projectileSpectatorNucleons=0  #targetSpectatorNucleons=10  #NNcollisions=2
	 Collision 603  projectile=anti_sigma+  Ekin[MeV]=5174.32  direction=(0.703536,0.613216,0.359171)  material=G4_C
	 --> #secondaries=9  impactParameter[fm]=1.80535  #projectileSpectatorNucleons=0  #targetSpectatorNucleons=10  #NNcollisions=1
	 Collision 604  projectile=kaon-  Ekin[MeV]=16863.7  direction=(0.400729,0.709858,0.579239)  material=G4_Fe
	 --> #secondaries=19  impactParameter[fm]=3.45616  #projectileSpectatorNucleons=-1  #targetSpectatorNucleons=55  #NNcollisions=1
	 Collision 605  projectile=Bs0  Ekin[MeV]=25209.7  direction=(0.439969,0.57892,0.686498)  material=G4_W
	 --> #secondaries=45  impactParameter[fm]=3.99079  #projectileSpectatorNucleons=-1  #targetSpectatorNucleons=183  #NNcollisions=3
	 Collision 606  projectile=anti_hyperHe5  Ekin[MeV]=12313.2  direction=(0.808852,0.305123,0.502652)  material=G4_Pb
	 --> #secondaries=50  impactParameter[fm]=8.18817  #projectileSpectatorNucleons=2  #targetSpectatorNucleons=205  #NNcollisions=1
	 Collision 607  projectile=kaon-  Ekin[MeV]=2740.05  direction=(0.578075,0.681253,0.449137)  material=G4_He
	 --> #secondaries=7  impactParameter[fm]=-999  #projectileSpectatorNucleons=-999  #targetSpectatorNucleons=-999  #NNcollisions=-999
	 Collision 608  projectile=anti_sigma-  Ekin[MeV]=26485.5  direction=(0.798803,0.565539,0.205135)  material=G4_W
	 --> #secondaries=15  impactParameter[fm]=6.85227  #projectileSpectatorNucleons=0  #targetSpectatorNucleons=182  #NNcollisions=1
	 Collision 609  projectile=Bs0  Ekin[MeV]=28039.7  direction=(0.0451241,0.649276,0.759213)  material=G4_Be
	 --> #secondaries=9  impactParameter[fm]=1.45767  #projectileSpectatorNucleons=-1  #targetSpectatorNucleons=8  #NNcollisions=1
	 Collision 610  projectile=proton  Ekin[MeV]=23507.1  direction=(0.108662,0.433138,0.894753)  material=G4_Be
	 --> #secondaries=11  impactParameter[fm]=3.52794  #projectileSpectatorNucleons=0  #targetSpectatorNucleons=8  #NNcollisions=1
	 Collision 611  projectile=sigma+  Ekin[MeV]=4014.87  direction=(0.159638,0.69215,0.703878)  material=G4_Pb
	 --> #secondaries=39  impactParameter[fm]=6.97485  #projectileSpectatorNucleons=0  #targetSpectatorNucleons=204  #NNcollisions=3
	 Collision 612  projectile=xi_c0  Ekin[MeV]=28036.5  direction=(0.73191,0.628646,0.262892)  material=G4_H
	 --> #secondaries=6  impactParameter[fm]=1.77537  #projectileSpectatorNucleons=0  #targetSpectatorNucleons=0  #NNcollisions=1
	 Collision 613  projectile=Ds+  Ekin[MeV]=28193.4  direction=(0.760977,0.641048,0.0998521)  material=G4_Al
	 --> #secondaries=15  impactParameter[fm]=1.79637  #projectileSpectatorNucleons=-1  #targetSpectatorNucleons=26  #NNcollisions=1
	 Collision 614  projectile=lambda_c+  Ekin[MeV]=20013  direction=(0.564306,0.653712,0.504202)  material=G4_Be
	 --> #secondaries=5  impactParameter[fm]=2.4161  #projectileSpectatorNucleons=0  #targetSpectatorNucleons=8  #NNcollisions=0
	 Collision 615  projectile=B0  Ekin[MeV]=24733  direction=(0.558635,0.782404,0.275265)  material=G4_Si
	 --> #secondaries=7  impactParameter[fm]=2.71424  #projectileSpectatorNucleons=-1  #targetSpectatorNucleons=27  #NNcollisions=1
	 Collision 616  projectile=Bc-  Ekin[MeV]=8608.03  direction=(0.615982,0.787574,0.0171114)  material=G4_Si
	 --> #secondaries=9  impactParameter[fm]=3.59387  #projectileSpectatorNucleons=-1  #targetSpectatorNucleons=27  #NNcollisions=0
	 Collision 617  projectile=lambda  Ekin[MeV]=3188.77  direction=(0.463681,0.78554,0.409789)  material=G4_Si
	 --> #secondaries=6  impactParameter[fm]=-999  #projectileSpectatorNucleons=-999  #targetSpectatorNucleons=-999  #NNcollisions=-999
	 Collision 618  projectile=omega_b-  Ekin[MeV]=13378.2  direction=(0.793422,0.145746,0.590965)  material=G4_Si
	 --> #secondaries=15  impactParameter[fm]=1.70314  #projectileSpectatorNucleons=0  #targetSpectatorNucleons=25  #NNcollisions=1
	 Collision 619  projectile=B0  Ekin[MeV]=6513.27  direction=(0.60795,0.509319,0.609091)  material=G4_H
	 --> #secondaries=4  impactParameter[fm]=1.42176  #projectileSpectatorNucleons=-1  #targetSpectatorNucleons=0  #NNcollisions=1
	 Collision 620  projectile=xi0  Ekin[MeV]=14944  direction=(0.0321511,0.968634,0.246405)  material=G4_W
	 --> #secondaries=39  impactParameter[fm]=7.45369  #projectileSpectatorNucleons=0  #targetSpectatorNucleons=180  #NNcollisions=2
	 Collision 621  projectile=anti_hyperHe5  Ekin[MeV]=24104.2  direction=(0.814268,0.0755016,0.575559)  material=G4_Fe
	 --> #secondaries=61  impactParameter[fm]=3.64038  #projectileSpectatorNucleons=0  #targetSpectatorNucleons=49  #NNcollisions=7
	 Collision 622  projectile=proton  Ekin[MeV]=26856.8  direction=(0.71981,0.616321,0.319408)  material=G4_C
	 --> #secondaries=4  impactParameter[fm]=2.14628  #projectileSpectatorNucleons=0  #targetSpectatorNucleons=11  #NNcollisions=0
	 Collision 623  projectile=Ds-  Ekin[MeV]=9645.67  direction=(0.450434,0.587401,0.672361)  material=G4_Be
	 --> #secondaries=4  impactParameter[fm]=1.17946  #projectileSpectatorNucleons=-1  #targetSpectatorNucleons=8  #NNcollisions=0
	 Collision 624  projectile=Bc+  Ekin[MeV]=12392.7  direction=(0.605439,0.741314,0.289649)  material=G4_Cu
	 --> #secondaries=8  impactParameter[fm]=2.13427  #projectileSpectatorNucleons=-1  #targetSpectatorNucleons=62  #NNcollisions=1
	 Collision 625  projectile=anti_xi_c0  Ekin[MeV]=5613.47  direction=(0.925751,0.352672,0.136412)  material=G4_W
	 --> #secondaries=25  impactParameter[fm]=5.39181  #projectileSpectatorNucleons=0  #targetSpectatorNucleons=180  #NNcollisions=1
	 Collision 626  projectile=sigma+  Ekin[MeV]=17309.6  direction=(0.749511,0.584531,0.310735)  material=G4_Fe
	 --> #secondaries=40  impactParameter[fm]=3.14213  #projectileSpectatorNucleons=0  #targetSpectatorNucleons=53  #NNcollisions=2
	 Collision 627  projectile=anti_xi0  Ekin[MeV]=25602.1  direction=(0.798859,0.311406,0.514636)  material=G4_H
	 --> #secondaries=3  impactParameter[fm]=1.50697  #projectileSpectatorNucleons=0  #targetSpectatorNucleons=1  #NNcollisions=1
	 Collision 628  projectile=D0  Ekin[MeV]=25813.6  direction=(0.167347,0.0911433,0.981676)  material=G4_Be
	 --> #secondaries=10  impactParameter[fm]=1.83386  #projectileSpectatorNucleons=-1  #targetSpectatorNucleons=8  #NNcollisions=1
	 Collision 629  projectile=xi-  Ekin[MeV]=26549.9  direction=(0.753101,0.482288,0.44748)  material=G4_Si
	 --> #secondaries=14  impactParameter[fm]=2.2648  #projectileSpectatorNucleons=0  #targetSpectatorNucleons=26  #NNcollisions=1
	 Collision 630  projectile=anti_D0  Ekin[MeV]=20385  direction=(0.648469,0.536994,0.53956)  material=G4_Si
	 --> #secondaries=12  impactParameter[fm]=2.30179  #projectileSpectatorNucleons=-1  #targetSpectatorNucleons=26  #NNcollisions=2
	 Collision 631  projectile=xi_c0  Ekin[MeV]=22093.9  direction=(0.597226,0.482094,0.641019)  material=G4_Pb
	 --> #secondaries=100  impactParameter[fm]=1.42564  #projectileSpectatorNucleons=0  #targetSpectatorNucleons=202  #NNcollisions=5
	 Collision 632  projectile=D+  Ekin[MeV]=6423.62  direction=(0.89976,0.0037636,0.436368)  material=G4_C
	 --> #secondaries=8  impactParameter[fm]=3.17007  #projectileSpectatorNucleons=-1  #targetSpectatorNucleons=11  #NNcollisions=1
	 Collision 633  projectile=xi-  Ekin[MeV]=6931.81  direction=(0.587924,0.727141,0.354417)  material=G4_He
	 --> #secondaries=5  impactParameter[fm]=1.72819  #projectileSpectatorNucleons=0  #targetSpectatorNucleons=3  #NNcollisions=1
	 Collision 634  projectile=anti_triton  Ekin[MeV]=12235.5  direction=(0.420608,0.60391,0.677039)  material=G4_Cu
	 --> #secondaries=60  impactParameter[fm]=2.27014  #projectileSpectatorNucleons=0  #targetSpectatorNucleons=62  #NNcollisions=3
	 Collision 635  projectile=anti_sigma+  Ekin[MeV]=11925.6  direction=(0.696784,0.137879,0.703904)  material=G4_He
	 --> #secondaries=12  impactParameter[fm]=0.798136  #projectileSpectatorNucleons=0  #targetSpectatorNucleons=2  #NNcollisions=2
	 Collision 636  projectile=omega_c0  Ekin[MeV]=3803.29  direction=(0.506204,0.48333,0.714248)  material=G4_Be
	 --> #secondaries=4  impactParameter[fm]=2.02742  #projectileSpectatorNucleons=0  #targetSpectatorNucleons=8  #NNcollisions=0
	 Collision 637  projectile=B-  Ekin[MeV]=16649.4  direction=(0.607074,0.713752,0.349313)  material=G4_Al
	 --> #secondaries=13  impactParameter[fm]=0.17157  #projectileSpectatorNucleons=-1  #targetSpectatorNucleons=24  #NNcollisions=1
	 Collision 638  projectile=kaon0L  Ekin[MeV]=9046.6  direction=(0.652609,0.659141,0.373676)  material=G4_Be
	 --> #secondaries=10  impactParameter[fm]=3.24523  #projectileSpectatorNucleons=-1  #targetSpectatorNucleons=8  #NNcollisions=1
	 Collision 639  projectile=anti_D0  Ekin[MeV]=26174.2  direction=(0.379623,0.924852,0.0231495)  material=G4_C
	 --> #secondaries=5  impactParameter[fm]=0.592925  #projectileSpectatorNucleons=-1  #targetSpectatorNucleons=11  #NNcollisions=0
	 Collision 640  projectile=anti_triton  Ekin[MeV]=3482.96  direction=(0.98781,0.150693,0.0390306)  material=G4_Ar
	 --> #secondaries=11  impactParameter[fm]=5.51547  #projectileSpectatorNucleons=2  #targetSpectatorNucleons=39  #NNcollisions=0
	 Collision 641  projectile=doublehyperdoubleneutron  Ekin[MeV]=16940.6  direction=(0.618496,0.663245,0.421389)  material=G4_Si
	 --> #secondaries=32  impactParameter[fm]=1.70915  #projectileSpectatorNucleons=1  #targetSpectatorNucleons=19  #NNcollisions=5
	 Collision 642  projectile=kaon0L  Ekin[MeV]=23769.6  direction=(0.608814,0.669081,0.426235)  material=G4_Ar
	 --> #secondaries=6  impactParameter[fm]=3.87994  #projectileSpectatorNucleons=-1  #targetSpectatorNucleons=39  #NNcollisions=0
	 Collision 643  projectile=xi_b0  Ekin[MeV]=8588.18  direction=(0.645839,0.660126,0.38357)  material=G4_C
	 --> #secondaries=4  impactParameter[fm]=2.89251  #projectileSpectatorNucleons=0  #targetSpectatorNucleons=11  #NNcollisions=0
	 Collision 644  projectile=anti_triton  Ekin[MeV]=4023.68  direction=(0.627697,0.0386841,0.777496)  material=G4_Fe
	 --> #secondaries=28  impactParameter[fm]=5.11375  #projectileSpectatorNucleons=1  #targetSpectatorNucleons=53  #NNcollisions=2
	 Collision 645  projectile=anti_Bs0  Ekin[MeV]=20632.3  direction=(0.52439,0.171787,0.833969)  material=G4_Al
	 --> #secondaries=15  impactParameter[fm]=3.55702  #projectileSpectatorNucleons=-1  #targetSpectatorNucleons=26  #NNcollisions=1
	 Collision 646  projectile=omega_b-  Ekin[MeV]=3754.64  direction=(0.666424,0.0910969,0.739987)  material=G4_C
	 --> #secondaries=5  impactParameter[fm]=2.51893  #projectileSpectatorNucleons=0  #targetSpectatorNucleons=11  #NNcollisions=0
	 Collision 647  projectile=anti_triton  Ekin[MeV]=11780  direction=(0.507157,0.67464,0.536333)  material=G4_Cu
	 --> #secondaries=35  impactParameter[fm]=6.02441  #projectileSpectatorNucleons=1  #targetSpectatorNucleons=64  #NNcollisions=2
	 Collision 648  projectile=anti_neutron  Ekin[MeV]=1871.44  direction=(0.343668,0.869082,0.355793)  material=G4_H
	 --> #secondaries=2  impactParameter[fm]=1.42864  #projectileSpectatorNucleons=0  #targetSpectatorNucleons=1  #NNcollisions=1
	 Collision 649  projectile=Ds+  Ekin[MeV]=8646.12  direction=(0.763813,0.496357,0.412577)  material=G4_He
	 --> #secondaries=7  impactParameter[fm]=2.64447  #projectileSpectatorNucleons=-1  #targetSpectatorNucleons=3  #NNcollisions=1
	 Collision 650  projectile=anti_xi_c0  Ekin[MeV]=2127.06  direction=(0.010854,0.518497,0.855011)  material=G4_Ar
	 --> #secondaries=9  impactParameter[fm]=4.16534  #projectileSpectatorNucleons=0  #targetSpectatorNucleons=39  #NNcollisions=0
	 Collision 651  projectile=hyperH4  Ekin[MeV]=9973.08  direction=(0.443749,0.562368,0.697732)  material=G4_Pb
	 --> #secondaries=30  impactParameter[fm]=7.5696  #projectileSpectatorNucleons=1  #targetSpectatorNucleons=206  #NNcollisions=3
	 Collision 652  projectile=anti_xi_c0  Ekin[MeV]=28075.4  direction=(0.500022,0.446358,0.74212)  material=G4_Si
	 --> #secondaries=23  impactParameter[fm]=1.41677  #projectileSpectatorNucleons=0  #targetSpectatorNucleons=27  #NNcollisions=1
	 Collision 653  projectile=anti_D0  Ekin[MeV]=5689  direction=(0.570225,0.234735,0.787237)  material=G4_Ar
	 --> #secondaries=12  impactParameter[fm]=2.62327  #projectileSpectatorNucleons=-1  #targetSpectatorNucleons=39  #NNcollisions=0
	 Collision 654  projectile=proton  Ekin[MeV]=22387.6  direction=(0.764425,0.626289,0.153024)  material=G4_H
	 --> #secondaries=8  impactParameter[fm]=0.0834224  #projectileSpectatorNucleons=0  #targetSpectatorNucleons=0  #NNcollisions=1
	 Collision 655  projectile=hyperalpha  Ekin[MeV]=28395.6  direction=(0.829851,0.542625,0.13002)  material=G4_Al
	 --> #secondaries=11  impactParameter[fm]=5.60879  #projectileSpectatorNucleons=3  #targetSpectatorNucleons=26  #NNcollisions=0
	 Collision 656  projectile=He3  Ekin[MeV]=5887.78  direction=(0.269568,0.623049,0.734263)  material=G4_Be
	 --> #secondaries=18  impactParameter[fm]=-999  #projectileSpectatorNucleons=-999  #targetSpectatorNucleons=-999  #NNcollisions=-999
	 Collision 657  projectile=anti_xi_b0  Ekin[MeV]=8659.61  direction=(0.226696,0.243038,0.943155)  material=G4_H
	 --> #secondaries=3  impactParameter[fm]=1.21763  #projectileSpectatorNucleons=0  #targetSpectatorNucleons=0  #NNcollisions=1
	 Collision 658  projectile=anti_hypertriton  Ekin[MeV]=22308.2  direction=(0.88015,0.219842,0.420721)  material=G4_He
	 --> #secondaries=15  impactParameter[fm]=3.68157  #projectileSpectatorNucleons=1  #targetSpectatorNucleons=3  #NNcollisions=2
	 Collision 659  projectile=anti_xi-  Ekin[MeV]=17228.4  direction=(0.0910781,0.992374,0.0830545)  material=G4_Be
	 --> #secondaries=13  impactParameter[fm]=1.99615  #projectileSpectatorNucleons=0  #targetSpectatorNucleons=8  #NNcollisions=2
	 Collision 660  projectile=xi_c+  Ekin[MeV]=13920.8  direction=(0.89481,0.0263901,0.445667)  material=G4_W
	 --> #secondaries=12  impactParameter[fm]=8.68689  #projectileSpectatorNucleons=0  #targetSpectatorNucleons=181  #NNcollisions=1
	 Collision 661  projectile=anti_lambda_b  Ekin[MeV]=24707.6  direction=(0.0685244,0.796372,0.600913)  material=G4_Si
	 --> #secondaries=15  impactParameter[fm]=3.07912  #projectileSpectatorNucleons=0  #targetSpectatorNucleons=27  #NNcollisions=1
	 Collision 662  projectile=hyperalpha  Ekin[MeV]=23072.4  direction=(0.0558952,0.237813,0.969701)  material=G4_C
	 --> #secondaries=11  impactParameter[fm]=3.43874  #projectileSpectatorNucleons=3  #targetSpectatorNucleons=11  #NNcollisions=1
	 Collision 663  projectile=xi0  Ekin[MeV]=19207  direction=(0.72571,0.686051,0.0517627)  material=G4_C
	 --> #secondaries=6  impactParameter[fm]=1.88191  #projectileSpectatorNucleons=0  #targetSpectatorNucleons=10  #NNcollisions=0
	 Collision 664  projectile=pi+  Ekin[MeV]=23501.1  direction=(0.723612,0.0236089,0.689803)  material=G4_He
	 --> #secondaries=10  impactParameter[fm]=0.961786  #projectileSpectatorNucleons=-1  #targetSpectatorNucleons=3  #NNcollisions=1
	 Collision 665  projectile=anti_xi_c0  Ekin[MeV]=8936.78  direction=(0.779364,0.307049,0.546181)  material=G4_Pb
	 --> #secondaries=59  impactParameter[fm]=3.76835  #projectileSpectatorNucleons=0  #targetSpectatorNucleons=203  #NNcollisions=4
	 Collision 666  projectile=anti_D0  Ekin[MeV]=29343.8  direction=(0.430004,0.862776,0.26592)  material=G4_W
	 --> #secondaries=27  impactParameter[fm]=4.07664  #projectileSpectatorNucleons=-1  #targetSpectatorNucleons=182  #NNcollisions=0
	 Collision 667  projectile=anti_triton  Ekin[MeV]=12669.6  direction=(0.205878,0.707085,0.676495)  material=G4_Al
	 --> #secondaries=19  impactParameter[fm]=4.58344  #projectileSpectatorNucleons=2  #targetSpectatorNucleons=26  #NNcollisions=1
	 Collision 668  projectile=xi_b-  Ekin[MeV]=3293.02  direction=(0.342035,0.640413,0.687665)  material=G4_Ar
	 --> #secondaries=19  impactParameter[fm]=3.35849  #projectileSpectatorNucleons=0  #targetSpectatorNucleons=38  #NNcollisions=2
	 Collision 669  projectile=lambda_b  Ekin[MeV]=27173.6  direction=(0.356894,0.650452,0.670477)  material=G4_Fe
	 --> #secondaries=13  impactParameter[fm]=4.87276  #projectileSpectatorNucleons=0  #targetSpectatorNucleons=54  #NNcollisions=1
	 Collision 670  projectile=anti_xi-  Ekin[MeV]=9845.83  direction=(0.884489,0.254871,0.390794)  material=G4_Pb
	 --> #secondaries=89  impactParameter[fm]=3.60081  #projectileSpectatorNucleons=0  #targetSpectatorNucleons=202  #NNcollisions=5
	 Collision 671  projectile=anti_lambda_b  Ekin[MeV]=13110.1  direction=(0.0760168,0.813235,0.576949)  material=G4_Al
	 --> #secondaries=12  impactParameter[fm]=0.398247  #projectileSpectatorNucleons=0  #targetSpectatorNucleons=26  #NNcollisions=1
	 Collision 672  projectile=anti_hyperalpha  Ekin[MeV]=11924.9  direction=(0.560553,0.658658,0.501946)  material=G4_H
	 --> #secondaries=5  impactParameter[fm]=1.51871  #projectileSpectatorNucleons=3  #targetSpectatorNucleons=0  #NNcollisions=1
	 Collision 673  projectile=anti_Bs0  Ekin[MeV]=18962.6  direction=(0.0831566,0.113224,0.990084)  material=G4_Ar
	 --> #secondaries=10  impactParameter[fm]=3.80219  #projectileSpectatorNucleons=-1  #targetSpectatorNucleons=39  #NNcollisions=1
	 Collision 674  projectile=triton  Ekin[MeV]=10356.2  direction=(0.999676,0.0226767,0.0115701)  material=G4_C
	 --> #secondaries=10  impactParameter[fm]=-999  #projectileSpectatorNucleons=-999  #targetSpectatorNucleons=-999  #NNcollisions=-999
	 Collision 675  projectile=anti_neutron  Ekin[MeV]=13759.7  direction=(0.754017,0.653931,0.0619086)  material=G4_Cu
	 --> #secondaries=16  impactParameter[fm]=4.71091  #projectileSpectatorNucleons=0  #targetSpectatorNucleons=65  #NNcollisions=1
	 Collision 676  projectile=deuteron  Ekin[MeV]=1442.44  direction=(0.180644,0.470141,0.863907)  material=G4_Si
	 --> #secondaries=12  impactParameter[fm]=-999  #projectileSpectatorNucleons=-999  #targetSpectatorNucleons=-999  #NNcollisions=-999
	 Collision 677  projectile=anti_triton  Ekin[MeV]=14729  direction=(0.299514,0.23178,0.925511)  material=G4_W
	 --> #secondaries=133  impactParameter[fm]=1.69256  #projectileSpectatorNucleons=0  #targetSpectatorNucleons=182  #NNcollisions=3
	 Collision 678  projectile=anti_neutron  Ekin[MeV]=10284  direction=(0.200703,0.791381,0.577438)  material=G4_Ar
	 --> #secondaries=25  impactParameter[fm]=2.20237  #projectileSpectatorNucleons=0  #targetSpectatorNucleons=38  #NNcollisions=1
	 Collision 679  projectile=anti_D0  Ekin[MeV]=14258.6  direction=(0.506621,0.526419,0.682802)  material=G4_W
	 --> #secondaries=61  impactParameter[fm]=4.38989  #projectileSpectatorNucleons=-1  #targetSpectatorNucleons=182  #NNcollisions=4
	 Collision 680  projectile=anti_omega_b-  Ekin[MeV]=11903.9  direction=(0.123651,0.655666,0.744857)  material=G4_Pb
	 --> #secondaries=14  impactParameter[fm]=9.48102  #projectileSpectatorNucleons=0  #targetSpectatorNucleons=207  #NNcollisions=1
	 Collision 681  projectile=hyperalpha  Ekin[MeV]=10151.1  direction=(0.754487,0.441781,0.485364)  material=G4_Fe
	 --> #secondaries=43  impactParameter[fm]=2.86858  #projectileSpectatorNucleons=0  #targetSpectatorNucleons=43  #NNcollisions=3
	 Collision 682  projectile=xi-  Ekin[MeV]=11907.5  direction=(0.878958,0.379565,0.288728)  material=G4_Al
	 --> #secondaries=20  impactParameter[fm]=2.04732  #projectileSpectatorNucleons=0  #targetSpectatorNucleons=24  #NNcollisions=2
	 Collision 683  projectile=anti_triton  Ekin[MeV]=26167.9  direction=(0.563679,0.371849,0.73756)  material=G4_He
	 --> #secondaries=14  impactParameter[fm]=2.53476  #projectileSpectatorNucleons=1  #targetSpectatorNucleons=3  #NNcollisions=3
	 Collision 684  projectile=xi_c+  Ekin[MeV]=17452.6  direction=(0.443597,0.83526,0.324903)  material=G4_C
	 --> #secondaries=9  impactParameter[fm]=2.53511  #projectileSpectatorNucleons=0  #targetSpectatorNucleons=11  #NNcollisions=1
	 Collision 685  projectile=lambda_c+  Ekin[MeV]=1067.54  direction=(0.674453,0.699453,0.236387)  material=G4_Fe
	 --> #secondaries=9  impactParameter[fm]=4.00569  #projectileSpectatorNucleons=0  #targetSpectatorNucleons=54  #NNcollisions=0
	 Collision 686  projectile=anti_hyperalpha  Ekin[MeV]=16863.6  direction=(0.0314461,0.798537,0.601124)  material=G4_W
	 --> #secondaries=42  impactParameter[fm]=7.79229  #projectileSpectatorNucleons=2  #targetSpectatorNucleons=183  #NNcollisions=2
	 Collision 687  projectile=anti_alpha  Ekin[MeV]=18582.1  direction=(0.864842,0.379681,0.328468)  material=G4_Pb
	 --> #secondaries=122  impactParameter[fm]=5.65824  #projectileSpectatorNucleons=0  #targetSpectatorNucleons=201  #NNcollisions=6
	 Collision 688  projectile=sigma+  Ekin[MeV]=22236.6  direction=(0.860926,0.305544,0.406755)  material=G4_Fe
	 --> #secondaries=49  impactParameter[fm]=4.09404  #projectileSpectatorNucleons=0  #targetSpectatorNucleons=53  #NNcollisions=3
	 Collision 689  projectile=anti_hyperalpha  Ekin[MeV]=8953.1  direction=(0.169161,0.714698,0.678669)  material=G4_Pb
	 --> #secondaries=134  impactParameter[fm]=3.55685  #projectileSpectatorNucleons=0  #targetSpectatorNucleons=204  #NNcollisions=4
	 Collision 690  projectile=omega-  Ekin[MeV]=28843.2  direction=(0.896946,0.0391859,0.4404)  material=G4_He
	 --> #secondaries=6  impactParameter[fm]=1.66107  #projectileSpectatorNucleons=0  #targetSpectatorNucleons=3  #NNcollisions=1
	 Collision 691  projectile=hyperH4  Ekin[MeV]=15986.6  direction=(0.00425338,0.286505,0.958069)  material=G4_Ar
	 --> #secondaries=25  impactParameter[fm]=4.45605  #projectileSpectatorNucleons=1  #targetSpectatorNucleons=38  #NNcollisions=3
	 Collision 692  projectile=doublehyperH4  Ekin[MeV]=5234.39  direction=(0.466952,0.394581,0.791367)  material=G4_Al
	 --> #secondaries=9  impactParameter[fm]=6.1065  #projectileSpectatorNucleons=3  #targetSpectatorNucleons=26  #NNcollisions=0
	 Collision 693  projectile=hypertriton  Ekin[MeV]=2036.51  direction=(0.981907,0.183985,0.0448147)  material=G4_Cu
	 --> #secondaries=15  impactParameter[fm]=5.61259  #projectileSpectatorNucleons=2  #targetSpectatorNucleons=63  #NNcollisions=0
	 Collision 694  projectile=lambda_c+  Ekin[MeV]=15838.1  direction=(0.552169,0.527936,0.645285)  material=G4_W
	 --> #secondaries=77  impactParameter[fm]=5.63579  #projectileSpectatorNucleons=0  #targetSpectatorNucleons=179  #NNcollisions=5
	 Collision 695  projectile=doublehyperdoubleneutron  Ekin[MeV]=17831.7  direction=(0.943125,0.167661,0.287061)  material=G4_Cu
	 --> #secondaries=63  impactParameter[fm]=0.405627  #projectileSpectatorNucleons=0  #targetSpectatorNucleons=41  #NNcollisions=7
	 Collision 696  projectile=doublehyperH4  Ekin[MeV]=5235.66  direction=(0.641062,0.107473,0.759927)  material=G4_Be
	 --> #secondaries=12  impactParameter[fm]=1.65113  #projectileSpectatorNucleons=0  #targetSpectatorNucleons=3  #NNcollisions=1
	 Collision 697  projectile=lambda_c+  Ekin[MeV]=24753.7  direction=(0.597374,0.708017,0.376638)  material=G4_He
	 --> #secondaries=8  impactParameter[fm]=1.09988  #projectileSpectatorNucleons=0  #targetSpectatorNucleons=3  #NNcollisions=1
	 Collision 698  projectile=kaon0S  Ekin[MeV]=19055.6  direction=(0.519221,0.530245,0.670261)  material=G4_H
	 --> #secondaries=9  impactParameter[fm]=0.885859  #projectileSpectatorNucleons=-1  #targetSpectatorNucleons=0  #NNcollisions=1
	 Collision 699  projectile=doublehyperH4  Ekin[MeV]=4460.48  direction=(0.267914,0.359022,0.89405)  material=G4_Be
	 --> #secondaries=5  impactParameter[fm]=4.96534  #projectileSpectatorNucleons=3  #targetSpectatorNucleons=8  #NNcollisions=0
	 Collision 700  projectile=sigma-  Ekin[MeV]=5655.03  direction=(0.63089,0.240531,0.737646)  material=G4_H
	 --> #secondaries=6  impactParameter[fm]=1.93326  #projectileSpectatorNucleons=0  #targetSpectatorNucleons=0  #NNcollisions=1
	 	 List of produced secondaries: 
	 	 	 j=0	sigma0	 p=(2806.1,1015.88,3939.865084.4) MeV
	 	 	 j=1	proton	 p=(709.116,295.542,462.4611297.85) MeV
	 	 	 j=2	pi-	 p=(169.556,119.545,288.052381.437) MeV
	 	 	 j=3	pi-	 p=(-10.6079,154.594,-107.601234.669) MeV
	 	 	 j=4	pi0	 p=(468.521,23.9941,364.585609.285) MeV
	 	 	 j=5	pi+	 p=(113.934,13.3112,29.5395183.059) MeV
	 Collision 701  projectile=xi0  Ekin[MeV]=24980.4  direction=(0.916223,0.330652,0.226286)  material=G4_Ar
	 --> #secondaries=30  impactParameter[fm]=1.59282  #projectileSpectatorNucleons=0  #targetSpectatorNucleons=38  #NNcollisions=1
	 Collision 702  projectile=hyperH4  Ekin[MeV]=12985.4  direction=(0.576352,0.490988,0.65326)  material=G4_Cu
	 --> #secondaries=26  impactParameter[fm]=3.93785  #projectileSpectatorNucleons=0  #targetSpectatorNucleons=61  #NNcollisions=3
	 Collision 703  projectile=Bc-  Ekin[MeV]=18573.7  direction=(0.702821,0.513063,0.492756)  material=G4_He
	 --> #secondaries=4  impactParameter[fm]=1.39091  #projectileSpectatorNucleons=-1  #targetSpectatorNucleons=3  #NNcollisions=0
	 Collision 704  projectile=xi_c+  Ekin[MeV]=10252.5  direction=(0.638419,0.239501,0.731478)  material=G4_Al
	 --> #secondaries=6  impactParameter[fm]=2.34793  #projectileSpectatorNucleons=0  #targetSpectatorNucleons=26  #NNcollisions=0
	 Collision 705  projectile=anti_B0  Ekin[MeV]=1855.91  direction=(0.565018,0.699126,0.438152)  material=G4_C
	 --> #secondaries=6  impactParameter[fm]=1.1573  #projectileSpectatorNucleons=-1  #targetSpectatorNucleons=10  #NNcollisions=1
	 Collision 706  projectile=D-  Ekin[MeV]=5554.87  direction=(0.936921,0.0953816,0.336276)  material=G4_C
	 --> #secondaries=8  impactParameter[fm]=2.11234  #projectileSpectatorNucleons=-1  #targetSpectatorNucleons=10  #NNcollisions=2
	 Collision 707  projectile=anti_xi0  Ekin[MeV]=8960.83  direction=(0.688762,0.335221,0.642832)  material=G4_Si
	 --> #secondaries=18  impactParameter[fm]=0.788262  #projectileSpectatorNucleons=0  #targetSpectatorNucleons=27  #NNcollisions=1
	 Collision 708  projectile=anti_D0  Ekin[MeV]=7290.11  direction=(0.658947,0.752027,0.0156575)  material=G4_Si
	 --> #secondaries=12  impactParameter[fm]=2.69038  #projectileSpectatorNucleons=-1  #targetSpectatorNucleons=26  #NNcollisions=2
	 Collision 709  projectile=D0  Ekin[MeV]=13095.8  direction=(0.0441734,0.849708,0.525401)  material=G4_Si
	 --> #secondaries=16  impactParameter[fm]=2.72827  #projectileSpectatorNucleons=-1  #targetSpectatorNucleons=26  #NNcollisions=2
	 Collision 710  projectile=anti_neutron  Ekin[MeV]=10879.5  direction=(0.485749,0.558265,0.672598)  material=G4_W
	 --> #secondaries=58  impactParameter[fm]=4.72239  #projectileSpectatorNucleons=0  #targetSpectatorNucleons=186  #NNcollisions=1
	 Collision 711  projectile=anti_omega_c0  Ekin[MeV]=12671.6  direction=(0.965642,0.155808,0.20799)  material=G4_C
	 --> #secondaries=18  impactParameter[fm]=1.21539  #projectileSpectatorNucleons=0  #targetSpectatorNucleons=10  #NNcollisions=2
	 Collision 712  projectile=anti_neutron  Ekin[MeV]=2176.97  direction=(0.631886,0.416419,0.653694)  material=G4_Fe
	 --> #secondaries=23  impactParameter[fm]=3.74915  #projectileSpectatorNucleons=0  #targetSpectatorNucleons=54  #NNcollisions=1
	 Collision 713  projectile=hyperHe5  Ekin[MeV]=25050.7  direction=(0.712726,0.275982,0.644868)  material=G4_Al
	 --> #secondaries=25  impactParameter[fm]=3.40159  #projectileSpectatorNucleons=1  #targetSpectatorNucleons=24  #NNcollisions=4
	 Collision 714  projectile=anti_hyperH4  Ekin[MeV]=16235.3  direction=(0.673221,0.535231,0.510197)  material=G4_Cu
	 --> #secondaries=59  impactParameter[fm]=2.69095  #projectileSpectatorNucleons=0  #targetSpectatorNucleons=61  #NNcollisions=5
	 Collision 715  projectile=D-  Ekin[MeV]=28634.6  direction=(0.252114,0.931258,0.263053)  material=G4_Cu
	 --> #secondaries=16  impactParameter[fm]=3.66466  #projectileSpectatorNucleons=-1  #targetSpectatorNucleons=62  #NNcollisions=1
	 Collision 716  projectile=neutron  Ekin[MeV]=1086.14  direction=(0.38227,0.542029,0.748381)  material=G4_W
	 --> #secondaries=33  impactParameter[fm]=-999  #projectileSpectatorNucleons=-999  #targetSpectatorNucleons=-999  #NNcollisions=-999
	 Collision 717  projectile=anti_omega-  Ekin[MeV]=12098.4  direction=(0.485431,0.854943,0.182836)  material=G4_Pb
	 --> #secondaries=111  impactParameter[fm]=3.95622  #projectileSpectatorNucleons=0  #targetSpectatorNucleons=204  #NNcollisions=2
	 Collision 718  projectile=B0  Ekin[MeV]=19086.4  direction=(0.52713,0.625819,0.574878)  material=G4_C
	 --> #secondaries=9  impactParameter[fm]=2.00785  #projectileSpectatorNucleons=-1  #targetSpectatorNucleons=10  #NNcollisions=2
	 Collision 719  projectile=doublehyperdoubleneutron  Ekin[MeV]=28497.1  direction=(0.598069,0.664323,0.448318)  material=G4_Si
	 --> #secondaries=15  impactParameter[fm]=4.3095  #projectileSpectatorNucleons=3  #targetSpectatorNucleons=27  #NNcollisions=1
	 Collision 720  projectile=Bs0  Ekin[MeV]=28621.4  direction=(0.0179364,0.0390256,0.999077)  material=G4_Si
	 --> #secondaries=9  impactParameter[fm]=2.92341  #projectileSpectatorNucleons=-1  #targetSpectatorNucleons=29  #NNcollisions=1
	 Collision 721  projectile=anti_omega_b-  Ekin[MeV]=21731.9  direction=(0.722579,0.663823,0.19292)  material=G4_Be
	 --> #secondaries=7  impactParameter[fm]=0.708184  #projectileSpectatorNucleons=0  #targetSpectatorNucleons=7  #NNcollisions=1
	 Collision 722  projectile=xi0  Ekin[MeV]=9747.04  direction=(0.786848,0.356898,0.503482)  material=G4_He
	 --> #secondaries=8  impactParameter[fm]=1.40531  #projectileSpectatorNucleons=0  #targetSpectatorNucleons=2  #NNcollisions=1
	 Collision 723  projectile=anti_sigma-  Ekin[MeV]=13560.8  direction=(0.652194,0.337658,0.678698)  material=G4_Si
	 --> #secondaries=14  impactParameter[fm]=3.40643  #projectileSpectatorNucleons=0  #targetSpectatorNucleons=27  #NNcollisions=1
	 Collision 724  projectile=xi-  Ekin[MeV]=6134.06  direction=(0.531206,0.234603,0.814114)  material=G4_Fe
	 --> #secondaries=29  impactParameter[fm]=1.33302  #projectileSpectatorNucleons=0  #targetSpectatorNucleons=52  #NNcollisions=3
	 Collision 725  projectile=kaon0L  Ekin[MeV]=7387.06  direction=(0.512838,0.557555,0.652786)  material=G4_Al
	 --> #secondaries=19  impactParameter[fm]=2.01227  #projectileSpectatorNucleons=-1  #targetSpectatorNucleons=24  #NNcollisions=2
	 Collision 726  projectile=anti_hyperalpha  Ekin[MeV]=24161.7  direction=(0.697113,0.403046,0.592947)  material=G4_Cu
	 --> #secondaries=71  impactParameter[fm]=2.25564  #projectileSpectatorNucleons=0  #targetSpectatorNucleons=62  #NNcollisions=6
	 Collision 727  projectile=D0  Ekin[MeV]=26373.4  direction=(0.365402,0.590098,0.719907)  material=G4_Ar
	 --> #secondaries=37  impactParameter[fm]=1.71357  #projectileSpectatorNucleons=-1  #targetSpectatorNucleons=36  #NNcollisions=4
	 Collision 728  projectile=anti_sigma+  Ekin[MeV]=3381.22  direction=(0.0759792,0.243201,0.966995)  material=G4_Pb
	 --> #secondaries=78  impactParameter[fm]=2.38652  #projectileSpectatorNucleons=0  #targetSpectatorNucleons=206  #NNcollisions=1
	 Collision 729  projectile=lambda_c+  Ekin[MeV]=9445.59  direction=(0.744906,0.648156,0.158144)  material=G4_Si
	 --> #secondaries=20  impactParameter[fm]=2.32977  #projectileSpectatorNucleons=0  #targetSpectatorNucleons=23  #NNcollisions=5
	 Collision 730  projectile=anti_omega-  Ekin[MeV]=28789.2  direction=(0.698542,0.349961,0.624153)  material=G4_He
	 --> #secondaries=6  impactParameter[fm]=0.569529  #projectileSpectatorNucleons=0  #targetSpectatorNucleons=2  #NNcollisions=1
	 Collision 731  projectile=anti_hyperalpha  Ekin[MeV]=24491.6  direction=(0.849244,0.116672,0.514949)  material=G4_Fe
	 --> #secondaries=49  impactParameter[fm]=4.04971  #projectileSpectatorNucleons=1  #targetSpectatorNucleons=52  #NNcollisions=6
	 Collision 732  projectile=anti_xi0  Ekin[MeV]=18637.7  direction=(0.677693,0.604005,0.419416)  material=G4_Al
	 --> #secondaries=16  impactParameter[fm]=5.18411  #projectileSpectatorNucleons=0  #targetSpectatorNucleons=26  #NNcollisions=1
	 Collision 733  projectile=anti_doublehyperdoubleneutron  Ekin[MeV]=1574.24  direction=(0.269553,0.655161,0.705766)  material=G4_C
	 --> #secondaries=21  impactParameter[fm]=1.95085  #projectileSpectatorNucleons=0  #targetSpectatorNucleons=9  #NNcollisions=4
	 Collision 734  projectile=anti_doublehyperH4  Ekin[MeV]=15878.1  direction=(0.564728,0.674675,0.475284)  material=G4_Ar
	 --> #secondaries=49  impactParameter[fm]=1.77102  #projectileSpectatorNucleons=0  #targetSpectatorNucleons=38  #NNcollisions=4
	 Collision 735  projectile=lambda_c+  Ekin[MeV]=8359.55  direction=(0.46587,0.196397,0.862782)  material=G4_Pb
	 --> #secondaries=35  impactParameter[fm]=7.23546  #projectileSpectatorNucleons=0  #targetSpectatorNucleons=206  #NNcollisions=0
	 Collision 736  projectile=Bc+  Ekin[MeV]=28934.4  direction=(0.474008,0.519555,0.7109)  material=G4_Fe
	 --> #secondaries=12  impactParameter[fm]=1.82048  #projectileSpectatorNucleons=-1  #targetSpectatorNucleons=55  #NNcollisions=0
	 Collision 737  projectile=xi0  Ekin[MeV]=14840  direction=(0.68374,0.128379,0.718344)  material=G4_He
	 --> #secondaries=7  impactParameter[fm]=1.50443  #projectileSpectatorNucleons=0  #targetSpectatorNucleons=3  #NNcollisions=1
	 Collision 738  projectile=doublehyperdoubleneutron  Ekin[MeV]=20823.6  direction=(0.0375167,0.735961,0.675984)  material=G4_He
	 --> #secondaries=8  impactParameter[fm]=1.48869  #projectileSpectatorNucleons=2  #targetSpectatorNucleons=3  #NNcollisions=2
	 Collision 739  projectile=D-  Ekin[MeV]=14614.3  direction=(0.547018,0.0568021,0.835192)  material=G4_Pb
	 --> #secondaries=50  impactParameter[fm]=6.05917  #projectileSpectatorNucleons=-1  #targetSpectatorNucleons=205  #NNcollisions=1
	 Collision 740  projectile=anti_hyperHe5  Ekin[MeV]=12237.4  direction=(0.939739,0.341665,0.0125004)  material=G4_Al
	 --> #secondaries=33  impactParameter[fm]=0.764397  #projectileSpectatorNucleons=0  #targetSpectatorNucleons=24  #NNcollisions=5
	 Collision 741  projectile=anti_omega_b-  Ekin[MeV]=20432.7  direction=(0.255263,0.513016,0.819546)  material=G4_H
	 --> #secondaries=2  impactParameter[fm]=1.08308  #projectileSpectatorNucleons=0  #targetSpectatorNucleons=0  #NNcollisions=1
	 Collision 742  projectile=lambda  Ekin[MeV]=20828.1  direction=(0.43595,0.371204,0.819851)  material=G4_W
	 --> #secondaries=54  impactParameter[fm]=4.72488  #projectileSpectatorNucleons=0  #targetSpectatorNucleons=180  #NNcollisions=4
	 Collision 743  projectile=hypertriton  Ekin[MeV]=20009.6  direction=(0.236826,0.215797,0.947283)  material=G4_W
	 --> #secondaries=115  impactParameter[fm]=3.83346  #projectileSpectatorNucleons=0  #targetSpectatorNucleons=168  #NNcollisions=8
	 Collision 744  projectile=doublehyperH4  Ekin[MeV]=5818.24  direction=(0.720737,0.57043,0.393887)  material=G4_Be
	 --> #secondaries=9  impactParameter[fm]=2.73085  #projectileSpectatorNucleons=1  #targetSpectatorNucleons=8  #NNcollisions=1
	 Collision 745  projectile=xi_b0  Ekin[MeV]=28998.3  direction=(0.0314708,0.998425,0.0464356)  material=G4_Fe
	 --> #secondaries=43  impactParameter[fm]=2.65356  #projectileSpectatorNucleons=0  #targetSpectatorNucleons=51  #NNcollisions=4
	 Collision 746  projectile=anti_B0  Ekin[MeV]=16923.7  direction=(0.0731266,0.830707,0.551886)  material=G4_He
	 --> #secondaries=8  impactParameter[fm]=0.71464  #projectileSpectatorNucleons=-1  #targetSpectatorNucleons=3  #NNcollisions=1
	 Collision 747  projectile=xi_c0  Ekin[MeV]=29359.6  direction=(0.225242,0.0245916,0.973992)  material=G4_Pb
	 --> #secondaries=32  impactParameter[fm]=5.45157  #projectileSpectatorNucleons=0  #targetSpectatorNucleons=205  #NNcollisions=2
	 Collision 748  projectile=xi-  Ekin[MeV]=16814.1  direction=(0.213514,0.812987,0.541723)  material=G4_Fe
	 --> #secondaries=8  impactParameter[fm]=5.47073  #projectileSpectatorNucleons=0  #targetSpectatorNucleons=55  #NNcollisions=0
	 Collision 749  projectile=B+  Ekin[MeV]=25127.6  direction=(0.912781,0.39237,0.113479)  material=G4_Al
	 --> #secondaries=15  impactParameter[fm]=1.33742  #projectileSpectatorNucleons=-1  #targetSpectatorNucleons=26  #NNcollisions=1
	 Collision 750  projectile=anti_xi_c+  Ekin[MeV]=2276.26  direction=(0.0185855,0.805997,0.591628)  material=G4_Al
	 --> #secondaries=8  impactParameter[fm]=3.95019  #projectileSpectatorNucleons=0  #targetSpectatorNucleons=26  #NNcollisions=0
	 Collision 751  projectile=lambda_c+  Ekin[MeV]=14692.8  direction=(0.888344,0.101612,0.447794)  material=G4_Fe
	 --> #secondaries=18  impactParameter[fm]=4.67898  #projectileSpectatorNucleons=0  #targetSpectatorNucleons=55  #NNcollisions=1
	 Collision 752  projectile=alpha  Ekin[MeV]=17910.2  direction=(0.0896133,0.749413,0.65601)  material=G4_H
	 --> #secondaries=6  impactParameter[fm]=2.47337  #projectileSpectatorNucleons=3  #targetSpectatorNucleons=0  #NNcollisions=1
	 Collision 753  projectile=anti_hyperHe5  Ekin[MeV]=13484  direction=(0.484231,0.855325,0.184226)  material=G4_Al
	 --> #secondaries=6  impactParameter[fm]=5.25896  #projectileSpectatorNucleons=4  #targetSpectatorNucleons=27  #NNcollisions=1
	 Collision 754  projectile=anti_Bs0  Ekin[MeV]=28664.6  direction=(0.69267,0.572568,0.438605)  material=G4_Fe
	 --> #secondaries=23  impactParameter[fm]=0.0505435  #projectileSpectatorNucleons=-1  #targetSpectatorNucleons=54  #NNcollisions=2
	 Collision 755  projectile=Ds+  Ekin[MeV]=5914.02  direction=(0.150617,0.232612,0.960836)  material=G4_Pb
	 --> #secondaries=47  impactParameter[fm]=4.38874  #projectileSpectatorNucleons=-1  #targetSpectatorNucleons=205  #NNcollisions=1
	 Collision 756  projectile=anti_doublehyperH4  Ekin[MeV]=7587.54  direction=(0.830621,0.545873,0.109961)  material=G4_C
	 --> #secondaries=27  impactParameter[fm]=0.613274  #projectileSpectatorNucleons=0  #targetSpectatorNucleons=7  #NNcollisions=4
	 Collision 757  projectile=anti_B0  Ekin[MeV]=3079.14  direction=(0.560022,0.583828,0.58781)  material=G4_Pb
	 --> #secondaries=32  impactParameter[fm]=3.60498  #projectileSpectatorNucleons=-1  #targetSpectatorNucleons=203  #NNcollisions=2
	 Collision 758  projectile=D-  Ekin[MeV]=13744  direction=(0.66045,0.725915,0.19197)  material=G4_C
	 --> #secondaries=7  impactParameter[fm]=1.38142  #projectileSpectatorNucleons=-1  #targetSpectatorNucleons=11  #NNcollisions=1
	 Collision 759  projectile=doublehyperdoubleneutron  Ekin[MeV]=13420.4  direction=(0.849456,0.137111,0.509533)  material=G4_Pb
	 --> #secondaries=128  impactParameter[fm]=3.26393  #projectileSpectatorNucleons=0  #targetSpectatorNucleons=184  #NNcollisions=6
	 Collision 760  projectile=pi+  Ekin[MeV]=21967.9  direction=(0.546613,0.737257,0.397072)  material=G4_W
	 --> #secondaries=51  impactParameter[fm]=6.29508  #projectileSpectatorNucleons=-1  #targetSpectatorNucleons=181  #NNcollisions=3
	 Collision 761  projectile=sigma+  Ekin[MeV]=27154  direction=(0.00796189,0.989213,0.146269)  material=G4_Cu
	 --> #secondaries=24  impactParameter[fm]=4.31153  #projectileSpectatorNucleons=0  #targetSpectatorNucleons=61  #NNcollisions=2
	 Collision 762  projectile=D0  Ekin[MeV]=24685.1  direction=(0.574716,0.814376,0.0805809)  material=G4_Si
	 --> #secondaries=7  impactParameter[fm]=3.109  #projectileSpectatorNucleons=-1  #targetSpectatorNucleons=27  #NNcollisions=0
	 Collision 763  projectile=He3  Ekin[MeV]=15601.2  direction=(0.500511,0.833358,0.234529)  material=G4_Al
	 --> #secondaries=13  impactParameter[fm]=3.95102  #projectileSpectatorNucleons=2  #targetSpectatorNucleons=26  #NNcollisions=1
	 Collision 764  projectile=Bc+  Ekin[MeV]=9038.37  direction=(0.359537,0.622779,0.694895)  material=G4_H
	 --> #secondaries=3  impactParameter[fm]=0.625111  #projectileSpectatorNucleons=-1  #targetSpectatorNucleons=0  #NNcollisions=1
	 Collision 765  projectile=omega-  Ekin[MeV]=16296.2  direction=(0.211099,0.478585,0.852287)  material=G4_Al
	 --> #secondaries=21  impactParameter[fm]=3.13247  #projectileSpectatorNucleons=0  #targetSpectatorNucleons=24  #NNcollisions=2
	 Collision 766  projectile=lambda_c+  Ekin[MeV]=16098.4  direction=(0.236016,0.798302,0.554085)  material=G4_Ar
	 --> #secondaries=17  impactParameter[fm]=3.52306  #projectileSpectatorNucleons=0  #targetSpectatorNucleons=39  #NNcollisions=0
	 Collision 767  projectile=pi+  Ekin[MeV]=10534.7  direction=(0.118604,0.269898,0.955556)  material=G4_C
	 --> #secondaries=14  impactParameter[fm]=4.10948  #projectileSpectatorNucleons=-1  #targetSpectatorNucleons=12  #NNcollisions=1
	 Collision 768  projectile=hyperHe5  Ekin[MeV]=16082.9  direction=(0.666315,0.528416,0.526118)  material=G4_C
	 --> #secondaries=21  impactParameter[fm]=0.682061  #projectileSpectatorNucleons=0  #targetSpectatorNucleons=2  #NNcollisions=7
	 Collision 769  projectile=alpha  Ekin[MeV]=25676  direction=(0.591873,0.0516757,0.804373)  material=G4_He
	 --> #secondaries=13  impactParameter[fm]=1.65979  #projectileSpectatorNucleons=3  #targetSpectatorNucleons=3  #NNcollisions=1
	 Collision 770  projectile=anti_hyperalpha  Ekin[MeV]=22784.9  direction=(0.553576,0.822506,0.130528)  material=G4_W
	 --> #secondaries=35  impactParameter[fm]=8.65116  #projectileSpectatorNucleons=3  #targetSpectatorNucleons=184  #NNcollisions=1
	 Collision 771  projectile=anti_doublehyperH4  Ekin[MeV]=19753.3  direction=(0.327278,0.751893,0.572317)  material=G4_C
	 --> #secondaries=19  impactParameter[fm]=2.03357  #projectileSpectatorNucleons=1  #targetSpectatorNucleons=10  #NNcollisions=3
	 Collision 772  projectile=anti_xi-  Ekin[MeV]=16941.4  direction=(0.543641,0.171233,0.821665)  material=G4_Fe
	 --> #secondaries=33  impactParameter[fm]=3.40404  #projectileSpectatorNucleons=0  #targetSpectatorNucleons=56  #NNcollisions=1
	 Collision 773  projectile=anti_lambda_b  Ekin[MeV]=9722.11  direction=(0.741645,0.443087,0.503623)  material=G4_H
	 --> #secondaries=4  impactParameter[fm]=0.688995  #projectileSpectatorNucleons=0  #targetSpectatorNucleons=0  #NNcollisions=1
	 Collision 774  projectile=kaon0S  Ekin[MeV]=26138.1  direction=(0.125526,0.713416,0.689406)  material=G4_W
	 --> #secondaries=76  impactParameter[fm]=3.99372  #projectileSpectatorNucleons=-1  #targetSpectatorNucleons=179  #NNcollisions=4
	 Collision 775  projectile=anti_omega_c0  Ekin[MeV]=6341.5  direction=(0.972059,0.0181439,0.234035)  material=G4_Cu
	 --> #secondaries=30  impactParameter[fm]=1.20979  #projectileSpectatorNucleons=0  #targetSpectatorNucleons=60  #NNcollisions=2
	 Collision 776  projectile=lambda_c+  Ekin[MeV]=12551.5  direction=(0.77236,0.306774,0.556192)  material=G4_C
	 --> #secondaries=12  impactParameter[fm]=2.60062  #projectileSpectatorNucleons=0  #targetSpectatorNucleons=11  #NNcollisions=1
	 Collision 777  projectile=xi_b0  Ekin[MeV]=17180.6  direction=(0.682425,0.726812,0.0777158)  material=G4_Be
	 --> #secondaries=7  impactParameter[fm]=3.4533  #projectileSpectatorNucleons=0  #targetSpectatorNucleons=8  #NNcollisions=1
	 Collision 778  projectile=pi+  Ekin[MeV]=18385.7  direction=(0.71762,0.683958,0.131234)  material=G4_H
	 --> #secondaries=4  impactParameter[fm]=0.566462  #projectileSpectatorNucleons=-1  #targetSpectatorNucleons=0  #NNcollisions=1
	 Collision 779  projectile=kaon0S  Ekin[MeV]=29105.3  direction=(0.237952,0.969851,0.0526065)  material=G4_H
	 --> #secondaries=8  impactParameter[fm]=1.20544  #projectileSpectatorNucleons=-1  #targetSpectatorNucleons=0  #NNcollisions=1
	 Collision 780  projectile=anti_Bs0  Ekin[MeV]=26506  direction=(0.339366,0.512907,0.788516)  material=G4_Pb
	 --> #secondaries=46  impactParameter[fm]=4.41218  #projectileSpectatorNucleons=-1  #targetSpectatorNucleons=204  #NNcollisions=1
	 Collision 781  projectile=anti_alpha  Ekin[MeV]=18606.7  direction=(0.586474,0.546119,0.598165)  material=G4_W
	 --> #secondaries=24  impactParameter[fm]=8.32058  #projectileSpectatorNucleons=3  #targetSpectatorNucleons=182  #NNcollisions=1
	 Collision 782  projectile=omega-  Ekin[MeV]=3554.61  direction=(0.334018,0.940395,0.0639433)  material=G4_Al
	 --> #secondaries=11  impactParameter[fm]=-999  #projectileSpectatorNucleons=-999  #targetSpectatorNucleons=-999  #NNcollisions=-999
	 Collision 783  projectile=omega_b-  Ekin[MeV]=13914.7  direction=(0.109061,0.702109,0.703668)  material=G4_Pb
	 --> #secondaries=42  impactParameter[fm]=2.27208  #projectileSpectatorNucleons=0  #targetSpectatorNucleons=202  #NNcollisions=3
	 Collision 784  projectile=anti_doublehyperH4  Ekin[MeV]=20376.1  direction=(0.0161487,0.457182,0.889227)  material=G4_W
	 --> #secondaries=122  impactParameter[fm]=0.720024  #projectileSpectatorNucleons=0  #targetSpectatorNucleons=181  #NNcollisions=6
	 Collision 785  projectile=anti_neutron  Ekin[MeV]=13281.6  direction=(0.724477,0.00930002,0.689237)  material=G4_He
	 --> #secondaries=9  impactParameter[fm]=1.38659  #projectileSpectatorNucleons=0  #targetSpectatorNucleons=3  #NNcollisions=1
	 Collision 786  projectile=anti_omega_b-  Ekin[MeV]=12551.4  direction=(0.823425,0.5559,0.113778)  material=G4_W
	 --> #secondaries=23  impactParameter[fm]=1.25029  #projectileSpectatorNucleons=0  #targetSpectatorNucleons=180  #NNcollisions=2
	 Collision 787  projectile=B+  Ekin[MeV]=26699.3  direction=(0.598313,0.709624,0.372095)  material=G4_Al
	 --> #secondaries=15  impactParameter[fm]=2.98319  #projectileSpectatorNucleons=-1  #targetSpectatorNucleons=26  #NNcollisions=1
	 Collision 788  projectile=deuteron  Ekin[MeV]=19516.7  direction=(0.589153,0.528955,0.610823)  material=G4_Si
	 --> #secondaries=23  impactParameter[fm]=1.92278  #projectileSpectatorNucleons=0  #targetSpectatorNucleons=24  #NNcollisions=3
	 Collision 789  projectile=anti_triton  Ekin[MeV]=28078.1  direction=(0.889437,0.310089,0.335777)  material=G4_Pb
	 --> #secondaries=126  impactParameter[fm]=4.22419  #projectileSpectatorNucleons=0  #targetSpectatorNucleons=205  #NNcollisions=3
	 Collision 790  projectile=hyperH4  Ekin[MeV]=7994.47  direction=(0.355913,0.603924,0.713163)  material=G4_Ar
	 --> #secondaries=32  impactParameter[fm]=3.3866  #projectileSpectatorNucleons=2  #targetSpectatorNucleons=30  #NNcollisions=3
	 Collision 791  projectile=lambda_b  Ekin[MeV]=8923.6  direction=(0.474098,0.0192828,0.880261)  material=G4_He
	 --> #secondaries=4  impactParameter[fm]=1.43365  #projectileSpectatorNucleons=0  #targetSpectatorNucleons=3  #NNcollisions=0
	 Collision 792  projectile=xi_c0  Ekin[MeV]=13605.7  direction=(0.576447,0.724783,0.377358)  material=G4_He
	 --> #secondaries=7  impactParameter[fm]=2.11249  #projectileSpectatorNucleons=0  #targetSpectatorNucleons=3  #NNcollisions=1
	 Collision 793  projectile=anti_hypertriton  Ekin[MeV]=10794.1  direction=(0.572059,0.522784,0.632017)  material=G4_Be
	 --> #secondaries=18  impactParameter[fm]=2.99808  #projectileSpectatorNucleons=0  #targetSpectatorNucleons=5  #NNcollisions=3
	 Collision 794  projectile=lambda  Ekin[MeV]=6239.69  direction=(0.689866,0.291593,0.662614)  material=G4_Ar
	 --> #secondaries=20  impactParameter[fm]=3.58288  #projectileSpectatorNucleons=0  #targetSpectatorNucleons=37  #NNcollisions=2
	 Collision 795  projectile=anti_hyperH4  Ekin[MeV]=18273.3  direction=(0.530198,0.0478775,0.846521)  material=G4_He
	 --> #secondaries=25  impactParameter[fm]=0.941855  #projectileSpectatorNucleons=0  #targetSpectatorNucleons=2  #NNcollisions=4
	 Collision 796  projectile=anti_omega_c0  Ekin[MeV]=22827  direction=(0.145194,0.385789,0.91109)  material=G4_Al
	 --> #secondaries=17  impactParameter[fm]=2.49705  #projectileSpectatorNucleons=0  #targetSpectatorNucleons=25  #NNcollisions=2
	 Collision 797  projectile=omega_b-  Ekin[MeV]=2988.85  direction=(0.793168,0.109852,0.599013)  material=G4_C
	 --> #secondaries=5  impactParameter[fm]=0.945469  #projectileSpectatorNucleons=0  #targetSpectatorNucleons=11  #NNcollisions=0
	 Collision 798  projectile=lambda  Ekin[MeV]=21672.8  direction=(0.581287,0.542849,0.606152)  material=G4_Cu
	 --> #secondaries=14  impactParameter[fm]=4.77814  #projectileSpectatorNucleons=0  #targetSpectatorNucleons=62  #NNcollisions=1
	 Collision 799  projectile=Ds+  Ekin[MeV]=19109  direction=(0.997051,0.0337998,0.0689046)  material=G4_W
	 --> #secondaries=20  impactParameter[fm]=4.70276  #projectileSpectatorNucleons=-1  #targetSpectatorNucleons=181  #NNcollisions=0
	 Collision 800  projectile=pi+  Ekin[MeV]=26585.1  direction=(0.00397402,0.872642,0.488343)  material=G4_H
	 --> #secondaries=10  impactParameter[fm]=1.39179  #projectileSpectatorNucleons=-1  #targetSpectatorNucleons=0  #NNcollisions=1
	 	 List of produced secondaries: 
	 	 	 j=0	pi+	 p=(302.571,1601.52,730.191791.39) MeV
	 	 	 j=1	eta	 p=(114.897,643.507,446.699962.806) MeV
	 	 	 j=2	pi+	 p=(438.556,3356.72,1470.93693.64) MeV
	 	 	 j=3	pi0	 p=(60.0411,4261.47,2260.644826.23) MeV
	 	 	 j=4	pi-	 p=(202.84,5183.77,2337.075691.57) MeV
	 	 	 j=5	pi+	 p=(81.7408,733.968,665.7671004.05) MeV
	 	 	 j=6	pi0	 p=(-430.605,508.363,882.181113.69) MeV
	 	 	 j=7	neutron	 p=(-667.603,1910.35,1755.032838.67) MeV
	 	 	 j=8	pi-	 p=(-144.87,470.682,233.511562.615) MeV
	 	 	 j=9	pi+	 p=(148.635,4650.46,2268.695178.35) MeV
	 Collision 801  projectile=xi0  Ekin[MeV]=14985.5  direction=(0.724386,0.0373138,0.688384)  material=G4_Fe
	 --> #secondaries=34  impactParameter[fm]=2.02574  #projectileSpectatorNucleons=0  #targetSpectatorNucleons=54  #NNcollisions=2
	 Collision 802  projectile=anti_sigma-  Ekin[MeV]=10146.4  direction=(0.374319,0.0393808,0.926464)  material=G4_Fe
	 --> #secondaries=39  impactParameter[fm]=2.81534  #projectileSpectatorNucleons=0  #targetSpectatorNucleons=53  #NNcollisions=1
	 Collision 803  projectile=pi+  Ekin[MeV]=16842.9  direction=(0.638528,0.731083,0.240416)  material=G4_Ar
	 --> #secondaries=29  impactParameter[fm]=1.65225  #projectileSpectatorNucleons=-1  #targetSpectatorNucleons=37  #NNcollisions=3
	 Collision 804  projectile=D0  Ekin[MeV]=13624.8  direction=(0.552185,0.290224,0.781576)  material=G4_C
	 --> #secondaries=5  impactParameter[fm]=2.47404  #projectileSpectatorNucleons=-1  #targetSpectatorNucleons=11  #NNcollisions=0
	 Collision 805  projectile=anti_sigma-  Ekin[MeV]=9545.16  direction=(0.778385,0.609154,0.151814)  material=G4_He
	 --> #secondaries=5  impactParameter[fm]=1.86666  #projectileSpectatorNucleons=0  #targetSpectatorNucleons=3  #NNcollisions=0
	 Collision 806  projectile=B+  Ekin[MeV]=17174.4  direction=(0.976484,0.134298,0.168651)  material=G4_Si
	 --> #secondaries=18  impactParameter[fm]=1.76086  #projectileSpectatorNucleons=-1  #targetSpectatorNucleons=26  #NNcollisions=2
	 Collision 807  projectile=anti_deuteron  Ekin[MeV]=9834.34  direction=(0.897312,0.426932,0.112069)  material=G4_C
	 --> #secondaries=9  impactParameter[fm]=3.66317  #projectileSpectatorNucleons=1  #targetSpectatorNucleons=11  #NNcollisions=1
	 Collision 808  projectile=anti_lambda_c+  Ekin[MeV]=10017  direction=(0.1846,0.347961,0.919155)  material=G4_Al
	 --> #secondaries=12  impactParameter[fm]=3.1105  #projectileSpectatorNucleons=0  #targetSpectatorNucleons=26  #NNcollisions=1
	 Collision 809  projectile=kaon0S  Ekin[MeV]=16720  direction=(0.187648,0.875098,0.446084)  material=G4_Pb
	 --> #secondaries=39  impactParameter[fm]=6.90371  #projectileSpectatorNucleons=-1  #targetSpectatorNucleons=207  #NNcollisions=1
	 Collision 810  projectile=sigma+  Ekin[MeV]=27213.7  direction=(0.713208,0.582017,0.390628)  material=G4_Cu
	 --> #secondaries=21  impactParameter[fm]=5.21272  #projectileSpectatorNucleons=0  #targetSpectatorNucleons=63  #NNcollisions=0
	 Collision 811  projectile=sigma+  Ekin[MeV]=20050  direction=(0.713302,0.166364,0.680825)  material=G4_H
	 --> #secondaries=6  impactParameter[fm]=0.369398  #projectileSpectatorNucleons=0  #targetSpectatorNucleons=0  #NNcollisions=1
	 Collision 812  projectile=sigma+  Ekin[MeV]=23075  direction=(0.693576,0.459345,0.554937)  material=G4_C
	 --> #secondaries=16  impactParameter[fm]=1.517  #projectileSpectatorNucleons=0  #targetSpectatorNucleons=11  #NNcollisions=1
	 Collision 813  projectile=He3  Ekin[MeV]=11775.6  direction=(0.184885,0.886183,0.42485)  material=G4_Cu
	 --> #secondaries=33  impactParameter[fm]=-999  #projectileSpectatorNucleons=-999  #targetSpectatorNucleons=-999  #NNcollisions=-999
	 Collision 814  projectile=anti_deuteron  Ekin[MeV]=7208.41  direction=(0.14635,0.675287,0.72289)  material=G4_Al
	 --> #secondaries=25  impactParameter[fm]=1.06893  #projectileSpectatorNucleons=0  #targetSpectatorNucleons=22  #NNcollisions=5
	 Collision 815  projectile=anti_doublehyperdoubleneutron  Ekin[MeV]=11190.8  direction=(0.986983,0.159929,0.0169204)  material=G4_Al
	 --> #secondaries=26  impactParameter[fm]=3.33792  #projectileSpectatorNucleons=1  #targetSpectatorNucleons=21  #NNcollisions=2
	 Collision 816  projectile=anti_sigma-  Ekin[MeV]=24248.5  direction=(0.51806,0.714112,0.470805)  material=G4_Cu
	 --> #secondaries=44  impactParameter[fm]=1.94844  #projectileSpectatorNucleons=0  #targetSpectatorNucleons=60  #NNcollisions=2
	 Collision 817  projectile=omega_c0  Ekin[MeV]=25665.7  direction=(0.00509093,0.959774,0.280728)  material=G4_H
	 --> #secondaries=5  impactParameter[fm]=0.223528  #projectileSpectatorNucleons=0  #targetSpectatorNucleons=0  #NNcollisions=1
	 Collision 818  projectile=neutron  Ekin[MeV]=11607.7  direction=(0.0647931,0.943591,0.324711)  material=G4_Al
	 --> #secondaries=7  impactParameter[fm]=3.29696  #projectileSpectatorNucleons=0  #targetSpectatorNucleons=26  #NNcollisions=0
	 Collision 819  projectile=xi-  Ekin[MeV]=27829  direction=(0.673941,0.69914,0.238762)  material=G4_Pb
	 --> #secondaries=49  impactParameter[fm]=6.60852  #projectileSpectatorNucleons=0  #targetSpectatorNucleons=204  #NNcollisions=2
	 Collision 820  projectile=anti_xi_c+  Ekin[MeV]=16899.1  direction=(0.917003,0.300843,0.261915)  material=G4_Cu
	 --> #secondaries=41  impactParameter[fm]=3.20394  #projectileSpectatorNucleons=0  #targetSpectatorNucleons=59  #NNcollisions=2
	 Collision 821  projectile=doublehyperH4  Ekin[MeV]=15872  direction=(0.485749,0.727353,0.484773)  material=G4_Ar
	 --> #secondaries=34  impactParameter[fm]=4.42606  #projectileSpectatorNucleons=1  #targetSpectatorNucleons=29  #NNcollisions=5
	 Collision 822  projectile=anti_He3  Ekin[MeV]=28871.2  direction=(0.378184,0.87887,0.2908)  material=G4_H
	 --> #secondaries=13  impactParameter[fm]=3.28088  #projectileSpectatorNucleons=2  #targetSpectatorNucleons=1  #NNcollisions=1
	 Collision 823  projectile=D0  Ekin[MeV]=13048.1  direction=(0.785634,0.532428,0.31512)  material=G4_Ar
	 --> #secondaries=7  impactParameter[fm]=2.59867  #projectileSpectatorNucleons=-1  #targetSpectatorNucleons=38  #NNcollisions=0
	 Collision 824  projectile=xi0  Ekin[MeV]=22955.6  direction=(0.361964,0.637833,0.679817)  material=G4_Si
	 --> #secondaries=9  impactParameter[fm]=3.70731  #projectileSpectatorNucleons=0  #targetSpectatorNucleons=27  #NNcollisions=0
	 Collision 825  projectile=D-  Ekin[MeV]=16641.3  direction=(0.387953,0.459624,0.798898)  material=G4_Be
	 --> #secondaries=7  impactParameter[fm]=2.0645  #projectileSpectatorNucleons=-1  #targetSpectatorNucleons=8  #NNcollisions=1
	 Collision 826  projectile=anti_xi_c0  Ekin[MeV]=17786  direction=(0.100474,0.116014,0.988153)  material=G4_Be
	 --> #secondaries=7  impactParameter[fm]=2.19335  #projectileSpectatorNucleons=0  #targetSpectatorNucleons=8  #NNcollisions=1
	 Collision 827  projectile=lambda_c+  Ekin[MeV]=29078.5  direction=(0.0750697,0.84086,0.536021)  material=G4_C
	 --> #secondaries=14  impactParameter[fm]=0.690756  #projectileSpectatorNucleons=0  #targetSpectatorNucleons=10  #NNcollisions=2
	 Collision 828  projectile=anti_omega_c0  Ekin[MeV]=1120.15  direction=(0.0981794,0.896863,0.431274)  material=G4_H
	 --> #secondaries=2  impactParameter[fm]=1.73466  #projectileSpectatorNucleons=0  #targetSpectatorNucleons=0  #NNcollisions=0
	 Collision 829  projectile=anti_lambda_b  Ekin[MeV]=2391.67  direction=(0.203714,0.712682,0.671256)  material=G4_Al
	 --> #secondaries=9  impactParameter[fm]=1.20635  #projectileSpectatorNucleons=0  #targetSpectatorNucleons=25  #NNcollisions=0
	 Collision 830  projectile=omega_c0  Ekin[MeV]=22791.6  direction=(0.721821,0.50246,0.47593)  material=G4_He
	 --> #secondaries=7  impactParameter[fm]=0.82789  #projectileSpectatorNucleons=0  #targetSpectatorNucleons=2  #NNcollisions=2
	 Collision 831  projectile=kaon+  Ekin[MeV]=23352.8  direction=(0.567031,0.544028,0.618473)  material=G4_Ar
	 --> #secondaries=23  impactParameter[fm]=2.63385  #projectileSpectatorNucleons=-1  #targetSpectatorNucleons=37  #NNcollisions=3
	 Collision 832  projectile=deuteron  Ekin[MeV]=6367.82  direction=(0.0477688,0.998486,0.0272805)  material=G4_H
	 --> #secondaries=5  impactParameter[fm]=-999  #projectileSpectatorNucleons=-999  #targetSpectatorNucleons=-999  #NNcollisions=-999
	 Collision 833  projectile=hyperHe5  Ekin[MeV]=28537.4  direction=(0.715146,0.013899,0.698837)  material=G4_Al
	 --> #secondaries=23  impactParameter[fm]=4.72514  #projectileSpectatorNucleons=3  #targetSpectatorNucleons=25  #NNcollisions=3
	 Collision 834  projectile=doublehyperH4  Ekin[MeV]=25806.7  direction=(0.16235,0.950434,0.265175)  material=G4_Ar
	 --> #secondaries=41  impactParameter[fm]=1.46398  #projectileSpectatorNucleons=0  #targetSpectatorNucleons=30  #NNcollisions=6
	 Collision 835  projectile=anti_sigma+  Ekin[MeV]=5676.8  direction=(0.556991,0.0891512,0.82572)  material=G4_C
	 --> #secondaries=15  impactParameter[fm]=0.863897  #projectileSpectatorNucleons=0  #targetSpectatorNucleons=11  #NNcollisions=1
	 Collision 836  projectile=anti_hyperHe5  Ekin[MeV]=15379.8  direction=(0.589561,0.789018,0.172825)  material=G4_C
	 --> #secondaries=27  impactParameter[fm]=3.16915  #projectileSpectatorNucleons=1  #targetSpectatorNucleons=10  #NNcollisions=5
	 Collision 837  projectile=anti_sigma+  Ekin[MeV]=6218.83  direction=(0.579519,0.761033,0.291525)  material=G4_Al
	 --> #secondaries=18  impactParameter[fm]=1.74371  #projectileSpectatorNucleons=0  #targetSpectatorNucleons=25  #NNcollisions=2
	 Collision 838  projectile=hyperH4  Ekin[MeV]=8656.61  direction=(0.885024,0.186436,0.426584)  material=G4_Fe
	 --> #secondaries=28  impactParameter[fm]=4.54414  #projectileSpectatorNucleons=1  #targetSpectatorNucleons=51  #NNcollisions=1
	 Collision 839  projectile=deuteron  Ekin[MeV]=23011.3  direction=(0.125113,0.95983,0.251145)  material=G4_Ar
	 --> #secondaries=40  impactParameter[fm]=3.28402  #projectileSpectatorNucleons=0  #targetSpectatorNucleons=35  #NNcollisions=6
	 Collision 840  projectile=anti_deuteron  Ekin[MeV]=22030  direction=(0.330134,0.847183,0.416285)  material=G4_W
	 --> #secondaries=119  impactParameter[fm]=3.57033  #projectileSpectatorNucleons=0  #targetSpectatorNucleons=186  #NNcollisions=2
	 Collision 841  projectile=anti_Bs0  Ekin[MeV]=15102  direction=(0.719011,0.46711,0.514617)  material=G4_W
	 --> #secondaries=16  impactParameter[fm]=6.87716  #projectileSpectatorNucleons=-1  #targetSpectatorNucleons=181  #NNcollisions=0
	 Collision 842  projectile=sigma+  Ekin[MeV]=29304.6  direction=(0.451743,0.851376,0.266622)  material=G4_C
	 --> #secondaries=13  impactParameter[fm]=1.34695  #projectileSpectatorNucleons=0  #targetSpectatorNucleons=11  #NNcollisions=1
	 Collision 843  projectile=omega-  Ekin[MeV]=20084.2  direction=(0.579087,0.547263,0.604287)  material=G4_W
	 --> #secondaries=116  impactParameter[fm]=1.38135  #projectileSpectatorNucleons=0  #targetSpectatorNucleons=180  #NNcollisions=5
	 Collision 844  projectile=anti_xi_b0  Ekin[MeV]=25617.1  direction=(0.0234265,0.986027,0.164933)  material=G4_C
	 --> #secondaries=13  impactParameter[fm]=2.05427  #projectileSpectatorNucleons=0  #targetSpectatorNucleons=11  #NNcollisions=1
	 Collision 845  projectile=anti_lambda_c+  Ekin[MeV]=29638.5  direction=(0.577438,0.578501,0.576109)  material=G4_Si
	 --> #secondaries=30  impactParameter[fm]=2.09138  #projectileSpectatorNucleons=0  #targetSpectatorNucleons=25  #NNcollisions=3
	 Collision 846  projectile=sigma+  Ekin[MeV]=23366.9  direction=(0.228487,0.899479,0.372466)  material=G4_Be
	 --> #secondaries=7  impactParameter[fm]=3.36108  #projectileSpectatorNucleons=0  #targetSpectatorNucleons=8  #NNcollisions=1
	 Collision 847  projectile=Ds+  Ekin[MeV]=1267.03  direction=(0.549391,0.767971,0.329226)  material=G4_Cu
	 --> #secondaries=8  impactParameter[fm]=3.90913  #projectileSpectatorNucleons=-1  #targetSpectatorNucleons=62  #NNcollisions=0
	 Collision 848  projectile=xi_c0  Ekin[MeV]=29260  direction=(0.726418,0.149193,0.670864)  material=G4_Cu
	 --> #secondaries=55  impactParameter[fm]=2.82882  #projectileSpectatorNucleons=0  #targetSpectatorNucleons=58  #NNcollisions=5
	 Collision 849  projectile=anti_xi_c+  Ekin[MeV]=8907.65  direction=(0.515278,0.544261,0.662019)  material=G4_Si
	 --> #secondaries=10  impactParameter[fm]=1.66195  #projectileSpectatorNucleons=0  #targetSpectatorNucleons=27  #NNcollisions=0
	 Collision 850  projectile=Bc+  Ekin[MeV]=8717.38  direction=(0.78688,0.109121,0.607381)  material=G4_He
	 --> #secondaries=15  impactParameter[fm]=0.821705  #projectileSpectatorNucleons=-1  #targetSpectatorNucleons=3  #NNcollisions=1
	 Collision 851  projectile=lambda_c+  Ekin[MeV]=14834  direction=(0.550937,0.829164,0.0946364)  material=G4_C
	 --> #secondaries=10  impactParameter[fm]=1.26319  #projectileSpectatorNucleons=0  #targetSpectatorNucleons=11  #NNcollisions=1
	 Collision 852  projectile=anti_hypertriton  Ekin[MeV]=6363.41  direction=(0.40098,0.842262,0.36029)  material=G4_C
	 --> #secondaries=16  impactParameter[fm]=3.21594  #projectileSpectatorNucleons=1  #targetSpectatorNucleons=11  #NNcollisions=2
	 Collision 853  projectile=hyperH4  Ekin[MeV]=6139.88  direction=(0.286025,0.722721,0.629177)  material=G4_Pb
	 --> #secondaries=83  impactParameter[fm]=4.22073  #projectileSpectatorNucleons=0  #targetSpectatorNucleons=187  #NNcollisions=2
	 Collision 854  projectile=xi_c0  Ekin[MeV]=9162  direction=(0.666352,0.667196,0.332903)  material=G4_Cu
	 --> #secondaries=32  impactParameter[fm]=1.4591  #projectileSpectatorNucleons=0  #targetSpectatorNucleons=60  #NNcollisions=2
	 Collision 855  projectile=kaon-  Ekin[MeV]=6886.44  direction=(0.923347,0.361766,0.128666)  material=G4_Al
	 --> #secondaries=11  impactParameter[fm]=1.01107  #projectileSpectatorNucleons=-1  #targetSpectatorNucleons=26  #NNcollisions=1
	 Collision 856  projectile=kaon0L  Ekin[MeV]=9513.05  direction=(0.199522,0.968238,0.150686)  material=G4_H
	 --> #secondaries=6  impactParameter[fm]=2.2089  #projectileSpectatorNucleons=-1  #targetSpectatorNucleons=0  #NNcollisions=1
	 Collision 857  projectile=alpha  Ekin[MeV]=9293.05  direction=(0.670398,0.326527,0.666293)  material=G4_Fe
	 --> #secondaries=20  impactParameter[fm]=-999  #projectileSpectatorNucleons=-999  #targetSpectatorNucleons=-999  #NNcollisions=-999
	 Collision 858  projectile=anti_xi-  Ekin[MeV]=7533.99  direction=(0.825021,0.179675,0.535777)  material=G4_He
	 --> #secondaries=5  impactParameter[fm]=2.50562  #projectileSpectatorNucleons=0  #targetSpectatorNucleons=3  #NNcollisions=0
	 Collision 859  projectile=anti_alpha  Ekin[MeV]=9654.61  direction=(0.898953,0.430669,0.0800499)  material=G4_Si
	 --> #secondaries=9  impactParameter[fm]=5.68513  #projectileSpectatorNucleons=3  #targetSpectatorNucleons=28  #NNcollisions=1
	 Collision 860  projectile=anti_deuteron  Ekin[MeV]=22347.1  direction=(0.326493,0.253931,0.910451)  material=G4_Cu
	 --> #secondaries=15  impactParameter[fm]=3.46062  #projectileSpectatorNucleons=0  #targetSpectatorNucleons=61  #NNcollisions=2
	 Collision 861  projectile=anti_neutron  Ekin[MeV]=24567.7  direction=(0.599449,0.723033,0.343342)  material=G4_Pb
	 --> #secondaries=40  impactParameter[fm]=5.55813  #projectileSpectatorNucleons=0  #targetSpectatorNucleons=208  #NNcollisions=1
	 Collision 862  projectile=omega-  Ekin[MeV]=25937.6  direction=(0.894769,0.18199,0.40776)  material=G4_C
	 --> #secondaries=12  impactParameter[fm]=1.46907  #projectileSpectatorNucleons=0  #targetSpectatorNucleons=9  #NNcollisions=3
	 Collision 863  projectile=anti_proton  Ekin[MeV]=16660.8  direction=(0.935483,0.178124,0.305195)  material=G4_Cu
	 --> #secondaries=20  impactParameter[fm]=3.74279  #projectileSpectatorNucleons=0  #targetSpectatorNucleons=60  #NNcollisions=2
	 Collision 864  projectile=kaon0L  Ekin[MeV]=12015.5  direction=(0.799563,0.60004,0.0255071)  material=G4_H
	 --> #secondaries=3  impactParameter[fm]=0.760986  #projectileSpectatorNucleons=-1  #targetSpectatorNucleons=0  #NNcollisions=1
	 Collision 865  projectile=anti_B0  Ekin[MeV]=9538.39  direction=(0.18578,0.9719,0.144554)  material=G4_Fe
	 --> #secondaries=17  impactParameter[fm]=1.29324  #projectileSpectatorNucleons=-1  #targetSpectatorNucleons=53  #NNcollisions=1
	 Collision 866  projectile=triton  Ekin[MeV]=24590.9  direction=(0.600155,0.325063,0.730854)  material=G4_He
	 --> #secondaries=17  impactParameter[fm]=2.06239  #projectileSpectatorNucleons=1  #targetSpectatorNucleons=1  #NNcollisions=4
	 Collision 867  projectile=anti_sigma-  Ekin[MeV]=22359.9  direction=(0.945167,0.301275,0.126069)  material=G4_Be
	 --> #secondaries=15  impactParameter[fm]=3.45261  #projectileSpectatorNucleons=0  #targetSpectatorNucleons=8  #NNcollisions=1
	 Collision 868  projectile=anti_sigma+  Ekin[MeV]=3203.22  direction=(0.591625,0.457252,0.664003)  material=G4_He
	 --> #secondaries=8  impactParameter[fm]=2.52729  #projectileSpectatorNucleons=0  #targetSpectatorNucleons=3  #NNcollisions=1
	 Collision 869  projectile=B0  Ekin[MeV]=2149.13  direction=(0.590269,0.747712,0.304155)  material=G4_C
	 --> #secondaries=7  impactParameter[fm]=2.23705  #projectileSpectatorNucleons=-1  #targetSpectatorNucleons=11  #NNcollisions=1
	 Collision 870  projectile=Ds+  Ekin[MeV]=6758.67  direction=(0.322196,0.917124,0.234675)  material=G4_C
	 --> #secondaries=5  impactParameter[fm]=1.93418  #projectileSpectatorNucleons=-1  #targetSpectatorNucleons=11  #NNcollisions=1
	 Collision 871  projectile=hyperH4  Ekin[MeV]=3967.75  direction=(0.741503,0.51438,0.430797)  material=G4_Al
	 --> #secondaries=10  impactParameter[fm]=6.66371  #projectileSpectatorNucleons=3  #targetSpectatorNucleons=26  #NNcollisions=0
	 Collision 872  projectile=anti_hypertriton  Ekin[MeV]=4015.18  direction=(0.846819,0.371486,0.380651)  material=G4_Al
	 --> #secondaries=23  impactParameter[fm]=2.83152  #projectileSpectatorNucleons=0  #targetSpectatorNucleons=25  #NNcollisions=2
	 Collision 873  projectile=pi+  Ekin[MeV]=1748.11  direction=(0.694906,0.675849,0.24563)  material=G4_Pb
	 --> #secondaries=12  impactParameter[fm]=-999  #projectileSpectatorNucleons=-999  #targetSpectatorNucleons=-999  #NNcollisions=-999
	 Collision 874  projectile=xi_c+  Ekin[MeV]=5208.58  direction=(0.91992,0.389769,0.0427589)  material=G4_Be
	 --> #secondaries=9  impactParameter[fm]=1.9115  #projectileSpectatorNucleons=0  #targetSpectatorNucleons=5  #NNcollisions=2
	 Collision 875  projectile=He3  Ekin[MeV]=10199.7  direction=(0.840488,0.0750298,0.53661)  material=G4_Cu
	 --> #secondaries=36  impactParameter[fm]=-999  #projectileSpectatorNucleons=-999  #targetSpectatorNucleons=-999  #NNcollisions=-999
	 Collision 876  projectile=anti_Bs0  Ekin[MeV]=1435.02  direction=(0.596283,0.443454,0.669175)  material=G4_He
	 --> #secondaries=4  impactParameter[fm]=2.97602  #projectileSpectatorNucleons=-1  #targetSpectatorNucleons=3  #NNcollisions=1
	 Collision 877  projectile=proton  Ekin[MeV]=20856.5  direction=(0.913972,0.403442,0.0434697)  material=G4_Si
	 --> #secondaries=15  impactParameter[fm]=2.50736  #projectileSpectatorNucleons=0  #targetSpectatorNucleons=27  #NNcollisions=0
	 Collision 878  projectile=anti_hyperH4  Ekin[MeV]=2129.51  direction=(0.458759,0.736775,0.496691)  material=G4_Cu
	 --> #secondaries=54  impactParameter[fm]=3.1338  #projectileSpectatorNucleons=0  #targetSpectatorNucleons=62  #NNcollisions=4
	 Collision 879  projectile=B+  Ekin[MeV]=20365.8  direction=(0.875429,0.455714,0.161087)  material=G4_Be
	 --> #secondaries=10  impactParameter[fm]=1.32044  #projectileSpectatorNucleons=-1  #targetSpectatorNucleons=7  #NNcollisions=1
	 Collision 880  projectile=anti_xi_c+  Ekin[MeV]=21217.3  direction=(0.447852,0.433721,0.781866)  material=G4_Ar
	 --> #secondaries=18  impactParameter[fm]=4.71688  #projectileSpectatorNucleons=0  #targetSpectatorNucleons=38  #NNcollisions=2
	 Collision 881  projectile=xi0  Ekin[MeV]=26826.9  direction=(0.680258,0.165187,0.714116)  material=G4_C
	 --> #secondaries=20  impactParameter[fm]=1.70227  #projectileSpectatorNucleons=0  #targetSpectatorNucleons=8  #NNcollisions=3
	 Collision 882  projectile=sigma-  Ekin[MeV]=6538.07  direction=(0.642252,0.61444,0.458232)  material=G4_Pb
	 --> #secondaries=34  impactParameter[fm]=7.36153  #projectileSpectatorNucleons=0  #targetSpectatorNucleons=206  #NNcollisions=1
	 Collision 883  projectile=xi-  Ekin[MeV]=16604.3  direction=(0.76027,0.436758,0.480865)  material=G4_Si
	 --> #secondaries=16  impactParameter[fm]=1.28051  #projectileSpectatorNucleons=0  #targetSpectatorNucleons=26  #NNcollisions=2
	 Collision 884  projectile=omega_b-  Ekin[MeV]=5246.91  direction=(0.64264,0.34648,0.683349)  material=G4_C
	 --> #secondaries=6  impactParameter[fm]=3.53498  #projectileSpectatorNucleons=0  #targetSpectatorNucleons=11  #NNcollisions=1
	 Collision 885  projectile=lambda_c+  Ekin[MeV]=6269.31  direction=(0.431143,0.830858,0.35184)  material=G4_Fe
	 --> #secondaries=11  impactParameter[fm]=3.49367  #projectileSpectatorNucleons=0  #targetSpectatorNucleons=55  #NNcollisions=1
	 Collision 886  projectile=anti_hyperH4  Ekin[MeV]=1283.5  direction=(0.488094,0.483735,0.726474)  material=G4_C
	 --> #secondaries=26  impactParameter[fm]=2.924  #projectileSpectatorNucleons=0  #targetSpectatorNucleons=10  #NNcollisions=4
	 Collision 887  projectile=xi_c+  Ekin[MeV]=4989.79  direction=(0.336762,0.0288161,0.941149)  material=G4_He
	 --> #secondaries=4  impactParameter[fm]=0.733251  #projectileSpectatorNucleons=0  #targetSpectatorNucleons=3  #NNcollisions=1
	 Collision 888  projectile=lambda  Ekin[MeV]=24032.6  direction=(0.372091,0.152214,0.915631)  material=G4_Ar
	 --> #secondaries=29  impactParameter[fm]=1.78906  #projectileSpectatorNucleons=0  #targetSpectatorNucleons=36  #NNcollisions=4
	 Collision 889  projectile=D0  Ekin[MeV]=13351  direction=(0.86688,0.183627,0.463466)  material=G4_Si
	 --> #secondaries=13  impactParameter[fm]=3.41454  #projectileSpectatorNucleons=-1  #targetSpectatorNucleons=27  #NNcollisions=1
	 Collision 890  projectile=anti_lambda_b  Ekin[MeV]=6531.88  direction=(0.127202,0.605729,0.785437)  material=G4_C
	 --> #secondaries=11  impactParameter[fm]=1.55064  #projectileSpectatorNucleons=0  #targetSpectatorNucleons=8  #NNcollisions=3
	 Collision 891  projectile=Ds+  Ekin[MeV]=2663.31  direction=(0.921044,0.230726,0.313757)  material=G4_He
	 --> #secondaries=5  impactParameter[fm]=1.83949  #projectileSpectatorNucleons=-1  #targetSpectatorNucleons=3  #NNcollisions=1
	 Collision 892  projectile=anti_doublehyperH4  Ekin[MeV]=23718  direction=(0.0259727,0.725463,0.687771)  material=G4_W
	 --> #secondaries=123  impactParameter[fm]=4.56071  #projectileSpectatorNucleons=0  #targetSpectatorNucleons=181  #NNcollisions=6
	 Collision 893  projectile=hyperalpha  Ekin[MeV]=6913.65  direction=(0.475892,0.556055,0.681417)  material=G4_Ar
	 --> #secondaries=34  impactParameter[fm]=2.33714  #projectileSpectatorNucleons=0  #targetSpectatorNucleons=29  #NNcollisions=1
	 Collision 894  projectile=anti_neutron  Ekin[MeV]=17296.5  direction=(0.258665,0.72647,0.636658)  material=G4_H
	 --> #secondaries=11  impactParameter[fm]=0.506304  #projectileSpectatorNucleons=0  #targetSpectatorNucleons=0  #NNcollisions=1
	 Collision 895  projectile=sigma-  Ekin[MeV]=5485.45  direction=(0.812345,0.563313,0.150907)  material=G4_Cu
	 --> #secondaries=33  impactParameter[fm]=-999  #projectileSpectatorNucleons=-999  #targetSpectatorNucleons=-999  #NNcollisions=-999
	 Collision 896  projectile=deuteron  Ekin[MeV]=8235.95  direction=(0.664865,0.0723754,0.743449)  material=G4_W
	 --> #secondaries=87  impactParameter[fm]=-999  #projectileSpectatorNucleons=-999  #targetSpectatorNucleons=-999  #NNcollisions=-999
	 Collision 897  projectile=Bc-  Ekin[MeV]=29256.7  direction=(0.549778,0.487686,0.678164)  material=G4_Fe
	 --> #secondaries=9  impactParameter[fm]=1.26159  #projectileSpectatorNucleons=-1  #targetSpectatorNucleons=55  #NNcollisions=1
	 Collision 898  projectile=anti_xi_b0  Ekin[MeV]=3453.99  direction=(0.696436,0.714068,0.0712936)  material=G4_W
	 --> #secondaries=17  impactParameter[fm]=6.3426  #projectileSpectatorNucleons=0  #targetSpectatorNucleons=181  #NNcollisions=0
	 Collision 899  projectile=anti_neutron  Ekin[MeV]=10047.6  direction=(0.344755,0.769464,0.537652)  material=G4_H
	 --> #secondaries=11  impactParameter[fm]=0.609449  #projectileSpectatorNucleons=0  #targetSpectatorNucleons=0  #NNcollisions=1
	 Collision 900  projectile=B-  Ekin[MeV]=20072.9  direction=(0.228219,0.685394,0.691485)  material=G4_C
	 --> #secondaries=11  impactParameter[fm]=2.38  #projectileSpectatorNucleons=-1  #targetSpectatorNucleons=11  #NNcollisions=1
	 	 List of produced secondaries: 
	 	 	 j=0	pi-	 p=(178.701,562.883,785.708992.768) MeV
	 	 	 j=1	pi+	 p=(-29.3317,0.428865,421.544445.017) MeV
	 	 	 j=2	B-	 p=(4681.41,14958.9,14192.921794.4) MeV
	 	 	 j=3	pi-	 p=(-123.749,395.205,23.7613437.659) MeV
	 	 	 j=4	pi0	 p=(359.517,515.649,343.952729.155) MeV
	 	 	 j=5	pi+	 p=(24.7407,177.89,-19.9662228.332) MeV
	 	 	 j=6	neutron	 p=(415.73,114.029,998.3581437.13) MeV
	 	 	 j=7	deuteron	 p=(-261.505,-389.5,-462.4431987.93) MeV
	 	 	 j=8	proton	 p=(-3.15883,57.9233,84.9227943.892) MeV
	 	 	 j=9	alpha	 p=(223.043,312.424,388.2073767.15) MeV
	 	 	 j=10	alpha	 p=(193.659,289.576,389.5033763.83) MeV
	 Collision 901  projectile=anti_xi_b-  Ekin[MeV]=29825.3  direction=(0.186356,0.840352,0.508998)  material=G4_Al
	 --> #secondaries=17  impactParameter[fm]=3.46627  #projectileSpectatorNucleons=0  #targetSpectatorNucleons=25  #NNcollisions=1
	 Collision 902  projectile=hyperH4  Ekin[MeV]=28764.9  direction=(0.740001,0.355737,0.570832)  material=G4_H
	 --> #secondaries=5  impactParameter[fm]=1.04349  #projectileSpectatorNucleons=3  #targetSpectatorNucleons=0  #NNcollisions=0
	 Collision 903  projectile=D-  Ekin[MeV]=28764.5  direction=(0.561667,0.466887,0.683042)  material=G4_H
	 --> #secondaries=8  impactParameter[fm]=1.0649  #projectileSpectatorNucleons=-1  #targetSpectatorNucleons=0  #NNcollisions=1
	 Collision 904  projectile=anti_triton  Ekin[MeV]=1748.05  direction=(0.563848,0.812947,0.145577)  material=G4_W
	 --> #secondaries=36  impactParameter[fm]=7.9935  #projectileSpectatorNucleons=1  #targetSpectatorNucleons=180  #NNcollisions=2
	 Collision 905  projectile=kaon-  Ekin[MeV]=1072.69  direction=(0.5208,0.84796,0.0986511)  material=G4_Al
	 --> #secondaries=7  impactParameter[fm]=-999  #projectileSpectatorNucleons=-999  #targetSpectatorNucleons=-999  #NNcollisions=-999
	 Collision 906  projectile=kaon-  Ekin[MeV]=24358.5  direction=(0.600989,0.326869,0.729362)  material=G4_Be
	 --> #secondaries=8  impactParameter[fm]=0.748448  #projectileSpectatorNucleons=-1  #targetSpectatorNucleons=8  #NNcollisions=1
	 Collision 907  projectile=kaon+  Ekin[MeV]=26136.7  direction=(0.623163,0.782086,0.00324302)  material=G4_Pb
	 --> #secondaries=68  impactParameter[fm]=4.36472  #projectileSpectatorNucleons=-1  #targetSpectatorNucleons=205  #NNcollisions=2
	 Collision 908  projectile=anti_xi-  Ekin[MeV]=11467.1  direction=(0.24008,0.502654,0.830482)  material=G4_Pb
	 --> #secondaries=71  impactParameter[fm]=5.06581  #projectileSpectatorNucleons=0  #targetSpectatorNucleons=200  #NNcollisions=4
	 Collision 909  projectile=hyperH4  Ekin[MeV]=24541.8  direction=(0.485217,0.604314,0.631956)  material=G4_W
	 --> #secondaries=136  impactParameter[fm]=0.678723  #projectileSpectatorNucleons=0  #targetSpectatorNucleons=159  #NNcollisions=11
	 Collision 910  projectile=D0  Ekin[MeV]=8559.56  direction=(0.797259,0.165646,0.580465)  material=G4_H
	 --> #secondaries=3  impactParameter[fm]=0.397461  #projectileSpectatorNucleons=-1  #targetSpectatorNucleons=0  #NNcollisions=1
	 Collision 911  projectile=xi_c0  Ekin[MeV]=6249.81  direction=(0.220538,0.154035,0.963139)  material=G4_Fe
	 --> #secondaries=15  impactParameter[fm]=0.89418  #projectileSpectatorNucleons=0  #targetSpectatorNucleons=54  #NNcollisions=1
	 Collision 912  projectile=anti_omega_c0  Ekin[MeV]=7111.78  direction=(0.541164,0.0475591,0.839571)  material=G4_Be
	 --> #secondaries=5  impactParameter[fm]=1.29701  #projectileSpectatorNucleons=0  #targetSpectatorNucleons=8  #NNcollisions=1
	 Collision 913  projectile=anti_omega-  Ekin[MeV]=13121.7  direction=(0.641117,0.435403,0.631976)  material=G4_Si
	 --> #secondaries=16  impactParameter[fm]=1.55716  #projectileSpectatorNucleons=0  #targetSpectatorNucleons=26  #NNcollisions=1
	 Collision 914  projectile=anti_lambda_c+  Ekin[MeV]=26593.5  direction=(0.567413,0.0400547,0.822459)  material=G4_Si
	 --> #secondaries=22  impactParameter[fm]=2.63561  #projectileSpectatorNucleons=0  #targetSpectatorNucleons=24  #NNcollisions=2
	 Collision 915  projectile=proton  Ekin[MeV]=15710.9  direction=(0.818225,0.497541,0.288029)  material=G4_Ar
	 --> #secondaries=28  impactParameter[fm]=2.03947  #projectileSpectatorNucleons=0  #targetSpectatorNucleons=35  #NNcollisions=3
	 Collision 916  projectile=Bs0  Ekin[MeV]=6548.72  direction=(0.673542,0.559595,0.482902)  material=G4_Fe
	 --> #secondaries=9  impactParameter[fm]=2.07209  #projectileSpectatorNucleons=-1  #targetSpectatorNucleons=55  #NNcollisions=1
	 Collision 917  projectile=anti_doublehyperH4  Ekin[MeV]=20587  direction=(0.810108,0.0166871,0.586044)  material=G4_He
	 --> #secondaries=7  impactParameter[fm]=1.8376  #projectileSpectatorNucleons=3  #targetSpectatorNucleons=3  #NNcollisions=1
	 Collision 918  projectile=anti_hyperH4  Ekin[MeV]=7059.77  direction=(0.577962,0.511236,0.63608)  material=G4_He
	 --> #secondaries=17  impactParameter[fm]=1.25341  #projectileSpectatorNucleons=1  #targetSpectatorNucleons=3  #NNcollisions=3
	 Collision 919  projectile=kaon0S  Ekin[MeV]=14609.5  direction=(0.0607017,0.649081,0.758294)  material=G4_Cu
	 --> #secondaries=26  impactParameter[fm]=2.08995  #projectileSpectatorNucleons=-1  #targetSpectatorNucleons=61  #NNcollisions=2
	 Collision 920  projectile=anti_xi_c0  Ekin[MeV]=2305.8  direction=(0.545376,0.574541,0.610301)  material=G4_Cu
	 --> #secondaries=20  impactParameter[fm]=2.50302  #projectileSpectatorNucleons=0  #targetSpectatorNucleons=61  #NNcollisions=0
	 Collision 921  projectile=xi_c0  Ekin[MeV]=27263.8  direction=(0.389283,0.317926,0.864512)  material=G4_H
	 --> #secondaries=4  impactParameter[fm]=1.1591  #projectileSpectatorNucleons=0  #targetSpectatorNucleons=0  #NNcollisions=1
	 Collision 922  projectile=D+  Ekin[MeV]=20310.1  direction=(0.603228,0.795236,0.0609581)  material=G4_Ar
	 --> #secondaries=12  impactParameter[fm]=2.63499  #projectileSpectatorNucleons=-1  #targetSpectatorNucleons=39  #NNcollisions=1
	 Collision 923  projectile=He3  Ekin[MeV]=26773.1  direction=(0.5513,0.567929,0.611167)  material=G4_Ar
	 --> #secondaries=22  impactParameter[fm]=5.52084  #projectileSpectatorNucleons=1  #targetSpectatorNucleons=38  #NNcollisions=1
	 Collision 924  projectile=lambda  Ekin[MeV]=12390.7  direction=(0.668393,0.742211,0.0487092)  material=G4_W
	 --> #secondaries=46  impactParameter[fm]=4.60348  #projectileSpectatorNucleons=0  #targetSpectatorNucleons=181  #NNcollisions=2
	 Collision 925  projectile=anti_triton  Ekin[MeV]=7744.96  direction=(0.69278,0.10047,0.714116)  material=G4_Fe
	 --> #secondaries=32  impactParameter[fm]=4.73735  #projectileSpectatorNucleons=1  #targetSpectatorNucleons=54  #NNcollisions=2
	 Collision 926  projectile=B-  Ekin[MeV]=13333.7  direction=(0.591326,0.0395468,0.805462)  material=G4_H
	 --> #secondaries=8  impactParameter[fm]=0.907807  #projectileSpectatorNucleons=-1  #targetSpectatorNucleons=0  #NNcollisions=1
	 Collision 927  projectile=triton  Ekin[MeV]=23507  direction=(0.446842,0.431629,0.7836)  material=G4_Ar
	 --> #secondaries=36  impactParameter[fm]=2.51948  #projectileSpectatorNucleons=0  #targetSpectatorNucleons=34  #NNcollisions=11
	 Collision 928  projectile=anti_proton  Ekin[MeV]=14704.5  direction=(0.826449,0.142924,0.544568)  material=G4_Fe
	 --> #secondaries=17  impactParameter[fm]=2.74721  #projectileSpectatorNucleons=0  #targetSpectatorNucleons=56  #NNcollisions=1
	 Collision 929  projectile=hyperH4  Ekin[MeV]=22577.1  direction=(0.968565,0.24861,0.00860275)  material=G4_Cu
	 --> #secondaries=8  impactParameter[fm]=6.8608  #projectileSpectatorNucleons=3  #targetSpectatorNucleons=62  #NNcollisions=0
	 Collision 930  projectile=pi-  Ekin[MeV]=16452.4  direction=(0.985579,0.143429,0.0897922)  material=G4_Ar
	 --> #secondaries=13  impactParameter[fm]=4.95221  #projectileSpectatorNucleons=-1  #targetSpectatorNucleons=39  #NNcollisions=1
	 Collision 931  projectile=anti_xi0  Ekin[MeV]=13049.1  direction=(0.287935,0.798372,0.528862)  material=G4_Pb
	 --> #secondaries=69  impactParameter[fm]=5.16952  #projectileSpectatorNucleons=0  #targetSpectatorNucleons=201  #NNcollisions=6
	 Collision 932  projectile=anti_xi_c+  Ekin[MeV]=26686.1  direction=(0.44035,0.861581,0.252526)  material=G4_Pb
	 --> #secondaries=123  impactParameter[fm]=3.41102  #projectileSpectatorNucleons=0  #targetSpectatorNucleons=200  #NNcollisions=5
	 Collision 933  projectile=anti_hyperH4  Ekin[MeV]=4629.72  direction=(0.247307,0.521007,0.81694)  material=G4_Be
	 --> #secondaries=20  impactParameter[fm]=2.21067  #projectileSpectatorNucleons=1  #targetSpectatorNucleons=7  #NNcollisions=3
	 Collision 934  projectile=omega-  Ekin[MeV]=14288.1  direction=(0.680893,0.705772,0.19563)  material=G4_Fe
	 --> #secondaries=17  impactParameter[fm]=6.26735  #projectileSpectatorNucleons=0  #targetSpectatorNucleons=55  #NNcollisions=1
	 Collision 935  projectile=Bs0  Ekin[MeV]=3317.03  direction=(0.591877,0.534599,0.603229)  material=G4_Ar
	 --> #secondaries=5  impactParameter[fm]=2.24614  #projectileSpectatorNucleons=-1  #targetSpectatorNucleons=39  #NNcollisions=0
	 Collision 936  projectile=anti_Bs0  Ekin[MeV]=9781.54  direction=(0.20689,0.975315,0.0771846)  material=G4_He
	 --> #secondaries=5  impactParameter[fm]=1.77696  #projectileSpectatorNucleons=-1  #targetSpectatorNucleons=3  #NNcollisions=1
	 Collision 937  projectile=kaon-  Ekin[MeV]=9747.6  direction=(0.000507386,0.0214279,0.99977)  material=G4_Si
	 --> #secondaries=8  impactParameter[fm]=2.32069  #projectileSpectatorNucleons=-1  #targetSpectatorNucleons=27  #NNcollisions=1
	 Collision 938  projectile=omega-  Ekin[MeV]=20115.7  direction=(0.0199849,0.396944,0.917625)  material=G4_Al
	 --> #secondaries=22  impactParameter[fm]=1.81331  #projectileSpectatorNucleons=0  #targetSpectatorNucleons=25  #NNcollisions=1
	 Collision 939  projectile=alpha  Ekin[MeV]=27670.3  direction=(0.273895,0.625951,0.730183)  material=G4_W
	 --> #secondaries=47  impactParameter[fm]=8.61407  #projectileSpectatorNucleons=3  #targetSpectatorNucleons=184  #NNcollisions=2
	 Collision 940  projectile=anti_hyperalpha  Ekin[MeV]=29518.9  direction=(0.604102,0.462537,0.648937)  material=G4_Be
	 --> #secondaries=25  impactParameter[fm]=2.02761  #projectileSpectatorNucleons=1  #targetSpectatorNucleons=6  #NNcollisions=5
	 Collision 941  projectile=sigma-  Ekin[MeV]=27296.7  direction=(0.222735,0.966031,0.131049)  material=G4_Pb
	 --> #secondaries=77  impactParameter[fm]=5.27705  #projectileSpectatorNucleons=0  #targetSpectatorNucleons=199  #NNcollisions=6
	 Collision 942  projectile=xi_c0  Ekin[MeV]=8266.12  direction=(0.610654,0.783003,0.118351)  material=G4_Pb
	 --> #secondaries=28  impactParameter[fm]=3.43744  #projectileSpectatorNucleons=0  #targetSpectatorNucleons=205  #NNcollisions=1
	 Collision 943  projectile=hypertriton  Ekin[MeV]=3551.84  direction=(0.743622,0.127918,0.656249)  material=G4_C
	 --> #secondaries=13  impactParameter[fm]=1.22486  #projectileSpectatorNucleons=0  #targetSpectatorNucleons=5  #NNcollisions=2
	 Collision 944  projectile=anti_xi0  Ekin[MeV]=27924.1  direction=(0.409303,0.908121,0.0882469)  material=G4_H
	 --> #secondaries=7  impactParameter[fm]=0.349973  #projectileSpectatorNucleons=0  #targetSpectatorNucleons=0  #NNcollisions=1
	 Collision 945  projectile=Bs0  Ekin[MeV]=4197.74  direction=(0.181052,0.792242,0.582729)  material=G4_H
	 --> #secondaries=2  impactParameter[fm]=1.26761  #projectileSpectatorNucleons=-1  #targetSpectatorNucleons=0  #NNcollisions=1
	 Collision 946  projectile=anti_xi_c0  Ekin[MeV]=4558.51  direction=(0.030864,0.999445,0.0124981)  material=G4_H
	 --> #secondaries=3  impactParameter[fm]=0.523249  #projectileSpectatorNucleons=0  #targetSpectatorNucleons=0  #NNcollisions=1
	 Collision 947  projectile=neutron  Ekin[MeV]=28184.3  direction=(0.847194,0.520973,0.10416)  material=G4_W
	 --> #secondaries=81  impactParameter[fm]=4.45412  #projectileSpectatorNucleons=0  #targetSpectatorNucleons=177  #NNcollisions=5
	 Collision 948  projectile=kaon-  Ekin[MeV]=1747.77  direction=(0.896041,0.442004,0.0417493)  material=G4_W
	 --> #secondaries=10  impactParameter[fm]=-999  #projectileSpectatorNucleons=-999  #targetSpectatorNucleons=-999  #NNcollisions=-999
	 Collision 949  projectile=D0  Ekin[MeV]=21267  direction=(0.869028,0.1781,0.461596)  material=G4_Fe
	 --> #secondaries=20  impactParameter[fm]=2.05732  #projectileSpectatorNucleons=-1  #targetSpectatorNucleons=53  #NNcollisions=1
	 Collision 950  projectile=anti_xi-  Ekin[MeV]=1864.67  direction=(0.382362,0.773318,0.505746)  material=G4_He
	 --> #secondaries=5  impactParameter[fm]=2.7395  #projectileSpectatorNucleons=0  #targetSpectatorNucleons=3  #NNcollisions=1
	 Collision 951  projectile=anti_hyperHe5  Ekin[MeV]=14671.7  direction=(0.631446,0.20653,0.74741)  material=G4_C
	 --> #secondaries=11  impactParameter[fm]=3.54178  #projectileSpectatorNucleons=4  #targetSpectatorNucleons=12  #NNcollisions=1
	 Collision 952  projectile=omega_b-  Ekin[MeV]=27605.6  direction=(0.542658,0.774034,0.326181)  material=G4_C
	 --> #secondaries=6  impactParameter[fm]=1.1841  #projectileSpectatorNucleons=0  #targetSpectatorNucleons=11  #NNcollisions=1
	 Collision 953  projectile=alpha  Ekin[MeV]=18446.1  direction=(0.724455,0.614102,0.313119)  material=G4_Cu
	 --> #secondaries=7  impactParameter[fm]=-999  #projectileSpectatorNucleons=-999  #targetSpectatorNucleons=-999  #NNcollisions=-999
	 Collision 954  projectile=hyperalpha  Ekin[MeV]=15282.9  direction=(0.254317,0.187406,0.94879)  material=G4_Cu
	 --> #secondaries=26  impactParameter[fm]=4.91844  #projectileSpectatorNucleons=2  #targetSpectatorNucleons=62  #NNcollisions=3
	 Collision 955  projectile=Bc-  Ekin[MeV]=23751  direction=(0.914928,0.0953487,0.392194)  material=G4_Be
	 --> #secondaries=7  impactParameter[fm]=2.38243  #projectileSpectatorNucleons=-1  #targetSpectatorNucleons=8  #NNcollisions=1
	 Collision 956  projectile=Bs0  Ekin[MeV]=6389.59  direction=(0.390244,0.733612,0.556347)  material=G4_Pb
	 --> #secondaries=31  impactParameter[fm]=6.83863  #projectileSpectatorNucleons=-1  #targetSpectatorNucleons=206  #NNcollisions=1
	 Collision 957  projectile=xi_b0  Ekin[MeV]=29984.4  direction=(0.673919,0.0449001,0.737439)  material=G4_C
	 --> #secondaries=7  impactParameter[fm]=2.46759  #projectileSpectatorNucleons=0  #targetSpectatorNucleons=11  #NNcollisions=1
	 Collision 958  projectile=doublehyperH4  Ekin[MeV]=13533.5  direction=(0.906037,0.414008,0.0877149)  material=G4_C
	 --> #secondaries=10  impactParameter[fm]=1.95014  #projectileSpectatorNucleons=3  #targetSpectatorNucleons=7  #NNcollisions=2
	 Collision 959  projectile=B0  Ekin[MeV]=25515.1  direction=(0.738276,0.0865004,0.668929)  material=G4_He
	 --> #secondaries=9  impactParameter[fm]=2.44859  #projectileSpectatorNucleons=-1  #targetSpectatorNucleons=3  #NNcollisions=1
	 Collision 960  projectile=anti_neutron  Ekin[MeV]=28380.7  direction=(0.260721,0.718,0.645369)  material=G4_C
	 --> #secondaries=14  impactParameter[fm]=0.345768  #projectileSpectatorNucleons=0  #targetSpectatorNucleons=11  #NNcollisions=1
	 Collision 961  projectile=Bs0  Ekin[MeV]=8277.2  direction=(0.658232,0.384923,0.646966)  material=G4_Cu
	 --> #secondaries=26  impactParameter[fm]=2.98299  #projectileSpectatorNucleons=-1  #targetSpectatorNucleons=61  #NNcollisions=4
	 Collision 962  projectile=hyperalpha  Ekin[MeV]=7994.48  direction=(0.648635,0.129819,0.749947)  material=G4_Si
	 --> #secondaries=16  impactParameter[fm]=4.73171  #projectileSpectatorNucleons=2  #targetSpectatorNucleons=26  #NNcollisions=2
	 Collision 963  projectile=anti_xi_c0  Ekin[MeV]=16573.3  direction=(0.19171,0.529271,0.82651)  material=G4_Si
	 --> #secondaries=7  impactParameter[fm]=3.23389  #projectileSpectatorNucleons=0  #targetSpectatorNucleons=27  #NNcollisions=0
	 Collision 964  projectile=xi_b-  Ekin[MeV]=8588.36  direction=(0.993068,0.0884866,0.0773635)  material=G4_Si
	 --> #secondaries=10  impactParameter[fm]=2.84476  #projectileSpectatorNucleons=0  #targetSpectatorNucleons=27  #NNcollisions=1
	 Collision 965  projectile=anti_omega_b-  Ekin[MeV]=24375.5  direction=(0.725764,0.687703,0.0181927)  material=G4_Al
	 --> #secondaries=11  impactParameter[fm]=2.99383  #projectileSpectatorNucleons=0  #targetSpectatorNucleons=26  #NNcollisions=1
	 Collision 966  projectile=B+  Ekin[MeV]=28384  direction=(0.417894,0.226805,0.879729)  material=G4_Al
	 --> #secondaries=17  impactParameter[fm]=2.37735  #projectileSpectatorNucleons=-1  #targetSpectatorNucleons=25  #NNcollisions=2
	 Collision 967  projectile=anti_doublehyperdoubleneutron  Ekin[MeV]=27295.3  direction=(0.251103,0.96786,0.0139622)  material=G4_Si
	 --> #secondaries=28  impactParameter[fm]=2.27678  #projectileSpectatorNucleons=1  #targetSpectatorNucleons=26  #NNcollisions=3
	 Collision 968  projectile=sigma+  Ekin[MeV]=12572.9  direction=(0.583281,0.793858,0.171968)  material=G4_W
	 --> #secondaries=43  impactParameter[fm]=6.03153  #projectileSpectatorNucleons=0  #targetSpectatorNucleons=182  #NNcollisions=1
	 Collision 969  projectile=xi_c+  Ekin[MeV]=15423.3  direction=(0.132296,0.422371,0.896716)  material=G4_Pb
	 --> #secondaries=114  impactParameter[fm]=1.94026  #projectileSpectatorNucleons=0  #targetSpectatorNucleons=198  #NNcollisions=6
	 Collision 970  projectile=anti_lambda_c+  Ekin[MeV]=19097.9  direction=(0.865868,0.4664,0.18095)  material=G4_He
	 --> #secondaries=10  impactParameter[fm]=0.829333  #projectileSpectatorNucleons=0  #targetSpectatorNucleons=2  #NNcollisions=2
	 Collision 971  projectile=anti_xi_c0  Ekin[MeV]=2535.03  direction=(0.754838,0.107053,0.647116)  material=G4_C
	 --> #secondaries=7  impactParameter[fm]=1.54291  #projectileSpectatorNucleons=0  #targetSpectatorNucleons=9  #NNcollisions=0
	 Collision 972  projectile=doublehyperdoubleneutron  Ekin[MeV]=14196.3  direction=(0.850421,0.287444,0.440635)  material=G4_C
	 --> #secondaries=16  impactParameter[fm]=2.65125  #projectileSpectatorNucleons=2  #targetSpectatorNucleons=8  #NNcollisions=2
	 Collision 973  projectile=anti_xi_b0  Ekin[MeV]=16407.2  direction=(0.595074,0.247034,0.764762)  material=G4_Be
	 --> #secondaries=4  impactParameter[fm]=1.59537  #projectileSpectatorNucleons=0  #targetSpectatorNucleons=8  #NNcollisions=0
	 Collision 974  projectile=xi-  Ekin[MeV]=24306.4  direction=(0.522529,0.794543,0.309298)  material=G4_C
	 --> #secondaries=7  impactParameter[fm]=2.0784  #projectileSpectatorNucleons=0  #targetSpectatorNucleons=10  #NNcollisions=1
	 Collision 975  projectile=doublehyperH4  Ekin[MeV]=29443.7  direction=(0.723244,0.564123,0.398351)  material=G4_Al
	 --> #secondaries=34  impactParameter[fm]=3.02287  #projectileSpectatorNucleons=0  #targetSpectatorNucleons=17  #NNcollisions=11
	 Collision 976  projectile=anti_Bs0  Ekin[MeV]=11758.8  direction=(0.718168,0.695453,0.0240815)  material=G4_Si
	 --> #secondaries=8  impactParameter[fm]=2.29888  #projectileSpectatorNucleons=-1  #targetSpectatorNucleons=27  #NNcollisions=1
	 Collision 977  projectile=xi_c+  Ekin[MeV]=11936.2  direction=(0.394218,0.508748,0.765355)  material=G4_H
	 --> #secondaries=3  impactParameter[fm]=0.116537  #projectileSpectatorNucleons=0  #targetSpectatorNucleons=0  #NNcollisions=1
	 Collision 978  projectile=Bc+  Ekin[MeV]=22686.7  direction=(0.79233,0.608305,0.0466705)  material=G4_W
	 --> #secondaries=24  impactParameter[fm]=5.15087  #projectileSpectatorNucleons=-1  #targetSpectatorNucleons=183  #NNcollisions=1
	 Collision 979  projectile=pi+  Ekin[MeV]=3158.86  direction=(0.296496,0.14587,0.943829)  material=G4_Si
	 --> #secondaries=17  impactParameter[fm]=2.55498  #projectileSpectatorNucleons=-1  #targetSpectatorNucleons=25  #NNcollisions=1
	 Collision 980  projectile=D-  Ekin[MeV]=11376.8  direction=(0.591411,0.547968,0.591577)  material=G4_Pb
	 --> #secondaries=54  impactParameter[fm]=5.32809  #projectileSpectatorNucleons=-1  #targetSpectatorNucleons=205  #NNcollisions=2
	 Collision 981  projectile=kaon0S  Ekin[MeV]=4397.1  direction=(0.802604,0.596512,0.000715963)  material=G4_Al
	 --> #secondaries=15  impactParameter[fm]=2.92568  #projectileSpectatorNucleons=-1  #targetSpectatorNucleons=26  #NNcollisions=1
	 Collision 982  projectile=anti_xi_b0  Ekin[MeV]=12693.3  direction=(0.721725,0.690719,0.0449377)  material=G4_He
	 --> #secondaries=7  impactParameter[fm]=1.80292  #projectileSpectatorNucleons=0  #targetSpectatorNucleons=3  #NNcollisions=1
	 Collision 983  projectile=hyperHe5  Ekin[MeV]=12974.2  direction=(0.13911,0.710794,0.689507)  material=G4_He
	 --> #secondaries=9  impactParameter[fm]=3.67117  #projectileSpectatorNucleons=3  #targetSpectatorNucleons=3  #NNcollisions=1
	 Collision 984  projectile=doublehyperH4  Ekin[MeV]=28804  direction=(0.802897,0.579171,0.14113)  material=G4_H
	 --> #secondaries=7  impactParameter[fm]=2.04946  #projectileSpectatorNucleons=2  #targetSpectatorNucleons=0  #NNcollisions=2
	 Collision 985  projectile=D+  Ekin[MeV]=9737.43  direction=(0.730916,0.682282,0.0158998)  material=G4_Ar
	 --> #secondaries=7  impactParameter[fm]=3.49999  #projectileSpectatorNucleons=-1  #targetSpectatorNucleons=39  #NNcollisions=1
	 Collision 986  projectile=anti_lambda_b  Ekin[MeV]=4753.2  direction=(0.607347,0.620073,0.496628)  material=G4_Ar
	 --> #secondaries=15  impactParameter[fm]=0.631674  #projectileSpectatorNucleons=0  #targetSpectatorNucleons=37  #NNcollisions=0
	 Collision 987  projectile=omega_c0  Ekin[MeV]=25122.3  direction=(0.550549,0.198887,0.810765)  material=G4_Fe
	 --> #secondaries=18  impactParameter[fm]=3.76479  #projectileSpectatorNucleons=0  #targetSpectatorNucleons=54  #NNcollisions=1
	 Collision 988  projectile=hyperH4  Ekin[MeV]=21161.5  direction=(0.598931,0.584217,0.547697)  material=G4_Pb
	 --> #secondaries=125  impactParameter[fm]=4.17155  #projectileSpectatorNucleons=0  #targetSpectatorNucleons=191  #NNcollisions=9
	 Collision 989  projectile=anti_hypertriton  Ekin[MeV]=26593.4  direction=(0.657706,0.446399,0.606754)  material=G4_Al
	 --> #secondaries=35  impactParameter[fm]=3.29788  #projectileSpectatorNucleons=0  #targetSpectatorNucleons=23  #NNcollisions=5
	 Collision 990  projectile=hypertriton  Ekin[MeV]=5702.8  direction=(0.634943,0.389796,0.667013)  material=G4_He
	 --> #secondaries=8  impactParameter[fm]=1.58561  #projectileSpectatorNucleons=0  #targetSpectatorNucleons=0  #NNcollisions=1
	 Collision 991  projectile=B+  Ekin[MeV]=16343.3  direction=(0.821712,0.151533,0.549388)  material=G4_He
	 --> #secondaries=6  impactParameter[fm]=0.442763  #projectileSpectatorNucleons=-1  #targetSpectatorNucleons=3  #NNcollisions=1
	 Collision 992  projectile=B-  Ekin[MeV]=8005.63  direction=(0.367014,0.628665,0.685625)  material=G4_Cu
	 --> #secondaries=11  impactParameter[fm]=2.91517  #projectileSpectatorNucleons=-1  #targetSpectatorNucleons=64  #NNcollisions=0
	 Collision 993  projectile=omega_b-  Ekin[MeV]=27134.6  direction=(0.198764,0.878186,0.435067)  material=G4_He
	 --> #secondaries=4  impactParameter[fm]=2.76006  #projectileSpectatorNucleons=0  #targetSpectatorNucleons=3  #NNcollisions=1
	 Collision 994  projectile=kaon0L  Ekin[MeV]=21837.8  direction=(0.635418,0.64027,0.431622)  material=G4_C
	 --> #secondaries=17  impactParameter[fm]=2.59247  #projectileSpectatorNucleons=-1  #targetSpectatorNucleons=11  #NNcollisions=1
	 Collision 995  projectile=triton  Ekin[MeV]=4881.83  direction=(0.205277,0.47393,0.856301)  material=G4_C
	 --> #secondaries=10  impactParameter[fm]=-999  #projectileSpectatorNucleons=-999  #targetSpectatorNucleons=-999  #NNcollisions=-999
	 Collision 996  projectile=xi_c+  Ekin[MeV]=28773.4  direction=(0.130982,0.46515,0.875488)  material=G4_Si
	 --> #secondaries=13  impactParameter[fm]=3.2425  #projectileSpectatorNucleons=0  #targetSpectatorNucleons=28  #NNcollisions=1
	 Collision 997  projectile=anti_hyperH4  Ekin[MeV]=3767.09  direction=(0.311249,0.501794,0.807048)  material=G4_He
	 --> #secondaries=8  impactParameter[fm]=3.21903  #projectileSpectatorNucleons=3  #targetSpectatorNucleons=4  #NNcollisions=1
	 Collision 998  projectile=anti_omega_c0  Ekin[MeV]=18170.3  direction=(0.168578,0.683005,0.710694)  material=G4_He
	 --> #secondaries=9  impactParameter[fm]=1.73372  #projectileSpectatorNucleons=0  #targetSpectatorNucleons=3  #NNcollisions=1
	 Collision 999  projectile=hypertriton  Ekin[MeV]=23360.6  direction=(0.622202,0.782408,0.0265126)  material=G4_H
	 --> #secondaries=4  impactParameter[fm]=1.13947  #projectileSpectatorNucleons=2  #targetSpectatorNucleons=0  #NNcollisions=0

 Final random number = 0.490498
=== End of test ===
